7.503e+05,2.952,-0.235,-14.562
7.503e+05,2.953,-0.245,-14.564
7.503e+05,2.951,-0.256,-14.559
7.503e+05,2.953,-0.266,-14.564
7.503e+05,2.952,-0.276,-14.564
7.503e+05,2.953,-0.287,-14.564
7.5031e+05,2.953,-0.297,-14.565
7.5031e+05,2.953,-0.308,-14.568
7.5031e+05,2.954,-0.318,-14.569
7.5031e+05,2.954,-0.329,-14.569
7.5031e+05,2.954,-0.338,-14.57
7.5031e+05,2.954,-0.349,-14.571
7.5031e+05,2.954,-0.359,-14.57
7.5031e+05,2.954,-0.37,-14.573
7.5031e+05,2.954,-0.38,-14.573
7.5031e+05,2.954,-0.391,-14.575
7.5032e+05,2.954,-0.401,-14.574
7.5034e+05,2.964,-0.234,-14.55
7.5034e+05,2.965,-0.244,-14.551
7.5034e+05,2.966,-0.255,-14.556
7.5035e+05,2.966,-0.265,-14.554
7.5035e+05,2.965,-0.275,-14.552
7.5035e+05,2.966,-0.286,-14.554
7.5035e+05,2.965,-0.296,-14.552
7.5035e+05,2.965,-0.306,-14.551
7.5035e+05,2.966,-0.317,-14.554
7.5035e+05,2.965,-0.327,-14.554
7.5035e+05,2.966,-0.338,-14.556
7.5035e+05,2.965,-0.348,-14.552
7.5035e+05,2.966,-0.358,-14.555
7.5036e+05,2.965,-0.369,-14.553
7.5036e+05,2.966,-0.379,-14.554
7.5036e+05,2.965,-0.39,-14.554
7.5036e+05,2.965,-0.4,-14.551
7.5036e+05,2.966,-0.411,-14.556
7.5041e+05,2.972,-0.226,-14.551
7.5041e+05,2.972,-0.236,-14.55
7.5041e+05,2.972,-0.247,-14.552
7.5042e+05,2.972,-0.257,-14.55
7.5042e+05,2.972,-0.268,-14.552
7.5042e+05,2.972,-0.278,-14.55
7.5042e+05,2.972,-0.288,-14.55
7.5042e+05,2.971,-0.299,-14.549
7.5042e+05,2.972,-0.309,-14.551
7.5042e+05,2.972,-0.319,-14.551
7.5042e+05,2.971,-0.329,-14.549
7.5042e+05,2.972,-0.34,-14.55
7.5042e+05,2.972,-0.35,-14.552
7.5043e+05,2.972,-0.361,-14.55
7.5043e+05,2.972,-0.371,-14.552
7.5043e+05,2.972,-0.381,-14.552
7.5043e+05,2.973,-0.392,-14.554
7.5043e+05,2.972,-0.402,-14.552
7.5043e+05,2.972,-0.412,-14.552
7.505e+05,2.981,-0.234,-14.544
7.505e+05,2.98,-0.243,-14.543
7.505e+05,2.981,-0.254,-14.546
7.505e+05,2.981,-0.264,-14.546
7.505e+05,2.981,-0.275,-14.547
7.505e+05,2.982,-0.285,-14.55
7.5051e+05,2.982,-0.296,-14.55
7.5051e+05,2.982,-0.306,-14.55
7.5051e+05,2.981,-0.316,-14.544
7.5051e+05,2.981,-0.327,-14.546
7.5051e+05,2.981,-0.337,-14.544
7.5051e+05,2.981,-0.347,-14.547
7.5051e+05,2.981,-0.358,-14.547
7.5051e+05,2.98,-0.368,-14.543
7.5051e+05,2.981,-0.379,-14.544
7.5051e+05,2.98,-0.389,-14.542
7.5052e+05,2.982,-0.4,-14.551
7.5052e+05,2.981,-0.41,-14.544
7.5052e+05,2.981,-0.42,-14.547
7.506e+05,2.995,-0.229,-14.543
7.506e+05,2.996,-0.24,-14.547
7.506e+05,2.994,-0.25,-14.542
7.506e+05,2.995,-0.26,-14.545
7.506e+05,2.995,-0.271,-14.543
7.506e+05,2.996,-0.281,-14.547
7.506e+05,2.994,-0.292,-14.542
7.5061e+05,2.994,-0.302,-14.541
7.5061e+05,2.994,-0.312,-14.541
7.5061e+05,2.994,-0.322,-14.543
7.5061e+05,2.995,-0.333,-14.546
7.5061e+05,2.995,-0.343,-14.544
7.5061e+05,2.995,-0.354,-14.543
7.5061e+05,2.995,-0.364,-14.543
7.5061e+05,2.995,-0.374,-14.545
7.5061e+05,2.995,-0.385,-14.544
7.5061e+05,2.995,-0.395,-14.543
7.5062e+05,2.994,-0.405,-14.542
7.5062e+05,2.995,-0.416,-14.544
7.507e+05,3.003,-0.23,-14.547
7.507e+05,3.003,-0.241,-14.547
7.507e+05,3.003,-0.251,-14.546
7.507e+05,3.004,-0.262,-14.549
7.507e+05,3.003,-0.272,-14.547
7.507e+05,3.003,-0.282,-14.547
7.507e+05,3.003,-0.292,-14.547
7.507e+05,3.003,-0.303,-14.548
7.5071e+05,3.003,-0.314,-14.548
7.5071e+05,3.003,-0.324,-14.547
7.5071e+05,3.003,-0.334,-14.545
7.5071e+05,3.003,-0.345,-14.546
7.5071e+05,3.003,-0.355,-14.547
7.5071e+05,3.003,-0.365,-14.544
7.5071e+05,3.003,-0.376,-14.546
7.5071e+05,3.003,-0.386,-14.543
7.5071e+05,3.002,-0.396,-14.542
7.5071e+05,3.003,-0.407,-14.547
7.5072e+05,3.002,-0.417,-14.542
7.5079e+05,3.015,-0.228,-14.557
7.5079e+05,3.016,-0.238,-14.561
7.5079e+05,3.015,-0.248,-14.559
7.5079e+05,3.016,-0.259,-14.562
7.5079e+05,3.015,-0.269,-14.557
7.5079e+05,3.014,-0.279,-14.556
7.5079e+05,3.014,-0.29,-14.556
7.508e+05,3.014,-0.3,-14.552
7.508e+05,3.014,-0.31,-14.556
7.508e+05,3.014,-0.32,-14.556
7.508e+05,3.014,-0.331,-14.557
7.508e+05,3.014,-0.342,-14.552
7.508e+05,3.013,-0.352,-14.552
7.508e+05,3.013,-0.362,-14.55
7.508e+05,3.013,-0.373,-14.55
7.508e+05,3.013,-0.383,-14.549
7.508e+05,3.013,-0.393,-14.548
7.5081e+05,3.013,-0.404,-14.548
7.5081e+05,3.013,-0.414,-14.55
7.5031e+05,2.954,-0.329,-14.569
7.5031e+05,2.954,-0.338,-14.57
7.5031e+05,2.954,-0.349,-14.571
7.5031e+05,2.954,-0.359,-14.57
7.5031e+05,2.954,-0.37,-14.573
7.5031e+05,2.954,-0.38,-14.573
7.5031e+05,2.954,-0.391,-14.575
7.5032e+05,2.954,-0.401,-14.574
7.5032e+05,2.955,-0.412,-14.575
7.5032e+05,2.955,-0.422,-14.577
7.5032e+05,2.955,-0.433,-14.578
7.5032e+05,2.957,-0.443,-14.584
7.5035e+05,2.965,-0.327,-14.554
7.5035e+05,2.966,-0.338,-14.556
7.5035e+05,2.965,-0.348,-14.552
7.5035e+05,2.966,-0.358,-14.555
7.5036e+05,2.965,-0.369,-14.553
7.5036e+05,2.966,-0.379,-14.554
7.5036e+05,2.965,-0.39,-14.554
7.5036e+05,2.965,-0.4,-14.551
7.5036e+05,2.966,-0.411,-14.556
7.5036e+05,2.965,-0.421,-14.553
7.5036e+05,2.966,-0.431,-14.556
7.5036e+05,2.966,-0.442,-14.557
7.5036e+05,2.966,-0.452,-14.556
7.5036e+05,2.966,-0.463,-14.556
7.5037e+05,2.966,-0.472,-14.557
7.5037e+05,2.966,-0.483,-14.558
7.5037e+05,2.966,-0.493,-14.558
7.5037e+05,2.966,-0.504,-14.557
7.5037e+05,2.966,-0.515,-14.559
7.5042e+05,2.971,-0.329,-14.549
7.5042e+05,2.972,-0.34,-14.55
7.5042e+05,2.972,-0.35,-14.552
7.5043e+05,2.972,-0.361,-14.55
7.5043e+05,2.972,-0.371,-14.552
7.5043e+05,2.972,-0.381,-14.552
7.5043e+05,2.973,-0.392,-14.554
7.5043e+05,2.972,-0.402,-14.552
7.5043e+05,2.972,-0.412,-14.552
7.5043e+05,2.972,-0.423,-14.552
7.5043e+05,2.972,-0.433,-14.551
7.5043e+05,2.972,-0.444,-14.55
7.5043e+05,2.972,-0.454,-14.551
7.5044e+05,2.972,-0.465,-14.553
7.5044e+05,2.972,-0.475,-14.553
7.5044e+05,2.973,-0.486,-14.556
7.5044e+05,2.972,-0.495,-14.551
7.5044e+05,2.972,-0.506,-14.553
7.5044e+05,2.972,-0.516,-14.55
7.5051e+05,2.981,-0.327,-14.546
7.5051e+05,2.981,-0.337,-14.544
7.5051e+05,2.981,-0.347,-14.547
7.5051e+05,2.981,-0.358,-14.547
7.5051e+05,2.98,-0.368,-14.543
7.5051e+05,2.981,-0.379,-14.544
7.5051e+05,2.98,-0.389,-14.542
7.5052e+05,2.982,-0.4,-14.551
7.5052e+05,2.981,-0.41,-14.544
7.5052e+05,2.981,-0.42,-14.547
7.5052e+05,2.982,-0.431,-14.55
7.5052e+05,2.981,-0.441,-14.547
7.5052e+05,2.981,-0.451,-14.546
7.5052e+05,2.981,-0.461,-14.547
7.5052e+05,2.982,-0.472,-14.551
7.5052e+05,2.982,-0.482,-14.551
7.5052e+05,2.982,-0.493,-14.55
7.5053e+05,2.982,-0.503,-14.549
7.5053e+05,2.981,-0.513,-14.547
7.5061e+05,2.994,-0.322,-14.543
7.5061e+05,2.995,-0.333,-14.546
7.5061e+05,2.995,-0.343,-14.544
7.5061e+05,2.995,-0.354,-14.543
7.5061e+05,2.995,-0.364,-14.543
7.5061e+05,2.995,-0.374,-14.545
7.5061e+05,2.995,-0.385,-14.544
7.5061e+05,2.995,-0.395,-14.543
7.5062e+05,2.994,-0.405,-14.542
7.5062e+05,2.995,-0.416,-14.544
7.5062e+05,2.995,-0.426,-14.546
7.5062e+05,2.995,-0.437,-14.543
7.5062e+05,2.996,-0.447,-14.547
7.5062e+05,2.995,-0.458,-14.544
7.5062e+05,2.996,-0.468,-14.549
7.5062e+05,2.995,-0.478,-14.544
7.5062e+05,2.996,-0.488,-14.547
7.5062e+05,2.995,-0.499,-14.545
7.5063e+05,2.995,-0.51,-14.547
7.5071e+05,3.003,-0.324,-14.547
7.5071e+05,3.003,-0.334,-14.545
7.5071e+05,3.003,-0.345,-14.546
7.5071e+05,3.003,-0.355,-14.547
7.5071e+05,3.003,-0.365,-14.544
7.5071e+05,3.003,-0.376,-14.546
7.5071e+05,3.003,-0.386,-14.543
7.5071e+05,3.002,-0.396,-14.542
7.5071e+05,3.003,-0.407,-14.547
7.5072e+05,3.002,-0.417,-14.542
7.5072e+05,3.003,-0.428,-14.546
7.5072e+05,3.002,-0.438,-14.543
7.5072e+05,3.003,-0.448,-14.544
7.5072e+05,3.002,-0.458,-14.541
7.5072e+05,3.002,-0.469,-14.543
7.5072e+05,3.003,-0.479,-14.546
7.5072e+05,3.002,-0.49,-14.542
7.5072e+05,3.003,-0.5,-14.546
7.5072e+05,3.002,-0.51,-14.541
7.508e+05,3.014,-0.331,-14.557
7.508e+05,3.014,-0.342,-14.552
7.508e+05,3.013,-0.352,-14.552
7.508e+05,3.013,-0.362,-14.55
7.508e+05,3.013,-0.373,-14.55
7.508e+05,3.013,-0.383,-14.549
7.508e+05,3.013,-0.393,-14.548
7.5081e+05,3.013,-0.404,-14.548
7.5081e+05,3.013,-0.414,-14.55
7.5081e+05,3.013,-0.424,-14.55
7.5081e+05,3.013,-0.435,-14.547
7.5081e+05,3.013,-0.445,-14.55
7.5081e+05,3.012,-0.456,-14.544
7.5081e+05,3.012,-0.465,-14.545
7.5081e+05,3.012,-0.476,-14.546
7.5081e+05,3.012,-0.486,-14.545
7.5081e+05,3.012,-0.497,-14.544
7.5082e+05,3.011,-0.507,-14.542
7.5087e+05,3.03,-0.442,-14.563
7.5087e+05,3.029,-0.453,-14.559
7.5087e+05,3.03,-0.463,-14.561
7.5087e+05,3.029,-0.474,-14.557
7.5088e+05,3.029,-0.484,-14.558
7.5088e+05,3.03,-0.495,-14.561
7.5088e+05,3.029,-0.505,-14.557
7.5032e+05,2.955,-0.422,-14.577
7.5032e+05,2.955,-0.433,-14.578
7.5032e+05,2.957,-0.443,-14.584
7.5036e+05,2.965,-0.421,-14.553
7.5036e+05,2.966,-0.431,-14.556
7.5036e+05,2.966,-0.442,-14.557
7.5036e+05,2.966,-0.452,-14.556
7.5036e+05,2.966,-0.463,-14.556
7.5037e+05,2.966,-0.472,-14.557
7.5037e+05,2.966,-0.483,-14.558
7.5037e+05,2.966,-0.493,-14.558
7.5037e+05,2.966,-0.504,-14.557
7.5037e+05,2.966,-0.515,-14.559
7.5037e+05,2.967,-0.525,-14.562
7.5037e+05,2.967,-0.535,-14.561
7.5037e+05,2.966,-0.545,-14.558
7.5037e+05,2.967,-0.556,-14.562
7.5037e+05,2.966,-0.567,-14.559
7.5038e+05,2.968,-0.577,-14.565
7.5038e+05,2.967,-0.587,-14.563
7.5038e+05,2.967,-0.598,-14.564
7.5038e+05,2.967,-0.608,-14.564
7.5043e+05,2.972,-0.423,-14.552
7.5043e+05,2.972,-0.433,-14.551
7.5043e+05,2.972,-0.444,-14.55
7.5043e+05,2.972,-0.454,-14.551
7.5044e+05,2.972,-0.465,-14.553
7.5044e+05,2.972,-0.475,-14.553
7.5044e+05,2.973,-0.486,-14.556
7.5044e+05,2.972,-0.495,-14.551
7.5044e+05,2.972,-0.506,-14.553
7.5044e+05,2.972,-0.516,-14.55
7.5044e+05,2.972,-0.527,-14.551
7.5044e+05,2.972,-0.537,-14.55
7.5044e+05,2.971,-0.547,-14.55
7.5044e+05,2.973,-0.558,-14.556
7.5045e+05,2.972,-0.568,-14.551
7.5045e+05,2.973,-0.579,-14.556
7.5045e+05,2.973,-0.589,-14.556
7.5045e+05,2.973,-0.6,-14.556
7.5045e+05,2.973,-0.61,-14.556
7.5052e+05,2.981,-0.42,-14.547
7.5052e+05,2.982,-0.431,-14.55
7.5052e+05,2.981,-0.441,-14.547
7.5052e+05,2.981,-0.451,-14.546
7.5052e+05,2.981,-0.461,-14.547
7.5052e+05,2.982,-0.472,-14.551
7.5052e+05,2.982,-0.482,-14.551
7.5052e+05,2.982,-0.493,-14.55
7.5053e+05,2.982,-0.503,-14.549
7.5053e+05,2.981,-0.513,-14.547
7.5053e+05,2.982,-0.524,-14.549
7.5053e+05,2.982,-0.534,-14.549
7.5053e+05,2.982,-0.544,-14.549
7.5053e+05,2.98,-0.555,-14.543
7.5053e+05,2.981,-0.565,-14.545
7.5053e+05,2.982,-0.576,-14.549
7.5053e+05,2.981,-0.586,-14.548
7.5053e+05,2.982,-0.596,-14.549
7.5054e+05,2.982,-0.607,-14.55
7.5062e+05,2.995,-0.426,-14.546
7.5062e+05,2.995,-0.437,-14.543
7.5062e+05,2.996,-0.447,-14.547
7.5062e+05,2.995,-0.458,-14.544
7.5062e+05,2.996,-0.468,-14.549
7.5062e+05,2.995,-0.478,-14.544
7.5062e+05,2.996,-0.488,-14.547
7.5062e+05,2.995,-0.499,-14.545
7.5063e+05,2.995,-0.51,-14.547
7.5063e+05,2.995,-0.52,-14.544
7.5063e+05,2.995,-0.53,-14.545
7.5063e+05,2.994,-0.54,-14.54
7.5063e+05,2.994,-0.551,-14.542
7.5063e+05,2.994,-0.561,-14.541
7.5063e+05,2.994,-0.572,-14.542
7.5063e+05,2.994,-0.582,-14.542
7.5063e+05,2.995,-0.592,-14.547
7.5063e+05,2.996,-0.603,-14.547
7.5064e+05,2.996,-0.613,-14.55
7.5072e+05,3.003,-0.428,-14.546
7.5072e+05,3.002,-0.438,-14.543
7.5072e+05,3.003,-0.448,-14.544
7.5072e+05,3.002,-0.458,-14.541
7.5072e+05,3.002,-0.469,-14.543
7.5072e+05,3.003,-0.479,-14.546
7.5072e+05,3.002,-0.49,-14.542
7.5072e+05,3.003,-0.5,-14.546
7.5072e+05,3.002,-0.51,-14.541
7.5073e+05,3.003,-0.521,-14.546
7.5073e+05,3.003,-0.531,-14.543
7.5073e+05,3.003,-0.542,-14.549
7.5073e+05,3.003,-0.552,-14.546
7.5073e+05,3.003,-0.562,-14.546
7.5073e+05,3.002,-0.573,-14.543
7.5073e+05,3.003,-0.583,-14.545
7.5073e+05,3.003,-0.594,-14.545
7.5073e+05,3.003,-0.604,-14.544
7.5081e+05,3.013,-0.435,-14.547
7.5081e+05,3.013,-0.445,-14.55
7.5081e+05,3.012,-0.456,-14.544
7.5081e+05,3.012,-0.465,-14.545
7.5081e+05,3.012,-0.476,-14.546
7.5081e+05,3.012,-0.486,-14.545
7.5081e+05,3.012,-0.497,-14.544
7.5082e+05,3.011,-0.507,-14.542
7.5082e+05,3.012,-0.518,-14.544
7.5082e+05,3.011,-0.528,-14.542
7.5082e+05,3.012,-0.538,-14.542
7.5082e+05,3.011,-0.549,-14.542
7.5082e+05,3.011,-0.559,-14.542
7.5082e+05,3.012,-0.57,-14.546
7.5082e+05,3.012,-0.58,-14.545
7.5082e+05,3.012,-0.59,-14.544
7.5082e+05,3.011,-0.6,-14.54
7.5087e+05,3.03,-0.442,-14.563
7.5087e+05,3.029,-0.453,-14.559
7.5087e+05,3.03,-0.463,-14.561
7.5087e+05,3.029,-0.474,-14.557
7.5088e+05,3.029,-0.484,-14.558
7.5088e+05,3.03,-0.495,-14.561
7.5088e+05,3.029,-0.505,-14.557
7.5088e+05,3.03,-0.515,-14.561
7.5088e+05,3.029,-0.525,-14.554
7.5088e+05,3.028,-0.536,-14.554
7.5088e+05,3.028,-0.546,-14.554
7.5088e+05,3.029,-0.557,-14.554
7.5088e+05,3.028,-0.567,-14.551
7.5088e+05,3.029,-0.577,-14.554
7.5089e+05,3.027,-0.588,-14.55
7.5089e+05,3.027,-0.598,-14.549
7.5037e+05,2.967,-0.525,-14.562
7.5037e+05,2.967,-0.535,-14.561
7.5037e+05,2.966,-0.545,-14.558
7.5037e+05,2.967,-0.556,-14.562
7.5037e+05,2.966,-0.567,-14.559
7.5038e+05,2.968,-0.577,-14.565
7.5038e+05,2.967,-0.587,-14.563
7.5038e+05,2.967,-0.598,-14.564
7.5038e+05,2.967,-0.608,-14.564
7.5038e+05,2.968,-0.619,-14.569
7.5038e+05,2.967,-0.629,-14.564
7.5038e+05,2.967,-0.639,-14.563
7.5038e+05,2.968,-0.65,-14.57
7.5038e+05,2.968,-0.66,-14.567
7.5038e+05,2.969,-0.671,-14.572
7.5039e+05,2.968,-0.681,-14.567
7.5039e+05,2.969,-0.692,-14.571
7.5039e+05,2.968,-0.702,-14.566
7.5044e+05,2.972,-0.516,-14.55
7.5044e+05,2.972,-0.527,-14.551
7.5044e+05,2.972,-0.537,-14.55
7.5044e+05,2.971,-0.547,-14.55
7.5044e+05,2.973,-0.558,-14.556
7.5045e+05,2.972,-0.568,-14.551
7.5045e+05,2.973,-0.579,-14.556
7.5045e+05,2.973,-0.589,-14.556
7.5045e+05,2.973,-0.6,-14.556
7.5045e+05,2.973,-0.61,-14.556
7.5045e+05,2.972,-0.62,-14.553
7.5045e+05,2.973,-0.631,-14.554
7.5045e+05,2.973,-0.641,-14.556
7.5045e+05,2.974,-0.652,-14.559
7.5045e+05,2.973,-0.661,-14.555
7.5046e+05,2.973,-0.672,-14.556
7.5046e+05,2.973,-0.683,-14.557
7.5046e+05,2.974,-0.693,-14.56
7.5046e+05,2.973,-0.704,-14.558
7.5053e+05,2.982,-0.524,-14.549
7.5053e+05,2.982,-0.534,-14.549
7.5053e+05,2.982,-0.544,-14.549
7.5053e+05,2.98,-0.555,-14.543
7.5053e+05,2.981,-0.565,-14.545
7.5053e+05,2.982,-0.576,-14.549
7.5053e+05,2.981,-0.586,-14.548
7.5053e+05,2.982,-0.596,-14.549
7.5054e+05,2.982,-0.607,-14.55
7.5054e+05,2.982,-0.618,-14.55
7.5054e+05,2.981,-0.627,-14.545
7.5054e+05,2.982,-0.638,-14.55
7.5054e+05,2.981,-0.648,-14.546
7.5054e+05,2.982,-0.659,-14.549
7.5054e+05,2.982,-0.669,-14.551
7.5054e+05,2.981,-0.679,-14.548
7.5054e+05,2.982,-0.69,-14.552
7.5054e+05,2.982,-0.7,-14.549
7.5055e+05,2.981,-0.711,-14.547
7.5063e+05,2.995,-0.52,-14.544
7.5063e+05,2.995,-0.53,-14.545
7.5063e+05,2.994,-0.54,-14.54
7.5063e+05,2.994,-0.551,-14.542
7.5063e+05,2.994,-0.561,-14.541
7.5063e+05,2.994,-0.572,-14.542
7.5063e+05,2.994,-0.582,-14.542
7.5063e+05,2.995,-0.592,-14.547
7.5063e+05,2.996,-0.603,-14.547
7.5064e+05,2.996,-0.613,-14.55
7.5064e+05,2.995,-0.623,-14.544
7.5064e+05,2.995,-0.634,-14.544
7.5064e+05,2.994,-0.644,-14.541
7.5064e+05,2.995,-0.655,-14.545
7.5064e+05,2.995,-0.665,-14.547
7.5064e+05,2.995,-0.675,-14.547
7.5064e+05,2.996,-0.686,-14.547
7.5064e+05,2.994,-0.697,-14.543
7.5064e+05,2.995,-0.706,-14.545
7.5073e+05,3.003,-0.521,-14.546
7.5073e+05,3.003,-0.531,-14.543
7.5073e+05,3.003,-0.542,-14.549
7.5073e+05,3.003,-0.552,-14.546
7.5073e+05,3.003,-0.562,-14.546
7.5073e+05,3.002,-0.573,-14.543
7.5073e+05,3.003,-0.583,-14.545
7.5073e+05,3.003,-0.594,-14.545
7.5073e+05,3.003,-0.604,-14.544
7.5073e+05,3.003,-0.614,-14.543
7.5074e+05,3.003,-0.625,-14.544
7.5074e+05,3.003,-0.635,-14.543
7.5074e+05,3.002,-0.646,-14.542
7.5074e+05,3.003,-0.656,-14.547
7.5074e+05,3.003,-0.666,-14.543
7.5074e+05,3.003,-0.677,-14.545
7.5074e+05,3.003,-0.687,-14.546
7.5074e+05,3.003,-0.697,-14.545
7.5074e+05,3.003,-0.708,-14.547
7.5082e+05,3.012,-0.518,-14.544
7.5082e+05,3.011,-0.528,-14.542
7.5082e+05,3.012,-0.538,-14.542
7.5082e+05,3.011,-0.549,-14.542
7.5082e+05,3.011,-0.559,-14.542
7.5082e+05,3.012,-0.57,-14.546
7.5082e+05,3.012,-0.58,-14.545
7.5082e+05,3.012,-0.59,-14.544
7.5082e+05,3.011,-0.6,-14.54
7.5083e+05,3.011,-0.611,-14.542
7.5083e+05,3.011,-0.621,-14.54
7.5083e+05,3.011,-0.632,-14.542
7.5083e+05,3.011,-0.642,-14.541
7.5083e+05,3.011,-0.652,-14.54
7.5083e+05,3.011,-0.663,-14.542
7.5083e+05,3.01,-0.673,-14.537
7.5083e+05,3.012,-0.684,-14.543
7.5083e+05,3.011,-0.694,-14.54
7.5083e+05,3.011,-0.704,-14.538
7.5088e+05,3.029,-0.525,-14.554
7.5088e+05,3.028,-0.536,-14.554
7.5088e+05,3.028,-0.546,-14.554
7.5088e+05,3.029,-0.557,-14.554
7.5088e+05,3.028,-0.567,-14.551
7.5088e+05,3.029,-0.577,-14.554
7.5089e+05,3.027,-0.588,-14.55
7.5089e+05,3.027,-0.598,-14.549
7.5089e+05,3.028,-0.609,-14.551
7.5089e+05,3.027,-0.619,-14.55
7.5089e+05,3.027,-0.629,-14.549
7.5089e+05,3.028,-0.64,-14.551
7.5089e+05,3.027,-0.65,-14.549
7.5089e+05,3.027,-0.66,-14.55
7.5089e+05,3.027,-0.671,-14.548
7.5089e+05,3.027,-0.681,-14.55
7.509e+05,3.026,-0.692,-14.542
7.509e+05,3.026,-0.702,-14.546
7.5094e+05,3.038,-0.63,-14.565
7.5094e+05,3.038,-0.641,-14.563
7.5094e+05,3.037,-0.651,-14.562
7.5094e+05,3.036,-0.661,-14.557
7.5094e+05,3.036,-0.672,-14.558
7.5094e+05,3.037,-0.682,-14.561
7.5094e+05,3.036,-0.692,-14.557
7.5094e+05,3.036,-0.703,-14.553
7.5038e+05,2.968,-0.619,-14.569
7.5038e+05,2.967,-0.629,-14.564
7.5038e+05,2.967,-0.639,-14.563
7.5038e+05,2.968,-0.65,-14.57
7.5038e+05,2.968,-0.66,-14.567
7.5038e+05,2.969,-0.671,-14.572
7.5039e+05,2.968,-0.681,-14.567
7.5039e+05,2.969,-0.692,-14.571
7.5039e+05,2.968,-0.702,-14.566
7.5039e+05,2.969,-0.712,-14.571
7.5039e+05,2.97,-0.723,-14.574
7.5039e+05,2.97,-0.734,-14.578
7.5045e+05,2.972,-0.62,-14.553
7.5045e+05,2.973,-0.631,-14.554
7.5045e+05,2.973,-0.641,-14.556
7.5045e+05,2.974,-0.652,-14.559
7.5045e+05,2.973,-0.661,-14.555
7.5046e+05,2.973,-0.672,-14.556
7.5046e+05,2.973,-0.683,-14.557
7.5046e+05,2.974,-0.693,-14.56
7.5046e+05,2.973,-0.704,-14.558
7.5046e+05,2.974,-0.714,-14.559
7.5046e+05,2.974,-0.724,-14.561
7.5046e+05,2.974,-0.735,-14.561
7.5046e+05,2.974,-0.745,-14.561
7.5046e+05,2.974,-0.756,-14.56
7.5046e+05,2.974,-0.766,-14.564
7.5047e+05,2.974,-0.776,-14.562
7.5047e+05,2.974,-0.787,-14.564
7.5047e+05,2.974,-0.798,-14.564
7.5047e+05,2.974,-0.808,-14.563
7.5054e+05,2.982,-0.618,-14.55
7.5054e+05,2.981,-0.627,-14.545
7.5054e+05,2.982,-0.638,-14.55
7.5054e+05,2.981,-0.648,-14.546
7.5054e+05,2.982,-0.659,-14.549
7.5054e+05,2.982,-0.669,-14.551
7.5054e+05,2.981,-0.679,-14.548
7.5054e+05,2.982,-0.69,-14.552
7.5054e+05,2.982,-0.7,-14.549
7.5055e+05,2.981,-0.711,-14.547
7.5055e+05,2.981,-0.721,-14.546
7.5055e+05,2.981,-0.732,-14.547
7.5055e+05,2.982,-0.742,-14.551
7.5055e+05,2.981,-0.752,-14.548
7.5055e+05,2.982,-0.763,-14.55
7.5055e+05,2.982,-0.773,-14.551
7.5055e+05,2.982,-0.784,-14.55
7.5055e+05,2.982,-0.794,-14.552
7.5055e+05,2.983,-0.804,-14.554
7.5064e+05,2.996,-0.613,-14.55
7.5064e+05,2.995,-0.623,-14.544
7.5064e+05,2.995,-0.634,-14.544
7.5064e+05,2.994,-0.644,-14.541
7.5064e+05,2.995,-0.655,-14.545
7.5064e+05,2.995,-0.665,-14.547
7.5064e+05,2.995,-0.675,-14.547
7.5064e+05,2.996,-0.686,-14.547
7.5064e+05,2.994,-0.697,-14.543
7.5064e+05,2.995,-0.706,-14.545
7.5065e+05,2.994,-0.717,-14.543
7.5065e+05,2.995,-0.727,-14.544
7.5065e+05,2.995,-0.738,-14.544
7.5065e+05,2.996,-0.748,-14.549
7.5065e+05,2.995,-0.758,-14.545
7.5065e+05,2.995,-0.769,-14.546
7.5065e+05,2.995,-0.78,-14.547
7.5065e+05,2.995,-0.79,-14.547
7.5065e+05,2.995,-0.8,-14.546
7.5073e+05,3.003,-0.614,-14.543
7.5074e+05,3.003,-0.625,-14.544
7.5074e+05,3.003,-0.635,-14.543
7.5074e+05,3.002,-0.646,-14.542
7.5074e+05,3.003,-0.656,-14.547
7.5074e+05,3.003,-0.666,-14.543
7.5074e+05,3.003,-0.677,-14.545
7.5074e+05,3.003,-0.687,-14.546
7.5074e+05,3.003,-0.697,-14.545
7.5074e+05,3.003,-0.708,-14.547
7.5074e+05,3.002,-0.718,-14.541
7.5075e+05,3.003,-0.729,-14.547
7.5075e+05,3.002,-0.739,-14.542
7.5075e+05,3.003,-0.749,-14.545
7.5075e+05,3.002,-0.76,-14.543
7.5075e+05,3.003,-0.77,-14.544
7.5075e+05,3.001,-0.78,-14.538
7.5075e+05,3.002,-0.791,-14.542
7.5075e+05,3.002,-0.801,-14.542
7.5083e+05,3.011,-0.621,-14.54
7.5083e+05,3.011,-0.632,-14.542
7.5083e+05,3.011,-0.642,-14.541
7.5083e+05,3.011,-0.652,-14.54
7.5083e+05,3.011,-0.663,-14.542
7.5083e+05,3.01,-0.673,-14.537
7.5083e+05,3.012,-0.684,-14.543
7.5083e+05,3.011,-0.694,-14.54
7.5083e+05,3.011,-0.704,-14.538
7.5084e+05,3.011,-0.715,-14.539
7.5084e+05,3.011,-0.725,-14.542
7.5084e+05,3.011,-0.735,-14.54
7.5084e+05,3.011,-0.746,-14.54
7.5084e+05,3.011,-0.756,-14.541
7.5084e+05,3.011,-0.766,-14.539
7.5084e+05,3.011,-0.777,-14.542
7.5084e+05,3.011,-0.788,-14.54
7.5084e+05,3.011,-0.798,-14.541
7.5089e+05,3.027,-0.629,-14.549
7.5089e+05,3.028,-0.64,-14.551
7.5089e+05,3.027,-0.65,-14.549
7.5089e+05,3.027,-0.66,-14.55
7.5089e+05,3.027,-0.671,-14.548
7.5089e+05,3.027,-0.681,-14.55
7.509e+05,3.026,-0.692,-14.542
7.509e+05,3.026,-0.702,-14.546
7.509e+05,3.027,-0.712,-14.546
7.509e+05,3.026,-0.723,-14.545
7.509e+05,3.026,-0.733,-14.544
7.509e+05,3.026,-0.743,-14.541
7.509e+05,3.026,-0.754,-14.541
7.509e+05,3.026,-0.764,-14.542
7.509e+05,3.025,-0.774,-14.54
7.509e+05,3.026,-0.785,-14.542
7.5091e+05,3.026,-0.795,-14.542
7.5094e+05,3.038,-0.641,-14.563
7.5094e+05,3.037,-0.651,-14.562
7.5094e+05,3.036,-0.661,-14.557
7.5094e+05,3.036,-0.672,-14.558
7.5094e+05,3.037,-0.682,-14.561
7.5094e+05,3.036,-0.692,-14.557
7.5094e+05,3.036,-0.703,-14.553
7.5094e+05,3.036,-0.713,-14.554
7.5094e+05,3.035,-0.724,-14.549
7.5095e+05,3.036,-0.734,-14.554
7.5095e+05,3.035,-0.744,-14.552
7.5095e+05,3.035,-0.754,-14.551
7.5095e+05,3.035,-0.765,-14.55
7.5095e+05,3.035,-0.775,-14.552
7.5095e+05,3.035,-0.785,-14.55
7.5039e+05,2.969,-0.712,-14.571
7.5039e+05,2.97,-0.723,-14.574
7.5039e+05,2.97,-0.734,-14.578
7.5046e+05,2.974,-0.714,-14.559
7.5046e+05,2.974,-0.724,-14.561
7.5046e+05,2.974,-0.735,-14.561
7.5046e+05,2.974,-0.745,-14.561
7.5046e+05,2.974,-0.756,-14.56
7.5046e+05,2.974,-0.766,-14.564
7.5047e+05,2.974,-0.776,-14.562
7.5047e+05,2.974,-0.787,-14.564
7.5047e+05,2.974,-0.798,-14.564
7.5047e+05,2.974,-0.808,-14.563
7.5047e+05,2.976,-0.819,-14.57
7.5047e+05,2.975,-0.829,-14.568
7.5047e+05,2.975,-0.839,-14.566
7.5047e+05,2.976,-0.85,-14.57
7.5047e+05,2.975,-0.86,-14.567
7.5047e+05,2.976,-0.871,-14.571
7.5048e+05,2.976,-0.881,-14.573
7.5048e+05,2.977,-0.891,-14.575
7.5055e+05,2.981,-0.711,-14.547
7.5055e+05,2.981,-0.721,-14.546
7.5055e+05,2.981,-0.732,-14.547
7.5055e+05,2.982,-0.742,-14.551
7.5055e+05,2.981,-0.752,-14.548
7.5055e+05,2.982,-0.763,-14.55
7.5055e+05,2.982,-0.773,-14.551
7.5055e+05,2.982,-0.784,-14.55
7.5055e+05,2.982,-0.794,-14.552
7.5055e+05,2.983,-0.804,-14.554
7.5056e+05,2.983,-0.815,-14.554
7.5056e+05,2.982,-0.825,-14.551
7.5056e+05,2.983,-0.836,-14.553
7.5056e+05,2.982,-0.846,-14.55
7.5056e+05,2.982,-0.856,-14.552
7.5056e+05,2.982,-0.867,-14.551
7.5056e+05,2.982,-0.877,-14.553
7.5056e+05,2.982,-0.888,-14.551
7.5056e+05,2.982,-0.898,-14.552
7.5065e+05,2.994,-0.717,-14.543
7.5065e+05,2.995,-0.727,-14.544
7.5065e+05,2.995,-0.738,-14.544
7.5065e+05,2.996,-0.748,-14.549
7.5065e+05,2.995,-0.758,-14.545
7.5065e+05,2.995,-0.769,-14.546
7.5065e+05,2.995,-0.78,-14.547
7.5065e+05,2.995,-0.79,-14.547
7.5065e+05,2.995,-0.8,-14.546
7.5065e+05,2.995,-0.811,-14.547
7.5066e+05,2.994,-0.821,-14.542
7.5066e+05,2.995,-0.831,-14.544
7.5066e+05,2.995,-0.842,-14.544
7.5066e+05,2.995,-0.852,-14.546
7.5066e+05,2.995,-0.863,-14.545
7.5066e+05,2.996,-0.873,-14.549
7.5066e+05,2.995,-0.883,-14.546
7.5066e+05,2.995,-0.894,-14.545
7.5066e+05,2.995,-0.904,-14.545
7.5074e+05,3.002,-0.718,-14.541
7.5075e+05,3.003,-0.729,-14.547
7.5075e+05,3.002,-0.739,-14.542
7.5075e+05,3.003,-0.749,-14.545
7.5075e+05,3.002,-0.76,-14.543
7.5075e+05,3.003,-0.77,-14.544
7.5075e+05,3.001,-0.78,-14.538
7.5075e+05,3.002,-0.791,-14.542
7.5075e+05,3.002,-0.801,-14.542
7.5075e+05,3.002,-0.812,-14.54
7.5075e+05,3.003,-0.822,-14.544
7.5076e+05,3.003,-0.832,-14.545
7.5076e+05,3.003,-0.843,-14.545
7.5076e+05,3.003,-0.854,-14.546
7.5076e+05,3.003,-0.864,-14.545
7.5076e+05,3.003,-0.874,-14.547
7.5076e+05,3.003,-0.885,-14.548
7.5076e+05,3.003,-0.895,-14.544
7.5084e+05,3.011,-0.725,-14.542
7.5084e+05,3.011,-0.735,-14.54
7.5084e+05,3.011,-0.746,-14.54
7.5084e+05,3.011,-0.756,-14.541
7.5084e+05,3.011,-0.766,-14.539
7.5084e+05,3.011,-0.777,-14.542
7.5084e+05,3.011,-0.788,-14.54
7.5084e+05,3.011,-0.798,-14.541
7.5084e+05,3.011,-0.808,-14.541
7.5085e+05,3.011,-0.819,-14.542
7.5085e+05,3.011,-0.829,-14.539
7.5085e+05,3.011,-0.84,-14.54
7.5085e+05,3.011,-0.85,-14.543
7.5085e+05,3.011,-0.86,-14.542
7.5085e+05,3.011,-0.871,-14.54
7.5085e+05,3.011,-0.881,-14.541
7.5085e+05,3.011,-0.891,-14.541
7.509e+05,3.026,-0.733,-14.544
7.509e+05,3.026,-0.743,-14.541
7.509e+05,3.026,-0.754,-14.541
7.509e+05,3.026,-0.764,-14.542
7.509e+05,3.025,-0.774,-14.54
7.509e+05,3.026,-0.785,-14.542
7.5091e+05,3.026,-0.795,-14.542
7.5091e+05,3.026,-0.806,-14.544
7.5091e+05,3.026,-0.816,-14.543
7.5091e+05,3.025,-0.826,-14.541
7.5091e+05,3.025,-0.837,-14.54
7.5091e+05,3.026,-0.847,-14.541
7.5091e+05,3.025,-0.858,-14.54
7.5091e+05,3.025,-0.868,-14.539
7.5091e+05,3.025,-0.878,-14.539
7.5091e+05,3.024,-0.888,-14.536
7.5095e+05,3.036,-0.734,-14.554
7.5095e+05,3.035,-0.744,-14.552
7.5095e+05,3.035,-0.754,-14.551
7.5095e+05,3.035,-0.765,-14.55
7.5095e+05,3.035,-0.775,-14.552
7.5095e+05,3.035,-0.785,-14.55
7.5095e+05,3.034,-0.796,-14.548
7.5095e+05,3.034,-0.806,-14.549
7.5095e+05,3.035,-0.817,-14.55
7.5095e+05,3.034,-0.827,-14.549
7.5096e+05,3.034,-0.838,-14.548
7.5096e+05,3.034,-0.848,-14.547
7.5096e+05,3.033,-0.858,-14.543
7.5096e+05,3.034,-0.869,-14.545
7.5096e+05,3.034,-0.879,-14.546
7.5098e+05,3.047,-0.825,-14.564
7.5098e+05,3.045,-0.835,-14.555
7.5098e+05,3.046,-0.846,-14.557
7.5098e+05,3.045,-0.856,-14.556
7.5098e+05,3.045,-0.866,-14.554
7.5099e+05,3.046,-0.877,-14.56
7.5047e+05,2.974,-0.808,-14.563
7.5047e+05,2.976,-0.819,-14.57
7.5047e+05,2.975,-0.829,-14.568
7.5047e+05,2.975,-0.839,-14.566
7.5047e+05,2.976,-0.85,-14.57
7.5047e+05,2.975,-0.86,-14.567
7.5047e+05,2.976,-0.871,-14.571
7.5048e+05,2.976,-0.881,-14.573
7.5048e+05,2.977,-0.891,-14.575
7.5056e+05,2.983,-0.815,-14.554
7.5056e+05,2.982,-0.825,-14.551
7.5056e+05,2.983,-0.836,-14.553
7.5056e+05,2.982,-0.846,-14.55
7.5056e+05,2.982,-0.856,-14.552
7.5056e+05,2.982,-0.867,-14.551
7.5056e+05,2.982,-0.877,-14.553
7.5056e+05,2.982,-0.888,-14.551
7.5056e+05,2.982,-0.898,-14.552
7.5056e+05,2.983,-0.909,-14.557
7.5057e+05,2.983,-0.919,-14.557
7.5057e+05,2.983,-0.929,-14.554
7.5057e+05,2.983,-0.94,-14.555
7.5057e+05,2.983,-0.951,-14.558
7.5057e+05,2.983,-0.961,-14.556
7.5057e+05,2.983,-0.971,-14.555
7.5057e+05,2.984,-0.982,-14.564
7.5057e+05,2.983,-0.992,-14.557
7.5065e+05,2.995,-0.811,-14.547
7.5066e+05,2.994,-0.821,-14.542
7.5066e+05,2.995,-0.831,-14.544
7.5066e+05,2.995,-0.842,-14.544
7.5066e+05,2.995,-0.852,-14.546
7.5066e+05,2.995,-0.863,-14.545
7.5066e+05,2.996,-0.873,-14.549
7.5066e+05,2.995,-0.883,-14.546
7.5066e+05,2.995,-0.894,-14.545
7.5066e+05,2.995,-0.904,-14.545
7.5066e+05,2.995,-0.915,-14.546
7.5067e+05,2.995,-0.925,-14.547
7.5067e+05,2.995,-0.935,-14.545
7.5067e+05,2.995,-0.946,-14.545
7.5067e+05,2.995,-0.956,-14.547
7.5067e+05,2.995,-0.967,-14.545
7.5067e+05,2.996,-0.977,-14.55
7.5067e+05,2.996,-0.988,-14.55
7.5067e+05,2.995,-0.998,-14.547
7.5075e+05,3.002,-0.812,-14.54
7.5075e+05,3.003,-0.822,-14.544
7.5076e+05,3.003,-0.832,-14.545
7.5076e+05,3.003,-0.843,-14.545
7.5076e+05,3.003,-0.854,-14.546
7.5076e+05,3.003,-0.864,-14.545
7.5076e+05,3.003,-0.874,-14.547
7.5076e+05,3.003,-0.885,-14.548
7.5076e+05,3.003,-0.895,-14.544
7.5076e+05,3.004,-0.906,-14.551
7.5076e+05,3.003,-0.916,-14.544
7.5076e+05,3.003,-0.926,-14.546
7.5077e+05,3.002,-0.937,-14.543
7.5077e+05,3.002,-0.947,-14.543
7.5077e+05,3.002,-0.957,-14.542
7.5077e+05,3.003,-0.968,-14.545
7.5077e+05,3.003,-0.978,-14.545
7.5077e+05,3.003,-0.989,-14.547
7.5077e+05,3.002,-0.999,-14.544
7.5084e+05,3.011,-0.808,-14.541
7.5085e+05,3.011,-0.819,-14.542
7.5085e+05,3.011,-0.829,-14.539
7.5085e+05,3.011,-0.84,-14.54
7.5085e+05,3.011,-0.85,-14.543
7.5085e+05,3.011,-0.86,-14.542
7.5085e+05,3.011,-0.871,-14.54
7.5085e+05,3.011,-0.881,-14.541
7.5085e+05,3.011,-0.891,-14.541
7.5085e+05,3.012,-0.902,-14.545
7.5085e+05,3.011,-0.912,-14.543
7.5086e+05,3.012,-0.923,-14.545
7.5086e+05,3.011,-0.933,-14.542
7.5086e+05,3.011,-0.943,-14.541
7.5086e+05,3.011,-0.964,-14.54
7.5086e+05,3.012,-0.975,-14.545
7.5086e+05,3.011,-0.985,-14.539
7.5086e+05,3.011,-0.996,-14.541
7.5091e+05,3.026,-0.816,-14.543
7.5091e+05,3.025,-0.826,-14.541
7.5091e+05,3.025,-0.837,-14.54
7.5091e+05,3.026,-0.847,-14.541
7.5091e+05,3.025,-0.858,-14.54
7.5091e+05,3.025,-0.868,-14.539
7.5091e+05,3.025,-0.878,-14.539
7.5091e+05,3.024,-0.888,-14.536
7.5092e+05,3.024,-0.899,-14.536
7.5092e+05,3.025,-0.91,-14.539
7.5092e+05,3.025,-0.92,-14.538
7.5092e+05,3.025,-0.93,-14.539
7.5092e+05,3.025,-0.941,-14.538
7.5092e+05,3.024,-0.951,-14.536
7.5092e+05,3.025,-0.962,-14.54
7.5092e+05,3.025,-0.972,-14.539
7.5092e+05,3.024,-0.982,-14.535
7.5092e+05,3.025,-0.993,-14.538
7.5095e+05,3.035,-0.817,-14.55
7.5095e+05,3.034,-0.827,-14.549
7.5096e+05,3.034,-0.838,-14.548
7.5096e+05,3.034,-0.848,-14.547
7.5096e+05,3.033,-0.858,-14.543
7.5096e+05,3.034,-0.869,-14.545
7.5096e+05,3.034,-0.879,-14.546
7.5096e+05,3.033,-0.89,-14.542
7.5096e+05,3.033,-0.9,-14.543
7.5096e+05,3.033,-0.91,-14.54
7.5096e+05,3.033,-0.92,-14.542
7.5096e+05,3.033,-0.931,-14.542
7.5097e+05,3.033,-0.942,-14.541
7.5097e+05,3.033,-0.952,-14.545
7.5097e+05,3.033,-0.962,-14.54
7.5097e+05,3.034,-0.973,-14.545
7.5097e+05,3.033,-0.983,-14.544
7.5097e+05,3.033,-0.993,-14.541
7.5098e+05,3.047,-0.825,-14.564
7.5098e+05,3.045,-0.835,-14.555
7.5098e+05,3.046,-0.846,-14.557
7.5098e+05,3.045,-0.856,-14.556
7.5098e+05,3.045,-0.866,-14.554
7.5099e+05,3.046,-0.877,-14.56
7.5099e+05,3.044,-0.887,-14.55
7.5099e+05,3.046,-0.898,-14.557
7.5099e+05,3.045,-0.908,-14.552
7.5099e+05,3.045,-0.918,-14.552
7.5099e+05,3.045,-0.928,-14.552
7.5099e+05,3.045,-0.939,-14.552
7.5099e+05,3.045,-0.95,-14.552
7.5099e+05,3.043,-0.96,-14.545
7.5099e+05,3.045,-0.97,-14.552
7.51e+05,3.043,-0.98,-14.547
7.51e+05,3.043,-0.991,-14.548
7.4535e+05,2.984,-1.034,-14.562
7.4535e+05,2.984,-1.045,-14.563
7.4535e+05,2.984,-1.055,-14.561
7.4536e+05,2.984,-1.066,-14.562
7.4536e+05,2.985,-1.076,-14.566
7.4536e+05,2.986,-1.087,-14.569
7.4537e+05,2.994,-1.029,-14.545
7.4538e+05,2.994,-1.039,-14.545
7.4538e+05,2.995,-1.05,-14.547
7.4538e+05,2.995,-1.06,-14.546
7.4538e+05,2.996,-1.071,-14.549
7.4538e+05,2.995,-1.082,-14.549
7.4538e+05,2.996,-1.092,-14.55
7.4542e+05,3.003,-1.03,-14.545
7.4542e+05,3.003,-1.041,-14.547
7.4543e+05,3.004,-1.052,-14.553
7.4543e+05,3.002,-1.061,-14.544
7.4543e+05,3.003,-1.072,-14.549
7.4543e+05,3.002,-1.082,-14.544
7.4543e+05,3.003,-1.093,-14.548
7.4548e+05,3.011,-1.027,-14.542
7.4548e+05,3.011,-1.037,-14.543
7.4548e+05,3.011,-1.048,-14.541
7.4548e+05,3.011,-1.058,-14.542
7.4548e+05,3.011,-1.069,-14.54
7.4548e+05,3.011,-1.079,-14.54
7.4548e+05,3.011,-1.089,-14.543
7.4553e+05,3.024,-1.035,-14.538
7.4553e+05,3.024,-1.044,-14.535
7.4553e+05,3.024,-1.055,-14.537
7.4553e+05,3.024,-1.066,-14.536
7.4554e+05,3.025,-1.076,-14.539
7.4554e+05,3.024,-1.087,-14.538
7.4558e+05,3.032,-1.024,-14.535
7.4559e+05,3.032,-1.035,-14.535
7.4559e+05,3.032,-1.045,-14.539
7.4559e+05,3.032,-1.056,-14.538
7.4559e+05,3.032,-1.066,-14.536
7.4559e+05,3.032,-1.077,-14.539
7.4559e+05,3.033,-1.087,-14.54
7.4564e+05,3.043,-1.032,-14.543
7.4564e+05,3.042,-1.043,-14.542
7.4564e+05,3.042,-1.053,-14.542
7.4564e+05,3.043,-1.064,-14.544
7.4564e+05,3.043,-1.074,-14.544
7.4564e+05,3.043,-1.084,-14.543
7.5056e+05,2.983,-0.909,-14.557
7.5057e+05,2.983,-0.919,-14.557
7.5057e+05,2.983,-0.929,-14.554
7.5057e+05,2.983,-0.94,-14.555
7.5057e+05,2.983,-0.951,-14.558
7.5057e+05,2.983,-0.961,-14.556
7.5057e+05,2.983,-0.971,-14.555
7.5057e+05,2.984,-0.982,-14.564
7.5057e+05,2.983,-0.992,-14.557
7.5057e+05,2.984,-1.003,-14.561
7.5057e+05,2.984,-1.013,-14.56
7.5058e+05,2.984,-1.024,-14.564
7.5066e+05,2.995,-0.904,-14.545
7.5066e+05,2.995,-0.915,-14.546
7.5067e+05,2.995,-0.925,-14.547
7.5067e+05,2.995,-0.935,-14.545
7.5067e+05,2.995,-0.946,-14.545
7.5067e+05,2.995,-0.956,-14.547
7.5067e+05,2.995,-0.967,-14.545
7.5067e+05,2.996,-0.977,-14.55
7.5067e+05,2.996,-0.988,-14.55
7.5067e+05,2.995,-0.998,-14.547
7.5067e+05,2.994,-1.008,-14.541
7.5067e+05,2.995,-1.019,-14.545
7.5076e+05,3.004,-0.906,-14.551
7.5076e+05,3.003,-0.916,-14.544
7.5076e+05,3.003,-0.926,-14.546
7.5077e+05,3.002,-0.937,-14.543
7.5077e+05,3.002,-0.947,-14.543
7.5077e+05,3.002,-0.957,-14.542
7.5077e+05,3.003,-0.968,-14.545
7.5077e+05,3.003,-0.978,-14.545
7.5077e+05,3.003,-0.989,-14.547
7.5077e+05,3.002,-0.999,-14.544
7.5077e+05,3.002,-1.009,-14.543
7.5077e+05,3.003,-1.02,-14.547
7.5085e+05,3.012,-0.902,-14.545
7.5085e+05,3.011,-0.912,-14.543
7.5086e+05,3.012,-0.923,-14.545
7.5086e+05,3.011,-0.933,-14.542
7.5086e+05,3.011,-0.943,-14.541
7.5086e+05,3.011,-0.964,-14.54
7.5086e+05,3.012,-0.975,-14.545
7.5086e+05,3.011,-0.985,-14.539
7.5086e+05,3.011,-0.996,-14.541
7.5086e+05,3.011,-1.006,-14.54
7.5086e+05,3.011,-1.016,-14.542
7.5092e+05,3.025,-0.91,-14.539
7.5092e+05,3.025,-0.92,-14.538
7.5092e+05,3.025,-0.93,-14.539
7.5092e+05,3.025,-0.941,-14.538
7.5092e+05,3.024,-0.951,-14.536
7.5092e+05,3.025,-0.962,-14.54
7.5092e+05,3.025,-0.972,-14.539
7.5092e+05,3.024,-0.982,-14.535
7.5092e+05,3.025,-0.993,-14.538
7.5093e+05,3.024,-1.003,-14.538
7.5093e+05,3.025,-1.013,-14.538
7.5093e+05,3.024,-1.024,-14.536
7.5096e+05,3.033,-0.91,-14.54
7.5096e+05,3.033,-0.92,-14.542
7.5096e+05,3.033,-0.931,-14.542
7.5097e+05,3.033,-0.942,-14.541
7.5097e+05,3.033,-0.952,-14.545
7.5097e+05,3.033,-0.962,-14.54
7.5097e+05,3.034,-0.973,-14.545
7.5097e+05,3.033,-0.983,-14.544
7.5097e+05,3.033,-0.993,-14.541
7.5097e+05,3.032,-1.004,-14.537
7.5097e+05,3.032,-1.014,-14.538
7.5099e+05,3.045,-0.918,-14.552
7.5099e+05,3.045,-0.928,-14.552
7.5099e+05,3.045,-0.939,-14.552
7.5099e+05,3.045,-0.95,-14.552
7.5099e+05,3.043,-0.96,-14.545
7.5099e+05,3.045,-0.97,-14.552
7.51e+05,3.043,-0.98,-14.547
7.51e+05,3.043,-0.991,-14.548
7.51e+05,3.044,-1.001,-14.55
7.51e+05,3.043,-1.012,-14.547
7.51e+05,3.043,-1.022,-14.545
7.4535e+05,2.984,-1.034,-14.562
7.4535e+05,2.984,-1.045,-14.563
7.4535e+05,2.984,-1.055,-14.561
7.4536e+05,2.984,-1.066,-14.562
7.4536e+05,2.985,-1.076,-14.566
7.4536e+05,2.986,-1.087,-14.569
7.4536e+05,2.986,-1.097,-14.57
7.4536e+05,2.987,-1.108,-14.575
7.4536e+05,2.985,-1.118,-14.566
7.4536e+05,2.987,-1.129,-14.575
7.4536e+05,2.987,-1.139,-14.574
7.4536e+05,2.986,-1.15,-14.571
7.4537e+05,2.994,-1.029,-14.545
7.4538e+05,2.994,-1.039,-14.545
7.4538e+05,2.995,-1.05,-14.547
7.4538e+05,2.995,-1.06,-14.546
7.4538e+05,2.996,-1.071,-14.549
7.4538e+05,2.995,-1.082,-14.549
7.4538e+05,2.996,-1.092,-14.55
7.4538e+05,2.995,-1.102,-14.549
7.4538e+05,2.996,-1.113,-14.55
7.4538e+05,2.996,-1.123,-14.55
7.4538e+05,2.997,-1.134,-14.554
7.4539e+05,2.997,-1.144,-14.554
7.4539e+05,2.996,-1.155,-14.551
7.4539e+05,2.996,-1.165,-14.554
7.4539e+05,2.997,-1.176,-14.554
7.4539e+05,2.997,-1.186,-14.556
7.4542e+05,3.003,-1.03,-14.545
7.4542e+05,3.003,-1.041,-14.547
7.4543e+05,3.004,-1.052,-14.553
7.4543e+05,3.002,-1.061,-14.544
7.4543e+05,3.003,-1.072,-14.549
7.4543e+05,3.002,-1.082,-14.544
7.4543e+05,3.003,-1.093,-14.548
7.4543e+05,3.002,-1.103,-14.544
7.4543e+05,3.003,-1.113,-14.545
7.4543e+05,3.003,-1.124,-14.547
7.4543e+05,3.003,-1.135,-14.547
7.4543e+05,3.003,-1.145,-14.546
7.4544e+05,3.003,-1.156,-14.548
7.4544e+05,3.003,-1.166,-14.547
7.4544e+05,3.002,-1.176,-14.545
7.4544e+05,3.003,-1.187,-14.547
7.4548e+05,3.011,-1.027,-14.542
7.4548e+05,3.011,-1.037,-14.543
7.4548e+05,3.011,-1.048,-14.541
7.4548e+05,3.011,-1.058,-14.542
7.4548e+05,3.011,-1.069,-14.54
7.4548e+05,3.011,-1.079,-14.54
7.4548e+05,3.011,-1.089,-14.543
7.4548e+05,3.011,-1.1,-14.541
7.4549e+05,3.011,-1.11,-14.545
7.4549e+05,3.011,-1.121,-14.542
7.4549e+05,3.011,-1.131,-14.544
7.4549e+05,3.01,-1.141,-14.538
7.4549e+05,3.011,-1.152,-14.542
7.4549e+05,3.01,-1.162,-14.539
7.4549e+05,3.01,-1.173,-14.54
7.4549e+05,3.011,-1.183,-14.543
7.4553e+05,3.024,-1.035,-14.538
7.4553e+05,3.024,-1.044,-14.535
7.4553e+05,3.024,-1.055,-14.537
7.4553e+05,3.024,-1.066,-14.536
7.4554e+05,3.025,-1.076,-14.539
7.4554e+05,3.024,-1.087,-14.538
7.4554e+05,3.025,-1.097,-14.54
7.4554e+05,3.025,-1.107,-14.54
7.4554e+05,3.024,-1.117,-14.536
7.4554e+05,3.025,-1.128,-14.542
7.4554e+05,3.025,-1.139,-14.539
7.4554e+05,3.025,-1.149,-14.541
7.4554e+05,3.025,-1.16,-14.542
7.4554e+05,3.024,-1.169,-14.536
7.4555e+05,3.025,-1.181,-14.541
7.4558e+05,3.032,-1.024,-14.535
7.4559e+05,3.032,-1.035,-14.535
7.4559e+05,3.032,-1.045,-14.539
7.4559e+05,3.032,-1.056,-14.538
7.4559e+05,3.032,-1.066,-14.536
7.4559e+05,3.032,-1.077,-14.539
7.4559e+05,3.033,-1.087,-14.54
7.4559e+05,3.033,-1.097,-14.54
7.4559e+05,3.032,-1.108,-14.536
7.4559e+05,3.032,-1.118,-14.538
7.4559e+05,3.032,-1.128,-14.536
7.456e+05,3.032,-1.139,-14.539
7.456e+05,3.032,-1.15,-14.539
7.456e+05,3.032,-1.16,-14.54
7.456e+05,3.031,-1.17,-14.535
7.456e+05,3.032,-1.18,-14.536
7.4564e+05,3.043,-1.032,-14.543
7.4564e+05,3.042,-1.043,-14.542
7.4564e+05,3.042,-1.053,-14.542
7.4564e+05,3.043,-1.064,-14.544
7.4564e+05,3.043,-1.074,-14.544
7.4564e+05,3.043,-1.084,-14.543
7.4564e+05,3.042,-1.094,-14.542
7.4565e+05,3.043,-1.105,-14.544
7.4565e+05,3.042,-1.115,-14.542
7.4565e+05,3.043,-1.126,-14.543
7.4565e+05,3.042,-1.137,-14.542
7.4565e+05,3.042,-1.146,-14.543
7.4565e+05,3.041,-1.157,-14.537
7.4565e+05,3.041,-1.167,-14.538
7.4565e+05,3.042,-1.178,-14.539
7.4569e+05,3.06,-1.115,-14.555
7.4569e+05,3.06,-1.126,-14.559
7.4569e+05,3.059,-1.135,-14.55
7.457e+05,3.059,-1.146,-14.551
7.457e+05,3.059,-1.157,-14.55
7.457e+05,3.059,-1.167,-14.55
7.5057e+05,2.984,-1.003,-14.561
7.5057e+05,2.984,-1.013,-14.56
7.5058e+05,2.984,-1.024,-14.564
7.5067e+05,2.995,-0.998,-14.547
7.5067e+05,2.994,-1.008,-14.541
7.5067e+05,2.995,-1.019,-14.545
7.5077e+05,3.002,-0.999,-14.544
7.5077e+05,3.002,-1.009,-14.543
7.5077e+05,3.003,-1.02,-14.547
7.5086e+05,3.011,-0.996,-14.541
7.5086e+05,3.011,-1.006,-14.54
7.5086e+05,3.011,-1.016,-14.542
7.5093e+05,3.024,-1.003,-14.538
7.5093e+05,3.025,-1.013,-14.538
7.5093e+05,3.024,-1.024,-14.536
7.5097e+05,3.032,-1.004,-14.537
7.5097e+05,3.032,-1.014,-14.538
7.51e+05,3.043,-1.012,-14.547
7.51e+05,3.043,-1.022,-14.545
7.4536e+05,2.986,-1.097,-14.57
7.4536e+05,2.987,-1.108,-14.575
7.4536e+05,2.985,-1.118,-14.566
7.4536e+05,2.987,-1.129,-14.575
7.4536e+05,2.987,-1.139,-14.574
7.4536e+05,2.986,-1.15,-14.571
7.4538e+05,2.996,-1.092,-14.55
7.4538e+05,2.995,-1.102,-14.549
7.4538e+05,2.996,-1.113,-14.55
7.4538e+05,2.996,-1.123,-14.55
7.4538e+05,2.997,-1.134,-14.554
7.4539e+05,2.997,-1.144,-14.554
7.4539e+05,2.996,-1.155,-14.551
7.4539e+05,2.996,-1.165,-14.554
7.4539e+05,2.997,-1.176,-14.554
7.4539e+05,2.997,-1.186,-14.556
7.4539e+05,2.996,-1.196,-14.552
7.4539e+05,2.996,-1.207,-14.554
7.4539e+05,2.997,-1.217,-14.556
7.4539e+05,2.997,-1.228,-14.555
7.4539e+05,2.997,-1.238,-14.557
7.454e+05,2.997,-1.249,-14.557
7.454e+05,2.997,-1.259,-14.557
7.454e+05,2.997,-1.27,-14.555
7.454e+05,2.998,-1.281,-14.561
7.4543e+05,3.003,-1.093,-14.548
7.4543e+05,3.002,-1.103,-14.544
7.4543e+05,3.003,-1.113,-14.545
7.4543e+05,3.003,-1.124,-14.547
7.4543e+05,3.003,-1.135,-14.547
7.4543e+05,3.003,-1.145,-14.546
7.4544e+05,3.003,-1.156,-14.548
7.4544e+05,3.003,-1.166,-14.547
7.4544e+05,3.002,-1.176,-14.545
7.4544e+05,3.003,-1.187,-14.547
7.4544e+05,3.002,-1.197,-14.545
7.4544e+05,3.003,-1.208,-14.547
7.4544e+05,3.003,-1.219,-14.549
7.4544e+05,3.003,-1.229,-14.548
7.4544e+05,3.003,-1.239,-14.547
7.4544e+05,3.003,-1.25,-14.547
7.4545e+05,3.003,-1.26,-14.547
7.4545e+05,3.003,-1.27,-14.547
7.4545e+05,3.002,-1.281,-14.545
7.4548e+05,3.011,-1.089,-14.543
7.4548e+05,3.011,-1.1,-14.541
7.4549e+05,3.011,-1.11,-14.545
7.4549e+05,3.011,-1.121,-14.542
7.4549e+05,3.011,-1.131,-14.544
7.4549e+05,3.01,-1.141,-14.538
7.4549e+05,3.011,-1.152,-14.542
7.4549e+05,3.01,-1.162,-14.539
7.4549e+05,3.01,-1.173,-14.54
7.4549e+05,3.011,-1.183,-14.543
7.4549e+05,3.011,-1.194,-14.543
7.4549e+05,3.01,-1.204,-14.54
7.455e+05,3.01,-1.214,-14.538
7.455e+05,3.011,-1.225,-14.541
7.455e+05,3.011,-1.235,-14.543
7.455e+05,3.012,-1.246,-14.546
7.455e+05,3.012,-1.257,-14.546
7.455e+05,3.011,-1.267,-14.544
7.455e+05,3.011,-1.277,-14.541
7.4554e+05,3.025,-1.097,-14.54
7.4554e+05,3.025,-1.107,-14.54
7.4554e+05,3.024,-1.117,-14.536
7.4554e+05,3.025,-1.128,-14.542
7.4554e+05,3.025,-1.139,-14.539
7.4554e+05,3.025,-1.149,-14.541
7.4554e+05,3.025,-1.16,-14.542
7.4554e+05,3.024,-1.169,-14.536
7.4555e+05,3.025,-1.181,-14.541
7.4555e+05,3.024,-1.191,-14.538
7.4555e+05,3.025,-1.202,-14.54
7.4555e+05,3.024,-1.211,-14.537
7.4555e+05,3.025,-1.222,-14.539
7.4555e+05,3.025,-1.232,-14.54
7.4555e+05,3.024,-1.243,-14.538
7.4555e+05,3.025,-1.254,-14.54
7.4555e+05,3.024,-1.263,-14.538
7.4555e+05,3.025,-1.274,-14.54
7.4559e+05,3.033,-1.097,-14.54
7.4559e+05,3.032,-1.108,-14.536
7.4559e+05,3.032,-1.118,-14.538
7.4559e+05,3.032,-1.128,-14.536
7.456e+05,3.032,-1.139,-14.539
7.456e+05,3.032,-1.15,-14.539
7.456e+05,3.032,-1.16,-14.54
7.456e+05,3.031,-1.17,-14.535
7.456e+05,3.032,-1.18,-14.536
7.456e+05,3.031,-1.191,-14.535
7.456e+05,3.031,-1.201,-14.534
7.456e+05,3.031,-1.212,-14.535
7.456e+05,3.031,-1.222,-14.534
7.456e+05,3.032,-1.233,-14.538
7.4561e+05,3.032,-1.243,-14.538
7.4561e+05,3.032,-1.253,-14.536
7.4561e+05,3.032,-1.264,-14.539
7.4561e+05,3.032,-1.275,-14.536
7.4565e+05,3.043,-1.105,-14.544
7.4565e+05,3.042,-1.115,-14.542
7.4565e+05,3.043,-1.126,-14.543
7.4565e+05,3.042,-1.137,-14.542
7.4565e+05,3.042,-1.146,-14.543
7.4565e+05,3.041,-1.157,-14.537
7.4565e+05,3.041,-1.167,-14.538
7.4565e+05,3.042,-1.178,-14.539
7.4565e+05,3.041,-1.188,-14.535
7.4565e+05,3.041,-1.198,-14.537
7.4566e+05,3.041,-1.209,-14.538
7.4566e+05,3.041,-1.219,-14.538
7.4566e+05,3.041,-1.23,-14.536
7.4566e+05,3.04,-1.24,-14.535
7.4566e+05,3.041,-1.25,-14.536
7.4566e+05,3.041,-1.261,-14.537
7.4566e+05,3.04,-1.271,-14.535
7.4569e+05,3.06,-1.115,-14.555
7.4569e+05,3.06,-1.126,-14.559
7.4569e+05,3.059,-1.135,-14.55
7.457e+05,3.059,-1.146,-14.551
7.457e+05,3.059,-1.157,-14.55
7.457e+05,3.059,-1.167,-14.55
7.457e+05,3.059,-1.177,-14.55
7.457e+05,3.059,-1.188,-14.554
7.457e+05,3.059,-1.198,-14.55
7.457e+05,3.058,-1.209,-14.549
7.457e+05,3.059,-1.219,-14.55
7.457e+05,3.058,-1.229,-14.549
7.457e+05,3.057,-1.24,-14.545
7.4571e+05,3.057,-1.25,-14.544
7.4571e+05,3.058,-1.261,-14.546
7.4539e+05,2.997,-1.186,-14.556
7.4539e+05,2.996,-1.196,-14.552
7.4539e+05,2.996,-1.207,-14.554
7.4539e+05,2.997,-1.217,-14.556
7.4539e+05,2.997,-1.228,-14.555
7.4539e+05,2.997,-1.238,-14.557
7.454e+05,2.997,-1.249,-14.557
7.454e+05,2.997,-1.259,-14.557
7.454e+05,2.997,-1.27,-14.555
7.454e+05,2.998,-1.281,-14.561
7.454e+05,2.998,-1.291,-14.561
7.454e+05,2.998,-1.302,-14.564
7.454e+05,2.998,-1.312,-14.562
7.454e+05,2.999,-1.323,-14.567
7.454e+05,2.999,-1.334,-14.569
7.454e+05,2.999,-1.344,-14.566
7.4541e+05,3.008,-1.359,-14.613
7.4544e+05,3.003,-1.187,-14.547
7.4544e+05,3.002,-1.197,-14.545
7.4544e+05,3.003,-1.208,-14.547
7.4544e+05,3.003,-1.219,-14.549
7.4544e+05,3.003,-1.229,-14.548
7.4544e+05,3.003,-1.239,-14.547
7.4544e+05,3.003,-1.25,-14.547
7.4545e+05,3.003,-1.26,-14.547
7.4545e+05,3.003,-1.27,-14.547
7.4545e+05,3.002,-1.281,-14.545
7.4545e+05,3.003,-1.291,-14.549
7.4545e+05,3.003,-1.302,-14.548
7.4545e+05,3.003,-1.313,-14.552
7.4545e+05,3.003,-1.323,-14.549
7.4545e+05,3.003,-1.333,-14.551
7.4545e+05,3.004,-1.344,-14.552
7.4545e+05,3.004,-1.355,-14.554
7.4546e+05,3.004,-1.365,-14.554
7.4546e+05,3.004,-1.376,-14.557
7.4549e+05,3.011,-1.194,-14.543
7.4549e+05,3.01,-1.204,-14.54
7.455e+05,3.01,-1.214,-14.538
7.455e+05,3.011,-1.225,-14.541
7.455e+05,3.011,-1.235,-14.543
7.455e+05,3.012,-1.246,-14.546
7.455e+05,3.012,-1.257,-14.546
7.455e+05,3.011,-1.267,-14.544
7.455e+05,3.011,-1.277,-14.541
7.455e+05,3.011,-1.288,-14.542
7.455e+05,3.011,-1.298,-14.543
7.455e+05,3.011,-1.309,-14.543
7.4551e+05,3.011,-1.319,-14.543
7.4551e+05,3.011,-1.329,-14.542
7.4551e+05,3.011,-1.34,-14.545
7.4551e+05,3.011,-1.35,-14.544
7.4551e+05,3.011,-1.361,-14.545
7.4551e+05,3.011,-1.371,-14.543
7.4555e+05,3.024,-1.191,-14.538
7.4555e+05,3.025,-1.202,-14.54
7.4555e+05,3.024,-1.211,-14.537
7.4555e+05,3.025,-1.222,-14.539
7.4555e+05,3.025,-1.232,-14.54
7.4555e+05,3.024,-1.243,-14.538
7.4555e+05,3.025,-1.254,-14.54
7.4555e+05,3.024,-1.263,-14.538
7.4555e+05,3.025,-1.274,-14.54
7.4556e+05,3.024,-1.285,-14.538
7.4556e+05,3.025,-1.296,-14.542
7.4556e+05,3.025,-1.306,-14.542
7.4556e+05,3.025,-1.316,-14.541
7.4556e+05,3.025,-1.327,-14.541
7.4556e+05,3.024,-1.337,-14.539
7.4556e+05,3.025,-1.347,-14.541
7.4556e+05,3.024,-1.358,-14.539
7.4556e+05,3.024,-1.368,-14.54
7.456e+05,3.031,-1.191,-14.535
7.456e+05,3.031,-1.201,-14.534
7.456e+05,3.031,-1.212,-14.535
7.456e+05,3.031,-1.222,-14.534
7.456e+05,3.032,-1.233,-14.538
7.4561e+05,3.032,-1.243,-14.538
7.4561e+05,3.032,-1.253,-14.536
7.4561e+05,3.032,-1.264,-14.539
7.4561e+05,3.032,-1.275,-14.536
7.4561e+05,3.032,-1.285,-14.537
7.4561e+05,3.032,-1.295,-14.538
7.4561e+05,3.032,-1.306,-14.538
7.4561e+05,3.032,-1.316,-14.54
7.4561e+05,3.032,-1.327,-14.539
7.4561e+05,3.033,-1.338,-14.541
7.4562e+05,3.032,-1.348,-14.54
7.4562e+05,3.032,-1.358,-14.54
7.4562e+05,3.032,-1.368,-14.538
7.4565e+05,3.041,-1.198,-14.537
7.4566e+05,3.041,-1.209,-14.538
7.4566e+05,3.041,-1.219,-14.538
7.4566e+05,3.041,-1.23,-14.536
7.4566e+05,3.04,-1.24,-14.535
7.4566e+05,3.041,-1.25,-14.536
7.4566e+05,3.041,-1.261,-14.537
7.4566e+05,3.04,-1.271,-14.535
7.4566e+05,3.04,-1.282,-14.535
7.4566e+05,3.04,-1.292,-14.535
7.4566e+05,3.04,-1.303,-14.535
7.4567e+05,3.04,-1.313,-14.535
7.4567e+05,3.041,-1.324,-14.537
7.4567e+05,3.04,-1.334,-14.533
7.4567e+05,3.041,-1.345,-14.536
7.4567e+05,3.04,-1.355,-14.535
7.4567e+05,3.041,-1.365,-14.537
7.457e+05,3.058,-1.209,-14.549
7.457e+05,3.059,-1.219,-14.55
7.457e+05,3.058,-1.229,-14.549
7.457e+05,3.057,-1.24,-14.545
7.4571e+05,3.057,-1.25,-14.544
7.4571e+05,3.058,-1.261,-14.546
7.4571e+05,3.058,-1.271,-14.546
7.4571e+05,3.058,-1.281,-14.547
7.4571e+05,3.057,-1.292,-14.544
7.4571e+05,3.059,-1.303,-14.55
7.4571e+05,3.057,-1.313,-14.545
7.4571e+05,3.057,-1.323,-14.543
7.4571e+05,3.056,-1.333,-14.539
7.4571e+05,3.056,-1.344,-14.542
7.4572e+05,3.057,-1.354,-14.543
