7000,6.199,-0.005,-14.65,33,1
7001,6.201,-0.016,-14.656,25,1
7002,6.201,-0.007,-14.633,116,1
7003,6.2,-0.018,-14.629,61,1
7004,6.206,-0.029,-14.643,49,1
7005,6.202,-0.001,-14.61,117,1
7006,6.203,-0.012,-14.611,121,1
7007,6.203,-0.023,-14.611,116,1
7008,6.201,-0.034,-14.606,60,1
7009,6.203,-0.045,-14.611,54,1
7010,6.207,-0.007,-14.584,150,1
7011,6.209,-0.019,-14.59,139,1
7012,6.209,-0.03,-14.589,148,1
7013,6.21,-0.041,-14.592,129,1
7014,6.211,-0.052,-14.593,39,1
7015,6.212,-0.063,-14.595,44,1
7016,6.216,-0.009,-14.58,171,1
7017,6.218,-0.02,-14.584,165,1
7018,6.215,-0.031,-14.577,166,1
7019,6.214,-0.043,-14.576,161,1
7020,6.215,-0.054,-14.579,115,1
7021,6.217,-0.064,-14.583,70,1
7022,6.22,-0.075,-14.589,17,1
7023,6.225,-0.004,-14.574,167,1
7024,6.226,-0.015,-14.577,171,1
7025,6.224,-0.026,-14.573,166,1
7026,6.226,-0.038,-14.576,166,1
7027,6.224,-0.049,-14.572,172,1
7028,6.226,-0.06,-14.577,112,1
7029,6.222,-0.071,-14.569,122,1
7030,6.223,-0.082,-14.571,16,1
7031,6.237,-0.002,-14.568,170,1
7032,6.238,-0.013,-14.572,163,1
7033,6.236,-0.024,-14.566,173,1
7034,6.236,-0.036,-14.567,162,1
7035,6.236,-0.047,-14.566,169,1
7036,6.236,-0.057,-14.566,169,1
7037,6.235,-0.068,-14.564,115,1
7038,6.237,-0.08,-14.568,95,1
7039,6.246,-0.007,-14.565,169,1
7040,6.246,-0.018,-14.565,167,1
7041,6.245,-0.029,-14.562,155,1
7042,6.245,-0.04,-14.563,170,1
7043,6.244,-0.051,-14.561,173,1
7044,6.245,-0.062,-14.561,166,1
7045,6.245,-0.073,-14.561,118,1
7046,6.245,-0.084,-14.563,89,1
7047,6.258,-0.006,-14.566,172,1
7048,6.255,-0.017,-14.56,173,1
7049,6.254,-0.028,-14.559,162,1
7050,6.254,-0.039,-14.557,173,1
7051,6.255,-0.05,-14.56,169,1
7052,6.253,-0.061,-14.554,168,1
7053,6.254,-0.072,-14.558,93,1
7054,6.254,-0.083,-14.557,101,1
7055,6.267,-0.006,-14.555,172,1
7056,6.266,-0.018,-14.552,170,1
7057,6.268,-0.028,-14.557,164,1
7058,6.265,-0.039,-14.55,160,1
7059,6.266,-0.051,-14.554,170,1
7060,6.265,-0.062,-14.55,170,1
7061,6.266,-0.073,-14.553,127,1
7062,6.265,-0.083,-14.551,120,1
7063,6.268,-0.095,-14.559,12,1
7064,6.276,-0.008,-14.551,181,1
7065,6.276,-0.02,-14.55,169,1
7066,6.275,-0.031,-14.549,164,1
7067,6.273,-0.042,-14.544,170,1
7068,6.274,-0.052,-14.547,169,1
7069,6.274,-0.064,-14.546,168,1
7070,6.276,-0.075,-14.551,138,1
7071,6.275,-0.086,-14.55,124,1
7072,6.278,-0.097,-14.556,22,1
7073,6.285,-0.004,-14.549,178,1
7074,6.285,-0.014,-14.547,179,1
7075,6.284,-0.025,-14.546,165,1
7076,6.284,-0.036,-14.545,178,1
7077,6.284,-0.048,-14.545,161,1
7078,6.284,-0.059,-14.545,164,1
7079,6.282,-0.07,-14.542,160,1
7080,6.282,-0.081,-14.542,97,1
7081,6.285,-0.092,-14.549,47,1
7082,6.298,-0.011,-14.542,177,1
7083,6.296,-0.022,-14.538,173,1
7084,6.295,-0.033,-14.536,162,1
7085,6.295,-0.044,-14.535,173,1
7086,6.296,-0.055,-14.538,172,1
7087,6.295,-0.066,-14.535,172,1
7088,6.295,-0.077,-14.537,150,1
7089,6.296,-0.088,-14.538,142,1
7090,6.304,-0.003,-14.535,169,1
7091,6.306,-0.014,-14.54,178,1
7092,6.303,-0.024,-14.533,165,1
7093,6.304,-0.036,-14.534,164,1
7094,6.304,-0.047,-14.535,166,1
7095,6.304,-0.058,-14.533,170,1
7096,6.305,-0.069,-14.536,167,1
7097,6.305,-0.08,-14.535,140,1
7098,6.303,-0.091,-14.532,128,1
7099,6.316,-0.01,-14.534,182,1
7100,6.316,-0.022,-14.534,177,1
7101,6.314,-0.032,-14.53,163,1
7102,6.313,-0.043,-14.528,163,1
7103,6.313,-0.054,-14.527,166,1
7104,6.313,-0.065,-14.527,171,1
7105,6.311,-0.077,-14.523,162,1
7106,6.311,-0.088,-14.522,151,1
7107,6.315,-0.099,-14.531,34,1
7108,6.328,-0.007,-14.527,178,1
7109,6.33,-0.018,-14.531,171,1
7110,6.327,-0.029,-14.526,163,1
7111,6.329,-0.041,-14.529,172,1
7112,6.327,-0.052,-14.524,174,1
7113,6.328,-0.062,-14.528,163,1
7114,6.328,-0.073,-14.527,164,1
7115,6.326,-0.084,-14.523,103,1
7116,6.327,-0.096,-14.525,53,1
7117,6.342,-0.107,-14.561,50,1
7136,6.338,-0.008,-14.528,181,1
7137,6.335,-0.019,-14.523,173,1
7138,6.335,-0.03,-14.522,164,1
7139,6.334,-0.041,-14.521,163,1
7140,6.335,-0.052,-14.522,163,1
7141,6.333,-0.063,-14.519,168,1
7142,6.334,-0.075,-14.52,167,1
7143,6.333,-0.085,-14.518,107,1
7144,6.335,-0.096,-14.521,72,1
7145,6.346,-0.108,-14.547,56,1
7206,6.347,-0.004,-14.522,173,1
7207,6.346,-0.015,-14.519,170,1
7208,6.345,-0.026,-14.518,176,1
7209,6.346,-0.038,-14.519,162,1
7210,6.346,-0.049,-14.518,170,1
7211,6.346,-0.06,-14.519,167,1
7212,6.345,-0.071,-14.517,172,1
7213,6.345,-0.082,-14.517,125,1
7214,6.345,-0.093,-14.516,114,1
7215,6.353,-0.104,-14.535,85,1
7216,6.351,-0.115,-14.531,81,1
7299,6.359,-0.003,-14.512,176,1
7300,6.358,-0.014,-14.51,179,1
7301,6.359,-0.025,-14.512,172,1
7302,6.358,-0.036,-14.511,170,1
7303,6.358,-0.047,-14.511,170,1
7304,6.358,-0.058,-14.51,163,1
7305,6.359,-0.069,-14.513,167,1
7306,6.359,-0.08,-14.513,127,1
7307,6.357,-0.091,-14.508,118,1
7308,6.363,-0.102,-14.521,173,1
7309,6.363,-0.113,-14.522,162,1
7392,6.367,-0.003,-14.512,177,1
7393,6.367,-0.014,-14.511,176,1
7394,6.365,-0.025,-14.506,173,1
7395,6.366,-0.037,-14.51,170,1
7396,6.365,-0.047,-14.506,167,1
7397,6.365,-0.058,-14.507,170,1
7398,6.365,-0.07,-14.506,173,1
7399,6.365,-0.081,-14.507,116,1
7400,6.365,-0.092,-14.507,80,1
7401,6.374,-0.103,-14.528,88,1
7402,6.373,-0.114,-14.525,95,1
7485,6.373,-0.01,-14.501,187,1
7486,6.376,-0.022,-14.507,171,1
7487,6.375,-0.033,-14.505,164,1
7488,6.376,-0.044,-14.507,173,1
7489,6.374,-0.055,-14.502,173,1
7490,6.377,-0.066,-14.509,167,1
7491,6.375,-0.077,-14.504,138,1
7492,6.375,-0.088,-14.504,96,1
7493,6.384,-0.099,-14.524,63,1
7494,6.384,-0.111,-14.526,66,1
7577,6.387,-0.007,-14.497,178,1
7578,6.387,-0.018,-14.496,173,1
7579,6.388,-0.029,-14.498,174,1
7580,6.387,-0.04,-14.495,165,1
7581,6.387,-0.051,-14.495,170,1
7582,6.388,-0.062,-14.499,164,1
7583,6.385,-0.073,-14.492,148,1
7584,6.389,-0.084,-14.5,104,1
7585,6.398,-0.095,-14.522,57,1
7586,6.402,-0.106,-14.53,53,1
7669,6.397,-0.008,-14.497,179,1
7670,6.395,-0.02,-14.492,167,1
7671,6.396,-0.031,-14.493,169,1
7672,6.396,-0.042,-14.493,169,1
7673,6.395,-0.053,-14.492,165,1
7674,6.394,-0.064,-14.49,161,1
7675,6.396,-0.075,-14.493,96,1
7676,6.396,-0.086,-14.495,77,1
7738,6.405,-0.008,-14.491,173,1
7739,6.404,-0.019,-14.488,170,1
7740,6.405,-0.031,-14.49,172,1
7741,6.404,-0.041,-14.488,167,1
7742,6.405,-0.052,-14.49,168,1
7743,6.405,-0.064,-14.49,164,1
7744,6.404,-0.075,-14.488,113,1
7745,6.405,-0.086,-14.491,72,1
7761,6.418,-0.006,-14.484,170,1
7762,6.417,-0.017,-14.483,174,1
7763,6.417,-0.028,-14.484,178,1
7764,6.416,-0.039,-14.481,165,1
7765,6.416,-0.05,-14.481,173,1
7766,6.415,-0.061,-14.479,162,1
7767,6.417,-0.072,-14.483,127,1
7768,6.417,-0.083,-14.483,70,1
7769,6.426,-0.007,-14.481,165,1
7770,6.424,-0.018,-14.476,173,1
7771,6.427,-0.029,-14.483,172,1
7772,6.425,-0.04,-14.477,176,1
7773,6.425,-0.051,-14.479,176,1
7774,6.427,-0.062,-14.483,103,1
7775,6.426,-0.073,-14.481,71,1
7776,6.437,-0.002,-14.48,173,1
7777,6.435,-0.013,-14.476,172,1
7778,6.438,-0.024,-14.481,166,1
7779,6.436,-0.035,-14.477,167,1
7780,6.436,-0.046,-14.477,165,1
7781,6.437,-0.057,-14.479,107,1
7782,6.436,-0.068,-14.477,96,1
7783,6.448,-0.01,-14.469,172,1
7784,6.448,-0.021,-14.469,170,1
7785,6.447,-0.032,-14.467,173,1
7786,6.449,-0.043,-14.47,167,1
7787,6.449,-0.054,-14.472,107,1
7788,6.449,-0.065,-14.472,70,1
7789,6.457,-0.001,-14.467,170,1
7790,6.455,-0.012,-14.462,168,1
7791,6.456,-0.023,-14.464,172,1
7792,6.456,-0.034,-14.465,164,1
7793,6.457,-0.045,-14.467,89,1
7794,6.456,-0.056,-14.465,85,1
7795,6.464,-0.009,-14.459,156,1
7796,6.465,-0.02,-14.46,165,1
7797,6.464,-0.031,-14.458,169,1
7798,6.464,-0.043,-14.458,70,1
7799,6.465,-0.054,-14.46,66,1
12036,6.475,-0.007,-14.446,148,1
12037,6.477,-0.018,-14.451,152,1
12038,6.477,-0.029,-14.451,85,1
12039,6.477,-0.04,-14.452,92,1
12040,6.478,-0.051,-14.455,20,1
12041,6.482,-0.005,-14.443,122,1
12042,6.485,-0.016,-14.45,106,1
12043,6.485,-0.027,-14.449,72,1
12044,6.483,-0.038,-14.444,61,1
12045,6.491,-0.002,-14.439,65,1
12046,6.485,-0.013,-14.424,47,1
2266,21.644,-0.009,-52.923,95,4
2267,20.66,-0.045,-50.515,21,4
2268,21.644,-0.048,-52.923,82,4
2269,21.645,-0.088,-52.924,90,4
2270,20.659,-0.123,-50.514,26,4
2271,21.643,-0.128,-52.92,86,4
2272,21.643,-0.169,-52.919,94,4
2306,20.678,-0.029,-50.461,23,4
2307,21.686,-0.03,-52.922,70,4
2308,20.674,-0.067,-50.451,26,4
2309,21.688,-0.071,-52.928,64,4
2310,20.696,-0.104,-50.505,19,4
2311,21.688,-0.109,-52.926,65,4
2312,20.676,-0.142,-50.455,21,4
2313,21.684,-0.149,-52.917,80,4
2357,20.709,-0.014,-50.415,17,4
2358,21.657,-0.015,-52.723,36,4
2359,21.67,-0.055,-52.755,40,4
2360,20.698,-0.091,-50.389,49,4
2361,21.66,-0.095,-52.731,37,4
2362,21.658,-0.135,-52.725,20,4
2408,20.708,-0.023,-50.337,32,4
2409,21.566,-0.023,-52.421,36,4
2410,21.579,-0.063,-52.451,24,4
2411,21.611,-0.102,-52.53,32,4
2412,20.717,-0.136,-50.357,43,4
2413,21.596,-0.141,-52.494,37,4
2459,20.725,-0.005,-50.281,84,4
2460,20.725,-0.044,-50.281,69,4
2461,21.466,-0.045,-52.08,34,4
2462,20.723,-0.082,-50.275,89,4
2463,21.476,-0.085,-52.103,40,4
2464,20.727,-0.12,-50.285,77,4
2465,21.469,-0.124,-52.086,56,4
2466,20.728,-0.157,-50.289,43,4
2467,21.47,-0.163,-52.088,57,4
2525,20.765,-0.034,-50.255,89,4
2526,20.765,-0.073,-50.255,100,4
2527,20.767,-0.111,-50.257,87,4
2528,20.765,-0.149,-50.253,93,4
2568,20.801,-0.032,-50.264,26,4
2569,20.796,-0.07,-50.255,46,4
2570,20.799,-0.109,-50.262,42,4
2571,21.536,-0.113,-52.041,29,4
2572,20.79,-0.145,-50.239,53,4
2573,21.563,-0.151,-52.107,22,4
212,14.4,-0.01,-35.055,36,3
213,14.4,-0.09,-35.056,48,3
234,14.423,-0.042,-35.056,45,3
235,14.415,-0.068,-35.038,53,3
236,14.423,-0.121,-35.056,58,3
237,14.417,-0.148,-35.043,47,3
260,14.438,-0.031,-35.026,44,3
261,14.439,-0.109,-35.028,39,3
280,14.477,-0.024,-35.035,48,3
281,14.471,-0.077,-35.02,37,3
282,14.474,-0.104,-35.028,42,3
302,14.49,-0.049,-35.014,33,3
303,14.5,-0.128,-35.036,22,3
329,14.522,-0.013,-35.025,75,3
330,14.522,-0.04,-35.026,74,3
331,14.524,-0.067,-35.029,80,3
332,14.53,-0.093,-35.043,75,3
333,14.525,-0.12,-35.031,79,3
372,14.531,-0.006,-34.962,88,3
373,14.531,-0.033,-34.962,86,3
374,14.532,-0.06,-34.964,87,3
375,14.531,-0.085,-34.96,90,3
376,14.533,-0.112,-34.967,86,3
377,14.531,-0.138,-34.961,88,3
423,14.554,-0.01,-34.955,85,3
424,14.552,-0.037,-34.951,90,3
425,14.553,-0.064,-34.954,90,3
426,14.552,-0.09,-34.952,87,3
427,14.553,-0.117,-34.953,93,3
428,14.552,-0.143,-34.952,90,3
476,14.583,-0.026,-34.963,34,3
477,14.586,-0.052,-34.969,29,3
478,14.585,-0.079,-34.967,36,3
479,14.583,-0.105,-34.963,42,3
480,14.584,-0.132,-34.965,53,3
3439,27.729,-0.159,-68.086,26,2
11,66.894,-0.015,-159.04,85,5
700,60.448,-0.073,-143.25,60,5
0,6.163,0.326,-14.712,29,1
1,6.161,0.315,-14.708,46,1
2,6.164,0.303,-14.714,23,1
3,6.161,0.292,-14.707,34,1
4,6.164,0.281,-14.713,49,1
5,6.163,0.27,-14.711,51,1
6,6.166,0.259,-14.719,57,1
7,6.166,0.248,-14.719,38,1
8,6.168,0.236,-14.724,44,1
9,6.173,0.226,-14.733,49,1
10,6.173,0.215,-14.733,37,1
11,6.173,0.204,-14.735,43,1
12,6.174,0.192,-14.737,29,1
13,6.176,0.181,-14.741,30,1
14,6.175,0.17,-14.739,47,1
15,6.176,0.159,-14.742,23,1
16,6.162,0.363,-14.686,30,1
17,6.163,0.352,-14.687,36,1
18,6.164,0.34,-14.689,34,1
19,6.162,0.329,-14.686,81,1
20,6.165,0.319,-14.691,122,1
21,6.165,0.307,-14.691,133,1
22,6.165,0.296,-14.691,126,1
23,6.167,0.285,-14.696,126,1
24,6.166,0.274,-14.694,124,1
25,6.168,0.262,-14.699,119,1
26,6.169,0.252,-14.701,114,1
27,6.17,0.241,-14.702,121,1
28,6.172,0.229,-14.708,113,1
29,6.173,0.218,-14.711,116,1
30,6.173,0.207,-14.709,112,1
31,6.174,0.197,-14.713,110,1
32,6.175,0.185,-14.716,114,1
33,6.176,0.174,-14.718,109,1
34,6.176,0.163,-14.717,103,1
35,6.178,0.152,-14.722,90,1
36,6.181,0.141,-14.729,54,1
37,6.182,0.13,-14.732,52,1
38,6.18,0.118,-14.728,23,1
39,6.171,0.388,-14.668,35,1
40,6.168,0.377,-14.663,74,1
41,6.168,0.365,-14.66,73,1
42,6.169,0.354,-14.664,134,1
43,6.171,0.343,-14.668,129,1
44,6.171,0.332,-14.67,136,1
45,6.171,0.321,-14.669,137,1
46,6.172,0.31,-14.67,138,1
47,6.172,0.299,-14.67,133,1
48,6.171,0.288,-14.668,127,1
49,6.172,0.277,-14.671,136,1
50,6.172,0.266,-14.672,126,1
51,6.174,0.255,-14.677,124,1
52,6.173,0.243,-14.672,122,1
53,6.176,0.233,-14.68,117,1
54,6.175,0.221,-14.678,116,1
55,6.175,0.21,-14.679,117,1
56,6.177,0.199,-14.684,116,1
57,6.178,0.188,-14.685,113,1
58,6.179,0.176,-14.688,110,1
59,6.181,0.166,-14.692,110,1
60,6.182,0.155,-14.694,117,1
61,6.183,0.144,-14.697,111,1
62,6.184,0.132,-14.699,109,1
63,6.185,0.121,-14.7,112,1
64,6.186,0.11,-14.704,113,1
65,6.186,0.099,-14.703,94,1
66,6.186,0.088,-14.703,67,1
67,6.187,0.077,-14.705,27,1
68,6.173,0.396,-14.649,24,1
69,6.171,0.384,-14.646,50,1
70,6.174,0.374,-14.653,136,1
71,6.174,0.363,-14.653,148,1
72,6.174,0.352,-14.654,142,1
73,6.174,0.34,-14.654,142,1
74,6.175,0.329,-14.655,140,1
75,6.174,0.318,-14.654,140,1
76,6.174,0.307,-14.654,131,1
77,6.175,0.296,-14.655,134,1
78,6.174,0.285,-14.654,138,1
79,6.175,0.274,-14.657,137,1
80,6.176,0.263,-14.657,131,1
81,6.178,0.252,-14.662,137,1
82,6.176,0.241,-14.658,122,1
83,6.178,0.229,-14.662,118,1
84,6.178,0.218,-14.661,119,1
85,6.178,0.207,-14.661,116,1
86,6.179,0.196,-14.665,120,1
87,6.179,0.185,-14.664,107,1
88,6.181,0.174,-14.668,114,1
89,6.182,0.163,-14.672,117,1
90,6.182,0.152,-14.672,110,1
91,6.185,0.141,-14.677,115,1
92,6.184,0.13,-14.677,116,1
93,6.185,0.119,-14.679,115,1
94,6.187,0.108,-14.682,116,1
95,6.187,0.096,-14.684,116,1
96,6.188,0.086,-14.686,116,1
97,6.19,0.074,-14.69,116,1
98,6.189,0.063,-14.688,98,1
99,6.188,0.052,-14.687,59,1
100,6.194,0.041,-14.699,21,1
101,6.179,0.414,-14.639,23,1
102,6.177,0.403,-14.635,31,1
103,6.177,0.392,-14.637,146,1
104,6.179,0.38,-14.639,146,1
105,6.178,0.369,-14.637,139,1
106,6.177,0.359,-14.637,143,1
107,6.177,0.347,-14.637,148,1
108,6.178,0.336,-14.637,148,1
109,6.179,0.325,-14.641,138,1
110,6.178,0.314,-14.638,147,1
111,6.178,0.303,-14.638,137,1
112,6.179,0.292,-14.641,136,1
113,6.18,0.281,-14.641,128,1
114,6.179,0.269,-14.639,130,1
115,6.18,0.259,-14.642,126,1
116,6.179,0.247,-14.64,138,1
117,6.181,0.236,-14.644,122,1
118,6.181,0.226,-14.644,125,1
119,6.181,0.214,-14.646,123,1
120,6.181,0.203,-14.646,123,1
121,6.182,0.192,-14.646,122,1
122,6.182,0.181,-14.647,116,1
123,6.183,0.17,-14.651,115,1
124,6.183,0.159,-14.65,106,1
125,6.184,0.148,-14.651,111,1
126,6.185,0.137,-14.653,108,1
127,6.184,0.126,-14.652,111,1
128,6.187,0.115,-14.659,115,1
129,6.187,0.104,-14.659,115,1
130,6.188,0.092,-14.66,115,1
131,6.189,0.081,-14.664,116,1
132,6.19,0.07,-14.667,112,1
133,6.191,0.059,-14.669,111,1
134,6.193,0.048,-14.673,111,1
135,6.194,0.037,-14.675,114,1
136,6.192,0.026,-14.67,60,1
137,6.196,0.014,-14.681,24,1
138,6.183,0.428,-14.613,72,1
139,6.183,0.417,-14.613,95,1
140,6.186,0.405,-14.619,148,1
141,6.184,0.394,-14.616,147,1
142,6.186,0.384,-14.62,145,1
143,6.185,0.372,-14.618,142,1
144,6.186,0.361,-14.618,145,1
145,6.183,0.35,-14.613,150,1
146,6.187,0.339,-14.62,146,1
147,6.187,0.328,-14.623,140,1
148,6.186,0.317,-14.618,137,1
149,6.187,0.306,-14.622,136,1
150,6.188,0.295,-14.624,136,1
151,6.187,0.283,-14.623,141,1
152,6.187,0.273,-14.621,126,1
153,6.187,0.262,-14.622,136,1
154,6.187,0.25,-14.622,124,1
155,6.188,0.239,-14.623,129,1
156,6.188,0.228,-14.623,134,1
157,6.187,0.217,-14.622,127,1
158,6.188,0.206,-14.623,120,1
159,6.188,0.195,-14.623,126,1
160,6.188,0.184,-14.623,130,1
161,6.189,0.173,-14.627,128,1
162,6.189,0.162,-14.626,128,1
163,6.191,0.151,-14.631,123,1
164,6.19,0.14,-14.628,119,1
165,6.191,0.128,-14.632,115,1
166,6.192,0.117,-14.633,114,1
167,6.192,0.106,-14.632,112,1
168,6.193,0.095,-14.634,98,1
169,6.193,0.084,-14.635,109,1
170,6.194,0.073,-14.637,117,1
171,6.194,0.062,-14.639,120,1
172,6.196,0.051,-14.644,120,1
173,6.195,0.04,-14.641,120,1
174,6.198,0.029,-14.646,117,1
175,6.199,0.018,-14.649,111,1
176,6.199,0.007,-14.649,98,1
177,6.192,0.437,-14.612,51,1
178,6.189,0.426,-14.605,182,1
179,6.191,0.414,-14.608,170,1
180,6.189,0.403,-14.605,163,1
181,6.191,0.392,-14.609,163,1
182,6.189,0.381,-14.604,160,1
183,6.19,0.37,-14.606,158,1
184,6.189,0.359,-14.604,160,1
185,6.189,0.348,-14.604,150,1
186,6.192,0.337,-14.611,150,1
187,6.192,0.326,-14.611,149,1
188,6.191,0.315,-14.609,147,1
189,6.192,0.304,-14.611,147,1
190,6.193,0.293,-14.613,144,1
191,6.192,0.282,-14.611,145,1
192,6.192,0.271,-14.609,135,1
193,6.191,0.259,-14.609,148,1
194,6.192,0.249,-14.61,143,1
195,6.192,0.237,-14.611,146,1
196,6.193,0.226,-14.612,144,1
197,6.192,0.215,-14.611,147,1
198,6.194,0.204,-14.615,137,1
199,6.192,0.193,-14.611,138,1
200,6.193,0.182,-14.613,132,1
201,6.193,0.171,-14.612,135,1
202,6.195,0.16,-14.617,141,1
203,6.194,0.148,-14.615,142,1
204,6.194,0.138,-14.615,129,1
205,6.194,0.127,-14.616,123,1
206,6.195,0.116,-14.617,124,1
207,6.194,0.104,-14.615,122,1
208,6.194,0.093,-14.616,116,1
209,6.195,0.082,-14.619,114,1
210,6.195,0.071,-14.619,113,1
211,6.197,0.06,-14.623,113,1
212,6.198,0.049,-14.623,124,1
213,6.199,0.038,-14.626,130,1
214,6.199,0.027,-14.627,124,1
215,6.199,0.015,-14.627,122,1
216,6.2,0.005,-14.63,120,1
217,6.201,0.442,-14.607,52,1
218,6.2,0.431,-14.605,161,1
219,6.2,0.419,-14.604,170,1
220,6.2,0.408,-14.605,168,1
221,6.2,0.398,-14.604,163,1
222,6.2,0.387,-14.604,167,1
223,6.199,0.375,-14.601,170,1
224,6.198,0.364,-14.599,166,1
225,6.198,0.353,-14.601,172,1
226,6.198,0.342,-14.599,179,1
227,6.198,0.331,-14.599,183,1
228,6.196,0.32,-14.595,172,1
229,6.196,0.308,-14.595,174,1
230,6.196,0.298,-14.595,170,1
231,6.197,0.286,-14.598,169,1
232,6.196,0.276,-14.595,170,1
233,6.198,0.264,-14.599,161,1
234,6.198,0.254,-14.599,160,1
235,6.198,0.242,-14.6,172,1
236,6.197,0.231,-14.597,171,1
237,6.197,0.22,-14.598,163,1
238,6.199,0.209,-14.601,154,1
239,6.197,0.198,-14.597,159,1
240,6.197,0.187,-14.597,150,1
241,6.196,0.176,-14.595,163,1
242,6.196,0.165,-14.595,162,1
243,6.195,0.154,-14.593,153,1
244,6.196,0.143,-14.594,163,1
245,6.196,0.132,-14.595,150,1
246,6.195,0.12,-14.594,153,1
247,6.199,0.109,-14.601,148,1
248,6.196,0.098,-14.595,152,1
249,6.199,0.087,-14.601,149,1
250,6.199,0.076,-14.6,140,1
251,6.201,0.065,-14.606,126,1
252,6.2,0.054,-14.604,125,1
253,6.201,0.043,-14.606,120,1
254,6.201,0.032,-14.608,120,1
255,6.202,0.021,-14.61,127,1
256,6.203,0.01,-14.611,120,1
257,6.214,0.447,-14.602,95,1
258,6.212,0.436,-14.595,157,1
259,6.212,0.425,-14.596,171,1
260,6.212,0.414,-14.597,171,1
261,6.212,0.402,-14.595,165,1
262,6.213,0.391,-14.598,171,1
263,6.212,0.38,-14.596,171,1
264,6.21,0.369,-14.592,164,1
265,6.212,0.358,-14.595,174,1
266,6.21,0.347,-14.591,182,1
267,6.212,0.336,-14.595,176,1
268,6.21,0.324,-14.59,180,1
269,6.21,0.314,-14.592,177,1
270,6.211,0.303,-14.594,179,1
271,6.212,0.292,-14.596,68,1
272,6.211,0.28,-14.594,70,1
273,6.21,0.269,-14.592,81,1
274,6.212,0.259,-14.594,118,1
275,6.21,0.247,-14.591,145,1
276,6.208,0.236,-14.585,152,1
277,6.208,0.225,-14.585,173,1
278,6.209,0.214,-14.59,160,1
279,6.208,0.203,-14.585,171,1
280,6.208,0.192,-14.587,172,1
281,6.208,0.181,-14.585,172,1
282,6.208,0.169,-14.587,172,1
283,6.208,0.159,-14.586,177,1
284,6.209,0.147,-14.589,172,1
285,6.208,0.137,-14.587,170,1
286,6.209,0.125,-14.59,164,1
287,6.207,0.114,-14.585,173,1
288,6.209,0.103,-14.588,174,1
289,6.209,0.092,-14.588,168,1
290,6.207,0.081,-14.585,170,1
291,6.209,0.07,-14.588,169,1
292,6.207,0.059,-14.585,166,1
293,6.207,0.048,-14.584,170,1
294,6.207,0.037,-14.584,167,1
295,6.207,0.026,-14.585,176,1
296,6.207,0.015,-14.583,160,1
297,6.208,0.004,-14.586,166,1
298,6.224,0.456,-14.599,64,1
299,6.222,0.445,-14.595,179,1
300,6.222,0.434,-14.595,172,1
301,6.223,0.423,-14.598,172,1
302,6.223,0.412,-14.597,172,1
303,6.222,0.401,-14.594,170,1
304,6.223,0.389,-14.596,171,1
305,6.221,0.379,-14.593,171,1
306,6.222,0.367,-14.594,179,1
307,6.22,0.356,-14.591,181,1
308,6.22,0.345,-14.591,178,1
309,6.221,0.334,-14.592,179,1
310,6.22,0.323,-14.59,179,1
311,6.219,0.312,-14.586,181,1
312,6.219,0.301,-14.587,173,1
313,6.221,0.29,-14.593,67,1
314,6.219,0.279,-14.587,70,1
315,6.22,0.268,-14.589,75,1
316,6.219,0.257,-14.587,68,1
317,6.22,0.245,-14.59,70,1
318,6.22,0.234,-14.59,72,1
319,6.22,0.223,-14.59,69,1
320,6.219,0.212,-14.587,61,1
321,6.22,0.201,-14.588,64,1
322,6.22,0.19,-14.589,84,1
323,6.219,0.179,-14.587,123,1
324,6.219,0.168,-14.588,149,1
325,6.217,0.157,-14.583,175,1
326,6.218,0.146,-14.583,174,1
327,6.217,0.134,-14.583,171,1
328,6.217,0.123,-14.582,175,1
329,6.217,0.113,-14.582,172,1
330,6.216,0.101,-14.581,171,1
331,6.217,0.09,-14.582,177,1
332,6.215,0.079,-14.579,183,1
333,6.218,0.068,-14.583,182,1
334,6.216,0.057,-14.581,188,1
335,6.218,0.046,-14.585,181,1
336,6.218,0.035,-14.583,175,1
337,6.217,0.024,-14.583,187,1
338,6.217,0.013,-14.583,168,1
339,6.218,0.002,-14.584,164,1
340,6.234,0.461,-14.597,66,1
341,6.232,0.45,-14.592,171,1
342,6.231,0.439,-14.59,165,1
343,6.232,0.428,-14.593,169,1
344,6.233,0.417,-14.594,172,1
345,6.229,0.405,-14.587,176,1
346,6.23,0.394,-14.588,171,1
347,6.229,0.383,-14.585,176,1
348,6.229,0.372,-14.587,173,1
349,6.229,0.361,-14.585,175,1
350,6.229,0.35,-14.585,179,1
351,6.229,0.339,-14.585,178,1
352,6.228,0.328,-14.584,172,1
353,6.228,0.317,-14.582,181,1
354,6.228,0.306,-14.582,186,1
355,6.231,0.295,-14.59,65,1
356,6.228,0.283,-14.584,59,1
357,6.228,0.272,-14.584,69,1
358,6.228,0.262,-14.583,70,1
359,6.228,0.25,-14.583,76,1
360,6.229,0.239,-14.585,74,1
361,6.228,0.228,-14.582,78,1
362,6.228,0.217,-14.583,76,1
363,6.227,0.206,-14.582,75,1
364,6.227,0.195,-14.58,75,1
365,6.227,0.184,-14.581,72,1
366,6.228,0.173,-14.582,75,1
367,6.225,0.162,-14.575,152,1
368,6.226,0.151,-14.579,175,1
369,6.225,0.14,-14.576,171,1
370,6.226,0.128,-14.578,177,1
371,6.225,0.117,-14.575,182,1
372,6.227,0.106,-14.58,178,1
373,6.226,0.095,-14.577,170,1
374,6.226,0.084,-14.578,185,1
375,6.225,0.073,-14.576,171,1
376,6.226,0.062,-14.577,179,1
377,6.226,0.051,-14.578,201,1
378,6.227,0.04,-14.579,173,1
379,6.226,0.029,-14.576,176,1
380,6.226,0.018,-14.578,173,1
381,6.225,0.007,-14.575,166,1
382,6.244,0.463,-14.587,59,1
383,6.243,0.452,-14.584,153,1
384,6.244,0.441,-14.587,168,1
385,6.243,0.43,-14.583,170,1
386,6.244,0.419,-14.585,170,1
387,6.244,0.408,-14.585,167,1
388,6.243,0.396,-14.583,170,1
389,6.242,0.385,-14.581,183,1
390,6.24,0.374,-14.577,177,1
391,6.242,0.363,-14.581,176,1
392,6.241,0.352,-14.578,184,1
393,6.241,0.341,-14.58,176,1
394,6.241,0.33,-14.578,176,1
395,6.241,0.319,-14.579,178,1
396,6.24,0.308,-14.577,177,1
397,6.244,0.297,-14.585,69,1
398,6.243,0.286,-14.583,53,1
399,6.242,0.275,-14.582,61,1
400,6.241,0.264,-14.58,65,1
401,6.241,0.252,-14.578,67,1
402,6.242,0.242,-14.581,78,1
403,6.24,0.23,-14.576,72,1
404,6.24,0.219,-14.577,73,1
405,6.24,0.208,-14.575,79,1
406,6.24,0.197,-14.575,84,1
407,6.238,0.186,-14.571,81,1
408,6.239,0.175,-14.573,101,1
409,6.236,0.164,-14.567,152,1
410,6.238,0.153,-14.571,184,1
411,6.238,0.141,-14.57,180,1
412,6.238,0.13,-14.571,180,1
413,6.237,0.119,-14.568,173,1
414,6.24,0.108,-14.576,138,1
415,6.24,0.097,-14.575,85,1
416,6.239,0.086,-14.572,86,1
417,6.24,0.075,-14.575,148,1
418,6.239,0.064,-14.573,181,1
419,6.238,0.053,-14.571,179,1
420,6.238,0.042,-14.57,175,1
421,6.237,0.031,-14.569,177,1
422,6.236,0.02,-14.567,178,1
423,6.238,0.009,-14.57,172,1
424,6.255,0.47,-14.587,57,1
425,6.252,0.458,-14.58,161,1
426,6.252,0.447,-14.58,171,1
427,6.252,0.436,-14.58,165,1
428,6.253,0.425,-14.58,167,1
429,6.252,0.414,-14.58,174,1
430,6.252,0.403,-14.578,171,1
431,6.253,0.391,-14.581,170,1
432,6.25,0.381,-14.575,176,1
433,6.251,0.37,-14.575,176,1
434,6.251,0.359,-14.576,168,1
435,6.249,0.347,-14.573,174,1
436,6.251,0.336,-14.575,177,1
437,6.248,0.325,-14.571,185,1
438,6.251,0.314,-14.575,183,1
439,6.25,0.303,-14.575,151,1
440,6.251,0.292,-14.576,81,1
441,6.251,0.281,-14.576,59,1
442,6.25,0.27,-14.574,59,1
443,6.249,0.259,-14.572,171,1
444,6.249,0.248,-14.573,168,1
445,6.248,0.236,-14.57,162,1
446,6.25,0.226,-14.574,139,1
447,6.25,0.214,-14.574,79,1
448,6.249,0.204,-14.571,83,1
449,6.249,0.192,-14.572,80,1
450,6.249,0.181,-14.572,93,1
451,6.249,0.17,-14.572,98,1
452,6.247,0.159,-14.568,181,1
453,6.247,0.148,-14.568,180,1
454,6.247,0.137,-14.566,178,1
455,6.248,0.126,-14.569,171,1
456,6.248,0.115,-14.57,149,1
457,6.248,0.104,-14.571,81,1
458,6.248,0.093,-14.571,74,1
459,6.248,0.082,-14.571,90,1
460,6.249,0.071,-14.572,117,1
461,6.248,0.06,-14.57,175,1
462,6.248,0.048,-14.57,181,1
463,6.248,0.037,-14.569,177,1
464,6.247,0.026,-14.568,177,1
465,6.247,0.015,-14.566,177,1
466,6.247,0.004,-14.567,174,1
467,6.262,0.471,-14.578,51,1
468,6.262,0.46,-14.577,145,1
469,6.263,0.449,-14.58,170,1
470,6.26,0.437,-14.574,166,1
471,6.261,0.426,-14.575,168,1
472,6.26,0.415,-14.573,167,1
473,6.26,0.404,-14.573,172,1
474,6.259,0.393,-14.57,179,1
475,6.26,0.382,-14.574,177,1
476,6.261,0.37,-14.575,174,1
477,6.261,0.36,-14.575,173,1
478,6.261,0.349,-14.574,176,1
479,6.26,0.338,-14.574,179,1
480,6.26,0.326,-14.573,185,1
481,6.26,0.315,-14.572,192,1
482,6.26,0.304,-14.573,149,1
483,6.26,0.293,-14.574,88,1
484,6.261,0.282,-14.574,69,1
485,6.26,0.271,-14.572,61,1
486,6.259,0.26,-14.571,173,1
487,6.258,0.249,-14.567,179,1
488,6.258,0.238,-14.566,177,1
489,6.256,0.227,-14.564,153,1
490,6.259,0.215,-14.569,80,1
491,6.258,0.205,-14.568,70,1
492,6.258,0.193,-14.567,90,1
493,6.258,0.183,-14.566,92,1
494,6.258,0.171,-14.567,170,1
495,6.257,0.16,-14.566,177,1
496,6.257,0.149,-14.565,179,1
497,6.257,0.138,-14.565,180,1
498,6.257,0.127,-14.564,178,1
499,6.258,0.116,-14.567,116,1
500,6.257,0.105,-14.565,73,1
501,6.259,0.094,-14.568,85,1
502,6.258,0.083,-14.566,115,1
503,6.258,0.072,-14.568,89,1
504,6.257,0.061,-14.565,90,1
505,6.257,0.05,-14.565,172,1
506,6.256,0.038,-14.563,175,1
507,6.256,0.027,-14.563,178,1
508,6.255,0.016,-14.56,179,1
509,6.258,0.005,-14.566,173,1
510,6.275,0.481,-14.576,33,1
511,6.274,0.47,-14.573,140,1
512,6.273,0.459,-14.571,165,1
513,6.271,0.448,-14.566,170,1
514,6.273,0.437,-14.569,171,1
515,6.272,0.426,-14.567,164,1
516,6.272,0.414,-14.568,170,1
517,6.272,0.403,-14.566,168,1
518,6.272,0.393,-14.568,172,1
519,6.271,0.382,-14.565,179,1
520,6.27,0.37,-14.563,176,1
521,6.271,0.359,-14.564,176,1
522,6.271,0.348,-14.565,182,1
523,6.272,0.337,-14.568,178,1
524,6.271,0.326,-14.566,178,1
525,6.272,0.315,-14.567,186,1
526,6.273,0.304,-14.569,115,1
527,6.273,0.293,-14.571,104,1
528,6.273,0.282,-14.569,69,1
529,6.271,0.271,-14.566,74,1
530,6.27,0.259,-14.563,178,1
531,6.27,0.248,-14.563,178,1
532,6.269,0.237,-14.56,175,1
533,6.27,0.226,-14.564,104,1
534,6.272,0.215,-14.566,74,1
535,6.27,0.204,-14.563,79,1
536,6.271,0.193,-14.564,76,1
537,6.268,0.182,-14.559,179,1
538,6.268,0.171,-14.559,179,1
539,6.268,0.16,-14.559,188,1
540,6.268,0.149,-14.559,182,1
541,6.27,0.138,-14.563,180,1
542,6.269,0.126,-14.56,177,1
543,6.269,0.116,-14.561,177,1
544,6.269,0.104,-14.561,180,1
545,6.269,0.094,-14.561,116,1
546,6.269,0.083,-14.56,79,1
547,6.27,0.071,-14.562,97,1
548,6.268,0.06,-14.559,100,1
549,6.268,0.049,-14.557,173,1
550,6.267,0.038,-14.556,175,1
551,6.267,0.027,-14.555,168,1
552,6.267,0.016,-14.557,178,1
553,6.266,0.005,-14.553,179,1
554,6.286,0.479,-14.574,65,1
555,6.283,0.468,-14.569,158,1
556,6.284,0.457,-14.57,170,1
557,6.282,0.445,-14.566,168,1
558,6.282,0.435,-14.567,170,1
559,6.28,0.424,-14.562,175,1
560,6.282,0.412,-14.567,173,1
561,6.28,0.401,-14.562,171,1
562,6.28,0.39,-14.561,181,1
563,6.28,0.379,-14.561,182,1
564,6.281,0.368,-14.564,172,1
565,6.28,0.357,-14.562,182,1
566,6.28,0.346,-14.56,182,1
567,6.28,0.335,-14.561,183,1
568,6.279,0.324,-14.559,185,1
569,6.28,0.312,-14.56,174,1
570,6.282,0.302,-14.565,109,1
571,6.283,0.291,-14.567,99,1
572,6.282,0.28,-14.565,92,1
573,6.283,0.268,-14.568,129,1
574,6.279,0.257,-14.559,179,1
575,6.28,0.246,-14.561,177,1
576,6.278,0.235,-14.557,177,1
577,6.28,0.224,-14.56,87,1
578,6.281,0.213,-14.562,76,1
579,6.279,0.202,-14.559,79,1
580,6.279,0.191,-14.559,89,1
581,6.279,0.18,-14.559,173,1
582,6.278,0.169,-14.555,178,1
583,6.279,0.157,-14.557,179,1
584,6.277,0.146,-14.554,173,1
585,6.278,0.135,-14.555,179,1
586,6.278,0.124,-14.556,180,1
587,6.278,0.113,-14.556,181,1
588,6.279,0.102,-14.557,181,1
589,6.28,0.091,-14.561,114,1
590,6.279,0.08,-14.557,72,1
591,6.279,0.069,-14.558,79,1
592,6.28,0.058,-14.559,83,1
593,6.277,0.047,-14.552,176,1
594,6.277,0.036,-14.553,182,1
595,6.275,0.025,-14.549,174,1
596,6.277,0.014,-14.552,176,1
597,6.276,0.003,-14.552,179,1
598,6.293,0.484,-14.568,51,1
599,6.291,0.473,-14.563,142,1
600,6.29,0.461,-14.561,168,1
601,6.291,0.451,-14.562,169,1
602,6.291,0.44,-14.563,169,1
603,6.291,0.428,-14.564,166,1
604,6.291,0.417,-14.564,168,1
605,6.291,0.406,-14.563,173,1
606,6.291,0.395,-14.562,177,1
607,6.288,0.384,-14.557,176,1
608,6.291,0.373,-14.562,171,1
609,6.288,0.362,-14.557,175,1
610,6.288,0.35,-14.556,179,1
611,6.289,0.34,-14.559,179,1
612,6.288,0.329,-14.556,178,1
613,6.288,0.317,-14.556,182,1
614,6.29,0.306,-14.561,108,1
615,6.29,0.295,-14.561,104,1
616,6.289,0.284,-14.557,114,1
617,6.289,0.273,-14.557,86,1
618,6.288,0.262,-14.557,177,1
619,6.29,0.251,-14.559,173,1
620,6.288,0.24,-14.557,179,1
621,6.29,0.229,-14.56,169,1
622,6.289,0.218,-14.559,78,1
623,6.29,0.207,-14.559,81,1
624,6.288,0.196,-14.557,80,1
625,6.288,0.184,-14.555,84,1
626,6.286,0.174,-14.552,174,1
627,6.286,0.163,-14.552,179,1
628,6.286,0.152,-14.552,175,1
629,6.286,0.14,-14.552,178,1
630,6.286,0.129,-14.552,180,1
631,6.286,0.118,-14.55,177,1
632,6.286,0.107,-14.551,177,1
633,6.285,0.096,-14.549,153,1
634,6.288,0.085,-14.555,83,1
635,6.287,0.074,-14.553,74,1
636,6.287,0.063,-14.553,57,1
637,6.286,0.052,-14.552,163,1
638,6.286,0.041,-14.55,173,1
639,6.286,0.03,-14.551,172,1
640,6.285,0.019,-14.549,174,1
641,6.286,0.007,-14.55,178,1
642,6.304,0.477,-14.557,129,1
643,6.302,0.466,-14.554,164,1
644,6.306,0.454,-14.561,169,1
645,6.304,0.443,-14.557,173,1
646,6.304,0.433,-14.557,167,1
647,6.303,0.421,-14.555,173,1
648,6.304,0.41,-14.556,179,1
649,6.301,0.399,-14.552,175,1
650,6.305,0.388,-14.56,176,1
651,6.302,0.377,-14.554,172,1
652,6.302,0.366,-14.552,173,1
653,6.301,0.355,-14.551,175,1
654,6.302,0.344,-14.553,178,1
655,6.301,0.333,-14.55,177,1
656,6.302,0.322,-14.553,183,1
657,6.303,0.311,-14.555,145,1
658,6.303,0.299,-14.554,105,1
659,6.303,0.288,-14.554,109,1
660,6.304,0.277,-14.557,110,1
661,6.301,0.266,-14.551,172,1
662,6.302,0.255,-14.554,177,1
663,6.301,0.244,-14.55,176,1
664,6.301,0.233,-14.552,178,1
665,6.303,0.222,-14.555,146,1
666,6.301,0.211,-14.552,75,1
667,6.303,0.2,-14.555,91,1
668,6.301,0.189,-14.551,93,1
669,6.301,0.177,-14.551,89,1
670,6.301,0.167,-14.55,89,1
671,6.301,0.155,-14.55,123,1
672,6.298,0.144,-14.542,151,1
673,6.299,0.133,-14.546,169,1
674,6.299,0.122,-14.545,160,1
675,6.3,0.111,-14.549,119,1
676,6.3,0.1,-14.548,76,1
677,6.3,0.089,-14.547,74,1
678,6.299,0.078,-14.546,71,1
679,6.3,0.067,-14.547,77,1
680,6.3,0.056,-14.547,160,1
681,6.299,0.045,-14.546,178,1
682,6.298,0.034,-14.543,179,1
683,6.3,0.023,-14.547,170,1
684,6.299,0.012,-14.545,175,1
685,6.298,0.001,-14.542,173,1
686,6.313,0.485,-14.557,57,1
687,6.311,0.474,-14.55,151,1
688,6.312,0.463,-14.554,174,1
689,6.312,0.451,-14.554,173,1
690,6.312,0.44,-14.552,171,1
691,6.312,0.429,-14.553,173,1
692,6.312,0.418,-14.553,174,1
693,6.31,0.407,-14.548,184,1
694,6.312,0.396,-14.553,173,1
695,6.31,0.385,-14.549,172,1
696,6.309,0.374,-14.547,175,1
697,6.309,0.363,-14.546,176,1
698,6.308,0.351,-14.544,184,1
699,6.31,0.341,-14.549,183,1
700,6.309,0.329,-14.546,176,1
701,6.309,0.319,-14.547,187,1
702,6.309,0.307,-14.546,180,1
703,6.31,0.296,-14.548,187,1
704,6.31,0.285,-14.549,183,1
705,6.31,0.274,-14.549,177,1
706,6.31,0.263,-14.55,178,1
707,6.311,0.252,-14.552,176,1
708,6.31,0.241,-14.547,178,1
709,6.31,0.23,-14.547,177,1
710,6.309,0.219,-14.546,171,1
711,6.31,0.208,-14.548,91,1
712,6.31,0.197,-14.548,96,1
713,6.31,0.185,-14.549,107,1
714,6.31,0.174,-14.549,106,1
715,6.31,0.163,-14.547,109,1
716,6.309,0.153,-14.546,116,1
717,6.309,0.141,-14.547,112,1
718,6.309,0.13,-14.545,98,1
719,6.309,0.119,-14.547,77,1
720,6.308,0.108,-14.543,79,1
721,6.309,0.097,-14.547,66,1
722,6.308,0.086,-14.543,71,1
723,6.308,0.075,-14.545,76,1
724,6.307,0.064,-14.541,104,1
725,6.308,0.052,-14.543,174,1
726,6.307,0.042,-14.541,176,1
727,6.306,0.031,-14.538,181,1
728,6.305,0.02,-14.537,166,1
729,6.306,0.009,-14.54,176,1
730,6.324,0.488,-14.554,46,1
731,6.324,0.477,-14.554,143,1
732,6.321,0.466,-14.546,172,1
733,6.32,0.454,-14.545,171,1
734,6.32,0.443,-14.545,161,1
735,6.319,0.433,-14.543,170,1
736,6.322,0.421,-14.549,171,1
737,6.32,0.41,-14.543,177,1
738,6.322,0.399,-14.549,175,1
739,6.321,0.388,-14.546,171,1
740,6.32,0.377,-14.543,168,1
741,6.32,0.366,-14.545,176,1
742,6.321,0.355,-14.547,174,1
743,6.32,0.344,-14.544,174,1
744,6.319,0.333,-14.543,173,1
745,6.319,0.322,-14.542,181,1
746,6.321,0.311,-14.547,177,1
747,6.318,0.299,-14.54,179,1
748,6.319,0.289,-14.542,185,1
749,6.319,0.277,-14.542,179,1
750,6.319,0.266,-14.542,185,1
751,6.319,0.255,-14.541,177,1
752,6.319,0.244,-14.543,174,1
753,6.32,0.233,-14.544,176,1
754,6.319,0.222,-14.543,174,1
755,6.32,0.211,-14.543,172,1
756,6.322,0.2,-14.549,136,1
757,6.321,0.189,-14.546,106,1
758,6.32,0.178,-14.544,101,1
759,6.321,0.167,-14.545,101,1
760,6.319,0.155,-14.542,104,1
761,6.319,0.145,-14.543,97,1
762,6.319,0.134,-14.541,78,1
763,6.321,0.123,-14.545,76,1
764,6.317,0.111,-14.537,72,1
765,6.319,0.1,-14.542,73,1
766,6.318,0.089,-14.54,67,1
767,6.317,0.078,-14.537,81,1
768,6.317,0.067,-14.536,169,1
769,6.316,0.056,-14.535,177,1
770,6.317,0.045,-14.536,171,1
771,6.317,0.034,-14.535,177,1
772,6.317,0.023,-14.536,173,1
773,6.316,0.012,-14.535,169,1
774,6.317,0.001,-14.536,175,1
775,6.335,0.48,-14.545,95,1
776,6.334,0.469,-14.542,159,1
777,6.332,0.458,-14.538,172,1
778,6.334,0.447,-14.542,171,1
779,6.332,0.436,-14.539,167,1
780,6.333,0.424,-14.54,168,1
781,6.332,0.414,-14.538,172,1
782,6.332,0.403,-14.539,177,1
783,6.332,0.391,-14.538,177,1
784,6.332,0.38,-14.537,177,1
785,6.332,0.369,-14.538,183,1
786,6.332,0.358,-14.536,175,1
787,6.333,0.347,-14.54,177,1
788,6.333,0.336,-14.54,177,1
789,6.333,0.325,-14.539,187,1
790,6.333,0.314,-14.54,184,1
791,6.332,0.303,-14.538,183,1
792,6.333,0.292,-14.54,183,1
793,6.332,0.281,-14.536,183,1
794,6.331,0.269,-14.534,185,1
795,6.333,0.259,-14.54,180,1
796,6.332,0.247,-14.537,179,1
797,6.332,0.236,-14.537,175,1
798,6.332,0.225,-14.536,173,1
799,6.332,0.214,-14.536,184,1
800,6.333,0.203,-14.538,171,1
801,6.331,0.192,-14.534,183,1
802,6.333,0.181,-14.538,141,1
803,6.332,0.17,-14.538,105,1
804,6.331,0.159,-14.535,89,1
805,6.332,0.148,-14.537,88,1
806,6.332,0.137,-14.537,76,1
807,6.333,0.125,-14.539,77,1
808,6.332,0.115,-14.537,74,1
809,6.332,0.104,-14.538,67,1
810,6.331,0.093,-14.533,110,1
811,6.329,0.081,-14.53,169,1
812,6.328,0.07,-14.528,177,1
813,6.328,0.06,-14.528,173,1
814,6.328,0.048,-14.528,176,1
815,6.328,0.037,-14.529,178,1
816,6.329,0.026,-14.529,172,1
817,6.328,0.015,-14.528,174,1
818,6.33,0.004,-14.531,176,1
819,6.341,0.479,-14.536,116,1
820,6.34,0.468,-14.534,161,1
821,6.342,0.457,-14.538,164,1
822,6.339,0.446,-14.533,175,1
823,6.341,0.435,-14.538,176,1
824,6.34,0.424,-14.533,170,1
825,6.34,0.412,-14.535,174,1
826,6.34,0.401,-14.535,179,1
827,6.341,0.39,-14.537,181,1
828,6.341,0.38,-14.538,181,1
829,6.341,0.368,-14.536,178,1
830,6.341,0.357,-14.537,172,1
831,6.34,0.346,-14.535,183,1
832,6.338,0.335,-14.528,179,1
833,6.34,0.324,-14.533,177,1
834,6.34,0.313,-14.535,184,1
835,6.34,0.302,-14.533,190,1
836,6.34,0.291,-14.534,178,1
837,6.339,0.28,-14.532,183,1
838,6.34,0.269,-14.534,187,1
839,6.339,0.258,-14.531,176,1
840,6.34,0.247,-14.535,175,1
841,6.34,0.235,-14.534,177,1
842,6.339,0.224,-14.531,178,1
843,6.341,0.213,-14.537,174,1
844,6.34,0.203,-14.535,174,1
845,6.341,0.191,-14.535,182,1
846,6.339,0.18,-14.531,180,1
847,6.341,0.169,-14.535,179,1
848,6.339,0.158,-14.531,178,1
849,6.34,0.147,-14.533,172,1
850,6.338,0.136,-14.53,163,1
851,6.339,0.125,-14.532,149,1
852,6.339,0.114,-14.531,155,1
853,6.338,0.102,-14.528,176,1
854,6.337,0.092,-14.527,177,1
855,6.338,0.081,-14.528,178,1
856,6.338,0.069,-14.528,179,1
857,6.339,0.058,-14.53,174,1
858,6.338,0.047,-14.528,178,1
859,6.337,0.036,-14.526,179,1
860,6.338,0.025,-14.528,174,1
861,6.337,0.014,-14.527,179,1
862,6.337,0.003,-14.526,176,1
863,6.353,0.483,-14.538,69,1
864,6.351,0.472,-14.531,148,1
865,6.35,0.461,-14.53,165,1
866,6.351,0.45,-14.53,164,1
867,6.349,0.438,-14.526,170,1
868,6.351,0.427,-14.531,170,1
869,6.35,0.417,-14.528,178,1
870,6.351,0.405,-14.531,177,1
871,6.35,0.394,-14.529,181,1
872,6.35,0.383,-14.528,182,1
873,6.35,0.372,-14.529,179,1
874,6.351,0.361,-14.53,173,1
875,6.351,0.35,-14.531,178,1
876,6.351,0.339,-14.531,180,1
877,6.35,0.328,-14.528,189,1
878,6.352,0.317,-14.532,182,1
879,6.35,0.306,-14.529,177,1
880,6.352,0.295,-14.533,125,1
881,6.352,0.284,-14.533,110,1
882,6.351,0.273,-14.53,114,1
883,6.351,0.261,-14.53,102,1
884,6.351,0.25,-14.531,107,1
885,6.35,0.24,-14.528,91,1
886,6.351,0.228,-14.531,95,1
887,6.351,0.217,-14.531,97,1
888,6.351,0.206,-14.53,91,1
889,6.351,0.195,-14.53,87,1
890,6.351,0.184,-14.53,93,1
891,6.351,0.173,-14.531,118,1
892,6.347,0.162,-14.522,149,1
893,6.35,0.151,-14.529,176,1
894,6.351,0.14,-14.53,173,1
895,6.349,0.128,-14.527,171,1
896,6.35,0.117,-14.527,166,1
897,6.348,0.106,-14.524,174,1
898,6.347,0.095,-14.523,179,1
899,6.347,0.084,-14.521,184,1
900,6.346,0.073,-14.52,177,1
901,6.348,0.062,-14.523,179,1
902,6.347,0.051,-14.521,177,1
903,6.346,0.04,-14.519,176,1
904,6.346,0.029,-14.519,174,1
905,6.346,0.018,-14.52,178,1
906,6.344,0.007,-14.514,179,1
907,6.366,0.484,-14.53,64,1
908,6.363,0.473,-14.523,152,1
909,6.365,0.462,-14.526,173,1
910,6.363,0.451,-14.523,170,1
911,6.364,0.44,-14.524,168,1
912,6.364,0.429,-14.524,168,1
913,6.363,0.418,-14.522,168,1
914,6.364,0.407,-14.524,176,1
915,6.362,0.396,-14.52,177,1
916,6.364,0.385,-14.524,178,1
917,6.364,0.374,-14.523,178,1
918,6.362,0.363,-14.521,178,1
919,6.364,0.351,-14.524,185,1
920,6.363,0.34,-14.523,184,1
921,6.363,0.329,-14.523,184,1
922,6.365,0.318,-14.526,178,1
923,6.365,0.307,-14.526,123,1
924,6.364,0.296,-14.524,123,1
925,6.365,0.285,-14.527,118,1
926,6.364,0.274,-14.524,118,1
927,6.365,0.263,-14.526,115,1
928,6.365,0.252,-14.525,100,1
929,6.364,0.241,-14.524,97,1
930,6.365,0.229,-14.527,91,1
931,6.364,0.219,-14.525,86,1
932,6.365,0.208,-14.525,89,1
933,6.365,0.197,-14.526,89,1
934,6.363,0.185,-14.523,84,1
935,6.364,0.174,-14.524,83,1
936,6.362,0.163,-14.52,77,1
937,6.365,0.152,-14.526,74,1
938,6.363,0.141,-14.523,73,1
939,6.364,0.13,-14.523,81,1
940,6.361,0.119,-14.517,150,1
941,6.362,0.108,-14.521,176,1
942,6.36,0.097,-14.516,170,1
943,6.36,0.086,-14.515,174,1
944,6.36,0.075,-14.514,185,1
945,6.359,0.064,-14.512,179,1
946,6.359,0.052,-14.514,180,1
947,6.359,0.042,-14.512,180,1
948,6.359,0.031,-14.512,178,1
949,6.359,0.019,-14.512,187,1
950,6.358,0.008,-14.51,179,1
951,6.374,0.484,-14.528,65,1
952,6.371,0.473,-14.52,160,1
953,6.371,0.462,-14.522,174,1
954,6.371,0.451,-14.522,166,1
955,6.372,0.44,-14.525,173,1
956,6.372,0.428,-14.522,170,1
957,6.371,0.417,-14.522,167,1
958,6.371,0.406,-14.522,177,1
959,6.371,0.395,-14.521,176,1
960,6.371,0.384,-14.52,168,1
961,6.371,0.373,-14.52,184,1
962,6.37,0.362,-14.519,179,1
963,6.371,0.351,-14.52,184,1
964,6.37,0.34,-14.518,196,1
965,6.37,0.329,-14.518,192,1
966,6.372,0.317,-14.523,121,1
967,6.372,0.307,-14.523,124,1
968,6.372,0.296,-14.522,117,1
969,6.372,0.285,-14.522,125,1
970,6.372,0.273,-14.523,119,1
971,6.372,0.262,-14.524,114,1
972,6.372,0.251,-14.523,111,1
973,6.373,0.24,-14.525,100,1
974,6.373,0.229,-14.526,85,1
975,6.372,0.218,-14.524,96,1
976,6.372,0.207,-14.522,87,1
977,6.372,0.196,-14.524,86,1
978,6.371,0.185,-14.521,82,1
979,6.371,0.174,-14.521,85,1
980,6.37,0.162,-14.519,89,1
981,6.371,0.152,-14.52,75,1
982,6.37,0.14,-14.519,68,1
983,6.371,0.13,-14.52,69,1
984,6.37,0.119,-14.518,67,1
985,6.37,0.107,-14.517,106,1
986,6.368,0.096,-14.514,170,1
987,6.369,0.085,-14.517,180,1
988,6.367,0.074,-14.512,175,1
989,6.369,0.063,-14.516,179,1
990,6.368,0.052,-14.513,179,1
991,6.368,0.041,-14.514,178,1
992,6.369,0.03,-14.515,178,1
993,6.367,0.019,-14.512,176,1
994,6.366,0.008,-14.51,174,1
995,6.381,0.477,-14.52,62,1
996,6.381,0.465,-14.519,141,1
997,6.38,0.454,-14.517,168,1
998,6.379,0.443,-14.516,167,1
999,6.38,0.432,-14.517,172,1
1000,6.379,0.421,-14.514,171,1
1001,6.38,0.41,-14.516,171,1
1002,6.379,0.399,-14.514,184,1
1003,6.38,0.388,-14.516,185,1
1004,6.38,0.377,-14.517,177,1
1005,6.379,0.366,-14.515,179,1
1006,6.381,0.354,-14.518,183,1
1007,6.38,0.344,-14.517,180,1
1008,6.38,0.333,-14.516,177,1
1009,6.382,0.322,-14.521,115,1
1010,6.381,0.31,-14.519,117,1
1011,6.381,0.299,-14.519,115,1
1012,6.381,0.288,-14.518,121,1
1013,6.381,0.277,-14.519,128,1
1014,6.38,0.266,-14.517,163,1
1015,6.38,0.255,-14.516,170,1
1016,6.379,0.243,-14.513,155,1
1017,6.38,0.233,-14.517,153,1
1018,6.381,0.222,-14.518,138,1
1019,6.38,0.211,-14.516,109,1
1020,6.381,0.199,-14.519,92,1
1021,6.379,0.188,-14.514,79,1
1022,6.38,0.177,-14.517,80,1
1023,6.38,0.167,-14.516,97,1
1024,6.381,0.155,-14.519,71,1
1025,6.38,0.144,-14.516,69,1
1026,6.38,0.133,-14.517,69,1
1027,6.38,0.122,-14.516,64,1
1028,6.379,0.111,-14.514,67,1
1029,6.379,0.1,-14.514,71,1
1030,6.378,0.089,-14.512,127,1
1031,6.377,0.078,-14.508,174,1
1032,6.376,0.067,-14.507,176,1
1033,6.377,0.056,-14.509,178,1
1034,6.378,0.045,-14.51,176,1
1035,6.375,0.034,-14.505,179,1
1036,6.376,0.023,-14.506,177,1
1037,6.375,0.011,-14.505,179,1
1038,6.376,0,-14.507,183,1
1039,6.396,0.481,-14.517,51,1
1040,6.395,0.47,-14.515,149,1
1041,6.393,0.458,-14.511,169,1
1042,6.394,0.447,-14.512,171,1
1043,6.394,0.437,-14.512,170,1
1044,6.392,0.425,-14.509,168,1
1045,6.392,0.414,-14.509,174,1
1046,6.392,0.403,-14.507,174,1
1047,6.392,0.392,-14.508,182,1
1048,6.393,0.381,-14.509,175,1
1049,6.392,0.37,-14.509,178,1
1050,6.393,0.359,-14.509,181,1
1051,6.391,0.347,-14.507,185,1
1052,6.392,0.336,-14.509,189,1
1053,6.393,0.326,-14.511,116,1
1054,6.394,0.315,-14.514,111,1
1055,6.393,0.303,-14.51,118,1
1056,6.395,0.292,-14.515,120,1
1057,6.392,0.281,-14.509,181,1
1058,6.393,0.27,-14.511,185,1
1059,6.392,0.259,-14.509,180,1
1060,6.393,0.248,-14.51,179,1
1061,6.393,0.237,-14.51,182,1
1062,6.392,0.226,-14.509,174,1
1063,6.393,0.215,-14.509,179,1
1064,6.392,0.204,-14.509,179,1
1065,6.392,0.193,-14.507,182,1
1066,6.392,0.182,-14.507,176,1
1067,6.391,0.17,-14.506,182,1
1068,6.392,0.159,-14.508,169,1
1069,6.392,0.148,-14.509,131,1
1070,6.393,0.138,-14.509,70,1
1071,6.392,0.126,-14.507,68,1
1072,6.392,0.115,-14.507,66,1
1073,6.391,0.104,-14.506,67,1
1074,6.392,0.093,-14.507,71,1
1075,6.39,0.082,-14.502,105,1
1076,6.389,0.071,-14.5,178,1
1077,6.39,0.06,-14.502,181,1
1078,6.389,0.049,-14.5,174,1
1079,6.389,0.038,-14.5,176,1
1080,6.389,0.026,-14.501,178,1
1081,6.388,0.016,-14.498,174,1
1082,6.389,0.004,-14.5,179,1
1083,6.403,0.479,-14.512,46,1
1084,6.401,0.468,-14.506,139,1
1085,6.401,0.456,-14.507,163,1
1086,6.401,0.445,-14.506,179,1
1087,6.4,0.434,-14.505,173,1
1088,6.402,0.423,-14.508,165,1
1089,6.401,0.412,-14.506,170,1
1090,6.402,0.401,-14.508,172,1
1091,6.402,0.39,-14.508,179,1
1092,6.401,0.379,-14.507,177,1
1093,6.4,0.368,-14.505,179,1
1094,6.4,0.356,-14.505,189,1
1095,6.399,0.346,-14.503,191,1
1096,6.4,0.335,-14.504,187,1
1097,6.401,0.324,-14.507,114,1
1098,6.403,0.313,-14.51,115,1
1099,6.402,0.301,-14.507,119,1
1100,6.402,0.29,-14.509,132,1
1101,6.401,0.279,-14.506,183,1
1102,6.401,0.268,-14.506,177,1
1103,6.401,0.257,-14.506,180,1
1104,6.401,0.246,-14.506,177,1
1105,6.4,0.235,-14.505,184,1
1106,6.4,0.224,-14.505,175,1
1107,6.401,0.213,-14.506,183,1
1108,6.401,0.202,-14.506,183,1
1109,6.4,0.191,-14.505,176,1
1110,6.401,0.179,-14.507,180,1
1111,6.402,0.169,-14.508,174,1
1112,6.4,0.157,-14.504,175,1
1113,6.398,0.146,-14.5,180,1
1114,6.399,0.135,-14.501,175,1
1115,6.4,0.124,-14.505,122,1
1116,6.4,0.113,-14.503,66,1
1117,6.4,0.102,-14.504,67,1
1118,6.398,0.091,-14.499,71,1
1119,6.398,0.08,-14.5,83,1
1120,6.397,0.069,-14.497,181,1
1121,6.397,0.058,-14.498,176,1
1122,6.397,0.047,-14.497,177,1
1123,6.398,0.036,-14.499,177,1
1124,6.398,0.025,-14.498,182,1
1125,6.398,0.014,-14.499,183,1
1126,6.397,0.002,-14.497,181,1
1127,6.41,0.468,-14.502,59,1
1128,6.41,0.457,-14.503,124,1
1129,6.411,0.446,-14.504,171,1
1130,6.412,0.435,-14.507,172,1
1131,6.41,0.424,-14.502,169,1
1132,6.411,0.413,-14.505,170,1
1133,6.41,0.401,-14.503,174,1
1134,6.409,0.39,-14.5,177,1
1135,6.412,0.38,-14.506,177,1
1136,6.409,0.368,-14.5,180,1
1137,6.41,0.357,-14.503,180,1
1138,6.409,0.346,-14.5,187,1
1139,6.41,0.335,-14.502,179,1
1140,6.411,0.324,-14.505,122,1
1141,6.411,0.313,-14.505,116,1
1142,6.41,0.302,-14.502,117,1
1143,6.413,0.291,-14.51,110,1
1144,6.409,0.28,-14.5,150,1
1145,6.411,0.269,-14.505,177,1
1146,6.411,0.258,-14.505,188,1
1147,6.411,0.247,-14.504,178,1
1148,6.41,0.235,-14.502,172,1
1149,6.409,0.224,-14.498,175,1
1150,6.41,0.213,-14.502,175,1
1151,6.409,0.202,-14.5,184,1
1152,6.41,0.191,-14.502,176,1
1153,6.409,0.18,-14.5,180,1
1154,6.408,0.169,-14.498,173,1
1155,6.409,0.158,-14.498,178,1
1156,6.408,0.147,-14.498,185,1
1157,6.409,0.136,-14.498,183,1
1158,6.407,0.125,-14.497,170,1
1159,6.41,0.113,-14.501,110,1
1160,6.407,0.102,-14.497,63,1
1161,6.407,0.091,-14.496,65,1
1162,6.408,0.081,-14.498,68,1
1163,6.407,0.069,-14.496,177,1
1164,6.408,0.058,-14.498,178,1
1165,6.405,0.047,-14.492,181,1
1166,6.406,0.036,-14.494,178,1
1167,6.405,0.025,-14.492,181,1
1168,6.405,0.014,-14.49,174,1
1169,6.405,0.003,-14.492,188,1
1170,6.423,0.47,-14.498,56,1
1171,6.422,0.459,-14.495,143,1
1172,6.423,0.448,-14.497,169,1
1173,6.422,0.437,-14.495,165,1
1174,6.424,0.426,-14.5,172,1
1175,6.423,0.415,-14.498,173,1
1176,6.423,0.404,-14.497,170,1
1177,6.424,0.393,-14.498,174,1
1178,6.422,0.382,-14.495,181,1
1179,6.424,0.37,-14.499,177,1
1180,6.422,0.359,-14.495,183,1
1181,6.422,0.349,-14.494,182,1
1182,6.422,0.337,-14.494,188,1
1183,6.423,0.326,-14.497,179,1
1184,6.423,0.315,-14.498,101,1
1185,6.423,0.304,-14.497,94,1
1186,6.422,0.293,-14.495,87,1
1187,6.422,0.282,-14.496,79,1
1188,6.421,0.271,-14.493,83,1
1189,6.424,0.26,-14.501,98,1
1190,6.424,0.249,-14.498,150,1
1191,6.423,0.238,-14.497,168,1
1192,6.422,0.227,-14.495,178,1
1193,6.424,0.215,-14.498,177,1
1194,6.422,0.205,-14.495,180,1
1195,6.421,0.193,-14.493,183,1
1196,6.422,0.182,-14.495,178,1
1197,6.42,0.171,-14.491,175,1
1198,6.421,0.16,-14.493,181,1
1199,6.42,0.149,-14.492,183,1
1200,6.421,0.138,-14.493,172,1
1201,6.419,0.127,-14.489,180,1
1202,6.423,0.116,-14.497,136,1
1203,6.421,0.105,-14.493,67,1
1204,6.42,0.094,-14.491,67,1
1205,6.42,0.083,-14.49,70,1
1206,6.42,0.072,-14.49,171,1
1207,6.419,0.061,-14.489,175,1
1208,6.419,0.049,-14.489,175,1
1209,6.419,0.038,-14.489,174,1
1210,6.419,0.027,-14.488,175,1
1211,6.418,0.016,-14.486,179,1
1212,6.419,0.005,-14.488,175,1
1213,6.431,0.458,-14.492,101,1
1214,6.434,0.447,-14.499,148,1
1215,6.43,0.436,-14.49,171,1
1216,6.432,0.425,-14.495,170,1
1217,6.431,0.414,-14.491,171,1
1218,6.431,0.403,-14.492,169,1
1219,6.431,0.391,-14.491,174,1
1220,6.431,0.381,-14.493,180,1
1221,6.43,0.37,-14.489,186,1
1222,6.431,0.359,-14.491,178,1
1223,6.431,0.347,-14.492,185,1
1224,6.431,0.336,-14.491,183,1
1225,6.431,0.325,-14.492,179,1
1226,6.432,0.314,-14.495,130,1
1227,6.432,0.303,-14.494,82,1
1228,6.432,0.292,-14.494,74,1
1229,6.432,0.281,-14.495,71,1
1230,6.431,0.27,-14.491,75,1
1231,6.432,0.259,-14.493,64,1
1232,6.431,0.248,-14.492,70,1
1233,6.433,0.236,-14.496,65,1
1234,6.431,0.226,-14.49,67,1
1235,6.432,0.214,-14.493,65,1
1236,6.432,0.204,-14.494,86,1
1237,6.431,0.192,-14.492,119,1
1238,6.431,0.181,-14.492,148,1
1239,6.43,0.17,-14.488,167,1
1240,6.43,0.159,-14.489,168,1
1241,6.429,0.148,-14.486,152,1
1242,6.431,0.137,-14.492,142,1
1243,6.43,0.126,-14.489,89,1
1244,6.432,0.115,-14.495,66,1
1245,6.431,0.104,-14.491,60,1
1246,6.43,0.093,-14.488,64,1
1247,6.43,0.082,-14.49,72,1
1248,6.429,0.071,-14.486,182,1
1249,6.428,0.06,-14.485,175,1
1250,6.427,0.049,-14.483,176,1
1251,6.427,0.037,-14.482,184,1
1252,6.427,0.026,-14.482,182,1
1253,6.427,0.015,-14.482,183,1
1254,6.426,0.004,-14.48,179,1
1255,6.442,0.463,-14.492,34,1
1256,6.44,0.452,-14.489,117,1
1257,6.438,0.441,-14.482,153,1
1258,6.439,0.43,-14.486,161,1
1259,6.438,0.419,-14.483,167,1
1260,6.441,0.408,-14.489,169,1
1261,6.438,0.397,-14.484,177,1
1262,6.441,0.386,-14.489,178,1
1263,6.439,0.375,-14.486,179,1
1264,6.441,0.364,-14.49,175,1
1265,6.439,0.353,-14.486,177,1
1266,6.439,0.342,-14.486,182,1
1267,6.441,0.331,-14.489,178,1
1268,6.439,0.319,-14.486,177,1
1269,6.439,0.308,-14.485,172,1
1270,6.44,0.298,-14.488,80,1
1271,6.44,0.286,-14.488,59,1
1272,6.441,0.275,-14.489,55,1
1273,6.44,0.264,-14.488,59,1
1274,6.44,0.253,-14.488,51,1
1275,6.441,0.242,-14.488,51,1
1276,6.439,0.231,-14.486,61,1
1277,6.44,0.22,-14.487,56,1
1278,6.441,0.209,-14.49,56,1
1279,6.439,0.198,-14.485,58,1
1280,6.442,0.187,-14.491,63,1
1281,6.438,0.176,-14.483,59,1
1282,6.441,0.164,-14.489,59,1
1283,6.439,0.153,-14.486,60,1
1284,6.44,0.142,-14.487,65,1
1285,6.439,0.131,-14.486,64,1
1286,6.439,0.12,-14.484,69,1
1287,6.439,0.109,-14.486,66,1
1288,6.438,0.098,-14.481,69,1
1289,6.438,0.087,-14.484,66,1
1290,6.436,0.076,-14.477,179,1
1291,6.437,0.065,-14.479,173,1
1292,6.436,0.054,-14.477,181,1
1293,6.436,0.043,-14.478,175,1
1294,6.435,0.032,-14.475,178,1
1295,6.436,0.021,-14.478,178,1
1296,6.437,0.01,-14.479,170,1
1297,6.453,0.455,-14.482,27,1
1298,6.454,0.444,-14.484,62,1
1299,6.455,0.433,-14.485,123,1
1300,6.451,0.422,-14.477,133,1
1301,6.452,0.41,-14.48,139,1
1302,6.452,0.4,-14.48,142,1
1303,6.452,0.389,-14.479,141,1
1304,6.451,0.377,-14.477,140,1
1305,6.452,0.366,-14.479,135,1
1306,6.452,0.355,-14.478,134,1
1307,6.453,0.344,-14.481,147,1
1308,6.453,0.333,-14.482,141,1
1309,6.453,0.322,-14.482,148,1
1310,6.451,0.311,-14.475,150,1
1311,6.453,0.3,-14.481,151,1
1312,6.452,0.289,-14.479,155,1
1313,6.453,0.278,-14.481,129,1
1314,6.453,0.267,-14.481,59,1
1315,6.451,0.256,-14.477,45,1
1316,6.454,0.244,-14.483,34,1
1317,6.452,0.234,-14.479,44,1
1318,6.452,0.223,-14.479,45,1
1319,6.453,0.212,-14.48,50,1
1320,6.453,0.2,-14.48,51,1
1321,6.452,0.189,-14.478,57,1
1322,6.451,0.178,-14.477,49,1
1323,6.453,0.167,-14.482,49,1
1324,6.452,0.156,-14.479,53,1
1325,6.453,0.145,-14.481,60,1
1326,6.452,0.134,-14.479,54,1
1327,6.454,0.123,-14.483,55,1
1328,6.453,0.112,-14.481,60,1
1329,6.451,0.101,-14.475,67,1
1330,6.452,0.09,-14.478,147,1
1331,6.45,0.079,-14.473,179,1
1332,6.449,0.068,-14.472,178,1
1333,6.449,0.056,-14.471,183,1
1334,6.45,0.046,-14.473,185,1
1335,6.449,0.034,-14.47,179,1
1336,6.449,0.023,-14.472,175,1
1337,6.449,0.012,-14.47,174,1
1338,6.449,0.001,-14.471,171,1
1339,6.458,0.442,-14.47,34,1
1340,6.464,0.431,-14.483,63,1
1341,6.46,0.42,-14.474,118,1
1342,6.456,0.408,-14.466,120,1
1343,6.456,0.397,-14.464,136,1
1344,6.457,0.386,-14.467,126,1
1345,6.456,0.375,-14.465,120,1
1346,6.455,0.364,-14.462,145,1
1347,6.456,0.353,-14.465,129,1
1348,6.456,0.342,-14.464,142,1
1349,6.457,0.331,-14.468,136,1
1350,6.457,0.32,-14.467,133,1
1351,6.458,0.309,-14.47,138,1
1352,6.458,0.298,-14.469,139,1
1353,6.455,0.287,-14.462,150,1
1354,6.456,0.275,-14.465,153,1
1355,6.46,0.254,-14.474,140,1
1356,6.457,0.243,-14.468,144,1
1357,6.459,0.231,-14.472,120,1
1358,6.458,0.221,-14.47,86,1
1359,6.459,0.209,-14.471,40,1
1360,6.459,0.198,-14.471,41,1
1361,6.461,0.188,-14.475,39,1
1362,6.459,0.176,-14.472,39,1
1363,6.46,0.165,-14.474,44,1
1364,6.459,0.154,-14.472,42,1
1365,6.459,0.143,-14.472,46,1
1366,6.46,0.132,-14.475,53,1
1367,6.458,0.121,-14.47,56,1
1368,6.457,0.11,-14.467,100,1
1369,6.457,0.099,-14.467,162,1
1370,6.459,0.088,-14.473,171,1
1371,6.458,0.076,-14.47,174,1
1372,6.458,0.066,-14.47,162,1
1373,6.46,0.054,-14.474,181,1
1374,6.458,0.043,-14.469,178,1
1375,6.458,0.032,-14.469,179,1
1376,6.456,0.021,-14.464,153,1
1377,6.457,0.01,-14.468,168,1
1378,6.468,0.422,-14.467,55,1
1379,6.473,0.411,-14.479,81,1
1380,6.462,0.4,-14.454,103,1
1381,6.463,0.389,-14.456,124,1
1382,6.463,0.378,-14.456,117,1
1383,6.463,0.366,-14.457,117,1
1384,6.462,0.355,-14.453,116,1
1385,6.461,0.345,-14.453,119,1
1386,6.465,0.333,-14.46,113,1
1387,6.463,0.322,-14.457,112,1
1388,6.462,0.311,-14.454,111,1
1389,6.462,0.3,-14.453,107,1
1390,6.46,0.289,-14.451,101,1
1391,6.461,0.278,-14.451,111,1
1392,6.461,0.267,-14.453,102,1
1393,6.462,0.256,-14.455,110,1
1394,6.462,0.245,-14.454,110,1
1395,6.462,0.234,-14.454,103,1
1396,6.462,0.223,-14.453,110,1
1397,6.464,0.212,-14.458,118,1
1398,6.463,0.201,-14.455,118,1
1399,6.464,0.19,-14.459,128,1
1400,6.464,0.178,-14.46,141,1
1401,6.464,0.168,-14.459,145,1
1402,6.467,0.157,-14.465,147,1
1403,6.466,0.146,-14.463,145,1
1404,6.466,0.134,-14.462,145,1
1405,6.467,0.123,-14.465,141,1
1406,6.464,0.112,-14.458,151,1
1407,6.465,0.101,-14.46,153,1
1408,6.464,0.09,-14.459,161,1
1409,6.465,0.079,-14.462,166,1
1410,6.463,0.068,-14.455,162,1
1411,6.464,0.057,-14.459,160,1
1412,6.464,0.046,-14.458,165,1
1413,6.465,0.035,-14.46,151,1
1414,6.464,0.024,-14.458,160,1
1415,6.465,0.013,-14.461,157,1
1416,6.464,0.002,-14.457,168,1
1417,6.466,0.391,-14.428,55,1
1418,6.477,0.38,-14.453,57,1
1419,6.477,0.37,-14.451,103,1
1420,6.479,0.359,-14.456,138,1
1421,6.477,0.347,-14.452,148,1
1422,6.476,0.336,-14.449,124,1
1423,6.471,0.325,-14.439,120,1
1424,6.474,0.314,-14.445,116,1
1425,6.462,0.303,-14.418,97,1
1426,6.459,0.291,-14.413,93,1
1427,6.462,0.28,-14.418,78,1
1428,6.462,0.269,-14.419,74,1
1429,6.464,0.259,-14.422,79,1
1430,6.465,0.248,-14.424,82,1
1431,6.464,0.236,-14.423,84,1
1432,6.466,0.225,-14.428,77,1
1433,6.466,0.214,-14.427,83,1
1434,6.468,0.203,-14.431,81,1
1435,6.468,0.192,-14.432,92,1
1436,6.468,0.181,-14.432,92,1
1437,6.47,0.17,-14.435,83,1
1438,6.47,0.159,-14.435,90,1
1439,6.471,0.148,-14.438,89,1
1440,6.471,0.137,-14.438,96,1
1441,6.475,0.126,-14.447,97,1
1442,6.473,0.115,-14.443,106,1
1443,6.476,0.104,-14.449,108,1
1444,6.474,0.093,-14.445,120,1
1445,6.475,0.082,-14.446,145,1
1446,6.475,0.071,-14.446,126,1
1447,6.475,0.06,-14.448,133,1
1448,6.475,0.049,-14.447,145,1
1449,6.476,0.038,-14.449,146,1
1450,6.476,0.026,-14.45,148,1
1451,6.477,0.016,-14.45,141,1
1452,6.477,0.004,-14.452,147,1
1453,6.46,0.369,-14.394,24,1
1454,6.464,0.359,-14.403,48,1
1455,6.484,0.349,-14.448,55,1
1456,6.483,0.338,-14.445,100,1
1457,6.477,0.326,-14.431,111,1
1458,6.482,0.315,-14.443,127,1
1459,6.476,0.304,-14.43,122,1
1460,6.457,0.292,-14.387,78,1
1461,6.458,0.281,-14.39,90,1
1462,6.458,0.27,-14.389,82,1
1463,6.459,0.259,-14.392,84,1
1464,6.459,0.248,-14.392,86,1
1465,6.459,0.237,-14.392,80,1
1466,6.462,0.227,-14.398,85,1
1467,6.462,0.215,-14.399,79,1
1468,6.465,0.205,-14.405,75,1
1469,6.464,0.193,-14.402,72,1
1470,6.465,0.182,-14.405,71,1
1471,6.465,0.171,-14.405,66,1
1472,6.466,0.161,-14.407,70,1
1473,6.467,0.149,-14.41,71,1
1474,6.468,0.138,-14.411,74,1
1475,6.469,0.127,-14.414,74,1
1476,6.485,0.117,-14.45,131,1
1477,6.484,0.105,-14.448,121,1
1478,6.482,0.094,-14.443,111,1
1479,6.482,0.083,-14.443,114,1
1480,6.481,0.072,-14.441,110,1
1481,6.479,0.061,-14.436,107,1
1482,6.479,0.05,-14.437,108,1
1483,6.482,0.039,-14.442,110,1
1484,6.482,0.028,-14.443,113,1
1485,6.481,0.017,-14.44,118,1
1486,6.482,0.006,-14.442,121,1
1487,6.456,0.317,-14.359,26,1
1488,6.452,0.306,-14.352,55,1
1489,6.456,0.295,-14.361,49,1
1490,6.453,0.284,-14.354,48,1
1491,6.454,0.273,-14.356,40,1
1492,6.456,0.262,-14.361,47,1
1493,6.46,0.252,-14.369,55,1
1494,6.454,0.24,-14.356,66,1
1495,6.456,0.229,-14.359,72,1
1496,6.456,0.218,-14.359,73,1
1497,6.454,0.207,-14.356,78,1
1498,6.454,0.196,-14.356,72,1
1499,6.457,0.185,-14.363,71,1
1696,6.488,0.043,-14.431,75,1
1697,6.493,0.032,-14.442,60,1
1698,6.496,0.021,-14.448,57,1
1699,6.492,0.009,-14.439,64,1
1870,6.458,0.174,-14.365,74,1
1871,6.457,0.163,-14.363,79,1
1872,6.457,0.152,-14.363,72,1
1873,6.457,0.141,-14.363,73,1
1874,6.461,0.131,-14.37,71,1
1875,6.461,0.119,-14.372,73,1
1876,6.475,0.108,-14.402,91,1
1877,6.488,0.098,-14.431,118,1
1878,6.487,0.087,-14.429,115,1
1879,6.483,0.076,-14.42,107,1
1880,6.486,0.065,-14.426,88,1
1881,6.484,0.054,-14.421,93,1
1002,20.834,1.895,-49.089,55,4
1003,20.887,1.876,-49.088,71,4
1004,20.894,1.839,-49.104,75,4
1005,20.887,1.653,-49.089,44,4
1006,20.916,1.906,-49.073,75,4
1007,20.924,1.87,-49.091,74,4
1008,20.944,1.722,-49.139,21,4
1009,20.934,1.684,-49.114,69,4
1010,20.967,1.924,-49.106,61,4
1011,20.935,1.885,-49.032,76,4
1012,20.941,1.848,-49.046,83,4
1013,20.972,1.664,-49.117,84,4
1014,21.005,1.932,-49.077,70,4
1015,21.003,1.895,-49.074,69,4
1016,21.01,1.857,-49.09,55,4
1017,21.005,1.633,-49.078,75,4
1018,21.035,1.599,-49.146,62,4
1020,21.013,1.913,-49.012,86,4
1021,21.035,1.879,-49.063,76,4
1022,21.049,1.694,-49.096,51,4
1023,21.041,1.656,-49.077,69,4
1026,21.03,1.916,-48.965,86,4
1027,21.048,1.88,-49.009,71,4
1028,21.084,1.622,-49.091,59,4
1032,21.086,1.917,-48.986,73,4
1033,21.07,1.878,-48.949,76,4
1034,21.123,1.845,-49.072,74,4
1038,21.1,1.907,-48.934,71,4
1039,21.169,1.689,-49.093,83,4
1040,21.157,1.65,-49.066,77,4
1044,21.16,1.927,-48.993,69,4
1045,21.132,1.887,-48.928,62,4
1046,21.21,1.707,-49.109,32,4
1047,21.186,1.63,-49.054,22,4
1052,21.273,1.759,-49.134,21,4
1053,21.227,1.68,-49.028,69,4
1054,21.211,1.643,-48.99,63,4
1059,21.276,1.672,-49.066,58,4
1067,21.372,1.958,-49.078,72,4
1068,21.369,1.695,-49.07,61,4
1069,21.389,1.659,-49.116,46,4
1072,21.395,1.954,-49.058,73,4
1073,21.401,1.916,-49.071,42,4
1074,21.41,1.694,-49.09,40,4
1075,21.412,1.657,-49.096,40,4
1080,21.417,1.928,-49.014,75,4
1081,21.435,1.892,-49.055,29,4
4776,19.833,1.128,-47.999,27,4
4777,19.887,0.984,-48.131,21,4
4778,19.429,0.111,-46.95,35,4
4779,19.451,0.076,-47.002,27,4
7508,20.636,1.944,-50.772,52,4
7509,20.652,1.907,-50.812,66,4
7510,20.632,1.868,-50.763,60,4
7511,20.595,1.826,-50.672,73,4
7512,20.621,1.79,-50.736,79,4
7513,20.664,1.755,-50.841,61,4
7514,21.465,1.823,-52.813,34,4
7515,20.652,1.715,-50.811,69,4
7516,20.638,1.677,-50.776,76,4
7517,20.655,1.64,-50.819,37,4
7531,20.665,1.948,-50.743,70,4
7532,20.664,1.91,-50.741,60,4
7533,20.666,1.871,-50.746,69,4
7534,20.661,1.832,-50.733,52,4
7535,21.537,1.91,-52.884,20,4
7536,21.525,1.87,-52.856,66,4
7537,20.891,1.776,-51.298,56,4
7538,21.556,1.832,-52.931,65,4
7539,20.689,1.681,-50.802,77,4
7540,20.69,1.643,-50.804,72,4
7541,20.591,1.064,-50.561,73,4
7542,20.593,1.025,-50.564,57,4
7543,20.591,0.95,-50.561,29,4
7544,20.593,0.873,-50.565,26,4
7545,20.597,0.721,-50.573,32,4
7546,20.586,0.683,-50.548,23,4
7558,20.827,1.961,-51.014,57,4
7559,20.753,1.916,-50.834,57,4
7560,20.774,1.88,-50.883,21,4
7561,21.653,1.959,-53.039,57,4
7562,21.5,1.905,-52.661,86,4
7563,21.622,1.876,-52.963,43,4
7564,20.949,1.778,-51.313,65,4
7565,21.513,1.826,-52.693,70,4
7566,21.503,1.787,-52.67,53,4
7567,21.67,1.72,-53.08,20,4
7568,20.619,1.065,-50.503,64,4
7569,20.619,1.026,-50.501,75,4
7570,21.622,1.036,-52.957,43,4
7571,21.619,0.996,-52.951,45,4
7572,21.62,0.956,-52.953,65,4
7573,21.618,0.917,-52.947,55,4
7574,21.621,0.877,-52.955,48,4
7575,21.62,0.836,-52.953,56,4
7576,21.622,0.796,-52.958,45,4
7577,21.621,0.756,-52.956,45,4
7578,20.61,0.684,-50.48,20,4
7579,21.62,0.718,-52.953,56,4
7580,21.619,0.677,-52.952,50,4
7581,21.619,0.637,-52.951,49,4
7582,20.628,0.569,-50.523,26,4
7583,21.625,0.597,-52.964,47,4
7584,21.621,0.557,-52.954,35,4
7585,20.625,0.492,-50.515,36,4
7586,21.624,0.516,-52.964,32,4
7587,21.623,0.477,-52.96,46,4
7588,20.643,0.379,-50.56,15,4
7589,21.625,0.397,-52.967,27,4
7590,21.626,0.357,-52.968,23,4
7591,20.636,0.302,-50.542,26,4
7592,21.637,0.317,-52.995,17,4
7593,20.636,0.15,-50.544,35,4
7594,20.64,0.075,-50.553,20,4
7597,20.909,1.959,-51.129,57,4
7598,20.787,1.909,-50.829,64,4
7599,20.777,1.87,-50.805,74,4
7600,20.773,1.831,-50.796,49,4
7601,21.591,1.903,-52.796,25,4
7602,21.558,1.862,-52.716,69,4
7603,20.992,1.773,-51.331,33,4
7604,21.549,1.821,-52.694,61,4
7605,21.511,1.777,-52.602,65,4
7606,21.555,1.741,-52.708,73,4
7607,21.583,1.703,-52.778,28,4
7608,20.632,1.057,-50.449,76,4
7609,20.641,1.019,-50.471,72,4
7610,20.633,0.982,-50.452,37,4
7611,21.604,1.028,-52.827,27,4
7612,21.644,0.989,-52.924,92,4
7613,20.628,0.905,-50.439,52,4
7614,21.643,0.949,-52.921,90,4
7615,21.645,0.909,-52.925,78,4
7616,20.636,0.828,-50.459,22,4
7617,21.643,0.869,-52.921,84,4
7618,21.644,0.83,-52.924,97,4
7619,20.639,0.753,-50.465,16,4
7620,21.647,0.79,-52.932,69,4
7621,21.642,0.75,-52.918,91,4
7622,21.645,0.71,-52.925,95,4
7623,21.646,0.669,-52.927,76,4
7624,21.643,0.629,-52.922,93,4
7625,20.641,0.563,-50.471,24,4
7626,21.643,0.591,-52.92,96,4
7627,21.645,0.55,-52.924,83,4
7628,21.646,0.51,-52.928,89,4
7629,20.646,0.449,-50.482,25,4
7630,21.645,0.47,-52.924,89,4
7631,21.645,0.43,-52.924,83,4
7632,21.644,0.391,-52.922,85,4
7633,20.656,0.335,-50.508,21,4
7634,21.645,0.351,-52.925,94,4
7635,20.646,0.296,-50.481,31,4
7636,21.643,0.311,-52.921,84,4
7637,21.646,0.271,-52.926,80,4
7638,20.644,0.22,-50.478,27,4
7639,21.642,0.23,-52.917,94,4
7640,21.643,0.192,-52.922,89,4
7641,21.644,0.152,-52.923,79,4
7642,20.653,0.106,-50.5,35,4
7643,21.643,0.112,-52.919,92,4
7644,21.645,0.071,-52.925,89,4
7645,21.645,0.031,-52.925,69,4
7650,21.186,2,-51.704,54,4
7651,21.168,1.96,-51.661,79,4
7652,21.195,1.923,-51.727,64,4
7653,21.194,1.883,-51.723,63,4
7654,21.561,1.876,-52.619,53,4
7655,21.021,1.79,-51.301,62,4
7656,21.563,1.836,-52.625,32,4
7657,21.521,1.795,-52.521,58,4
7658,21.27,1.734,-51.909,51,4
7659,21.499,1.753,-52.467,62,4
7660,21.721,1.73,-53.009,58,4
7661,21.738,1.691,-53.05,59,4
7662,20.655,1.075,-50.407,63,4
7663,20.657,1.037,-50.412,51,4
7664,20.659,0.998,-50.417,32,4
7665,21.526,1.04,-52.533,40,4
7666,20.648,0.96,-50.389,17,4
7667,21.656,1.007,-52.848,60,4
7668,21.684,0.969,-52.917,33,4
7669,20.65,0.885,-50.393,26,4
7670,21.681,0.929,-52.91,52,4
7671,21.682,0.888,-52.911,63,4
7672,21.686,0.849,-52.922,36,4
7673,21.686,0.808,-52.922,59,4
7674,21.686,0.768,-52.922,63,4
7675,21.694,0.73,-52.942,30,4
7676,21.688,0.689,-52.926,70,4
7677,20.664,0.618,-50.428,35,4
7678,21.683,0.649,-52.915,55,4
7679,21.689,0.609,-52.929,51,4
7680,20.66,0.541,-50.417,38,4
7681,21.687,0.568,-52.924,44,4
7682,21.692,0.53,-52.937,75,4
7683,21.692,0.49,-52.938,41,4
7684,21.685,0.449,-52.919,50,4
7685,21.688,0.409,-52.928,72,4
7686,20.663,0.352,-50.425,31,4
7687,21.688,0.369,-52.927,48,4
7688,21.684,0.33,-52.916,50,4
7689,20.668,0.277,-50.436,27,4
7690,21.687,0.29,-52.924,65,4
7691,21.687,0.25,-52.924,55,4
7692,20.675,0.2,-50.453,21,4
7693,21.686,0.21,-52.922,63,4
7694,21.687,0.169,-52.923,69,4
7695,21.686,0.129,-52.922,66,4
7696,21.687,0.09,-52.924,58,4
7697,21.687,0.051,-52.923,67,4
7698,20.67,0.009,-50.441,13,4
7699,21.685,0.01,-52.919,55,4
7704,21.201,1.973,-51.617,53,4
7705,21.228,1.936,-51.683,60,4
7706,21.25,1.9,-51.737,79,4
7707,20.746,1.816,-50.508,28,4
7708,21.244,1.86,-51.723,74,4
7709,20.78,1.781,-50.593,35,4
7710,21.074,1.806,-51.309,43,4
7711,21.75,1.864,-52.953,19,4
7712,21.242,1.781,-51.717,61,4
7713,21.674,1.777,-52.77,56,4
7714,21.587,1.73,-52.557,66,4
7715,21.776,1.707,-53.017,38,4
7716,20.679,1.087,-50.344,52,4
7717,20.68,1.049,-50.347,71,4
7718,20.684,1.012,-50.355,55,4
7719,21.547,1.014,-52.457,47,4
7720,20.681,0.935,-50.35,36,4
7721,21.647,0.979,-52.702,31,4
7722,21.648,0.939,-52.702,35,4
7723,20.68,0.859,-50.345,39,4
7724,21.658,0.899,-52.728,28,4
7725,21.653,0.86,-52.715,32,4
7726,20.686,0.784,-50.361,34,4
7727,21.668,0.821,-52.751,19,4
7728,20.69,0.746,-50.371,23,4
7729,21.659,0.78,-52.729,30,4
7730,20.685,0.707,-50.359,14,4
7731,20.694,0.669,-50.38,17,4
7732,21.66,0.7,-52.73,32,4
7733,21.67,0.662,-52.757,34,4
7734,20.692,0.594,-50.376,24,4
7735,21.663,0.622,-52.738,21,4
7736,21.672,0.582,-52.762,36,4
7737,20.689,0.517,-50.367,38,4
7738,21.676,0.542,-52.771,19,4
7739,21.665,0.502,-52.744,31,4
7740,20.689,0.44,-50.367,37,4
7741,21.67,0.461,-52.755,23,4
7742,21.664,0.423,-52.741,44,4
7743,20.688,0.366,-50.366,15,4
7744,21.669,0.383,-52.752,31,4
7745,21.657,0.343,-52.724,33,4
7746,20.687,0.289,-50.362,18,4
7747,21.665,0.303,-52.744,34,4
7748,20.699,0.251,-50.392,28,4
7749,21.662,0.262,-52.736,34,4
7750,20.703,0.214,-50.402,17,4
7751,21.668,0.224,-52.751,29,4
7752,20.704,0.176,-50.402,21,4
7753,21.661,0.184,-52.733,41,4
7754,20.702,0.137,-50.399,22,4
7755,21.659,0.144,-52.729,37,4
7756,20.695,0.099,-50.383,15,4
7757,21.666,0.104,-52.746,32,4
7758,20.705,0.06,-50.406,29,4
7759,21.67,0.064,-52.756,33,4
7760,21.663,0.025,-52.737,46,4
7765,20.765,1.923,-50.478,19,4
7766,21.244,1.967,-51.643,77,4
7767,20.749,1.882,-50.44,52,4
7768,21.232,1.926,-51.612,55,4
7769,21.357,1.898,-51.917,54,4
7770,20.751,1.806,-50.444,69,4
7771,20.798,1.771,-50.559,52,4
7772,21.742,1.852,-52.852,44,4
7773,21.76,1.814,-52.896,46,4
7774,21.754,1.774,-52.882,71,4
7775,21.588,1.72,-52.477,71,4
7776,21.608,1.682,-52.526,46,4
7777,20.747,1.54,-50.435,23,4
7778,20.692,1.079,-50.3,49,4
7779,20.696,1.041,-50.307,63,4
7780,20.694,1.003,-50.304,72,4
7781,20.694,0.964,-50.304,77,4
7782,20.691,0.928,-50.297,72,4
7783,20.692,0.89,-50.299,69,4
7784,20.694,0.851,-50.301,69,4
7785,20.691,0.813,-50.297,84,4
7786,20.692,0.775,-50.297,74,4
7787,20.695,0.738,-50.306,57,4
7788,20.698,0.7,-50.313,61,4
7789,21.455,0.725,-52.152,48,4
7790,20.697,0.661,-50.31,57,4
7791,21.451,0.686,-52.142,46,4
7792,20.694,0.623,-50.304,53,4
7793,21.45,0.646,-52.14,34,4
7794,20.694,0.585,-50.304,52,4
7795,21.458,0.607,-52.161,48,4
7796,20.699,0.547,-50.314,50,4
7797,21.449,0.567,-52.139,48,4
7798,20.697,0.51,-50.309,40,4
7799,21.467,0.529,-52.181,29,4
7800,20.701,0.472,-50.319,54,4
7801,21.45,0.489,-52.14,52,4
7802,21.466,0.449,-52.179,54,4
7803,21.486,0.41,-52.227,21,4
7804,21.473,0.37,-52.197,51,4
7805,20.704,0.32,-50.326,50,4
7806,21.518,0.333,-52.306,41,4
7807,21.475,0.293,-52.201,31,4
7808,20.703,0.244,-50.324,45,4
7809,21.527,0.254,-52.326,30,4
7810,21.549,0.214,-52.382,46,4
7811,21.518,0.174,-52.306,22,4
7812,21.524,0.136,-52.32,41,4
7813,20.714,0.093,-50.35,29,4
7814,21.589,0.097,-52.478,37,4
7815,20.728,0.016,-50.383,22,4
7816,21.571,0.016,-52.433,22,4
7821,20.861,1.944,-50.613,65,4
7822,20.801,1.899,-50.467,46,4
7823,21.252,1.941,-51.563,44,4
7824,20.753,1.858,-50.351,50,4
7825,21.414,1.917,-51.955,56,4
7826,20.825,1.826,-50.527,51,4
7827,20.815,1.787,-50.501,62,4
7828,20.801,1.747,-50.468,54,4
7829,21.862,1.836,-53.044,37,4
7830,20.78,1.707,-50.416,48,4
7831,21.832,1.793,-52.97,47,4
7832,20.849,1.676,-50.584,61,4
7833,21.801,1.752,-52.895,40,4
7834,21.638,1.699,-52.498,19,4
7835,20.747,1.591,-50.337,29,4
7836,20.747,1.553,-50.336,51,4
7837,20.789,1.517,-50.438,51,4
7838,21.355,1.442,-51.813,23,4
7839,21.312,1.399,-51.707,38,4
7840,21.323,1.361,-51.735,66,4
7841,20.723,1.094,-50.277,42,4
7842,20.722,1.058,-50.275,72,4
7843,20.722,1.02,-50.276,83,4
7844,20.719,0.981,-50.269,101,4
7845,20.722,0.943,-50.273,93,4
7846,20.715,0.905,-50.259,62,4
7847,20.717,0.866,-50.262,82,4
7848,20.719,0.83,-50.268,104,4
7849,20.719,0.791,-50.266,84,4
7850,20.72,0.753,-50.269,112,4
7851,20.719,0.715,-50.267,109,4
7852,20.721,0.677,-50.271,89,4
7853,20.72,0.64,-50.269,109,4
7854,20.722,0.602,-50.273,98,4
7855,20.723,0.564,-50.275,80,4
7856,20.721,0.525,-50.271,99,4
7857,20.723,0.487,-50.277,93,4
7858,20.723,0.45,-50.276,83,4
7859,20.723,0.412,-50.276,86,4
7860,20.722,0.374,-50.272,87,4
7861,20.723,0.336,-50.277,79,4
7862,20.724,0.297,-50.278,89,4
7863,20.722,0.259,-50.273,89,4
7864,20.726,0.222,-50.283,81,4
7865,20.725,0.184,-50.281,77,4
7866,20.725,0.146,-50.281,87,4
7867,20.725,0.108,-50.281,73,4
7868,20.725,0.069,-50.281,57,4
7869,20.726,0.032,-50.282,84,4
7874,20.835,1.947,-50.428,52,4
7875,20.788,1.904,-50.313,58,4
7876,20.772,1.864,-50.275,70,4
7877,20.86,1.834,-50.486,51,4
7878,21.488,1.889,-52.008,18,4
7879,20.836,1.795,-50.429,65,4
7880,20.83,1.756,-50.414,76,4
7881,20.832,1.717,-50.419,71,4
7882,20.903,1.685,-50.59,52,4
7883,20.887,1.645,-50.551,65,4
7884,20.8,1.6,-50.341,52,4
7885,20.835,1.566,-50.427,16,4
7886,20.747,0.913,-50.211,47,4
7887,20.74,0.875,-50.195,55,4
7888,20.736,0.836,-50.185,65,4
7889,20.771,0.8,-50.269,51,4
7890,20.777,0.763,-50.283,45,4
7891,20.775,0.725,-50.28,45,4
7892,20.769,0.687,-50.264,65,4
7893,20.771,0.648,-50.269,54,4
7894,20.769,0.61,-50.264,59,4
7895,20.771,0.573,-50.268,66,4
7896,20.769,0.535,-50.265,54,4
7897,20.771,0.497,-50.271,66,4
7898,20.767,0.458,-50.259,75,4
7899,20.769,0.42,-50.264,70,4
7900,20.768,0.382,-50.263,76,4
7901,20.769,0.307,-50.263,60,4
7902,20.767,0.269,-50.257,86,4
7903,20.768,0.23,-50.261,85,4
7904,20.766,0.192,-50.256,81,4
7905,20.766,0.155,-50.256,90,4
7906,20.767,0.117,-50.258,83,4
7907,20.767,0.079,-50.259,83,4
7908,20.765,0.041,-50.254,97,4
7909,20.765,0.002,-50.254,90,4
7914,20.815,1.944,-50.303,28,4
7915,20.814,1.906,-50.3,42,4
7916,20.804,1.868,-50.276,19,4
7917,20.808,0.044,-50.283,19,4
7918,20.787,0.006,-50.232,34,4
7954,21.691,2.033,-52.104,29,4
7955,20.938,1.924,-50.294,61,4
7956,20.957,1.888,-50.342,53,4
7957,20.911,1.845,-50.23,66,4
7958,20.913,1.809,-50.236,74,4
7959,20.94,1.773,-50.3,75,4
7960,20.967,1.737,-50.366,65,4
7961,20.963,1.698,-50.354,42,4
7962,20.737,1.641,-49.812,19,4
7963,21.022,1.627,-50.496,45,4
7964,20.932,1.391,-50.28,30,4
7965,21.473,1.309,-51.58,18,4
7982,21.008,1.945,-50.372,52,4
7983,21.771,2.015,-52.201,38,4
7984,20.978,1.903,-50.298,43,4
7985,21.611,1.961,-51.818,21,4
7986,20.932,1.861,-50.189,62,4
7987,20.962,1.825,-50.262,58,4
7988,21.618,1.882,-51.834,49,4
7989,20.971,1.788,-50.281,72,4
7990,21.635,1.844,-51.876,44,4
7991,20.97,1.751,-50.28,87,4
7992,21.01,1.716,-50.375,75,4
7993,20.741,1.656,-49.73,58,4
7994,20.703,1.615,-49.639,33,4
7995,21.565,1.682,-51.707,38,4
7996,20.989,1.523,-50.326,36,4
7997,20.973,1.484,-50.286,72,4
7998,20.979,1.446,-50.302,69,4
7999,20.973,1.408,-50.286,81,4
8000,21.001,1.371,-50.354,74,4
8001,21.482,1.286,-51.508,56,4
8018,21.047,1.957,-50.342,35,4
8019,22.176,2.061,-53.042,47,4
8020,20.996,1.913,-50.22,77,4
8021,20.985,1.876,-50.193,47,4
8022,21.796,1.948,-52.133,53,4
8023,20.979,1.837,-50.179,72,4
8024,21.663,1.896,-51.816,49,4
8025,20.978,1.798,-50.176,83,4
8026,20.993,1.762,-50.211,66,4
8027,21.833,1.832,-52.221,65,4
8028,20.744,1.702,-49.616,64,4
8029,20.741,1.664,-49.609,72,4
8030,20.75,1.629,-49.63,60,4
8031,20.778,1.593,-49.699,27,4
8032,20.789,1.556,-49.723,37,4
8033,21.024,1.535,-50.286,59,4
8034,21.022,1.497,-50.281,72,4
8035,21.035,1.461,-50.311,83,4
8036,21.031,1.422,-50.302,85,4
8056,22.185,2.056,-52.971,66,4
8057,21.877,1.987,-52.234,77,4
8058,21.006,1.87,-50.153,57,4
8059,21.796,1.941,-52.041,64,4
8060,21.005,1.832,-50.151,50,4
8061,21.914,1.911,-52.321,45,4
8062,21.005,1.793,-50.152,77,4
8063,21.041,1.76,-50.238,75,4
8064,20.74,1.696,-49.517,69,4
8065,20.785,1.663,-49.625,69,4
8066,20.807,1.626,-49.678,76,4
8067,20.687,1.579,-49.39,75,4
8068,20.723,1.546,-49.477,56,4
8069,21.074,1.533,-50.315,58,4
8070,21.056,1.494,-50.273,64,4
8071,21.085,1.419,-50.34,19,4
8091,20.934,1.95,-49.898,56,4
8092,21.933,2.003,-52.28,60,4
8093,22.188,2.027,-52.888,58,4
8094,21.893,1.962,-52.184,66,4
8095,20.861,1.831,-49.724,44,4
8096,21.938,1.926,-52.292,72,4
8097,21.046,1.809,-50.166,55,4
8098,21.928,1.885,-52.267,54,4
8099,20.781,1.748,-49.532,69,4
8100,20.753,1.709,-49.467,60,4
8101,21.824,1.796,-52.018,55,4
8102,20.778,1.674,-49.527,65,4
8103,20.778,1.636,-49.526,76,4
8104,20.826,1.602,-49.639,69,4
8105,20.716,1.556,-49.379,68,4
8106,21.097,1.546,-50.285,48,4
8107,21.087,1.507,-50.261,49,4
8131,21.026,1.928,-49.991,46,4
8132,22.256,2.041,-52.915,52,4
8133,20.849,1.874,-49.571,53,4
8134,21.95,1.973,-52.188,26,4
8135,20.883,1.839,-49.651,63,4
8136,21.924,1.931,-52.125,20,4
8137,20.848,1.8,-49.569,50,4
8138,20.826,1.76,-49.515,72,4
8139,20.828,1.722,-49.52,64,4
8140,20.782,1.681,-49.41,75,4
8141,20.75,1.64,-49.333,76,4
8142,20.822,1.609,-49.506,70,4
8143,20.808,1.571,-49.471,60,4
8144,21.136,1.558,-50.253,28,4
8145,20.762,1.492,-49.363,57,4
8146,20.736,1.452,-49.299,62,4
8147,20.749,1.416,-49.332,28,4
8168,21.034,1.955,-49.931,57,4
8169,20.872,1.902,-49.548,70,4
8170,20.814,1.86,-49.41,70,4
8171,20.848,1.826,-49.492,70,4
8172,20.885,1.791,-49.578,64,4
8173,20.853,1.75,-49.501,70,4
8174,20.849,1.712,-49.493,78,4
8175,20.861,1.677,-49.52,70,4
8176,20.783,1.633,-49.336,82,4
8177,20.803,1.597,-49.383,85,4
8178,20.783,1.558,-49.335,57,4
8179,21.182,1.549,-50.283,76,4
8180,20.8,1.485,-49.375,49,4
8181,21.164,1.511,-50.24,50,4
8182,20.745,1.443,-49.246,70,4
8183,20.79,1.408,-49.351,37,4
8184,20.845,1.375,-49.482,23,4
8211,20.88,1.925,-49.483,77,4
8212,20.8,1.88,-49.293,72,4
8213,20.817,1.844,-49.334,71,4
8214,20.789,1.805,-49.267,72,4
8215,20.789,1.767,-49.268,87,4
8216,20.799,1.73,-49.291,75,4
8217,20.875,1.699,-49.471,52,4
8218,20.82,1.657,-49.34,79,4
8219,20.827,1.621,-49.357,87,4
8220,20.813,1.582,-49.325,77,4
8221,20.808,1.544,-49.312,75,4
8222,21.23,1.537,-50.313,67,4
8223,20.795,1.468,-49.281,55,4
8224,20.813,1.431,-49.323,32,4
8252,20.945,1.939,-49.513,73,4
8253,20.889,1.895,-49.38,82,4
8254,20.806,1.85,-49.181,82,4
8255,20.862,1.818,-49.316,83,4
8256,20.83,1.777,-49.239,85,4
8257,20.927,1.748,-49.468,52,4
8258,21.004,1.717,-49.65,44,4
8259,21.824,1.785,-51.589,49,4
8260,20.948,1.675,-49.52,56,4
8261,20.877,1.632,-49.351,43,4
8262,21.813,1.704,-51.562,54,4
8263,20.887,1.594,-49.373,74,4
8264,20.885,1.556,-49.368,57,4
8265,21.232,1.582,-50.19,53,4
8266,20.921,1.523,-49.453,49,4
8267,20.838,1.48,-49.257,33,4
8292,20.875,1.921,-49.27,77,4
8293,20.876,1.884,-49.272,72,4
8294,20.85,1.844,-49.21,70,4
8295,20.885,1.811,-49.293,81,4
8296,20.858,1.771,-49.229,81,4
8297,20.943,1.74,-49.43,75,4
8298,21.022,1.709,-49.617,63,4
8299,20.931,1.664,-49.401,35,4
8300,20.951,1.629,-49.447,23,4
8301,21.823,1.697,-51.507,67,4
8302,21.038,1.598,-49.653,38,4
8303,21.231,1.574,-50.11,70,4
8304,21.277,1.539,-50.217,22,4
8330,20.983,1.871,-49.439,58,4
8331,20.867,1.823,-49.164,73,4
8332,20.884,1.787,-49.204,81,4
8333,20.942,1.756,-49.342,77,4
8334,20.975,1.721,-49.42,63,4
8335,21.076,1.653,-49.657,23,4
8336,21.889,1.717,-51.572,62,4
8337,20.972,1.607,-49.41,74,4
8338,20.911,1.565,-49.268,73,4
8339,21.04,1.538,-49.573,43,4
8365,20.926,1.916,-49.181,57,4
8366,20.92,1.804,-49.166,76,4
8367,20.99,1.772,-49.331,81,4
8368,21.003,1.735,-49.36,76,4
8369,20.92,1.691,-49.165,83,4
8370,21.924,1.695,-51.526,74,4
8371,21.052,1.59,-49.473,53,4
8403,20.965,1.836,-49.186,83,4
8404,21.017,1.803,-49.31,57,4
8405,21.961,1.883,-51.523,64,4
8406,21.971,1.846,-51.547,73,4
8407,20.968,1.649,-49.193,32,4
8408,20.996,1.613,-49.259,67,4
8409,21.008,1.579,-49.289,30,4
8440,21.074,1.822,-49.357,28,4
8441,21.985,1.901,-51.491,79,4
8442,21.083,1.785,-49.379,26,4
8443,21.99,1.862,-51.501,77,4
8444,21.066,1.745,-49.337,33,4
8445,21.042,1.707,-49.281,49,4
8446,22.009,1.786,-51.547,36,4
8447,21.018,1.63,-49.224,76,4
8448,21.022,1.593,-49.234,60,4
8481,21.103,1.827,-49.307,43,4
8482,22.056,1.91,-51.532,44,4
8483,22.022,1.87,-51.454,81,4
8484,22.07,1.834,-51.567,45,4
8485,21.136,1.719,-49.383,39,4
8486,22.101,1.797,-51.639,21,4
8487,21.06,1.674,-49.206,58,4
8513,21.121,1.849,-49.262,43,4
8514,21.329,1.829,-49.748,82,4
8515,22.062,1.892,-51.459,50,4
8516,22.041,1.85,-51.408,72,4
8517,21.196,1.742,-49.438,29,4
8518,22.094,1.816,-51.534,51,4
8519,21.083,1.621,-49.174,50,4
8550,21.223,1.821,-49.416,28,4
8551,22.108,1.898,-51.476,35,4
8552,21.33,1.793,-49.665,67,4
8553,22.104,1.858,-51.468,34,4
8554,21.143,1.739,-49.228,56,4
8555,22.116,1.819,-51.494,41,4
8556,21.208,1.707,-49.381,22,4
8557,21.177,1.666,-49.307,47,4
8590,21.182,1.813,-49.208,45,4
8591,22.13,1.894,-51.412,46,4
8592,21.169,1.774,-49.179,25,4
8593,22.12,1.853,-51.389,56,4
8594,21.399,1.755,-49.715,73,4
8595,21.26,1.631,-49.391,43,4
8623,22.178,2.044,-51.433,33,4
8624,21.195,1.729,-49.154,21,4
8656,21.24,1.859,-49.18,34,4
8657,21.241,1.821,-49.182,19,4
8658,21.448,1.688,-49.659,62,4
8693,21.309,1.949,-49.22,77,4
8694,21.316,1.912,-49.234,90,4
8695,21.287,1.722,-49.167,18,4
8733,21.323,1.939,-49.177,66,4
8766,21.41,1.954,-49.282,15,4
8767,21.383,1.877,-49.221,17,4
8794,21.421,1.811,-49.191,33,4
8795,21.429,1.776,-49.208,26,4
8847,21.5,1.673,-49.201,39,4
8897,21.573,1.676,-49.181,46,4
8898,21.576,1.64,-49.187,25,4
9385,22.848,1.684,-53.697,32,4
9387,22.904,1.801,-53.737,23,4
9391,23.414,1.843,-54.213,30,4
9392,23.449,1.939,-54.16,52,4
9393,23.484,1.9,-54.242,41,4
9394,23.509,1.86,-54.299,32,4
9395,23.512,2.013,-54.224,17,4
9396,23.533,1.973,-54.272,75,4
9397,23.447,1.926,-54.073,46,4
9398,23.517,1.89,-54.234,38,4
9399,23.556,2.026,-54.223,32,4
9400,23.527,1.982,-54.155,13,4
9401,23.522,1.898,-54.144,42,4
9402,23.421,1.85,-53.911,13,4
9403,23.569,1.911,-54.124,36,4
9404,23.499,1.823,-53.961,24,4
9405,23.426,1.893,-53.715,39,4
9406,23.478,1.857,-53.832,35,4
9407,23.448,1.814,-53.766,32,4
9408,23.618,1.962,-54.05,36,4
9409,23.472,1.908,-53.717,50,4
9410,23.531,1.872,-53.852,29,4
9411,23.533,1.875,-53.721,27,4
9412,23.544,1.834,-53.748,65,4
9413,23.528,1.828,-53.639,38,4
9414,23.571,1.814,-53.511,24,4
9415,23.612,1.807,-53.434,28,4
2,14.356,1.292,-35.102,53,3
3,14.35,1.265,-35.089,44,3
4,14.351,1.212,-35.091,48,3
5,14.346,1.185,-35.079,48,3
6,14.353,1.133,-35.096,36,3
7,14.346,1.106,-35.077,27,3
8,14.354,1.054,-35.096,40,3
9,14.35,1.026,-35.088,19,3
10,14.349,0.974,-35.084,35,3
11,14.341,0.947,-35.066,28,3
12,14.353,0.894,-35.095,33,3
13,14.351,0.841,-35.091,15,3
14,14.351,0.815,-35.089,33,3
15,14.347,0.762,-35.08,26,3
16,14.345,0.735,-35.075,54,3
17,14.342,0.682,-35.068,52,3
18,14.346,0.656,-35.077,50,3
36,14.371,1.304,-35.071,54,3
37,14.377,1.278,-35.085,19,3
38,14.369,1.224,-35.066,34,3
39,14.377,1.199,-35.086,27,3
40,14.373,1.145,-35.075,29,3
41,14.37,1.118,-35.067,31,3
42,14.371,1.039,-35.07,33,3
43,14.37,0.959,-35.068,48,3
44,14.369,0.88,-35.065,47,3
45,14.366,0.8,-35.059,52,3
46,14.369,0.721,-35.064,50,3
47,14.367,0.642,-35.06,49,3
48,14.368,0.562,-35.061,45,3
49,14.371,0.535,-35.07,16,3
50,14.371,0.483,-35.069,38,3
51,14.369,0.456,-35.064,34,3
52,14.372,0.403,-35.071,43,3
53,14.368,0.377,-35.062,40,3
54,14.37,0.324,-35.067,44,3
55,14.366,0.298,-35.056,49,3
56,14.371,0.244,-35.069,45,3
57,14.365,0.219,-35.055,49,3
58,14.37,0.166,-35.067,55,3
59,14.363,0.139,-35.049,38,3
60,14.371,0.086,-35.069,61,3
65,14.408,1.314,-35.076,53,3
66,14.403,1.261,-35.066,31,3
67,14.403,1.235,-35.065,45,3
68,14.403,1.181,-35.065,17,3
69,14.4,1.154,-35.058,43,3
70,14.401,1.102,-35.061,12,3
71,14.399,1.075,-35.054,50,3
72,14.406,1.022,-35.071,11,3
73,14.398,0.996,-35.05,52,3
74,14.397,0.916,-35.049,38,3
75,14.398,0.837,-35.051,36,3
76,14.395,0.757,-35.044,25,3
77,14.392,0.651,-35.037,25,3
78,14.394,0.572,-35.04,46,3
79,14.405,0.546,-35.067,13,3
80,14.396,0.492,-35.046,43,3
81,14.401,0.465,-35.058,30,3
82,14.392,0.413,-35.038,58,3
83,14.4,0.387,-35.056,20,3
84,14.394,0.333,-35.041,54,3
85,14.397,0.254,-35.049,44,3
86,14.398,0.174,-35.051,28,3
87,14.395,0.095,-35.043,25,3
88,14.401,0.069,-35.059,27,3
90,14.431,1.309,-35.08,19,3
91,14.423,1.282,-35.059,26,3
92,14.422,1.228,-35.056,27,3
93,14.425,1.15,-35.065,30,3
94,14.418,1.095,-35.047,38,3
95,14.419,1.07,-35.05,44,3
96,14.417,1.016,-35.045,42,3
97,14.422,0.99,-35.056,37,3
98,14.415,0.937,-35.039,49,3
99,14.415,0.911,-35.041,36,3
100,14.413,0.857,-35.034,58,3
101,14.42,0.831,-35.052,31,3
102,14.411,0.778,-35.029,69,3
103,14.417,0.752,-35.042,37,3
104,14.413,0.698,-35.033,40,3
105,14.421,0.672,-35.053,29,3
106,14.413,0.619,-35.034,29,3
107,14.416,0.593,-35.042,37,3
108,14.414,0.514,-35.036,45,3
109,14.415,0.434,-35.039,51,3
110,14.413,0.355,-35.033,45,3
111,14.416,0.275,-35.042,52,3
112,14.414,0.196,-35.035,49,3
113,14.42,0.116,-35.049,52,3
114,14.421,0.038,-35.052,47,3
115,14.414,0.011,-35.035,39,3
117,14.448,1.319,-35.053,29,3
118,14.448,1.267,-35.054,50,3
119,14.448,1.214,-35.053,21,3
120,14.448,1.187,-35.053,40,3
121,14.439,1.134,-35.032,47,3
122,14.446,1.107,-35.047,46,3
123,14.441,1.054,-35.035,44,3
124,14.444,1.028,-35.044,46,3
125,14.439,0.975,-35.029,43,3
126,14.446,0.948,-35.048,43,3
127,14.437,0.895,-35.026,44,3
128,14.446,0.87,-35.048,45,3
129,14.438,0.816,-35.028,30,3
130,14.443,0.789,-35.039,53,3
131,14.441,0.71,-35.034,52,3
132,14.439,0.63,-35.031,51,3
133,14.436,0.552,-35.022,49,3
134,14.435,0.471,-35.019,50,3
135,14.437,0.393,-35.024,48,3
136,14.436,0.314,-35.021,31,3
137,14.443,0.234,-35.04,23,3
138,14.442,0.128,-35.036,32,3
139,14.44,0.048,-35.031,52,3
142,14.468,1.271,-35.016,35,3
143,14.476,1.247,-35.035,39,3
144,14.472,1.166,-35.024,55,3
145,14.487,1.141,-35.061,26,3
146,14.576,1.121,-35.277,39,3
147,14.507,1.09,-35.111,67,3
148,14.563,1.067,-35.243,33,3
149,14.571,1.041,-35.264,37,3
150,14.49,1.008,-35.068,60,3
151,14.556,0.986,-35.227,36,3
152,14.572,0.962,-35.266,30,3
153,14.483,0.929,-35.052,52,3
154,14.475,0.849,-35.031,57,3
155,14.501,0.825,-35.095,15,3
156,14.471,0.77,-35.022,54,3
157,14.474,0.743,-35.029,33,3
158,14.474,0.689,-35.028,49,3
159,14.467,0.664,-35.013,42,3
160,14.474,0.611,-35.028,31,3
161,14.467,0.584,-35.013,45,3
162,14.471,0.531,-35.021,38,3
163,14.469,0.505,-35.015,37,3
164,14.475,0.452,-35.03,39,3
165,14.466,0.425,-35.009,37,3
166,14.476,0.373,-35.032,44,3
167,14.466,0.346,-35.008,41,3
168,14.472,0.293,-35.022,56,3
169,14.472,0.266,-35.022,13,3
170,14.469,0.241,-35.016,108,3
171,14.466,0.214,-35.008,92,3
172,14.472,0.161,-35.023,22,3
173,14.477,0.134,-35.035,48,3
174,14.47,0.082,-35.018,34,3
175,14.475,0.055,-35.03,56,3
176,14.47,0.002,-35.019,44,3
180,14.496,1.302,-35.031,72,3
181,14.492,1.275,-35.021,70,3
182,14.491,1.248,-35.02,75,3
183,14.493,1.221,-35.022,71,3
184,14.49,1.194,-35.016,67,3
185,14.497,1.169,-35.032,68,3
186,14.492,1.142,-35.021,82,3
187,14.495,1.116,-35.028,74,3
188,14.504,1.089,-35.049,90,3
189,14.497,1.063,-35.032,89,3
190,14.5,1.037,-35.04,79,3
191,14.517,1.012,-35.082,82,3
192,14.504,0.984,-35.049,78,3
193,14.51,0.958,-35.064,74,3
194,14.514,0.931,-35.072,73,3
195,14.509,0.904,-35.061,74,3
196,14.514,0.879,-35.071,71,3
197,14.509,0.852,-35.062,75,3
198,14.507,0.825,-35.056,75,3
199,14.516,0.799,-35.076,77,3
200,14.509,0.771,-35.061,72,3
201,14.509,0.746,-35.061,77,3
202,14.518,0.72,-35.082,75,3
203,14.51,0.693,-35.063,73,3
204,14.531,0.667,-35.113,77,3
205,14.547,0.641,-35.152,71,3
206,14.523,0.614,-35.093,66,3
207,14.533,0.588,-35.119,64,3
208,14.575,0.563,-35.218,57,3
209,14.532,0.535,-35.115,66,3
210,14.57,0.509,-35.207,60,3
211,14.643,0.485,-35.384,53,3
212,14.573,0.457,-35.213,58,3
213,14.603,0.431,-35.286,57,3
214,14.676,0.406,-35.464,47,3
215,14.613,0.377,-35.31,52,3
216,14.601,0.35,-35.283,54,3
217,14.723,0.327,-35.577,52,3
218,14.705,0.299,-35.534,45,3
219,14.575,0.27,-35.218,57,3
220,14.492,0.242,-35.018,106,3
221,14.489,0.215,-35.011,107,3
222,14.501,0.19,-35.041,69,3
223,14.493,0.163,-35.022,85,3
224,14.497,0.136,-35.03,82,3
225,14.504,0.11,-35.047,58,3
226,14.789,0.085,-35.737,16,3
227,14.495,0.031,-35.025,46,3
230,14.498,1.308,-34.97,81,3
231,14.497,1.281,-34.967,79,3
232,14.499,1.256,-34.972,79,3
233,14.498,1.229,-34.968,75,3
234,14.499,1.202,-34.972,79,3
235,14.498,1.176,-34.97,78,3
236,14.499,1.149,-34.972,80,3
237,14.498,1.123,-34.97,82,3
238,14.5,1.097,-34.972,79,3
239,14.5,1.071,-34.973,84,3
240,14.497,1.043,-34.966,80,3
241,14.5,1.017,-34.972,79,3
242,14.499,0.99,-34.972,79,3
243,14.501,0.965,-34.976,76,3
244,14.501,0.938,-34.975,74,3
245,14.5,0.911,-34.974,74,3
246,14.502,0.885,-34.977,71,3
247,14.5,0.858,-34.973,76,3
248,14.503,0.833,-34.98,74,3
249,14.501,0.806,-34.976,73,3
250,14.503,0.78,-34.98,74,3
251,14.502,0.753,-34.976,76,3
252,14.503,0.726,-34.981,74,3
253,14.503,0.701,-34.982,74,3
254,14.503,0.674,-34.979,75,3
255,14.504,0.647,-34.982,76,3
256,14.503,0.621,-34.98,73,3
257,14.505,0.594,-34.986,74,3
258,14.502,0.567,-34.979,71,3
259,14.505,0.542,-34.985,74,3
260,14.507,0.516,-34.989,73,3
261,14.507,0.488,-34.988,71,3
262,14.513,0.462,-35.004,69,3
263,14.511,0.435,-34.999,71,3
264,14.512,0.41,-35,70,3
265,14.516,0.384,-35.011,72,3
266,14.513,0.357,-35.003,71,3
267,14.517,0.33,-35.012,67,3
268,14.512,0.303,-35.001,70,3
269,14.517,0.278,-35.013,67,3
270,14.526,0.252,-35.035,74,3
271,14.518,0.225,-35.015,76,3
272,14.517,0.198,-35.013,79,3
273,14.523,0.171,-35.026,78,3
274,14.517,0.145,-35.012,77,3
275,14.526,0.119,-35.034,71,3
276,14.524,0.093,-35.029,74,3
277,14.52,0.066,-35.02,69,3
278,14.522,0.039,-35.025,66,3
279,14.524,0.012,-35.03,64,3
281,14.528,1.316,-34.957,78,3
282,14.529,1.29,-34.959,80,3
283,14.529,1.263,-34.959,79,3
284,14.527,1.237,-34.954,85,3
285,14.529,1.21,-34.958,80,3
286,14.528,1.184,-34.957,81,3
287,14.53,1.158,-34.959,84,3
288,14.528,1.131,-34.955,82,3
289,14.528,1.104,-34.956,85,3
290,14.529,1.078,-34.958,80,3
291,14.528,1.052,-34.956,82,3
292,14.529,1.026,-34.958,84,3
293,14.527,0.999,-34.954,89,3
294,14.528,0.972,-34.957,94,3
295,14.527,0.945,-34.953,91,3
296,14.529,0.92,-34.958,98,3
297,14.528,0.893,-34.955,94,3
298,14.528,0.867,-34.956,97,3
299,14.528,0.84,-34.955,94,3
2435,14.328,1.243,-35.092,50,3
2436,14.328,1.164,-35.092,48,3
2462,14.557,0.703,-34.965,66,3
2463,14.556,0.677,-34.961,68,3
2464,14.557,0.65,-34.965,67,3
2465,14.554,0.623,-34.956,73,3
2466,14.556,0.596,-34.961,73,3
2467,14.552,0.571,-34.953,83,3
2468,14.555,0.544,-34.959,77,3
2469,14.554,0.517,-34.957,75,3
2470,14.554,0.491,-34.957,75,3
2471,14.554,0.464,-34.957,75,3
2472,14.554,0.438,-34.957,84,3
2473,14.555,0.412,-34.959,85,3
2474,14.553,0.386,-34.954,84,3
2475,14.554,0.359,-34.956,87,3
2476,14.553,0.332,-34.955,88,3
2477,14.555,0.306,-34.96,83,3
2478,14.553,0.28,-34.953,81,3
2479,14.552,0.254,-34.952,84,3
2480,14.554,0.227,-34.956,85,3
2481,14.552,0.2,-34.952,87,3
2482,14.554,0.174,-34.956,87,3
2483,14.552,0.148,-34.952,85,3
2484,14.552,0.121,-34.953,84,3
2485,14.552,0.095,-34.953,81,3
2486,14.552,0.068,-34.953,81,3
2487,14.553,0.041,-34.954,85,3
2488,14.553,0.015,-34.954,87,3
2489,14.656,1.143,-35.139,34,3
2490,14.638,1.115,-35.097,38,3
2491,14.656,1.089,-35.14,24,3
2492,14.589,0,-34.976,26,3
2493,14.643,1.096,-35.023,55,3
2494,14.643,1.073,-34.901,40,3
2495,14.646,1.046,-34.767,21,3
2496,14.652,1.04,-34.634,32,3
2548,14.527,0.813,-34.953,94,3
2549,14.528,0.786,-34.957,94,3
2550,14.528,0.761,-34.954,95,3
2551,14.53,0.734,-34.959,98,3
2552,14.527,0.708,-34.952,100,3
2553,14.53,0.681,-34.959,95,3
2554,14.528,0.654,-34.956,102,3
2555,14.528,0.629,-34.957,107,3
2556,14.528,0.602,-34.956,107,3
2557,14.528,0.576,-34.954,107,3
2558,14.528,0.549,-34.956,112,3
2559,14.528,0.522,-34.954,101,3
2560,14.529,0.497,-34.957,106,3
2561,14.528,0.47,-34.955,105,3
2562,14.53,0.444,-34.959,108,3
2563,14.528,0.417,-34.955,102,3
2564,14.529,0.39,-34.958,102,3
2565,14.53,0.363,-34.959,102,3
2566,14.528,0.338,-34.956,102,3
2567,14.53,0.311,-34.959,103,3
2568,14.529,0.285,-34.957,104,3
2569,14.53,0.258,-34.958,103,3
2570,14.53,0.231,-34.959,103,3
2571,14.53,0.206,-34.959,115,3
2572,14.53,0.179,-34.96,96,3
2573,14.53,0.153,-34.958,96,3
2574,14.531,0.126,-34.96,94,3
2575,14.529,0.1,-34.957,91,3
2576,14.531,0.074,-34.96,92,3
2577,14.53,0.047,-34.959,88,3
2578,14.531,0.021,-34.96,89,3
2579,14.564,1.26,-34.983,12,3
2580,14.566,1.233,-34.986,16,3
2581,14.566,1.206,-34.987,15,3
2582,14.563,1.179,-34.98,25,3
2583,14.573,1.153,-35.006,39,3
2584,14.568,1.128,-34.992,54,3
2585,14.585,1.102,-35.032,49,3
2586,14.593,1.076,-35.053,44,3
2587,14.583,1.048,-35.028,57,3
2588,14.607,1.023,-35.086,45,3
2589,14.559,0.994,-34.97,47,3
2590,14.559,0.968,-34.971,52,3
2591,14.556,0.941,-34.964,53,3
2592,14.557,0.914,-34.966,58,3
2593,14.558,0.887,-34.968,59,3
2594,14.556,0.861,-34.963,60,3
2595,14.557,0.836,-34.965,59,3
2596,14.556,0.809,-34.963,57,3
2597,14.556,0.782,-34.963,62,3
2598,14.557,0.756,-34.966,68,3
2599,14.554,0.729,-34.959,69,3
3194,15.485,1.135,-37.477,42,3
3195,15.492,1.107,-37.494,41,3
3196,15.541,1.053,-37.612,45,3
3197,15.676,1.035,-37.938,32,3
3198,15.677,1.006,-37.942,19,3
3199,15.61,0.973,-37.778,32,3
3101,32.783,2.476,-77.047,25,2
3102,32.908,2.707,-77.209,25,2
3104,33.213,2.709,-77.028,47,2
3200,32.839,1.215,-80.926,26,2
3201,32.877,2.379,-79.922,35,2
3202,32.844,2.087,-78.753,30,2
3203,32.88,2.103,-78.645,46,2
3205,32.904,2.097,-78.563,58,2
3206,32.956,2.058,-78.553,40,2
3282,34.328,3.206,-78.263,46,2
3291,34.568,2.881,-78.672,39,2
3301,34.645,2.967,-78.653,58,2
4000,41.544,3.637,-96.736,68,6
4001,41.673,3.279,-97.032,43,6
4002,41.746,3.352,-96.986,51,6
4003,41.711,3.276,-96.905,77,6
4005,41.623,3.688,-96.532,77,6
4006,41.81,3.629,-96.966,59,6
4007,41.836,3.561,-97.027,76,6
4008,41.918,3.493,-97.218,78,6
4009,41.694,3.723,-96.542,64,6
4010,41.708,3.65,-96.575,71,6
4011,41.812,3.585,-96.815,67,6
4012,42.018,3.529,-97.293,56,6
4013,41.845,3.443,-96.892,41,6
4014,42.109,3.928,-97.266,61,6
4015,41.818,3.681,-96.592,77,6
4016,41.993,3.622,-96.997,72,6
4017,42.012,3.549,-97.039,57,6
4021,42.137,3.977,-97.18,71,6
4022,42.109,3.9,-97.116,69,6
4023,42.202,3.762,-97.331,66,6
4024,41.916,3.662,-96.671,84,6
4025,42.052,3.6,-96.984,70,6
4028,42.214,3.927,-97.174,73,6
4029,42.037,3.836,-96.768,58,6
4030,42.21,3.777,-97.164,58,6
4031,41.966,3.684,-96.604,64,6
4032,41.991,3.612,-96.659,60,6
4033,42.053,3.323,-96.802,43,6
4034,42.057,3.249,-96.81,59,6
4038,42.256,3.946,-97.04,61,6
4039,42.281,3.799,-97.097,84,6
4040,42.14,3.711,-96.773,76,6
4041,42.096,3.634,-96.671,79,6
4042,42.261,3.573,-97.049,61,6
4046,41.928,3.754,-96.142,70,6
4047,42.277,3.715,-96.941,93,6
4048,42.279,3.641,-96.946,83,6
4049,42.289,3.568,-96.969,74,6
4053,42.044,3.786,-96.223,38,6
4054,42.447,3.747,-97.147,51,6
4055,42.293,3.659,-96.793,72,6
4056,42.147,3.576,-96.458,73,6
4062,42.45,3.973,-96.911,60,6
4063,42.434,3.825,-96.873,75,6
4064,42.348,3.743,-96.678,76,6
4065,42.473,3.68,-96.962,82,6
4066,42.487,3.606,-96.994,87,6
4067,42.496,3.532,-97.014,83,6
4068,42.335,3.373,-96.647,56,6
4076,42.549,3.974,-97.007,63,6
4077,42.526,3.748,-96.952,81,6
4078,42.451,3.667,-96.781,85,6
4079,42.54,3.603,-96.984,91,6
4080,42.546,3.529,-96.998,80,6
4081,42.377,3.366,-96.614,58,6
4089,42.56,3.992,-96.863,61,6
4090,42.619,3.777,-96.996,37,6
4091,42.587,3.699,-96.924,84,6
4092,42.586,3.625,-96.922,59,6
4093,42.438,3.537,-96.584,59,6
4094,42.48,3.321,-96.68,71,6
4095,42.453,3.244,-96.619,49,6
4104,42.493,3.565,-96.473,61,6
4105,42.492,3.491,-96.468,68,6
4106,42.481,3.416,-96.445,87,6
4107,42.551,3.347,-96.603,87,6
4108,42.564,3.277,-96.634,59,6
4109,42.572,3.203,-96.65,54,6
5405,49.62,4.548,-113.13,60,6
5406,49.584,4.457,-113.05,56,6
5407,49.671,4.572,-113.05,67,6
5408,49.612,4.483,-112.91,59,6
5510,51.98,3.177,-128.1,71,6
5511,51.538,0.278,-126.55,49,6
5512,51.141,2.757,-124.81,68,6
5513,51.248,2.789,-124.77,69,6
5514,51.306,2.957,-124.72,50,6
5515,51.423,2.869,-125.01,60,6
5516,51.306,2.771,-124.72,59,6
5517,51.276,2.993,-124.41,66,6
5518,51.4,2.905,-124.71,70,6
5519,51.925,3.203,-124.5,68,6
5520,51.722,3.003,-124.02,74,6
5521,51.977,2.831,-124.63,76,6
5522,52.762,2.681,-126.51,49,6
5523,52.521,2.288,-125.93,49,6
5524,52.574,2.194,-126.06,48,6
5525,52.367,1.045,-125.56,76,6
5526,52.634,0.858,-126.2,76,6
5527,52.066,3.236,-124.54,63,6
5528,51.829,3.036,-123.97,60,6
5529,53.05,2.05,-126.89,61,6
5530,52.446,1.17,-125.44,83,6
5531,52.746,0.892,-126.16,84,6
5532,52.065,3.504,-124.31,53,6
5533,52.077,3.41,-124.34,65,6
5534,51.913,3.214,-123.95,69,6
5535,52.158,3.134,-124.53,64,6
5536,51.929,3.026,-123.98,50,6
5537,52.502,1.258,-125.35,70,6
5538,52.836,0.885,-126.15,53,6
5539,53.636,0.898,-128.06,52,6
5540,52.029,3.628,-124.02,58,6
5541,52.074,3.441,-124.13,47,6
5542,51.977,3.341,-123.89,51,6
5543,52.899,0.918,-126.09,72,6
5544,51.94,3.639,-123.5,72,6
5703,45.197,3.629,-105,40,6
5712,45.613,3.746,-105.2,46,6
5719,45.742,3.697,-104.89,111,6
5720,45.855,3.89,-104.95,46,6
5721,45.973,3.741,-104.95,59,6
5722,45.971,3.733,-104.81,73,6
5723,46.065,3.763,-104.84,65,6
5724,46.111,3.686,-104.94,51,6
6155,45.226,3.269,-111.46,70,6
6156,43.928,3.405,-108.08,81,6
6157,44.706,3.051,-110,49,6
6158,44.702,2.967,-109.99,62,6
6159,44.724,2.885,-110.04,42,6
6160,44.555,2.79,-109.62,69,6
6161,44.047,3.42,-108.16,53,6
6162,44.769,3.057,-109.93,46,6
6163,44.633,2.802,-109.6,68,6
6164,44.209,3.427,-108.29,65,6
6165,44.753,3.302,-109.62,42,6
6166,44.79,3.225,-109.71,66,6
6167,44.778,3.14,-109.68,47,6
6168,44.9,2.982,-109.98,62,6
6169,45.408,2.681,-111.22,46,6
6170,43.915,2.428,-107.56,67,6
6171,43.918,2.35,-107.57,53,6
6172,44.22,3.41,-108.13,45,6
6173,44.876,3.294,-109.74,42,6
6174,45.396,3.163,-111.01,52,6
6175,44.977,2.97,-109.98,65,6
6176,44.929,2.883,-109.87,59,6
6177,44.963,2.802,-109.95,51,6
6178,44.96,2.718,-109.94,58,6
6179,43.99,2.578,-107.57,63,6
6180,43.978,2.498,-107.54,85,6
6181,43.975,2.417,-107.53,92,6
6182,44.385,3.045,-108.32,46,6
6183,44.34,2.96,-108.21,49,6
6184,44.1,2.862,-107.63,61,6
6185,44.069,2.781,-107.55,84,6
6186,44.066,2.699,-107.55,65,6
6187,44.054,2.616,-107.52,80,6
6188,44.065,2.536,-107.54,88,6
6189,44.18,3.056,-107.56,54,6
6190,44.169,2.973,-107.54,89,6
6191,44.161,2.891,-107.52,88,6
6192,44.166,2.81,-107.53,74,6
6193,44.189,2.729,-107.58,41,6
6194,45.138,2.787,-109.89,43,6
6195,44.248,3.202,-107.56,66,6
6196,44.233,3.119,-107.53,81,6
6197,44.234,3.037,-107.53,81,6
6198,44.24,2.956,-107.55,89,6
6199,45.619,2.798,-110.9,55,6
7086,44.34,3.483,-107.58,47,6
7087,44.349,3.155,-107.6,47,6
7998,27.051,2.056,-66.664,100,2
7999,27.056,2.006,-66.677,59,2
8000,26.973,1.598,-66.471,104,2
8001,26.978,1.549,-66.482,101,2
8002,26.975,1.499,-66.475,123,2
8003,26.976,1.449,-66.479,115,2
8028,27.091,2.049,-66.654,103,2
8029,27.098,1.999,-66.673,50,2
8030,27.011,1.592,-66.456,94,2
8031,27.014,1.542,-66.464,107,2
8032,27.012,1.492,-66.458,115,2
8033,27.014,1.441,-66.465,94,2
8034,27.015,1.292,-66.466,84,2
8035,27.012,1.242,-66.458,106,2
8036,27.013,1.191,-66.461,102,2
8037,27.014,1.143,-66.462,87,2
8038,27.014,1.092,-66.461,100,2
8039,27.673,1.067,-68.083,35,2
8040,27.671,0.912,-68.079,36,2
8041,27.655,0.605,-68.038,31,2
8042,27.668,0.451,-68.07,34,2
8046,27.137,2.056,-66.637,110,2
8047,27.143,2.006,-66.65,78,2
8048,27.056,1.597,-66.437,106,2
8049,27.062,1.549,-66.451,97,2
8050,27.061,1.498,-66.448,89,2
8051,27.061,1.448,-66.448,99,2
8052,27.058,1.298,-66.439,106,2
8053,27.06,1.248,-66.445,95,2
8054,27.059,1.197,-66.443,102,2
8055,27.062,1.147,-66.45,106,2
8056,27.058,1.097,-66.439,107,2
8057,27.73,1.072,-68.091,28,2
8058,27.709,1.022,-68.038,31,2
8059,27.726,0.919,-68.081,32,2
8060,27.725,0.867,-68.077,27,2
8061,27.711,0.61,-68.042,31,2
8062,27.718,0.509,-68.058,35,2
8063,27.72,0.303,-68.064,36,2
8064,27.707,0.15,-68.032,34,2
8065,27.741,0.047,-68.116,19,2
8066,27.205,2.159,-66.636,34,2
8067,27.197,2.057,-66.617,92,2
8068,27.211,2.007,-66.651,57,2
8069,27.143,1.151,-66.481,42,2
8071,27.239,2.149,-66.607,19,2
8072,27.268,2.103,-66.679,17,2
8073,27.238,2.05,-66.605,106,2
8074,27.25,2,-66.634,30,2
8077,27.296,2.124,-66.617,43,2
8078,27.288,2.072,-66.595,103,2
8079,27.288,2.024,-66.595,99,2
8080,27.3,1.974,-66.626,50,2
8081,27.844,1.193,-67.952,18,2
8083,27.355,2.093,-66.602,48,2
8084,27.341,2.041,-66.566,90,2
8085,27.368,1.992,-66.632,66,2
8086,27.913,1.211,-67.956,36,2
8087,27.41,2.134,-66.631,38,2
8088,27.382,2.08,-66.564,93,2
8089,27.382,2.032,-66.563,85,2
8090,27.424,2.052,-66.538,89,2
8091,27.508,2.167,-66.578,27,2
8479,31.63,2.564,-78.143,65,2
8480,31.68,2.508,-78.266,42,2
8481,31.653,2.447,-78.2,39,2
8489,31.768,2.532,-78.29,57,2
8490,31.804,2.475,-78.377,72,2
8491,32.246,2.391,-79.468,26,2
8492,32.254,2.27,-79.487,61,2
8493,32.725,1.27,-80.646,45,2
8494,31.951,1.123,-78.736,39,2
8495,31.742,0.937,-78.22,43,2
8556,32.556,2.345,-79.944,30,2
8557,31.825,1.174,-78.146,48,2
8558,31.835,0.996,-78.17,39,2
8559,31.844,0.937,-78.193,43,2
8560,31.81,0.701,-78.109,49,2
8561,31.796,0.584,-78.074,50,2
8562,32.615,2.348,-79.889,38,2
8563,32.648,2.336,-79.835,47,2
8564,32.326,1.716,-79.046,56,2
8565,32.705,2.304,-79.817,59,2
8566,32.426,1.926,-79.135,31,2
8567,32.359,1.802,-78.971,50,2
8568,31.995,2.507,-77.898,78,2
8569,32.006,2.449,-77.925,74,2
8570,32.766,2.325,-79.775,43,2
8571,32.422,2.002,-78.937,46,2
8572,32.481,1.948,-79.079,65,2
8573,32.481,1.888,-79.079,31,2
8574,32.091,0.98,-78.129,48,2
8575,32.598,2.538,-79.244,42,2
8576,32.452,2.051,-78.887,63,2
8577,32.532,1.995,-79.081,56,2
8578,32.603,2.319,-79.104,48,2
8579,32.591,2.26,-79.076,72,2
8580,32.6,2.201,-79.098,44,2
8596,32.535,2.586,-76.793,36,2
8598,32.756,2.629,-77.178,37,2
8599,32.709,2.588,-76.873,25,2
11166,32.301,2.383,-79.473,58,2
11167,32.284,2.324,-79.431,75,2
11168,31.987,1.174,-78.699,69,2
11169,31.807,0.872,-78.255,43,2
11170,31.774,0.753,-78.173,27,2
11171,31.777,0.696,-78.179,56,2
11172,31.822,0.637,-78.291,46,2
11173,32.318,2.388,-79.358,140,2
126,59.727,0.819,-142.36,55,5
127,58.074,2.318,-139.25,54,5
210,66.501,0.644,-159.06,61,5
211,66.502,0.629,-158.78,59,5
212,66.507,0.509,-158.79,63,5
213,66.605,0.393,-159.02,60,5
214,66.624,0.435,-158.8,61,5
