6.273,-0.009,-14.331,158
6.273,-0.02,-14.33,160
6.274,-0.031,-14.333,158
6.273,-0.042,-14.331,159
6.274,-0.053,-14.332,147
6.273,-0.064,-14.331,149
6.283,0,-14.33,166
6.283,-0.011,-14.329,157
6.284,-0.022,-14.332,167
6.283,-0.033,-14.33,165
6.283,-0.044,-14.329,165
6.282,-0.055,-14.327,158
6.28,-0.066,-14.323,147
6.291,-0.007,-14.325,159
6.291,-0.018,-14.325,158
6.292,-0.029,-14.328,165
6.29,-0.04,-14.323,159
6.291,-0.051,-14.324,163
6.293,-0.062,-14.328,120
6.292,-0.072,-14.326,93
6.304,-0.002,-14.321,163
6.305,-0.013,-14.323,161
6.305,-0.024,-14.322,163
6.305,-0.035,-14.321,164
6.305,-0.046,-14.323,161
6.304,-0.057,-14.319,159
6.303,-0.068,-14.318,99
6.306,-0.079,-14.325,68
6.315,-0.001,-14.322,167
6.315,-0.012,-14.322,162
6.314,-0.023,-14.321,159
6.313,-0.034,-14.319,164
6.313,-0.045,-14.318,158
6.312,-0.056,-14.315,164
6.314,-0.067,-14.319,108
6.313,-0.078,-14.319,78
6.322,-0.01,-14.316,167
6.323,-0.021,-14.318,157
6.323,-0.032,-14.317,162
6.322,-0.043,-14.315,166
6.321,-0.054,-14.313,163
6.323,-0.065,-14.316,142
6.323,-0.075,-14.316,113
6.334,-0.008,-14.307,168
6.336,-0.019,-14.311,159
6.335,-0.03,-14.308,166
6.335,-0.041,-14.308,163
6.335,-0.052,-14.309,163
6.336,-0.063,-14.31,145
6.335,-0.074,-14.309,120
6.34,-0.085,-14.321,80
6.345,-0.011,-14.311,164
6.345,-0.022,-14.309,168
6.344,-0.032,-14.309,164
6.343,-0.043,-14.304,164
6.343,-0.054,-14.306,160
6.343,-0.065,-14.306,145
6.343,-0.076,-14.305,116
6.35,-0.087,-14.322,63
6.356,-0.009,-14.309,167
6.353,-0.02,-14.303,163
6.353,-0.031,-14.303,162
6.352,-0.041,-14.302,160
6.352,-0.052,-14.302,161
6.352,-0.063,-14.3,149
6.353,-0.074,-14.304,118
6.353,-0.085,-14.304,69
6.368,-0.009,-14.302,168
6.367,-0.019,-14.299,161
6.366,-0.03,-14.298,160
6.367,-0.041,-14.299,158
6.364,-0.052,-14.292,162
6.366,-0.063,-14.297,157
6.366,-0.074,-14.297,105
6.367,-0.085,-14.3,45
6.376,-0.002,-14.295,170
6.378,-0.013,-14.3,167
6.377,-0.024,-14.298,163
6.376,-0.035,-14.297,158
6.376,-0.045,-14.296,165
6.374,-0.056,-14.293,160
6.376,-0.067,-14.296,93
6.376,-0.078,-14.295,59
6.385,-0.009,-14.291,166
6.385,-0.02,-14.292,159
6.384,-0.031,-14.29,157
6.384,-0.042,-14.29,157
6.384,-0.053,-14.29,164
6.385,-0.064,-14.292,112
6.385,-0.075,-14.292,64
6.398,-0.007,-14.29,162
6.398,-0.018,-14.288,163
6.398,-0.029,-14.288,161
6.397,-0.039,-14.285,161
6.399,-0.051,-14.29,162
6.398,-0.062,-14.288,109
6.397,-0.072,-14.286,63
6.406,-0.004,-14.285,158
6.407,-0.015,-14.287,168
6.406,-0.026,-14.285,170
6.163,-0.01,-14.385,74
6.17,-0.005,-14.375,137
6.171,-0.016,-14.377,78
6.181,-0.004,-14.368,153
6.182,-0.015,-14.37,122
6.185,-0.025,-14.375,64
6.19,-0.003,-14.366,167
6.193,-0.014,-14.371,137
6.192,-0.025,-14.368,107
6.193,-0.036,-14.372,53
6.202,-0.01,-14.366,164
6.201,-0.021,-14.364,143
6.201,-0.032,-14.363,142
6.203,-0.043,-14.368,79
6.214,-0.008,-14.36,159
6.211,-0.019,-14.354,164
6.213,-0.03,-14.359,118
6.213,-0.041,-14.359,116
6.214,-0.052,-14.361,47
6.221,-0.009,-14.356,165
6.221,-0.02,-14.357,163
6.221,-0.031,-14.356,155
6.221,-0.041,-14.356,132
6.22,-0.052,-14.355,77
6.231,-0.005,-14.35,162
6.231,-0.016,-14.35,161
6.233,-0.026,-14.354,163
6.23,-0.038,-14.349,152
6.231,-0.049,-14.351,132
6.231,-0.06,-14.349,68
6.244,-0.002,-14.346,161
6.245,-0.013,-14.348,164
6.244,-0.024,-14.345,161
6.244,-0.035,-14.345,159
6.246,-0.046,-14.35,118
6.245,-0.057,-14.347,112
6.251,-0.003,-14.34,168
6.252,-0.014,-14.342,165
6.252,-0.025,-14.343,161
6.252,-0.036,-14.342,164
6.252,-0.047,-14.342,145
6.252,-0.058,-14.342,156
6.253,-0.069,-14.347,51
6.26,0,-14.336,158
6.26,-0.011,-14.337,160
6.262,-0.022,-14.34,160
6.261,-0.033,-14.337,166
6.261,-0.044,-14.337,162
6.261,-0.055,-14.338,113
6.261,-0.066,-14.339,60
6.278,-0.075,-14.34,25
6.296,-0.077,-14.358,49
6.305,-0.088,-14.379,46
6.304,-0.099,-14.377,48
6.303,-0.11,-14.375,44
6.306,-0.121,-14.381,42
6.304,-0.132,-14.377,50
6.304,-0.143,-14.377,48
6.306,-0.083,-14.358,52
6.308,-0.094,-14.363,54
6.307,-0.105,-14.36,55
6.307,-0.117,-14.36,55
6.307,-0.127,-14.361,51
6.306,-0.138,-14.358,55
6.314,-0.09,-14.344,70
6.317,-0.101,-14.35,70
6.316,-0.112,-14.347,72
6.315,-0.123,-14.346,78
6.316,-0.134,-14.348,78
6.316,-0.144,-14.346,71
6.324,-0.089,-14.343,134
6.322,-0.1,-14.339,144
6.322,-0.111,-14.338,144
6.323,-0.121,-14.339,158
6.324,-0.132,-14.342,141
6.325,-0.144,-14.344,146
6.333,-0.086,-14.339,117
6.332,-0.097,-14.339,110
6.333,-0.108,-14.341,102
6.333,-0.119,-14.339,105
6.332,-0.131,-14.338,106
6.333,-0.141,-14.341,96
6.348,-0.096,-14.339,73
6.348,-0.107,-14.337,68
6.348,-0.118,-14.339,69
6.348,-0.129,-14.337,67
6.347,-0.14,-14.337,66
6.359,-0.098,-14.343,42
6.36,-0.109,-14.344,45
6.36,-0.12,-14.344,48
6.361,-0.132,-14.346,38
6.361,-0.142,-14.346,45
6.486,-0.031,-14.244,65
6.497,-0.004,-14.245,99
6.497,-0.014,-14.245,45
6.493,-0.025,-14.235,72
6.498,-0.002,-14.222,36
6.497,-0.013,-14.221,34
6.457,-0.03,-14.262,165
6.458,-0.041,-14.264,101
6.458,-0.052,-14.263,66
6.468,-0.01,-14.261,163
6.468,-0.022,-14.263,157
6.469,-0.032,-14.265,131
6.469,-0.043,-14.264,91
6.468,-0.054,-14.261,50
6.477,-0.009,-14.257,148
6.475,-0.021,-14.252,148
6.476,-0.031,-14.253,52
6.477,-0.043,-14.257,80
6.485,-0.009,-14.243,145
6.485,-0.02,-14.243,55
6.405,-0.037,-14.283,163
6.407,-0.049,-14.286,158
6.407,-0.059,-14.286,114
6.407,-0.07,-14.287,77
6.417,-0.001,-14.283,164
6.416,-0.012,-14.281,161
6.415,-0.022,-14.279,156
6.415,-0.033,-14.279,168
6.413,-0.044,-14.276,164
6.416,-0.055,-14.282,127
6.415,-0.066,-14.28,83
6.417,-0.077,-14.283,22
6.428,-0.009,-14.276,165
6.426,-0.02,-14.271,168
6.428,-0.031,-14.276,157
6.426,-0.042,-14.271,164
6.428,-0.053,-14.276,100
6.428,-0.064,-14.275,66
6.438,-0.002,-14.276,157
6.437,-0.013,-14.274,165
6.436,-0.024,-14.271,157
6.436,-0.035,-14.271,159
6.435,-0.046,-14.269,146
6.437,-0.057,-14.274,116
6.438,-0.068,-14.276,72
6.448,0,-14.274,162
6.447,-0.011,-14.271,158
6.447,-0.022,-14.271,161
6.445,-0.033,-14.267,163
6.447,-0.044,-14.271,115
6.446,-0.055,-14.269,89
6.448,-0.066,-14.274,13
6.459,-0.009,-14.265,160
6.458,-0.019,-14.263,150
20.719,-0.02,-50.401,17
21.619,-0.021,-52.588,42
20.706,-0.058,-50.367,18
21.629,-0.061,-52.612,36
21.635,-0.1,-52.627,42
20.703,-0.133,-50.36,45
21.639,-0.14,-52.636,33
21.639,-0.18,-52.637,35
21.639,-0.22,-52.638,32
21.626,-0.26,-52.605,44
20.717,-0.002,-50.308,51
21.454,-0.002,-52.097,66
21.454,-0.042,-52.099,70
20.716,-0.079,-50.306,37
21.458,-0.082,-52.107,51
21.455,-0.122,-52.101,74
20.73,-0.154,-50.34,30
21.455,-0.16,-52.1,63
21.456,-0.199,-52.104,46
20.725,-0.231,-50.328,36
21.461,-0.239,-52.114,62
21.458,-0.278,-52.106,70
20.75,-0.033,-50.26,87
20.75,-0.07,-50.261,91
20.751,-0.108,-50.263,85
20.75,-0.147,-50.261,75
20.75,-0.185,-50.261,86
20.751,-0.223,-50.263,82
20.75,-0.26,-50.26,78
20.781,-0.004,-50.256,73
20.781,-0.042,-50.256,60
20.782,-0.081,-50.258,76
20.783,-0.119,-50.26,78
20.781,-0.155,-50.257,72
20.781,-0.194,-50.255,82
20.782,-0.232,-50.258,80
20.781,-0.271,-50.255,77
14.484,-0.03,-35.026,49
14.483,-0.108,-35.025,48
14.482,-0.162,-35.021,37
14.487,-0.189,-35.033,50
14.547,-0.021,-35.117,37
14.535,-0.048,-35.086,49
14.55,-0.075,-35.124,42
14.599,-0.101,-35.243,30
14.518,-0.128,-35.046,60
14.536,-0.154,-35.09,42
14.915,-0.185,-36.004,36
14.511,-0.206,-35.03,62
14.523,-0.015,-34.968,76
14.523,-0.041,-34.968,79
14.523,-0.068,-34.969,78
14.524,-0.094,-34.972,77
14.524,-0.12,-34.97,76
14.525,-0.147,-34.974,78
14.524,-0.174,-34.971,72
14.526,-0.2,-34.976,69
14.539,-0.017,-34.955,101
14.537,-0.044,-34.951,108
14.538,-0.071,-34.954,103
14.539,-0.097,-34.956,98
14.539,-0.124,-34.954,105
14.539,-0.149,-34.955,101
14.538,-0.176,-34.953,100
14.54,-0.203,-34.956,98
14.571,0,-34.96,66
14.57,-0.027,-34.96,67
14.567,-0.052,-34.952,64
14.569,-0.079,-34.958,66
14.568,-0.105,-34.955,71
14.569,-0.132,-34.957,76
14.569,-0.159,-34.956,75
14.569,-0.185,-34.957,71
14.567,-0.211,-34.951,75
37.412,-0.077,-88.722,38
66.434,-0.31,-158.75,69
66.462,-0.431,-158.82,67
66.519,-0.553,-158.96,73
66.648,-0.287,-158.99,58
66.581,-0.403,-158.83,68
66.79,-0.526,-159.33,60
66.784,-0.406,-158.92,70
66.868,-0.529,-159.12,64
66.954,-0.316,-159.07,65
67.025,-0.433,-159.24,60
66.983,-0.555,-159.14,72
60.426,-0.014,-143.3,55
67.063,-0.38,-159.04,65
69.586,-0.486,-164.65,63
60.304,-0.243,-142.44,59
69.935,-0.486,-164.89,74
60.673,-0.058,-142.72,58
60.89,-0.084,-142.98,70
69.004,-0.214,-162.03,106
69.481,-0.238,-162.21,60
69.442,-0.357,-162.12,77
6.239,0.467,-14.335,106
6.238,0.456,-14.333,163
6.238,0.445,-14.332,164
6.238,0.434,-14.333,159
6.239,0.423,-14.335,168
6.239,0.413,-14.334,166
6.247,0.477,-14.332,96
6.247,0.466,-14.332,145
6.247,0.455,-14.333,163
6.246,0.444,-14.331,165
6.247,0.433,-14.331,164
6.247,0.423,-14.332,163
6.246,0.412,-14.331,160
6.248,0.4,-14.334,172
6.248,0.389,-14.334,174
6.248,0.368,-14.336,167
6.248,0.346,-14.335,169
6.259,0.491,-14.335,22
6.256,0.48,-14.328,111
6.255,0.469,-14.325,155
6.257,0.458,-14.329,163
6.256,0.447,-14.327,164
6.256,0.436,-14.328,168
6.256,0.425,-14.327,165
6.257,0.414,-14.328,166
6.257,0.403,-14.328,172
6.258,0.393,-14.33,171
6.258,0.382,-14.33,169
6.258,0.371,-14.331,165
6.258,0.36,-14.33,171
6.259,0.349,-14.333,171
6.26,0.338,-14.335,171
6.271,0.493,-14.325,58
6.271,0.482,-14.325,117
6.269,0.471,-14.322,166
6.271,0.46,-14.325,167
6.271,0.45,-14.326,163
6.27,0.438,-14.323,158
6.271,0.428,-14.325,165
6.27,0.417,-14.323,168
6.272,0.406,-14.327,170
6.271,0.395,-14.326,170
6.272,0.384,-14.328,172
6.272,0.373,-14.327,180
6.272,0.362,-14.327,166
6.272,0.351,-14.328,165
6.271,0.34,-14.326,173
6.274,0.329,-14.333,107
6.275,0.319,-14.335,54
6.275,0.308,-14.335,58
6.274,0.296,-14.333,57
6.275,0.264,-14.334,161
6.275,0.231,-14.335,56
6.275,0.209,-14.335,165
6.275,0.199,-14.334,169
6.275,0.176,-14.336,173
6.275,0.034,-14.335,167
6.275,0.023,-14.335,166
6.275,0.013,-14.334,169
6.274,0.002,-14.333,161
6.279,0.491,-14.321,53
6.28,0.48,-14.323,102
6.277,0.469,-14.317,165
6.279,0.458,-14.321,169
6.279,0.447,-14.321,173
6.28,0.436,-14.323,165
6.28,0.426,-14.323,161
6.28,0.415,-14.322,167
6.281,0.404,-14.326,163
6.28,0.393,-14.324,166
6.281,0.382,-14.325,172
6.281,0.371,-14.325,171
6.282,0.36,-14.327,169
6.28,0.349,-14.323,181
6.283,0.338,-14.329,164
6.283,0.327,-14.33,80
6.285,0.316,-14.333,63
6.285,0.306,-14.333,49
6.283,0.294,-14.329,61
6.284,0.284,-14.332,171
6.284,0.273,-14.331,174
6.284,0.262,-14.332,166
6.285,0.251,-14.335,104
6.285,0.24,-14.334,51
6.286,0.229,-14.336,51
6.285,0.207,-14.333,168
6.285,0.185,-14.335,170
6.285,0.076,-14.335,159
6.285,0.043,-14.335,173
6.286,0.032,-14.335,172
6.286,0.021,-14.335,166
6.284,0.011,-14.332,169
6.287,0.495,-14.317,64
6.289,0.484,-14.321,117
6.287,0.473,-14.317,165
6.288,0.462,-14.318,161
6.288,0.452,-14.319,163
6.287,0.441,-14.316,162
6.287,0.43,-14.317,162
6.289,0.419,-14.32,170
6.287,0.408,-14.317,172
6.288,0.397,-14.318,174
6.289,0.386,-14.32,168
6.29,0.375,-14.323,169
6.288,0.364,-14.318,171
6.29,0.353,-14.322,165
6.29,0.343,-14.323,169
6.291,0.332,-14.324,157
6.293,0.321,-14.328,62
6.293,0.31,-14.328,59
6.292,0.299,-14.328,56
6.293,0.288,-14.329,159
6.293,0.277,-14.329,165
6.293,0.266,-14.33,168
6.292,0.255,-14.326,164
6.294,0.244,-14.333,58
6.294,0.233,-14.333,55
6.293,0.223,-14.33,57
6.294,0.212,-14.333,79
6.293,0.201,-14.329,162
6.294,0.19,-14.332,167
6.29,0.178,-14.322,166
6.295,0.168,-14.333,166
6.294,0.157,-14.332,164
6.295,0.146,-14.335,165
6.294,0.135,-14.333,172
6.295,0.102,-14.333,60
6.296,0.08,-14.335,137
6.294,0.069,-14.332,166
6.295,0.058,-14.333,166
6.293,0.048,-14.33,165
6.292,0.037,-14.327,163
6.293,0.026,-14.329,167
6.292,0.015,-14.327,168
6.291,0.004,-14.325,170
6.301,0.5,-14.314,49
6.299,0.489,-14.309,112
6.299,0.478,-14.309,164
6.3,0.467,-14.311,165
6.3,0.456,-14.311,164
6.3,0.445,-14.313,160
6.3,0.435,-14.312,164
6.3,0.424,-14.312,168
6.3,0.413,-14.312,171
6.301,0.402,-14.314,166
6.301,0.391,-14.314,172
6.301,0.38,-14.314,160
6.303,0.369,-14.319,170
6.303,0.358,-14.318,170
6.305,0.347,-14.323,170
6.305,0.336,-14.322,172
6.306,0.325,-14.325,63
6.305,0.315,-14.323,62
6.305,0.304,-14.321,67
6.306,0.293,-14.325,99
6.305,0.282,-14.323,170
6.305,0.271,-14.323,164
6.306,0.26,-14.325,165
6.306,0.249,-14.325,144
6.308,0.238,-14.329,55
6.307,0.227,-14.327,47
6.307,0.216,-14.326,56
6.307,0.206,-14.328,59
6.308,0.194,-14.33,57
6.309,0.184,-14.332,94
6.309,0.172,-14.332,118
6.311,0.162,-14.335,114
6.309,0.15,-14.332,106
6.31,0.14,-14.333,67
6.309,0.129,-14.331,63
6.31,0.118,-14.333,68
6.307,0.107,-14.327,63
6.308,0.096,-14.33,68
6.306,0.085,-14.326,121
6.306,0.074,-14.325,168
6.307,0.063,-14.328,169
6.306,0.052,-14.323,166
6.306,0.041,-14.325,167
6.306,0.031,-14.324,168
6.306,0.02,-14.324,172
6.306,0.009,-14.323,167
6.31,0.501,-14.311,61
6.309,0.49,-14.31,115
6.309,0.479,-14.309,163
6.309,0.468,-14.31,167
6.309,0.458,-14.309,164
6.308,0.447,-14.308,159
6.309,0.435,-14.31,159
6.31,0.424,-14.311,163
6.309,0.414,-14.31,170
6.31,0.403,-14.312,171
6.311,0.392,-14.313,163
6.312,0.381,-14.317,167
6.311,0.37,-14.314,169
6.313,0.359,-14.318,172
6.313,0.349,-14.319,166
6.313,0.338,-14.318,169
6.314,0.327,-14.322,72
6.314,0.315,-14.321,57
6.315,0.305,-14.322,61
6.315,0.294,-14.324,66
6.314,0.283,-14.321,167
6.315,0.272,-14.322,170
6.313,0.261,-14.319,173
6.315,0.25,-14.324,168
6.318,0.239,-14.329,91
6.315,0.228,-14.324,57
6.318,0.218,-14.33,52
6.318,0.206,-14.328,48
6.318,0.196,-14.328,60
6.317,0.184,-14.328,59
6.319,0.174,-14.331,64
6.319,0.163,-14.332,67
6.319,0.152,-14.331,62
6.319,0.141,-14.331,66
6.318,0.13,-14.329,64
6.319,0.119,-14.33,71
6.316,0.108,-14.325,64
6.318,0.097,-14.329,72
6.317,0.086,-14.325,166
6.315,0.075,-14.323,172
6.316,0.064,-14.325,172
6.315,0.054,-14.322,165
6.314,0.043,-14.321,169
6.315,0.032,-14.323,165
6.314,0.021,-14.321,174
6.314,0.009,-14.32,162
6.316,0.503,-14.302,27
6.319,0.493,-14.307,105
6.318,0.481,-14.306,151
6.317,0.47,-14.304,166
6.318,0.46,-14.306,168
6.318,0.449,-14.305,161
6.319,0.438,-14.307,165
6.319,0.427,-14.307,160
6.32,0.416,-14.311,167
6.319,0.405,-14.309,164
6.319,0.394,-14.308,175
6.32,0.384,-14.311,168
6.32,0.373,-14.31,174
6.321,0.361,-14.314,170
6.32,0.35,-14.312,172
6.323,0.34,-14.318,165
6.324,0.329,-14.319,112
6.324,0.318,-14.319,63
6.323,0.307,-14.318,55
6.326,0.296,-14.323,64
6.323,0.285,-14.318,170
6.325,0.274,-14.321,167
6.323,0.263,-14.316,176
6.324,0.252,-14.32,170
6.324,0.242,-14.319,172
6.326,0.23,-14.325,110
6.326,0.22,-14.323,62
6.324,0.209,-14.319,56
6.326,0.198,-14.324,55
6.326,0.187,-14.323,61
6.328,0.176,-14.328,63
6.327,0.165,-14.326,67
6.327,0.154,-14.326,63
6.327,0.143,-14.326,66
6.327,0.132,-14.327,70
6.327,0.121,-14.326,62
6.325,0.11,-14.321,68
6.326,0.099,-14.325,143
6.325,0.089,-14.321,168
6.325,0.078,-14.321,167
6.324,0.067,-14.318,172
6.325,0.056,-14.321,165
6.324,0.045,-14.319,167
6.324,0.034,-14.318,170
6.324,0.023,-14.318,167
6.321,0.012,-14.313,172
6.323,0.001,-14.316,168
6.329,0.505,-14.296,17
6.332,0.494,-14.303,108
6.33,0.483,-14.298,165
6.332,0.472,-14.302,166
6.33,0.461,-14.299,166
6.33,0.45,-14.298,164
6.331,0.44,-14.301,166
6.331,0.428,-14.3,166
6.332,0.418,-14.303,166
6.333,0.407,-14.304,168
6.333,0.396,-14.306,165
6.332,0.385,-14.304,167
6.334,0.374,-14.307,172
6.334,0.363,-14.307,168
6.336,0.352,-14.311,163
6.334,0.341,-14.308,167
6.336,0.331,-14.311,161
6.336,0.319,-14.312,166
6.336,0.308,-14.311,169
6.338,0.298,-14.315,167
6.337,0.287,-14.313,167
6.338,0.276,-14.316,173
6.337,0.265,-14.314,174
6.338,0.254,-14.316,170
6.338,0.243,-14.315,170
6.339,0.232,-14.318,171
6.338,0.221,-14.316,166
6.339,0.21,-14.319,129
6.34,0.199,-14.322,67
6.34,0.189,-14.321,60
6.341,0.178,-14.322,65
6.339,0.167,-14.319,60
6.34,0.155,-14.321,66
6.341,0.145,-14.322,66
6.34,0.133,-14.32,78
6.34,0.123,-14.319,141
6.339,0.112,-14.319,170
6.339,0.101,-14.317,167
6.338,0.09,-14.316,168
6.338,0.079,-14.315,172
6.338,0.068,-14.315,169
6.338,0.057,-14.315,172
6.339,0.046,-14.317,172
6.337,0.035,-14.312,164
6.336,0.024,-14.311,165
6.335,0.013,-14.308,176
6.336,0.003,-14.31,171
6.34,0.503,-14.3,57
6.339,0.492,-14.298,120
6.337,0.481,-14.293,163
6.339,0.47,-14.299,166
6.338,0.459,-14.295,168
6.34,0.448,-14.3,168
6.34,0.437,-14.3,161
6.34,0.426,-14.3,162
6.341,0.415,-14.303,168
6.341,0.404,-14.302,170
6.342,0.393,-14.304,167
6.342,0.383,-14.304,167
6.343,0.372,-14.306,173
6.343,0.361,-14.306,169
6.343,0.35,-14.307,170
6.343,0.339,-14.306,170
6.344,0.328,-14.309,168
6.345,0.317,-14.31,168
6.345,0.306,-14.311,169
6.344,0.295,-14.309,170
6.345,0.284,-14.311,168
6.345,0.273,-14.309,166
6.346,0.263,-14.312,170
6.345,0.252,-14.312,176
6.346,0.241,-14.313,171
6.346,0.229,-14.313,174
6.348,0.219,-14.317,167
6.348,0.208,-14.317,169
6.348,0.197,-14.317,176
6.347,0.186,-14.316,164
6.348,0.175,-14.318,166
6.348,0.164,-14.318,160
6.349,0.154,-14.319,167
6.347,0.142,-14.316,168
6.348,0.132,-14.319,165
6.347,0.12,-14.315,169
6.347,0.109,-14.314,168
6.346,0.099,-14.312,172
6.347,0.088,-14.314,167
6.345,0.077,-14.309,171
6.346,0.066,-14.314,172
6.345,0.055,-14.311,164
6.345,0.044,-14.311,167
6.345,0.033,-14.309,169
6.345,0.022,-14.31,170
6.345,0.011,-14.309,168
6.346,0,-14.312,165
6.35,0.505,-14.297,12
6.348,0.493,-14.294,108
6.348,0.483,-14.294,154
6.35,0.472,-14.297,164
6.348,0.461,-14.294,164
6.349,0.45,-14.295,160
6.351,0.439,-14.298,165
6.349,0.428,-14.294,167
6.35,0.417,-14.297,167
6.351,0.407,-14.299,169
6.35,0.396,-14.296,171
6.351,0.384,-14.298,173
6.351,0.373,-14.3,170
6.352,0.363,-14.303,167
6.352,0.352,-14.301,172
6.352,0.341,-14.302,171
6.353,0.33,-14.303,172
6.355,0.319,-14.308,161
6.354,0.308,-14.307,165
6.356,0.298,-14.309,169
6.355,0.287,-14.307,169
6.355,0.275,-14.309,172
6.356,0.264,-14.311,173
6.355,0.254,-14.309,169
6.356,0.243,-14.311,166
6.355,0.232,-14.307,171
6.357,0.221,-14.313,166
6.357,0.21,-14.312,164
6.358,0.199,-14.315,166
6.358,0.189,-14.313,165
6.358,0.177,-14.314,165
6.357,0.166,-14.313,166
6.358,0.155,-14.314,171
6.357,0.144,-14.311,164
6.357,0.134,-14.313,163
6.358,0.123,-14.315,171
6.357,0.112,-14.313,171
6.356,0.101,-14.309,168
6.357,0.09,-14.313,162
6.355,0.079,-14.309,167
6.356,0.068,-14.311,168
6.356,0.057,-14.309,176
6.355,0.046,-14.307,166
6.354,0.035,-14.306,167
6.354,0.024,-14.305,168
6.353,0.014,-14.304,180
6.354,0.002,-14.305,167
6.359,0.494,-14.283,92
6.361,0.483,-14.288,156
6.362,0.472,-14.289,162
6.363,0.461,-14.292,168
6.362,0.451,-14.29,165
6.363,0.44,-14.29,154
6.363,0.428,-14.29,165
6.365,0.418,-14.295,169
6.364,0.407,-14.292,168
6.365,0.396,-14.294,172
6.365,0.385,-14.295,170
6.366,0.374,-14.297,165
6.367,0.363,-14.299,167
6.366,0.352,-14.297,165
6.368,0.341,-14.302,166
6.367,0.331,-14.299,172
6.368,0.319,-14.302,165
6.369,0.308,-14.304,168
6.368,0.298,-14.302,172
6.369,0.287,-14.304,143
6.37,0.276,-14.307,71
6.369,0.265,-14.304,66
6.37,0.254,-14.306,61
6.37,0.243,-14.306,59
6.371,0.232,-14.308,56
6.37,0.221,-14.307,60
6.372,0.211,-14.31,59
6.372,0.199,-14.311,55
6.372,0.189,-14.31,64
6.372,0.177,-14.31,63
6.372,0.167,-14.311,72
6.372,0.156,-14.311,72
6.372,0.145,-14.311,70
6.37,0.134,-14.306,67
6.371,0.123,-14.309,108
6.37,0.112,-14.307,154
6.369,0.101,-14.304,170
6.367,0.09,-14.3,174
6.369,0.079,-14.304,168
6.367,0.068,-14.3,173
6.367,0.057,-14.3,170
6.368,0.047,-14.302,170
6.369,0.036,-14.302,164
6.368,0.024,-14.301,169
6.369,0.013,-14.302,171
6.367,0.002,-14.299,178
6.372,0.501,-14.289,49
6.371,0.49,-14.286,111
6.371,0.479,-14.287,162
6.371,0.468,-14.287,159
6.371,0.457,-14.286,165
6.37,0.446,-14.285,167
6.373,0.435,-14.292,165
6.371,0.424,-14.287,170
6.374,0.414,-14.292,170
6.373,0.403,-14.292,168
6.374,0.391,-14.292,174
6.373,0.38,-14.292,170
6.375,0.37,-14.295,171
6.374,0.359,-14.292,170
6.376,0.348,-14.297,170
6.375,0.337,-14.294,171
6.376,0.326,-14.296,177
6.377,0.315,-14.299,168
6.378,0.305,-14.3,106
6.377,0.294,-14.3,62
6.377,0.282,-14.3,60
6.379,0.271,-14.303,61
6.379,0.261,-14.303,59
6.38,0.25,-14.306,65
6.379,0.239,-14.305,65
6.38,0.228,-14.306,76
6.381,0.217,-14.307,59
6.38,0.206,-14.306,57
6.381,0.195,-14.309,71
6.381,0.184,-14.308,71
6.382,0.173,-14.31,66
6.38,0.162,-14.307,69
6.381,0.151,-14.308,63
6.38,0.14,-14.306,60
6.38,0.13,-14.305,64
6.38,0.119,-14.306,62
6.379,0.108,-14.304,67
6.377,0.097,-14.3,146
6.378,0.086,-14.3,170
6.378,0.075,-14.3,171
6.378,0.064,-14.302,170
6.377,0.053,-14.299,164
6.378,0.042,-14.302,169
6.377,0.031,-14.3,171
6.377,0.02,-14.299,172
6.376,0.009,-14.296,169
6.381,0.493,-14.284,61
6.382,0.482,-14.286,111
6.382,0.471,-14.285,163
6.381,0.46,-14.283,166
6.38,0.449,-14.281,168
6.381,0.438,-14.284,165
6.381,0.428,-14.284,166
6.385,0.417,-14.292,164
6.382,0.405,-14.286,172
6.383,0.395,-14.287,168
6.382,0.384,-14.286,169
6.383,0.373,-14.287,170
6.383,0.362,-14.289,168
6.383,0.351,-14.288,174
6.384,0.34,-14.291,170
6.386,0.329,-14.294,160
6.388,0.319,-14.299,111
6.386,0.308,-14.294,60
6.389,0.297,-14.302,57
6.387,0.285,-14.297,59
6.388,0.275,-14.299,65
6.388,0.264,-14.299,58
6.389,0.253,-14.301,58
6.388,0.242,-14.299,61
6.389,0.231,-14.3,71
6.389,0.22,-14.302,67
6.389,0.209,-14.3,68
6.391,0.199,-14.305,66
6.389,0.187,-14.301,70
6.391,0.176,-14.305,73
6.39,0.166,-14.304,74
6.39,0.155,-14.304,68
6.391,0.144,-14.305,63
6.39,0.133,-14.302,55
6.392,0.122,-14.307,66
6.389,0.111,-14.3,53
6.389,0.1,-14.302,67
6.387,0.089,-14.297,112
6.386,0.078,-14.295,167
6.386,0.067,-14.295,163
6.386,0.056,-14.294,165
6.385,0.045,-14.293,173
6.386,0.034,-14.293,164
6.385,0.023,-14.293,167
6.384,0.012,-14.29,175
6.385,0.001,-14.293,172
6.396,0.496,-14.284,57
6.393,0.485,-14.278,114
6.393,0.474,-14.278,164
6.395,0.463,-14.282,161
6.393,0.452,-14.278,164
6.398,0.441,-14.288,164
6.393,0.431,-14.278,161
6.395,0.419,-14.282,167
6.394,0.408,-14.281,173
6.396,0.398,-14.285,169
6.396,0.387,-14.285,168
6.395,0.376,-14.283,167
6.396,0.365,-14.285,170
6.397,0.354,-14.286,168
6.398,0.343,-14.289,165
6.399,0.332,-14.291,170
6.398,0.321,-14.289,62
6.399,0.31,-14.291,61
6.4,0.299,-14.294,64
6.399,0.289,-14.291,56
6.4,0.278,-14.294,62
6.401,0.266,-14.295,79
6.402,0.256,-14.297,125
6.402,0.245,-14.297,133
6.4,0.234,-14.292,145
6.401,0.223,-14.294,147
6.401,0.212,-14.295,162
6.402,0.201,-14.297,164
6.401,0.19,-14.295,153
6.402,0.179,-14.298,167
6.403,0.168,-14.299,158
6.404,0.157,-14.302,142
6.405,0.146,-14.305,108
6.402,0.135,-14.296,64
6.403,0.124,-14.299,63
6.401,0.113,-14.295,64
6.403,0.102,-14.298,63
6.4,0.091,-14.292,61
6.399,0.081,-14.292,144
6.399,0.07,-14.291,169
6.399,0.059,-14.29,171
6.398,0.048,-14.288,182
6.398,0.037,-14.288,173
6.397,0.026,-14.285,172
6.399,0.015,-14.29,169
6.397,0.004,-14.285,171
6.401,0.487,-14.274,77
6.403,0.476,-14.278,136
6.403,0.465,-14.278,165
6.401,0.454,-14.274,162
6.403,0.444,-14.277,161
6.403,0.433,-14.277,161
6.404,0.421,-14.281,167
6.403,0.41,-14.278,174
6.403,0.4,-14.277,170
6.405,0.389,-14.281,170
6.405,0.378,-14.282,166
6.405,0.367,-14.282,181
6.405,0.356,-14.281,176
6.406,0.345,-14.285,172
6.406,0.335,-14.286,170
6.407,0.324,-14.288,64
6.408,0.313,-14.288,56
6.41,0.301,-14.294,62
6.408,0.291,-14.289,69
6.408,0.28,-14.289,163
6.408,0.269,-14.29,176
6.409,0.258,-14.292,166
6.41,0.247,-14.292,175
6.411,0.236,-14.295,168
6.41,0.225,-14.292,168
6.411,0.214,-14.294,180
6.411,0.203,-14.295,170
6.41,0.192,-14.293,170
6.411,0.181,-14.297,168
6.41,0.17,-14.292,177
6.411,0.16,-14.296,171
6.411,0.148,-14.295,173
6.411,0.138,-14.295,172
6.412,0.126,-14.298,163
6.41,0.116,-14.293,61
6.411,0.105,-14.295,55
6.41,0.094,-14.293,64
6.41,0.083,-14.293,63
6.407,0.072,-14.286,170
6.408,0.061,-14.289,168
6.407,0.05,-14.286,171
6.407,0.039,-14.286,171
6.407,0.028,-14.286,167
6.405,0.017,-14.281,170
6.406,0.006,-14.285,169
6.41,0.491,-14.27,48
6.411,0.48,-14.271,115
6.412,0.469,-14.273,159
6.41,0.458,-14.269,168
6.41,0.447,-14.269,164
6.412,0.437,-14.273,167
6.414,0.426,-14.277,161
6.412,0.415,-14.274,167
6.416,0.404,-14.281,168
6.413,0.393,-14.277,171
6.415,0.382,-14.28,168
6.414,0.371,-14.278,159
6.414,0.36,-14.278,174
6.416,0.349,-14.281,171
6.415,0.338,-14.28,171
6.416,0.328,-14.283,66
6.416,0.317,-14.283,64
6.418,0.306,-14.288,58
6.417,0.294,-14.284,71
6.417,0.283,-14.284,167
6.416,0.273,-14.281,168
6.419,0.262,-14.288,167
6.419,0.251,-14.289,175
6.42,0.24,-14.291,168
6.42,0.229,-14.292,167
6.42,0.218,-14.291,170
6.421,0.207,-14.293,168
6.42,0.197,-14.291,168
6.421,0.185,-14.293,164
6.418,0.175,-14.285,167
6.421,0.163,-14.293,168
6.42,0.153,-14.29,169
6.42,0.142,-14.29,171
6.419,0.131,-14.289,166
6.42,0.12,-14.29,170
6.42,0.109,-14.292,54
6.419,0.098,-14.289,54
6.419,0.087,-14.288,56
6.417,0.076,-14.284,139
6.418,0.065,-14.286,175
6.417,0.054,-14.284,171
6.418,0.043,-14.287,164
6.417,0.032,-14.283,175
6.417,0.022,-14.283,173
6.415,0.01,-14.278,171
6.424,0.482,-14.268,54
6.425,0.472,-14.271,101
6.423,0.461,-14.266,164
6.425,0.45,-14.271,164
6.425,0.439,-14.27,167
6.425,0.428,-14.27,168
6.427,0.417,-14.276,164
6.423,0.406,-14.265,172
6.425,0.395,-14.271,179
6.425,0.384,-14.271,172
6.427,0.373,-14.273,171
6.426,0.363,-14.272,169
6.427,0.352,-14.274,175
6.427,0.341,-14.275,171
6.429,0.33,-14.279,113
6.43,0.319,-14.28,60
6.431,0.308,-14.283,59
6.43,0.298,-14.281,58
6.43,0.286,-14.28,167
6.432,0.275,-14.285,167
6.43,0.264,-14.281,173
6.433,0.253,-14.288,172
6.432,0.243,-14.285,168
6.433,0.232,-14.288,170
6.432,0.221,-14.285,173
6.432,0.21,-14.285,174
6.431,0.199,-14.283,172
6.432,0.188,-14.285,172
6.433,0.177,-14.288,172
6.433,0.166,-14.287,172
6.433,0.155,-14.288,169
6.431,0.144,-14.284,170
6.432,0.133,-14.286,168
6.432,0.123,-14.285,144
6.433,0.111,-14.288,59
6.433,0.101,-14.287,52
6.431,0.089,-14.283,53
6.431,0.078,-14.284,113
6.431,0.068,-14.283,172
6.43,0.057,-14.279,165
6.431,0.046,-14.283,166
6.43,0.035,-14.279,167
6.428,0.023,-14.276,169
6.428,0.013,-14.276,169
6.428,0.002,-14.275,156
6.435,0.479,-14.271,47
6.433,0.468,-14.266,99
6.433,0.457,-14.265,161
6.434,0.446,-14.267,165
6.434,0.435,-14.268,162
6.434,0.424,-14.269,162
6.434,0.413,-14.268,166
6.435,0.402,-14.27,168
6.435,0.391,-14.269,173
6.436,0.381,-14.272,174
6.435,0.37,-14.269,177
6.437,0.359,-14.273,174
6.436,0.348,-14.272,171
6.437,0.337,-14.275,171
6.438,0.326,-14.276,83
6.437,0.315,-14.274,52
6.442,0.304,-14.285,57
6.439,0.293,-14.278,62
6.442,0.282,-14.285,71
6.441,0.272,-14.282,142
6.441,0.261,-14.283,165
6.442,0.25,-14.284,165
6.441,0.239,-14.283,167
6.441,0.228,-14.283,169
6.442,0.216,-14.284,171
6.441,0.206,-14.283,166
6.442,0.195,-14.284,169
6.442,0.184,-14.285,171
6.441,0.173,-14.283,170
6.442,0.162,-14.284,165
6.44,0.151,-14.282,157
6.442,0.14,-14.285,120
6.442,0.129,-14.284,76
6.441,0.118,-14.283,64
6.442,0.107,-14.284,65
6.441,0.097,-14.283,58
6.439,0.086,-14.279,62
6.44,0.075,-14.28,170
6.439,0.064,-14.278,175
6.438,0.052,-14.274,178
6.438,0.041,-14.276,165
6.436,0.031,-14.271,165
6.438,0.02,-14.276,164
6.437,0.009,-14.273,166
6.444,0.481,-14.267,57
6.443,0.47,-14.264,101
6.442,0.458,-14.261,158
6.442,0.448,-14.262,159
6.443,0.437,-14.263,160
6.442,0.426,-14.261,162
6.444,0.415,-14.265,163
6.444,0.404,-14.266,164
6.444,0.393,-14.266,168
6.446,0.382,-14.27,171
6.445,0.371,-14.269,171
6.447,0.361,-14.273,172
6.446,0.35,-14.271,172
6.447,0.338,-14.271,173
6.448,0.328,-14.274,165
6.448,0.317,-14.273,53
6.449,0.306,-14.277,59
6.447,0.295,-14.273,61
6.451,0.284,-14.28,57
6.449,0.273,-14.276,60
6.449,0.262,-14.277,63
6.451,0.251,-14.282,66
6.45,0.241,-14.279,65
6.451,0.229,-14.281,71
6.451,0.219,-14.281,65
6.451,0.207,-14.282,67
6.451,0.196,-14.282,71
6.453,0.186,-14.285,72
6.452,0.175,-14.283,76
6.453,0.164,-14.285,73
6.451,0.153,-14.281,76
6.451,0.142,-14.281,70
6.451,0.131,-14.281,66
6.45,0.12,-14.279,68
6.449,0.109,-14.277,67
6.45,0.098,-14.278,58
6.45,0.087,-14.277,71
6.447,0.076,-14.273,165
6.447,0.065,-14.272,176
6.446,0.054,-14.271,166
6.448,0.043,-14.274,167
6.447,0.032,-14.271,167
6.448,0.021,-14.274,164
6.448,0.011,-14.273,154
6.456,0.472,-14.259,54
6.456,0.461,-14.259,90
6.456,0.451,-14.259,157
6.453,0.44,-14.255,170
6.457,0.429,-14.262,159
6.456,0.418,-14.259,155
6.456,0.407,-14.261,164
6.457,0.396,-14.262,161
6.457,0.385,-14.262,171
6.459,0.374,-14.266,166
6.456,0.363,-14.26,171
6.459,0.352,-14.266,165
6.457,0.341,-14.263,172
6.459,0.331,-14.267,168
6.458,0.319,-14.264,165
6.462,0.309,-14.273,60
6.461,0.298,-14.271,59
6.462,0.287,-14.272,65
6.461,0.276,-14.271,74
6.463,0.265,-14.275,68
6.463,0.254,-14.275,71
6.462,0.243,-14.274,80
6.464,0.232,-14.276,78
6.463,0.221,-14.276,86
6.464,0.211,-14.278,88
6.464,0.199,-14.278,105
6.464,0.189,-14.278,91
6.464,0.177,-14.277,93
6.464,0.167,-14.277,71
6.462,0.156,-14.273,73
6.462,0.145,-14.273,67
6.462,0.134,-14.272,62
6.463,0.123,-14.274,64
6.463,0.112,-14.276,74
6.461,0.101,-14.271,72
6.46,0.09,-14.269,164
6.46,0.079,-14.269,168
6.459,0.068,-14.266,176
6.461,0.057,-14.27,174
6.46,0.047,-14.268,166
6.459,0.035,-14.267,172
6.459,0.024,-14.267,161
6.459,0.013,-14.267,158
6.459,0.002,-14.266,156
6.466,0.47,-14.259,29
6.464,0.46,-14.255,101
6.465,0.449,-14.256,148
6.464,0.438,-14.255,159
6.467,0.427,-14.26,163
6.467,0.416,-14.26,164
6.465,0.405,-14.256,159
6.465,0.394,-14.257,165
6.466,0.383,-14.259,165
6.467,0.372,-14.26,170
6.467,0.361,-14.261,165
6.469,0.35,-14.264,169
6.468,0.339,-14.262,169
6.469,0.328,-14.264,158
6.469,0.317,-14.266,174
6.47,0.307,-14.268,175
6.471,0.296,-14.269,111
6.471,0.285,-14.269,88
6.471,0.274,-14.269,78
6.471,0.263,-14.271,77
6.472,0.252,-14.271,63
6.471,0.241,-14.269,71
6.473,0.23,-14.273,65
6.473,0.219,-14.274,62
6.474,0.208,-14.276,61
6.473,0.197,-14.274,56
6.475,0.186,-14.277,49
6.475,0.176,-14.277,49
6.473,0.164,-14.273,44
6.473,0.154,-14.273,53
6.47,0.142,-14.268,50
6.473,0.132,-14.273,48
6.469,0.121,-14.265,92
6.47,0.11,-14.266,157
6.469,0.099,-14.264,165
6.47,0.088,-14.266,166
6.469,0.077,-14.264,169
6.469,0.066,-14.265,167
6.469,0.055,-14.265,171
6.467,0.044,-14.259,175
6.467,0.033,-14.26,162
6.467,0.022,-14.261,165
6.47,0.012,-14.266,160
6.47,0.001,-14.266,160
6.476,0.46,-14.256,56
6.476,0.45,-14.255,100
6.473,0.438,-14.25,164
6.476,0.428,-14.254,160
6.476,0.417,-14.254,161
6.475,0.406,-14.253,157
6.475,0.395,-14.253,159
6.477,0.384,-14.257,160
6.478,0.373,-14.259,167
6.478,0.362,-14.259,169
6.479,0.351,-14.261,172
6.478,0.34,-14.259,168
6.481,0.33,-14.265,165
6.479,0.319,-14.262,171
6.48,0.308,-14.263,176
6.479,0.296,-14.261,167
6.479,0.285,-14.261,167
6.478,0.275,-14.26,158
6.482,0.264,-14.268,143
6.48,0.253,-14.264,125
6.481,0.242,-14.266,104
6.48,0.231,-14.264,91
6.479,0.22,-14.262,75
6.478,0.209,-14.259,111
6.478,0.198,-14.26,117
6.478,0.187,-14.26,116
6.478,0.176,-14.259,117
6.478,0.166,-14.26,118
6.478,0.154,-14.259,135
6.48,0.144,-14.263,145
6.478,0.132,-14.259,143
6.478,0.122,-14.259,144
6.476,0.111,-14.254,145
6.479,0.1,-14.261,141
6.477,0.089,-14.255,145
6.477,0.078,-14.257,150
6.477,0.067,-14.255,147
6.477,0.056,-14.257,154
6.477,0.045,-14.257,153
6.476,0.034,-14.255,155
6.477,0.023,-14.255,159
6.477,0.012,-14.256,150
6.477,0.001,-14.255,147
6.486,0.45,-14.245,60
6.489,0.439,-14.251,109
6.489,0.429,-14.252,160
6.487,0.418,-14.248,166
6.488,0.407,-14.25,164
6.49,0.396,-14.253,166
6.488,0.385,-14.25,162
6.488,0.374,-14.25,153
6.489,0.363,-14.252,177
6.49,0.352,-14.254,165
6.49,0.341,-14.254,167
6.49,0.33,-14.255,165
6.491,0.319,-14.256,159
6.491,0.308,-14.256,154
6.491,0.298,-14.256,155
6.491,0.287,-14.256,155
6.491,0.275,-14.256,149
6.49,0.264,-14.255,158
6.491,0.254,-14.256,163
6.49,0.243,-14.253,149
6.491,0.232,-14.255,140
6.488,0.221,-14.25,123
6.487,0.21,-14.248,125
6.485,0.199,-14.243,131
6.485,0.188,-14.243,121
6.484,0.177,-14.24,117
6.485,0.166,-14.243,103
6.485,0.155,-14.243,108
6.486,0.144,-14.245,120
6.486,0.133,-14.245,115
6.486,0.123,-14.246,115
6.488,0.112,-14.248,122
6.487,0.101,-14.247,130
6.487,0.09,-14.247,121
6.487,0.079,-14.247,129
6.487,0.068,-14.248,132
6.487,0.057,-14.247,140
6.486,0.046,-14.245,137
6.485,0.035,-14.244,133
6.488,0.024,-14.248,134
6.484,0.013,-14.242,143
6.487,0.002,-14.248,144
6.498,0.444,-14.246,101
6.498,0.433,-14.248,102
6.498,0.423,-14.247,162
6.497,0.412,-14.245,159
6.498,0.4,-14.248,157
6.497,0.39,-14.245,161
6.498,0.379,-14.247,157
6.496,0.368,-14.243,160
6.498,0.357,-14.246,159
6.498,0.346,-14.248,157
6.498,0.335,-14.247,161
6.497,0.324,-14.244,157
6.497,0.313,-14.245,162
6.498,0.302,-14.247,157
6.497,0.291,-14.244,166
6.497,0.28,-14.244,156
6.497,0.269,-14.245,153
6.497,0.259,-14.246,144
6.499,0.248,-14.248,142
6.497,0.236,-14.244,125
6.492,0.225,-14.234,131
6.492,0.215,-14.234,132
6.49,0.204,-14.228,137
6.49,0.192,-14.228,122
6.488,0.182,-14.224,131
6.486,0.17,-14.221,117
6.488,0.16,-14.225,114
6.489,0.149,-14.225,113
6.489,0.138,-14.227,112
6.49,0.127,-14.227,113
6.49,0.116,-14.227,116
6.49,0.105,-14.228,118
6.489,0.094,-14.227,115
6.49,0.083,-14.228,122
6.491,0.072,-14.232,124
6.492,0.062,-14.233,126
6.491,0.051,-14.231,136
6.491,0.04,-14.231,132
6.491,0.029,-14.23,130
6.491,0.018,-14.232,131
6.492,0.007,-14.232,135
6.506,0.435,-14.241,62
6.504,0.425,-14.237,45
6.505,0.414,-14.238,157
6.505,0.403,-14.238,155
6.506,0.392,-14.24,155
6.505,0.381,-14.238,154
6.506,0.37,-14.24,154
6.506,0.359,-14.24,155
6.503,0.348,-14.235,154
6.505,0.337,-14.239,157
6.504,0.326,-14.236,154
6.505,0.315,-14.238,155
6.505,0.305,-14.237,156
6.504,0.294,-14.236,149
6.502,0.282,-14.232,143
6.502,0.271,-14.232,145
6.503,0.26,-14.234,142
6.502,0.25,-14.232,133
6.502,0.239,-14.23,131
6.499,0.228,-14.225,130
6.497,0.216,-14.222,129
6.495,0.206,-14.215,130
6.494,0.195,-14.213,125
6.491,0.184,-14.208,133
6.492,0.173,-14.208,131
6.491,0.162,-14.207,122
6.491,0.151,-14.207,117
6.491,0.14,-14.207,117
6.492,0.129,-14.209,130
6.491,0.119,-14.208,124
6.491,0.107,-14.208,123
6.492,0.097,-14.21,126
6.491,0.086,-14.207,126
6.495,0.075,-14.214,129
6.493,0.064,-14.212,126
6.494,0.053,-14.213,131
6.493,0.042,-14.211,127
6.495,0.031,-14.216,128
6.495,0.021,-14.215,121
6.515,0.009,-14.26,66
6.516,0.427,-14.231,44
6.516,0.416,-14.23,52
6.513,0.405,-14.226,149
6.515,0.394,-14.228,151
6.516,0.384,-14.23,156
6.515,0.373,-14.229,151
6.515,0.361,-14.228,154
6.516,0.351,-14.232,151
6.515,0.34,-14.229,150
6.516,0.329,-14.23,151
6.513,0.318,-14.225,147
6.512,0.306,-14.222,145
6.513,0.296,-14.225,145
6.511,0.285,-14.22,144
6.512,0.274,-14.222,138
6.51,0.263,-14.217,140
6.51,0.252,-14.218,127
6.509,0.241,-14.215,127
6.506,0.23,-14.21,122
6.505,0.219,-14.206,124
6.502,0.208,-14.2,126
6.501,0.197,-14.198,125
6.498,0.186,-14.192,137
6.499,0.176,-14.194,143
6.497,0.164,-14.189,140
6.497,0.154,-14.189,131
6.496,0.142,-14.186,140
6.498,0.132,-14.191,123
6.496,0.12,-14.188,125
6.496,0.11,-14.188,129
6.498,0.099,-14.191,122
6.497,0.088,-14.19,120
6.498,0.077,-14.191,127
6.499,0.066,-14.195,125
6.498,0.056,-14.193,132
6.501,0.045,-14.197,119
6.517,0.034,-14.233,66
6.503,0.023,-14.203,28
6.503,0.012,-14.201,35
6.522,0.414,-14.224,58
6.523,0.403,-14.225,50
6.522,0.392,-14.224,144
6.521,0.381,-14.22,150
6.52,0.371,-14.219,149
6.521,0.36,-14.22,147
6.519,0.349,-14.217,145
6.52,0.338,-14.218,149
6.517,0.326,-14.213,150
6.52,0.316,-14.218,145
6.517,0.305,-14.212,146
6.517,0.294,-14.213,147
6.519,0.283,-14.217,141
6.517,0.272,-14.212,140
6.516,0.261,-14.208,133
6.514,0.25,-14.205,130
6.512,0.239,-14.2,129
6.509,0.228,-14.194,134
6.509,0.217,-14.193,137
6.505,0.206,-14.186,141
6.505,0.196,-14.186,135
6.502,0.184,-14.18,141
6.501,0.174,-14.176,137
6.501,0.162,-14.176,133
6.499,0.152,-14.172,140
6.499,0.141,-14.173,137
6.498,0.13,-14.171,130
6.499,0.119,-14.173,126
6.499,0.108,-14.173,130
6.501,0.097,-14.177,123
6.499,0.086,-14.174,130
6.503,0.075,-14.181,116
6.507,0.065,-14.191,102
6.53,0.054,-14.241,47
6.506,0.043,-14.188,15
6.503,0.032,-14.182,33
6.53,0.408,-14.216,36
6.529,0.397,-14.212,39
6.529,0.386,-14.214,44
6.529,0.375,-14.213,144
6.528,0.364,-14.21,150
6.526,0.353,-14.206,145
6.527,0.342,-14.209,153
6.524,0.331,-14.202,145
6.524,0.32,-14.202,144
6.523,0.309,-14.2,147
6.523,0.299,-14.2,150
6.519,0.287,-14.192,143
6.521,0.276,-14.196,143
6.517,0.265,-14.187,143
6.518,0.254,-14.189,138
6.517,0.243,-14.186,132
6.516,0.233,-14.184,133
6.514,0.222,-14.18,134
6.512,0.211,-14.177,134
6.51,0.199,-14.172,132
6.508,0.189,-14.168,134
6.507,0.178,-14.165,141
6.505,0.167,-14.161,133
6.503,0.156,-14.157,139
6.503,0.145,-14.155,135
6.503,0.134,-14.156,133
6.502,0.123,-14.153,117
6.503,0.113,-14.156,98
6.505,0.102,-14.161,48
6.507,0.091,-14.164,24
6.503,0.08,-14.156,27
6.504,0.069,-14.159,31
6.508,0.058,-14.167,21
6.539,0.389,-14.203,44
6.536,0.378,-14.197,41
6.538,0.367,-14.201,42
6.536,0.356,-14.198,128
6.534,0.345,-14.193,145
6.533,0.334,-14.19,145
6.532,0.323,-14.189,145
6.53,0.312,-14.184,145
6.533,0.301,-14.191,141
6.53,0.29,-14.184,141
6.531,0.279,-14.186,141
6.528,0.269,-14.178,137
6.527,0.257,-14.176,134
6.525,0.247,-14.172,137
6.522,0.235,-14.166,138
6.521,0.225,-14.165,136
6.518,0.214,-14.158,134
6.517,0.203,-14.156,140
6.516,0.192,-14.153,136
6.515,0.181,-14.151,129
6.514,0.17,-14.148,122
6.513,0.159,-14.146,77
6.513,0.148,-14.147,39
6.511,0.137,-14.142,35
6.508,0.126,-14.135,30
6.509,0.115,-14.138,54
6.509,0.105,-14.139,31
6.543,0.378,-14.191,31
6.543,0.367,-14.191,47
6.541,0.357,-14.187,35
6.542,0.346,-14.19,51
6.542,0.335,-14.189,116
6.539,0.324,-14.182,144
6.54,0.313,-14.184,137
6.537,0.302,-14.178,144
6.534,0.291,-14.173,145
6.534,0.28,-14.17,139
6.532,0.269,-14.168,134
6.53,0.258,-14.162,144
6.529,0.247,-14.16,136
6.527,0.236,-14.156,136
6.524,0.225,-14.15,139
6.524,0.214,-14.15,134
6.523,0.203,-14.147,109
6.526,0.192,-14.155,50
6.522,0.182,-14.145,51
6.518,0.17,-14.137,36
6.513,0.16,-14.127,60
6.514,0.148,-14.129,69
6.514,0.138,-14.128,36
6.549,0.352,-14.179,34
6.545,0.341,-14.172,55
6.545,0.33,-14.17,40
6.548,0.319,-14.176,21
6.56,0.309,-14.203,30
6.57,0.299,-14.226,41
6.558,0.287,-14.198,54
6.549,0.276,-14.178,46
6.544,0.265,-14.167,40
6.54,0.254,-14.16,33
6.534,0.242,-14.147,32
6.531,0.231,-14.141,25
6.53,0.221,-14.137,28
6.526,0.21,-14.13,42
6.526,0.199,-14.129,52
6.525,0.188,-14.127,31
6.554,0.301,-14.156,11
6.549,0.289,-14.146,26
6.549,0.278,-14.146,19
6.546,0.267,-14.139,39
6.544,0.257,-14.135,27
6.145,0.417,-14.365,70
6.144,0.395,-14.364,79
6.144,0.362,-14.364,161
6.144,0.34,-14.363,158
6.145,0.33,-14.365,159
6.145,0.319,-14.365,161
6.145,0.308,-14.364,163
6.145,0.297,-14.365,158
6.147,0.286,-14.369,160
6.147,0.275,-14.369,165
6.147,0.264,-14.37,171
6.148,0.253,-14.371,167
6.148,0.242,-14.371,165
6.148,0.232,-14.371,168
6.146,0.221,-14.368,171
6.148,0.21,-14.373,173
6.148,0.199,-14.373,176
6.148,0.188,-14.373,168
6.148,0.177,-14.372,176
6.149,0.166,-14.374,166
6.15,0.155,-14.377,164
6.149,0.144,-14.374,168
6.15,0.133,-14.377,156
6.15,0.122,-14.376,158
6.152,0.112,-14.382,159
6.151,0.101,-14.38,163
6.153,0.09,-14.383,151
6.152,0.079,-14.382,160
6.154,0.068,-14.386,163
6.154,0.057,-14.385,157
6.153,0.046,-14.383,165
6.153,0.035,-14.384,151
6.152,0.024,-14.382,161
6.154,0.013,-14.385,140
6.154,0.002,-14.384,88
6.152,0.426,-14.36,68
6.153,0.415,-14.361,99
6.154,0.405,-14.363,85
6.153,0.394,-14.361,163
6.155,0.382,-14.366,161
6.154,0.372,-14.363,163
6.154,0.361,-14.365,161
6.154,0.35,-14.363,162
6.153,0.339,-14.362,164
6.154,0.328,-14.364,158
6.153,0.317,-14.362,168
6.154,0.306,-14.364,159
6.154,0.295,-14.364,162
6.155,0.285,-14.366,164
6.155,0.273,-14.365,169
6.156,0.263,-14.369,169
6.155,0.252,-14.366,169
6.156,0.241,-14.369,166
6.156,0.23,-14.368,170
6.156,0.219,-14.368,168
6.158,0.208,-14.373,167
6.157,0.198,-14.371,162
6.158,0.186,-14.372,167
6.159,0.176,-14.374,174
6.157,0.164,-14.371,165
6.16,0.154,-14.376,169
6.16,0.143,-14.376,166
6.159,0.132,-14.374,172
6.159,0.121,-14.375,168
6.16,0.11,-14.377,162
6.16,0.099,-14.377,164
6.162,0.089,-14.383,161
6.161,0.078,-14.381,163
6.161,0.067,-14.379,166
6.162,0.056,-14.382,165
6.162,0.045,-14.382,162
6.164,0.034,-14.387,159
6.163,0.023,-14.384,166
6.164,0.012,-14.386,126
6.161,0.001,-14.379,154
6.163,0.431,-14.36,72
6.163,0.42,-14.358,91
6.161,0.41,-14.354,147
6.162,0.398,-14.358,149
6.162,0.387,-14.356,157
6.163,0.377,-14.358,159
6.162,0.366,-14.357,161
6.162,0.355,-14.357,159
6.163,0.344,-14.359,168
6.163,0.333,-14.358,162
6.164,0.322,-14.36,169
6.163,0.311,-14.359,166
6.165,0.301,-14.364,164
6.166,0.29,-14.365,165
6.166,0.279,-14.365,165
6.165,0.268,-14.363,167
6.166,0.257,-14.365,163
6.165,0.245,-14.364,166
6.165,0.235,-14.362,169
6.165,0.224,-14.363,166
6.166,0.213,-14.365,166
6.167,0.202,-14.366,164
6.168,0.191,-14.37,169
6.167,0.181,-14.366,165
6.168,0.169,-14.371,168
6.167,0.159,-14.368,170
6.168,0.147,-14.37,171
6.169,0.137,-14.373,163
6.17,0.126,-14.376,170
6.17,0.115,-14.374,169
6.172,0.104,-14.379,163
6.17,0.093,-14.376,172
6.171,0.082,-14.376,166
6.171,0.071,-14.377,155
6.172,0.06,-14.379,154
6.17,0.049,-14.376,163
6.17,0.038,-14.375,164
6.17,0.027,-14.375,162
6.169,0.016,-14.373,164
6.17,0.006,-14.374,153
6.176,0.444,-14.356,51
6.177,0.433,-14.358,98
6.176,0.422,-14.355,136
6.177,0.411,-14.358,155
6.174,0.4,-14.351,161
6.175,0.389,-14.354,163
6.175,0.378,-14.353,159
6.176,0.367,-14.355,164
6.175,0.356,-14.353,159
6.175,0.345,-14.354,159
6.177,0.334,-14.357,168
6.175,0.324,-14.354,171
6.177,0.313,-14.357,170
6.176,0.302,-14.356,170
6.178,0.291,-14.36,169
6.177,0.28,-14.357,151
6.179,0.269,-14.361,164
6.179,0.258,-14.361,163
6.177,0.247,-14.358,168
6.179,0.236,-14.362,162
6.179,0.225,-14.361,168
6.18,0.215,-14.363,167
6.18,0.204,-14.363,168
6.179,0.193,-14.362,167
6.18,0.182,-14.365,169
6.179,0.171,-14.363,172
6.181,0.16,-14.367,167
6.18,0.149,-14.365,171
6.183,0.139,-14.371,165
6.181,0.127,-14.368,163
6.182,0.116,-14.37,166
6.183,0.105,-14.371,164
6.184,0.095,-14.373,169
6.185,0.084,-14.375,160
6.184,0.073,-14.373,161
6.185,0.062,-14.375,156
6.185,0.051,-14.375,161
6.185,0.04,-14.375,159
6.183,0.029,-14.371,159
6.182,0.018,-14.37,160
6.183,0.007,-14.372,162
6.187,0.456,-14.358,13
6.184,0.444,-14.352,68
6.183,0.433,-14.349,82
6.183,0.423,-14.349,162
6.185,0.412,-14.354,166
6.182,0.4,-14.348,158
6.185,0.39,-14.354,164
6.185,0.379,-14.354,162
6.185,0.368,-14.354,159
6.183,0.357,-14.349,165
6.185,0.346,-14.354,170
6.186,0.335,-14.356,167
6.186,0.324,-14.356,162
6.187,0.313,-14.359,167
6.187,0.303,-14.358,167
6.187,0.292,-14.357,164
6.187,0.281,-14.357,168
6.187,0.27,-14.358,168
6.187,0.259,-14.357,164
6.187,0.248,-14.358,166
6.187,0.237,-14.358,164
6.188,0.226,-14.359,166
6.187,0.215,-14.358,166
6.189,0.204,-14.363,169
6.188,0.193,-14.36,173
6.189,0.183,-14.363,168
6.188,0.172,-14.361,172
6.189,0.161,-14.363,165
6.19,0.15,-14.365,160
6.192,0.139,-14.368,166
6.193,0.128,-14.371,167
6.192,0.117,-14.369,162
6.193,0.106,-14.372,165
6.192,0.095,-14.37,167
6.193,0.084,-14.371,162
6.192,0.074,-14.37,166
6.193,0.063,-14.372,166
6.192,0.052,-14.369,159
6.193,0.041,-14.37,164
6.192,0.03,-14.369,165
6.192,0.019,-14.368,164
6.191,0.008,-14.368,166
6.194,0.459,-14.348,47
6.195,0.449,-14.35,99
6.194,0.438,-14.348,145
6.193,0.426,-14.345,158
6.194,0.415,-14.349,156
6.194,0.405,-14.348,157
6.195,0.394,-14.35,162
6.195,0.383,-14.35,161
6.196,0.372,-14.352,160
6.196,0.361,-14.352,165
6.196,0.35,-14.354,169
6.195,0.34,-14.35,164
6.197,0.329,-14.355,164
6.196,0.318,-14.352,158
6.196,0.306,-14.353,165
6.197,0.296,-14.354,169
6.196,0.285,-14.353,171
6.198,0.274,-14.357,166
6.196,0.263,-14.352,167
6.197,0.252,-14.354,165
6.197,0.241,-14.354,162
6.198,0.23,-14.356,163
6.197,0.22,-14.355,169
6.198,0.208,-14.356,173
6.199,0.198,-14.359,164
6.2,0.187,-14.362,165
6.2,0.176,-14.36,165
6.2,0.165,-14.361,163
6.201,0.154,-14.363,166
6.2,0.143,-14.361,171
6.201,0.132,-14.363,176
6.201,0.121,-14.364,168
6.201,0.11,-14.364,164
6.202,0.1,-14.367,166
6.202,0.089,-14.366,163
6.202,0.078,-14.366,166
6.201,0.067,-14.363,165
6.202,0.056,-14.366,170
6.201,0.045,-14.365,160
6.202,0.034,-14.367,162
6.202,0.023,-14.366,163
6.201,0.012,-14.365,159
6.202,0.001,-14.366,165
6.207,0.461,-14.345,77
6.207,0.451,-14.347,89
6.206,0.44,-14.344,157
6.206,0.429,-14.344,161
6.208,0.418,-14.348,164
6.208,0.407,-14.349,163
6.209,0.396,-14.351,156
6.208,0.385,-14.348,163
6.207,0.374,-14.347,166
6.206,0.363,-14.344,170
6.207,0.352,-14.346,168
6.208,0.341,-14.348,165
6.207,0.33,-14.347,161
6.207,0.319,-14.345,165
6.208,0.309,-14.349,166
6.208,0.298,-14.347,167
6.208,0.287,-14.347,178
6.209,0.276,-14.351,173
6.208,0.265,-14.349,164
6.208,0.254,-14.349,165
6.21,0.243,-14.353,166
6.211,0.232,-14.355,165
6.212,0.221,-14.358,166
6.212,0.21,-14.356,161
6.213,0.2,-14.36,167
6.21,0.189,-14.354,172
6.212,0.178,-14.356,176
6.212,0.167,-14.356,166
6.213,0.156,-14.358,176
6.212,0.145,-14.358,170
6.214,0.134,-14.362,164
6.213,0.123,-14.359,168
6.213,0.112,-14.36,163
6.213,0.101,-14.36,167
6.214,0.09,-14.361,167
6.214,0.08,-14.363,167
6.213,0.069,-14.359,163
6.215,0.058,-14.365,167
6.214,0.047,-14.363,167
6.215,0.036,-14.365,164
6.213,0.025,-14.36,158
6.214,0.014,-14.361,167
6.214,0.003,-14.363,165
6.215,0.472,-14.344,35
6.215,0.461,-14.344,109
6.214,0.45,-14.342,144
6.213,0.439,-14.339,165
6.214,0.428,-14.342,157
6.214,0.417,-14.342,162
6.215,0.406,-14.342,162
6.215,0.395,-14.344,163
6.216,0.384,-14.344,168
6.216,0.373,-14.347,165
6.218,0.362,-14.349,166
6.216,0.351,-14.346,166
6.217,0.341,-14.348,168
6.218,0.33,-14.349,167
6.216,0.319,-14.345,172
6.217,0.308,-14.347,167
6.218,0.297,-14.349,164
6.217,0.286,-14.347,167
6.217,0.275,-14.347,165
6.218,0.264,-14.349,162
6.217,0.253,-14.348,168
6.218,0.242,-14.349,167
6.217,0.231,-14.347,165
6.219,0.221,-14.351,168
6.219,0.21,-14.353,163
6.22,0.199,-14.353,174
6.22,0.188,-14.355,159
6.221,0.177,-14.356,169
6.221,0.166,-14.356,158
6.221,0.155,-14.357,167
6.221,0.144,-14.358,166
6.223,0.133,-14.36,165
6.22,0.122,-14.355,171
6.222,0.112,-14.359,168
6.222,0.101,-14.359,166
6.222,0.09,-14.358,166
6.221,0.079,-14.357,166
6.221,0.068,-14.356,165
6.22,0.056,-14.354,172
6.22,0.046,-14.355,169
6.222,0.035,-14.36,166
6.221,0.024,-14.357,163
6.221,0.013,-14.358,164
6.221,0.002,-14.356,167
6.225,0.475,-14.338,40
6.225,0.464,-14.338,143
6.225,0.453,-14.337,157
6.225,0.442,-14.338,166
6.226,0.432,-14.34,163
6.226,0.421,-14.34,162
6.227,0.41,-14.341,166
6.227,0.399,-14.342,166
6.228,0.388,-14.344,166
6.228,0.377,-14.344,168
6.228,0.366,-14.345,166
6.229,0.355,-14.347,164
6.228,0.344,-14.344,166
6.228,0.333,-14.345,166
6.228,0.323,-14.344,60
6.229,0.312,-14.346,55
6.228,0.301,-14.345,57
6.229,0.29,-14.347,61
6.229,0.279,-14.345,54
6.229,0.268,-14.347,56
6.229,0.257,-14.347,60
6.229,0.246,-14.346,56
6.232,0.235,-14.353,50
6.232,0.224,-14.353,52
6.231,0.213,-14.351,58
6.232,0.203,-14.354,56
6.232,0.192,-14.352,167
6.231,0.181,-14.351,165
6.233,0.17,-14.356,163
6.232,0.159,-14.354,163
6.234,0.148,-14.358,165
6.235,0.137,-14.359,104
6.233,0.126,-14.356,56
6.233,0.115,-14.355,62
6.233,0.104,-14.356,149
6.233,0.093,-14.356,168
6.232,0.083,-14.354,164
6.232,0.072,-14.354,167
6.232,0.06,-14.352,170
6.234,0.049,-14.356,166
6.232,0.038,-14.352,165
6.232,0.028,-14.352,168
6.232,0.017,-14.353,163
6.233,0.006,-14.355,166
6.24,0.478,-14.339,56
6.239,0.402,-14.336,164
6.24,0.391,-14.337,167
6.241,0.38,-14.34,175
6.241,0.369,-14.34,165
6.241,0.358,-14.34,170
6.242,0.347,-14.343,164
6.241,0.336,-14.34,159
6.243,0.325,-14.344,57
6.243,0.314,-14.345,57
6.243,0.303,-14.344,51
6.242,0.293,-14.342,59
6.243,0.282,-14.344,56
6.242,0.271,-14.342,49
6.243,0.26,-14.344,51
6.242,0.249,-14.343,50
6.243,0.238,-14.344,52
6.244,0.227,-14.345,51
6.245,0.216,-14.347,59
6.245,0.205,-14.348,49
6.246,0.194,-14.351,136
6.244,0.184,-14.347,173
6.245,0.172,-14.348,170
6.245,0.162,-14.349,171
6.246,0.15,-14.351,169
6.248,0.14,-14.355,74
6.247,0.128,-14.352,52
6.246,0.118,-14.351,56
6.248,0.107,-14.356,66
6.246,0.096,-14.351,83
6.246,0.085,-14.351,171
6.245,0.074,-14.347,167
6.244,0.064,-14.346,168
6.245,0.052,-14.349,167
6.245,0.041,-14.348,164
6.243,0.031,-14.344,173
6.245,0.02,-14.348,163
6.245,0.009,-14.347,164
6.249,0.379,-14.337,167
6.249,0.357,-14.336,168
6.249,0.335,-14.338,168
6.251,0.324,-14.341,55
6.252,0.314,-14.342,51
6.252,0.303,-14.344,51
6.25,0.292,-14.34,55
6.252,0.28,-14.343,50
6.25,0.27,-14.338,55
6.252,0.259,-14.343,52
6.252,0.248,-14.342,60
6.252,0.237,-14.344,55
6.254,0.226,-14.347,52
6.252,0.215,-14.342,58
6.254,0.205,-14.347,58
6.252,0.193,-14.342,145
6.252,0.183,-14.343,170
6.253,0.171,-14.347,167
6.254,0.161,-14.347,166
6.256,0.15,-14.352,165
6.255,0.139,-14.349,57
6.256,0.128,-14.353,58
6.255,0.117,-14.35,65
6.256,0.106,-14.354,67
6.254,0.095,-14.348,63
6.254,0.084,-14.349,144
6.253,0.073,-14.347,170
6.254,0.062,-14.347,170
6.253,0.051,-14.346,163
6.253,0.04,-14.346,174
6.252,0.03,-14.343,171
6.252,0.019,-14.344,168
6.252,0.008,-14.344,162
6.26,0.327,-14.337,67
6.26,0.316,-14.337,56
6.261,0.306,-14.34,52
6.261,0.294,-14.338,51
6.261,0.283,-14.339,97
6.261,0.273,-14.338,97
6.263,0.262,-14.342,103
6.261,0.25,-14.338,92
6.262,0.24,-14.34,56
6.261,0.229,-14.339,58
6.262,0.218,-14.34,52
6.262,0.207,-14.341,57
6.264,0.196,-14.345,130
6.262,0.185,-14.341,167
6.263,0.175,-14.342,166
6.263,0.163,-14.342,167
6.264,0.153,-14.344,162
6.265,0.141,-14.347,165
6.266,0.131,-14.348,133
6.265,0.12,-14.346,66
6.266,0.109,-14.349,69
6.264,0.098,-14.345,64
6.264,0.087,-14.344,70
6.263,0.076,-14.343,175
6.263,0.065,-14.342,170
6.262,0.054,-14.341,173
6.262,0.043,-14.341,166
6.262,0.032,-14.34,163
6.262,0.021,-14.34,165
6.261,0.011,-14.337,171
6.276,0.286,-14.337,167
6.276,0.275,-14.336,164
6.277,0.253,-14.339,138
6.276,0.242,-14.337,53
6.276,0.221,-14.337,54
6.276,0.188,-14.337,167
6.277,0.166,-14.338,172
6.277,0.155,-14.338,166
6.277,0.144,-14.34,167
6.278,0.133,-14.34,164
6.279,0.122,-14.343,159
6.28,0.111,-14.347,68
6.277,0.1,-14.34,70
6.278,0.089,-14.34,64
6.278,0.078,-14.341,145
6.279,0.067,-14.342,164
6.276,0.056,-14.336,172
6.276,0.045,-14.337,164
6.286,0.218,-14.336,62
6.286,0.196,-14.337,165
6.286,0.175,-14.337,165
6.286,0.163,-14.336,168
6.286,0.153,-14.337,170
6.286,0.141,-14.338,168
6.286,0.131,-14.336,171
6.287,0.12,-14.338,155
6.287,0.109,-14.339,70
6.287,0.098,-14.339,65
6.287,0.087,-14.339,67
6.286,0.065,-14.336,164
6.287,0.054,-14.339,167
6.297,0.124,-14.339,113
6.297,0.113,-14.338,66
6.297,0.091,-14.337,65
6.073,0.293,-14.398,24
6.071,0.282,-14.394,91
6.07,0.271,-14.392,103
6.07,0.26,-14.392,111
6.069,0.249,-14.389,162
6.07,0.238,-14.393,134
6.071,0.228,-14.394,123
6.072,0.216,-14.397,132
6.073,0.206,-14.399,123
6.071,0.194,-14.396,96
6.072,0.184,-14.397,112
6.074,0.173,-14.4,94
6.074,0.162,-14.4,95
6.074,0.151,-14.401,75
6.074,0.14,-14.401,75
6.075,0.129,-14.404,71
6.075,0.119,-14.403,20
6.08,0.317,-14.384,59
6.082,0.306,-14.388,91
6.081,0.296,-14.385,132
6.08,0.285,-14.382,143
6.08,0.273,-14.384,128
6.08,0.263,-14.383,77
6.083,0.252,-14.39,105
6.083,0.241,-14.39,132
6.084,0.23,-14.392,142
6.083,0.219,-14.391,145
6.083,0.208,-14.389,152
6.083,0.198,-14.391,159
6.084,0.186,-14.392,155
6.084,0.176,-14.392,141
6.086,0.165,-14.397,113
6.085,0.154,-14.395,84
6.085,0.143,-14.395,70
6.086,0.132,-14.397,105
6.086,0.121,-14.398,88
6.089,0.11,-14.403,63
6.087,0.099,-14.4,71
6.094,0.347,-14.39,19
6.091,0.335,-14.384,85
6.09,0.324,-14.381,111
6.091,0.313,-14.385,133
6.09,0.302,-14.383,73
6.091,0.292,-14.385,131
6.091,0.281,-14.384,157
6.091,0.27,-14.384,158
6.09,0.259,-14.382,159
6.091,0.248,-14.385,155
6.091,0.237,-14.384,162
6.091,0.226,-14.385,163
6.091,0.215,-14.385,169
6.092,0.204,-14.385,158
6.09,0.193,-14.383,158
6.094,0.182,-14.39,170
6.095,0.172,-14.394,165
6.095,0.161,-14.393,168
6.095,0.15,-14.394,159
6.095,0.139,-14.392,163
6.095,0.128,-14.394,148
6.097,0.117,-14.398,110
6.097,0.106,-14.399,69
6.096,0.095,-14.396,94
6.097,0.084,-14.399,69
6.099,0.073,-14.403,78
6.1,0.361,-14.379,59
6.1,0.35,-14.379,81
6.1,0.339,-14.378,134
6.1,0.329,-14.378,65
6.101,0.317,-14.38,142
6.099,0.306,-14.377,162
6.098,0.296,-14.375,157
6.101,0.285,-14.381,164
6.099,0.273,-14.377,157
6.1,0.263,-14.379,161
6.1,0.252,-14.38,164
6.102,0.241,-14.383,162
6.099,0.23,-14.377,156
6.103,0.219,-14.387,166
6.103,0.208,-14.386,165
6.104,0.198,-14.388,164
6.107,0.187,-14.395,164
6.103,0.176,-14.387,166
6.104,0.164,-14.389,160
6.105,0.154,-14.391,166
6.103,0.143,-14.387,162
6.106,0.132,-14.392,167
6.106,0.121,-14.392,169
6.105,0.11,-14.391,159
6.106,0.099,-14.393,160
6.107,0.089,-14.396,107
6.107,0.078,-14.395,74
6.106,0.067,-14.394,58
6.109,0.056,-14.399,64
6.112,0.376,-14.375,68
6.111,0.365,-14.373,107
6.112,0.354,-14.375,97
6.112,0.343,-14.375,116
6.112,0.332,-14.375,158
6.112,0.321,-14.374,159
6.111,0.31,-14.373,154
6.111,0.299,-14.373,157
6.112,0.289,-14.375,165
6.112,0.278,-14.374,171
6.112,0.266,-14.375,162
6.113,0.256,-14.377,157
6.113,0.245,-14.377,163
6.114,0.234,-14.378,162
6.114,0.223,-14.38,161
6.114,0.212,-14.379,167
6.115,0.201,-14.382,163
6.116,0.191,-14.384,163
6.117,0.18,-14.387,165
6.118,0.169,-14.388,159
6.117,0.158,-14.385,160
6.117,0.147,-14.387,159
6.116,0.136,-14.384,164
6.116,0.125,-14.384,162
6.119,0.114,-14.39,163
6.117,0.103,-14.387,161
6.119,0.092,-14.389,160
6.118,0.081,-14.387,154
6.121,0.071,-14.395,129
6.12,0.06,-14.393,79
6.12,0.049,-14.392,54
6.122,0.038,-14.396,74
6.122,0.395,-14.374,34
6.122,0.384,-14.372,70
6.121,0.373,-14.37,109
6.122,0.363,-14.373,115
6.121,0.351,-14.37,164
6.121,0.34,-14.37,164
6.122,0.33,-14.372,163
6.121,0.319,-14.37,163
6.12,0.308,-14.368,160
6.122,0.297,-14.372,170
6.123,0.286,-14.374,164
6.121,0.275,-14.37,160
6.123,0.264,-14.374,163
6.123,0.254,-14.375,162
6.125,0.243,-14.378,163
6.123,0.231,-14.375,161
6.125,0.221,-14.378,159
6.126,0.21,-14.381,158
6.126,0.199,-14.381,162
6.126,0.188,-14.381,162
6.126,0.177,-14.38,160
6.127,0.166,-14.383,166
6.126,0.155,-14.382,166
6.127,0.145,-14.383,166
6.126,0.133,-14.38,165
6.128,0.123,-14.385,162
6.128,0.112,-14.385,154
6.128,0.101,-14.386,164
6.129,0.09,-14.388,157
6.128,0.079,-14.387,164
6.129,0.068,-14.389,163
6.129,0.057,-14.388,151
6.131,0.046,-14.394,77
6.132,0.036,-14.395,78
6.134,0.024,-14.399,73
6.13,0.4,-14.367,64
6.13,0.389,-14.366,114
6.131,0.379,-14.369,91
6.13,0.368,-14.368,159
6.129,0.357,-14.365,157
6.13,0.346,-14.367,162
6.13,0.335,-14.366,156
6.129,0.324,-14.365,158
6.131,0.313,-14.369,158
6.13,0.302,-14.367,162
6.132,0.292,-14.371,165
6.131,0.28,-14.369,166
6.132,0.269,-14.372,156
6.133,0.259,-14.373,159
6.133,0.248,-14.373,165
6.134,0.237,-14.375,162
6.134,0.226,-14.376,160
6.134,0.215,-14.374,162
6.134,0.204,-14.375,163
6.136,0.193,-14.38,163
6.134,0.183,-14.376,157
6.136,0.171,-14.382,161
6.135,0.161,-14.378,166
6.139,0.149,-14.386,161
6.136,0.139,-14.381,167
6.137,0.128,-14.382,157
6.137,0.117,-14.382,166
6.139,0.106,-14.386,166
6.137,0.095,-14.382,159
6.139,0.084,-14.387,162
6.138,0.073,-14.385,160
6.14,0.063,-14.389,160
6.143,0.384,-14.361,150
6.143,0.373,-14.361,166
6.144,0.351,-14.362,158
6.14,0.052,-14.388,166
6.14,0.041,-14.389,144
6.139,0.03,-14.387,142
6.14,0.019,-14.389,73
6.142,0.008,-14.394,57
6.143,0.406,-14.362,100
14.694,1.095,-32.409,31
14.698,1.095,-32.358,51
14.709,1.105,-32.255,25
16.628,1.1,-40.278,21
16.61,1.069,-40.234,42
20.841,1.906,-49.14,71
20.845,1.383,-49.149,82
20.882,1.845,-49.123,63
20.877,1.656,-49.111,66
20.906,1.91,-49.091,70
20.892,1.871,-49.059,76
20.913,1.798,-49.106,72
20.902,1.686,-49.081,59
20.928,1.351,-49.142,67
20.954,1.89,-49.119,77
20.913,1.851,-49.024,72
20.955,1.668,-49.122,82
21.006,1.911,-49.117,68
20.994,1.872,-49.091,67
20.979,1.834,-49.054,51
21,1.649,-49.102,71
20.997,1.939,-49.019,73
21.011,1.903,-49.052,73
21.021,1.681,-49.076,49
21.024,1.644,-49.082,61
21.039,1.607,-49.118,48
21.028,1.531,-49.092,61
21.051,1.459,-49.144,32
21.049,1.959,-49.053,76
21.027,1.919,-49.001,81
21.027,1.881,-49,85
21.091,1.738,-49.151,56
21.063,1.625,-49.083,68
21.073,1.55,-49.107,55
21.096,1.964,-49.047,56
21.063,1.925,-48.97,88
21.093,1.89,-49.041,65
21.117,1.855,-49.095,72
21.132,2.042,-49.051,69
21.127,2.004,-49.041,79
21.108,1.927,-48.998,81
21.091,1.888,-48.957,36
21.073,1.849,-48.915,73
21.153,1.669,-49.1,74
21.146,1.633,-49.085,76
21.124,1.593,-49.034,81
21.187,2.095,-49.089,32
21.174,2.056,-49.061,61
21.19,2.02,-49.097,74
21.106,1.901,-48.902,78
21.177,1.646,-49.066,37
21.147,1.606,-48.996,71
21.23,2.066,-49.081,70
21.189,2.024,-48.985,76
21.216,1.989,-49.048,30
21.204,1.652,-49.019,74
21.189,1.613,-48.984,73
21.278,2.102,-49.118,64
21.258,2.062,-49.071,67
21.235,2.022,-49.018,70
21.282,1.69,-49.126,27
21.236,1.649,-49.019,78
21.226,1.61,-48.996,34
21.329,2.079,-49.137,26
21.262,2.034,-48.982,76
21.302,2,-49.074,70
21.358,1.674,-49.085,61
21.411,2.011,-49.133,21
21.39,1.971,-49.086,68
21.386,1.933,-49.076,57
21.391,1.672,-49.087,63
21.419,2.018,-49.062,58
21.396,1.979,-49.011,67
21.413,1.942,-49.049,84
21.419,1.905,-49.063,84
21.495,2.028,-49.115,38
21.459,1.987,-49.033,62
21.449,1.95,-49.012,80
21.486,2.018,-49.016,51
21.502,1.944,-49.052,65
21.108,1.84,-47.343,66
21.114,1.804,-47.356,38
21.116,1.77,-47.36,38
21.094,1.658,-47.31,16
21.136,1.852,-47.323,45
21.135,1.814,-47.319,48
21.139,1.778,-47.328,68
21.156,1.743,-47.367,68
21.119,1.855,-47.175,50
21.15,1.823,-47.245,25
21.177,1.788,-47.305,46
21.202,1.754,-47.36,77
21.18,1.716,-47.312,64
21.17,1.865,-47.218,28
21.175,1.829,-47.228,67
21.205,1.795,-47.296,47
21.195,1.758,-47.274,47
21.219,1.724,-47.328,65
21.165,1.684,-47.207,65
21.167,1.647,-47.21,35
21.177,1.911,-47.151,32
21.244,1.846,-47.3,39
21.227,1.808,-47.262,17
21.228,1.772,-47.263,32
21.256,1.737,-47.326,66
21.19,1.696,-47.179,73
21.198,1.661,-47.198,67
21.362,2.005,-47.457,31
21.37,1.971,-47.473,45
21.381,1.935,-47.498,45
21.257,1.887,-47.222,24
21.253,1.85,-47.212,69
21.25,1.814,-47.205,76
21.302,1.783,-47.322,22
21.282,1.745,-47.277,52
21.267,1.707,-47.244,63
21.278,1.672,-47.267,70
21.317,1.638,-47.355,20
21.4,1.994,-47.468,31
21.376,1.955,-47.412,67
21.379,1.919,-47.419,41
21.275,1.873,-47.188,91
21.267,1.837,-47.171,71
21.293,1.803,-47.228,49
21.312,1.768,-47.27,54
21.278,1.729,-47.194,74
21.319,1.696,-47.284,78
21.21,1.652,-47.043,68
21.192,1.614,-47.003,62
21.432,1.999,-47.456,59
21.417,1.962,-47.424,42
21.242,1.91,-47.035,72
21.252,1.874,-47.059,47
21.218,1.835,-46.982,48
21.301,1.806,-47.166,77
21.355,1.775,-47.286,56
21.374,1.74,-47.329,65
21.382,1.704,-47.347,60
21.264,1.658,-47.083,45
21.268,1.622,-47.092,51
21.299,1.59,-47.162,42
21.501,2.085,-47.501,47
21.277,1.954,-47.007,52
21.294,1.919,-47.044,66
21.269,1.882,-46.989,70
21.238,1.843,-46.92,61
21.43,1.823,-47.343,43
21.414,1.786,-47.31,55
21.419,1.749,-47.32,75
21.368,1.709,-47.207,66
21.305,1.669,-47.069,70
21.25,1.628,-46.945,68
21.442,1.606,-47.371,73
21.551,2.152,-47.534,45
21.527,2.114,-47.479,44
21.529,2.077,-47.486,72
21.529,2.04,-47.485,70
21.528,2.005,-47.484,66
21.282,1.946,-46.94,60
21.239,1.906,-46.846,77
21.293,1.874,-46.965,87
21.373,1.844,-47.14,71
21.454,1.815,-47.318,25
21.408,1.776,-47.218,57
21.366,1.736,-47.124,66
21.335,1.697,-47.056,72
21.301,1.658,-46.981,80
21.309,1.622,-47,80
21.501,1.602,-47.422,38
21.449,1.561,-47.308,30
21.277,1.909,-46.846,63
21.276,1.874,-46.843,72
21.336,1.843,-46.974,66
21.417,1.813,-47.153,56
21.426,1.778,-47.174,51
21.431,1.741,-47.183,13
21.472,1.71,-47.273,67
21.36,1.664,-47.027,77
21.343,1.627,-46.99,75
21.538,1.605,-47.418,28
21.549,1.569,-47.443,70
20.239,1.153,-49.025,24
20.163,1.113,-48.842,53
20.163,1.076,-48.84,21
19.445,0.245,-47.026,20
19.437,0.102,-47.007,14
25.684,2.447,-56.744,32
20.799,2.19,-50.805,28
20.73,2.03,-50.636,50
21.187,2.075,-51.751,21
21.237,2.04,-51.874,34
21.063,1.985,-51.449,39
21.153,1.955,-51.668,58
21.181,1.919,-51.736,62
20.821,1.847,-50.858,52
21.557,1.873,-52.655,53
21.004,1.785,-51.304,65
21.531,1.83,-52.592,46
21.531,1.792,-52.592,37
21.462,1.746,-52.424,67
21.692,1.725,-52.984,58
20.738,2.006,-50.535,34
21.192,2.05,-51.642,31
21.18,2.009,-51.612,68
21.189,1.971,-51.635,55
21.21,1.934,-51.686,57
21.233,1.898,-51.74,75
21.236,1.859,-51.748,59
21.045,1.803,-51.284,29
21.704,1.859,-52.889,39
21.222,1.778,-51.715,61
21.58,1.809,-52.586,56
21.661,1.775,-52.783,54
21.729,1.74,-52.948,55
20.673,1.085,-50.374,57
20.67,1.046,-50.368,69
20.675,1.01,-50.38,40
20.674,0.971,-50.376,31
21.603,1.015,-52.641,45
20.673,0.933,-50.374,19
21.67,0.979,-52.803,30
20.68,0.895,-50.391,18
21.669,0.938,-52.8,27
20.675,0.857,-50.379,14
21.661,0.898,-52.782,42
20.671,0.82,-50.37,19
21.667,0.859,-52.795,26
21.676,0.82,-52.818,19
20.67,0.743,-50.366,42
21.666,0.779,-52.793,23
21.677,0.739,-52.82,25
21.686,0.661,-52.842,36
21.693,0.621,-52.859,24
21.687,0.581,-52.844,23
21.69,0.54,-52.852,40
21.688,0.5,-52.847,21
21.688,0.46,-52.847,24
21.685,0.421,-52.839,34
21.695,0.381,-52.864,33
21.699,0.341,-52.873,18
21.267,2.01,-51.735,56
21.232,1.969,-51.652,74
20.738,1.885,-50.449,31
21.222,1.929,-51.626,47
20.729,1.846,-50.428,38
21.392,1.905,-52.039,57
20.737,1.808,-50.447,57
20.794,1.775,-50.585,45
21.24,1.813,-51.67,30
21.713,1.853,-52.82,19
21.742,1.816,-52.89,48
21.733,1.776,-52.869,57
21.576,1.723,-52.488,70
21.604,1.685,-52.556,36
20.697,1.082,-50.348,30
20.684,1.043,-50.315,65
20.684,1.005,-50.317,57
20.683,0.967,-50.313,48
20.684,0.93,-50.315,54
21.611,0.972,-52.57,29
20.679,0.891,-50.304,53
20.684,0.854,-50.316,32
20.68,0.815,-50.306,54
21.614,0.852,-52.579,20
20.687,0.777,-50.323,47
21.587,0.811,-52.514,24
20.688,0.739,-50.325,18
20.689,0.702,-50.327,46
21.597,0.733,-52.536,34
21.613,0.693,-52.575,27
21.611,0.613,-52.57,34
20.693,0.549,-50.337,49
21.619,0.574,-52.59,24
21.648,0.536,-52.659,19
20.69,0.474,-50.329,43
21.628,0.495,-52.611,25
21.628,0.456,-52.611,33
21.642,0.416,-52.645,24
21.622,0.375,-52.596,34
21.633,0.338,-52.624,39
20.698,0.285,-50.349,25
21.638,0.298,-52.636,23
21.639,0.257,-52.638,32
20.705,0.208,-50.365,32
21.625,0.217,-52.603,30
21.642,0.177,-52.646,27
20.696,0.132,-50.343,29
21.622,0.137,-52.597,17
21.626,0.099,-52.607,37
20.705,0.056,-50.367,18
21.621,0.059,-52.593,29
20.711,0.018,-50.379,27
21.632,0.019,-52.621,17
20.79,1.98,-50.489,29
20.852,1.947,-50.64,64
20.767,1.901,-50.434,64
20.731,1.861,-50.345,19
21.42,1.923,-52.02,56
20.785,1.827,-50.478,51
21.399,1.882,-51.97,19
20.789,1.789,-50.486,74
20.795,1.751,-50.501,31
21.791,1.835,-52.919,17
20.787,1.712,-50.482,36
21.809,1.796,-52.963,51
20.845,1.68,-50.622,41
21.771,1.755,-52.871,70
21.613,1.702,-52.488,47
20.756,1.558,-50.404,43
20.754,1.519,-50.4,59
21.354,1.367,-51.856,45
20.704,1.098,-50.279,25
20.702,1.061,-50.275,68
20.704,1.023,-50.278,75
20.703,0.984,-50.277,90
20.703,0.946,-50.276,84
20.706,0.908,-50.284,70
20.702,0.869,-50.273,75
20.705,0.833,-50.28,79
20.705,0.795,-50.281,80
20.705,0.757,-50.282,85
20.707,0.718,-50.285,69
20.706,0.68,-50.282,78
20.707,0.643,-50.285,82
20.706,0.605,-50.283,79
20.708,0.567,-50.287,83
20.709,0.529,-50.291,71
20.708,0.491,-50.287,83
20.708,0.453,-50.287,87
20.707,0.415,-50.285,61
20.711,0.377,-50.294,56
21.469,0.391,-52.135,20
20.708,0.339,-50.288,74
21.454,0.351,-52.098,49
20.709,0.3,-50.291,56
21.465,0.311,-52.124,31
20.711,0.262,-50.293,62
21.456,0.272,-52.103,33
20.712,0.226,-50.296,67
21.456,0.234,-52.103,50
20.716,0.188,-50.307,45
21.452,0.194,-52.094,52
20.709,0.149,-50.29,67
21.455,0.154,-52.099,54
20.709,0.111,-50.29,48
21.454,0.115,-52.099,63
20.717,0.072,-50.308,44
21.455,0.075,-52.102,55
20.712,0.036,-50.297,30
21.453,0.037,-52.095,66
20.839,1.952,-50.48,49
20.785,1.908,-50.349,29
21.301,1.955,-51.599,20
20.765,1.868,-50.303,73
20.829,1.835,-50.456,50
20.837,1.798,-50.476,46
20.83,1.76,-50.457,79
20.808,1.72,-50.404,78
20.876,1.687,-50.571,38
21.967,1.775,-53.214,18
20.865,1.648,-50.544,37
20.793,1.604,-50.368,58
20.793,1.566,-50.368,57
20.828,1.531,-50.454,48
21.368,1.452,-51.761,49
21.34,1.413,-51.693,45
21.336,1.373,-51.682,44
21.348,1.334,-51.711,48
20.754,1.069,-50.273,37
20.752,1.031,-50.268,64
20.752,0.993,-50.267,67
20.751,0.956,-50.265,65
20.731,0.916,-50.216,84
20.729,0.878,-50.21,76
20.732,0.84,-50.22,86
20.751,0.803,-50.264,74
20.75,0.766,-50.263,79
20.752,0.728,-50.266,81
20.75,0.689,-50.262,77
20.751,0.651,-50.265,75
20.749,0.613,-50.259,87
20.753,0.575,-50.269,76
20.75,0.538,-50.261,85
20.749,0.5,-50.259,92
20.752,0.461,-50.266,77
20.749,0.423,-50.259,90
20.749,0.385,-50.258,102
20.753,0.348,-50.27,42
20.749,0.31,-50.259,99
20.748,0.271,-50.257,104
20.75,0.233,-50.263,89
20.747,0.195,-50.255,98
20.749,0.158,-50.258,105
20.751,0.12,-50.263,86
20.747,0.082,-50.256,96
20.747,0.043,-50.255,106
20.748,0.005,-50.256,93
20.796,1.972,-50.297,52
20.803,1.934,-50.313,70
20.792,1.895,-50.287,73
20.786,1.858,-50.271,62
20.87,1.827,-50.475,47
21.497,1.882,-51.992,45
20.836,1.786,-50.391,57
20.827,1.747,-50.372,62
20.908,1.714,-50.566,43
20.91,1.678,-50.571,30
20.792,0.452,-50.284,20
20.798,0.414,-50.297,18
20.794,0.262,-50.287,37
20.784,0.224,-50.262,47
20.795,0.186,-50.29,34
20.783,0.147,-50.262,49
20.784,0.109,-50.264,64
20.782,0.071,-50.258,58
20.782,0.034,-50.259,64
20.983,2.171,-50.353,29
20.992,1.944,-50.373,26
20.971,1.904,-50.324,52
20.926,1.862,-50.215,53
21.624,1.923,-51.889,32
20.941,1.824,-50.251,55
21.603,1.882,-51.839,54
20.962,1.788,-50.3,84
20.954,1.75,-50.281,81
20.983,1.715,-50.352,74
20.721,1.655,-49.721,50
21.552,1.682,-51.717,49
20.985,1.524,-50.355,24
20.962,1.484,-50.302,53
20.968,1.446,-50.315,61
20.964,1.408,-50.305,83
20.992,1.371,-50.373,71
21.466,1.286,-51.51,45
21.009,2.184,-50.292,50
21.572,2.242,-51.639,32
22.057,2.253,-52.802,14
20.988,1.914,-50.241,67
20.988,1.878,-50.241,60
20.968,1.838,-50.194,73
20.972,1.8,-50.202,74
20.992,1.763,-50.251,61
22.173,1.862,-53.079,39
20.739,1.704,-49.645,60
21.015,1.727,-50.305,55
20.727,1.665,-49.615,61
20.755,1.631,-49.682,48
20.758,1.556,-49.69,32
20.947,1.531,-50.142,50
21.01,1.498,-50.293,65
21.023,1.462,-50.323,83
21.01,1.422,-50.292,83
21.009,1.384,-50.29,26
21.06,2.188,-50.329,58
21.898,2.275,-52.331,41
21.049,2.149,-50.301,48
21.877,1.995,-52.28,52
21.773,1.946,-52.031,70
20.999,1.839,-50.181,70
20.989,1.799,-50.157,78
21.014,1.765,-50.217,69
21.854,1.836,-52.223,51
20.719,1.702,-49.511,65
20.76,1.668,-49.61,67
20.759,1.63,-49.607,80
20.716,1.589,-49.503,73
20.739,1.554,-49.558,64
21.05,1.501,-50.302,34
21.056,1.463,-50.317,27
21.061,1.424,-50.328,72
21.455,2.234,-51.182,55
21.461,2.195,-51.197,65
21.885,2.001,-52.208,59
21.858,1.96,-52.143,78
20.852,1.832,-49.743,33
21.919,1.926,-52.289,53
21.034,1.81,-50.179,74
21.048,1.772,-50.211,77
20.746,1.709,-49.489,62
21.807,1.797,-52.021,26
20.764,1.674,-49.533,54
20.837,1.643,-49.709,74
20.793,1.601,-49.603,64
20.707,1.557,-49.398,62
21.09,1.547,-50.312,48
21.076,1.508,-50.278,73
21.513,2.237,-51.195,79
21.146,2.16,-50.322,42
21.579,2.204,-51.352,56
20.964,2.103,-49.888,33
20.857,2.055,-49.634,20
22.233,2.19,-52.909,14
20.874,1.944,-49.674,44
20.921,1.91,-49.786,39
22.292,2.035,-53.049,46
20.868,1.867,-49.659,42
21.952,1.964,-52.239,50
20.881,1.831,-49.689,44
21.929,1.923,-52.185,40
20.816,1.788,-49.536,61
20.803,1.75,-49.506,66
20.817,1.713,-49.538,61
20.798,1.673,-49.492,73
20.757,1.633,-49.395,67
20.797,1.598,-49.491,74
20.778,1.56,-49.446,73
20.771,1.522,-49.428,26
20.771,1.484,-49.428,43
21.101,1.508,-50.213,43
20.715,1.442,-49.293,34
20.718,1.405,-49.302,27
20.921,2.123,-49.705,52
21.626,2.195,-51.382,38
20.878,2.082,-49.603,54
20.787,2.036,-49.386,46
22.279,2.182,-52.931,44
20.846,2.003,-49.528,50
20.916,1.972,-49.693,24
21.063,1.948,-50.042,48
22.245,2.057,-52.85,19
20.859,1.891,-49.557,57
20.837,1.853,-49.507,66
20.918,1.822,-49.698,65
20.851,1.778,-49.537,80
20.86,1.742,-49.561,75
20.809,1.699,-49.44,81
20.868,1.668,-49.579,69
20.76,1.621,-49.32,80
20.781,1.586,-49.371,75
20.776,1.547,-49.36,54
21.142,1.574,-50.229,59
20.833,1.514,-49.495,34
21.171,1.538,-50.299,48
20.77,1.473,-49.345,74
20.747,1.434,-49.29,59
20.848,1.403,-49.53,23
21.653,2.213,-51.352,76
20.805,2.088,-49.34,55
21.667,2.175,-51.386,15
20.792,2.049,-49.309,57
20.878,2.02,-49.514,65
20.868,1.983,-49.491,68
20.902,1.948,-49.569,66
20.855,1.906,-49.458,80
20.801,1.863,-49.332,61
20.817,1.827,-49.368,67
20.773,1.787,-49.265,77
20.786,1.75,-49.296,84
20.815,1.715,-49.363,72
20.88,1.683,-49.518,49
20.82,1.64,-49.375,77
20.844,1.606,-49.431,79
20.814,1.566,-49.361,73
20.811,1.528,-49.354,63
21.22,1.52,-50.325,29
20.774,1.45,-49.266,57
20.815,1.415,-49.363,60
20.798,1.378,-49.323,70
20.792,1.339,-49.307,60
20.786,2.129,-49.186,24
20.879,2.103,-49.407,60
20.84,2.061,-49.311,68
20.917,2.031,-49.494,71
20.875,1.989,-49.396,81
20.926,1.956,-49.515,69
20.916,1.918,-49.492,81
20.883,1.878,-49.413,82
20.811,1.834,-49.244,67
20.841,1.798,-49.314,67
20.837,1.76,-49.305,72
20.955,1.733,-49.584,51
20.98,1.698,-49.645,60
20.866,1.651,-49.373,77
20.882,1.615,-49.412,61
20.867,1.576,-49.375,86
20.88,1.539,-49.407,57
20.903,1.505,-49.46,32
20.798,1.459,-49.211,73
20.828,1.424,-49.283,69
20.839,1.387,-49.308,70
20.911,1.354,-49.478,49
21.076,2.181,-49.784,29
22.278,2.306,-52.624,54
20.961,2.131,-49.513,36
22.378,2.275,-52.859,16
20.917,2.089,-49.409,64
20.834,2.043,-49.212,58
20.898,2.013,-49.363,63
20.936,1.979,-49.453,61
20.904,1.938,-49.378,76
20.879,1.898,-49.32,73
20.83,1.856,-49.202,73
20.912,1.826,-49.397,79
20.861,1.785,-49.275,75
20.88,1.749,-49.321,74
21.029,1.723,-49.674,68
20.99,1.682,-49.58,49
20.966,1.642,-49.524,30
21.822,1.709,-51.544,45
20.967,1.606,-49.525,41
21.249,1.589,-50.192,71
21.268,1.552,-50.236,46
20.985,1.494,-49.568,51
21.244,1.512,-50.18,53
20.84,1.446,-49.225,74
20.832,1.409,-49.207,83
20.84,1.372,-49.225,79
20.937,1.34,-49.454,79
20.977,1.305,-49.549,16
21.098,2.154,-49.746,48
20.939,2.102,-49.372,64
20.898,2.06,-49.275,62
20.992,2.031,-49.496,61
20.961,1.99,-49.423,77
20.854,1.943,-49.171,70
20.884,1.872,-49.242,58
20.904,1.836,-49.287,74
20.884,1.796,-49.241,72
20.914,1.762,-49.311,71
20.961,1.729,-49.423,67
20.954,1.691,-49.405,47
21.048,1.66,-49.627,28
21.868,1.725,-51.561,70
21.018,1.62,-49.556,75
20.894,1.573,-49.265,85
20.963,1.54,-49.426,67
20.939,1.502,-49.37,54
20.956,1.466,-49.411,52
20.902,1.424,-49.282,63
20.981,1.354,-49.47,65
20.979,1.318,-49.463,71
20.982,1.28,-49.47,27
21.107,2.165,-49.653,58
21.007,2.118,-49.418,44
20.957,2.075,-49.3,73
20.969,2.04,-49.329,70
20.978,2.003,-49.35,34
21.908,2.092,-51.538,30
20.928,1.961,-49.232,70
20.911,1.921,-49.192,49
20.921,1.885,-49.214,52
20.902,1.809,-49.169,71
20.915,1.773,-49.201,80
20.995,1.742,-49.388,85
20.947,1.7,-49.275,76
21.915,1.701,-51.552,39
21.097,1.599,-49.627,67
20.933,1.549,-49.241,35
20.984,1.515,-49.362,36
20.935,1.438,-49.248,73
20.942,1.401,-49.263,67
20.906,1.361,-49.179,77
21.003,1.329,-49.407,63
21.06,2.15,-49.453,69
20.993,2.105,-49.295,67
20.998,2.068,-49.308,79
21.041,2.034,-49.41,69
21.014,1.993,-49.346,71
20.952,1.95,-49.2,43
22.059,2.053,-51.799,41
20.96,1.839,-49.218,76
21.037,1.77,-49.397,53
21.957,1.848,-51.558,37
20.972,1.729,-49.246,16
21.004,1.618,-49.32,18
21.943,1.691,-51.526,72
20.99,1.579,-49.288,42
21.045,1.51,-49.418,38
20.98,1.467,-49.264,66
20.967,1.429,-49.234,51
20.947,1.39,-49.187,82
21.147,2.172,-49.573,58
21.007,2.12,-49.243,67
20.995,2.082,-49.217,68
21.042,2.05,-49.326,66
21.176,2.025,-49.639,58
21.211,1.99,-49.722,70
20.97,1.93,-49.158,65
21.02,1.823,-49.273,59
21.969,1.905,-51.5,61
21.972,1.866,-51.507,84
20.988,1.707,-49.2,23
21.988,1.788,-51.542,45
20.985,1.633,-49.192,61
21.009,1.597,-49.247,74
21.017,1.56,-49.266,46
21.075,1.526,-49.403,47
21.011,1.484,-49.254,75
21.01,1.448,-49.249,31
21.015,1.411,-49.261,47
21.138,2.148,-49.428,61
21.159,2.113,-49.477,75
21.027,2.062,-49.167,66
21.164,2.037,-49.488,46
21.979,2.116,-51.393,21
21.136,1.999,-49.423,48
22.094,2.089,-51.661,25
21.054,1.953,-49.229,52
21.932,2.034,-51.283,40
22.045,1.926,-51.547,49
22.032,1.888,-51.518,78
22.051,1.85,-51.56,64
22.054,1.811,-51.568,51
21.098,1.694,-49.333,32
21.025,1.613,-49.161,69
21.06,1.58,-49.242,62
21.11,1.546,-49.36,41
21.122,2.138,-49.313,58
21.179,2.108,-49.444,56
21.096,2.062,-49.25,42
22.11,2.161,-51.618,46
21.098,2.024,-49.256,52
22.048,2.115,-51.473,53
21.083,1.985,-49.22,58
21.094,1.875,-49.247,46
21.169,1.843,-49.42,60
22.029,1.918,-51.429,24
21.32,1.818,-49.774,38
22.034,1.879,-51.441,60
22.051,1.841,-51.479,23
21.178,1.73,-49.442,37
22.093,1.805,-51.578,21
21.089,1.574,-49.233,74
21.107,1.501,-49.275,48
21.199,2.16,-49.403,61
22.134,2.256,-51.581,27
21.236,2.126,-49.489,62
21.165,2.081,-49.323,54
21.143,2.041,-49.272,63
22.117,2.135,-51.542,31
21.153,2.006,-49.295,61
22.16,2.102,-51.641,31
21.128,1.852,-49.235,27
22.094,1.9,-51.488,69
21.336,1.796,-49.721,71
22.066,1.858,-51.423,55
22.097,1.821,-51.493,74
21.127,1.703,-49.234,55
21.108,1.664,-49.188,53
21.162,1.594,-49.315,56
21.216,2.163,-49.328,45
22.177,2.261,-51.562,67
21.265,2.132,-49.442,71
21.239,2.091,-49.381,73
21.19,2.048,-49.266,63
21.198,2.011,-49.284,70
22.142,2.061,-51.478,43
21.228,1.826,-49.354,44
21.153,1.782,-49.179,58
22.105,1.862,-51.394,55
21.392,1.764,-49.734,68
21.254,1.641,-49.414,53
21.238,1.602,-49.377,61
21.142,1.556,-49.152,80
21.16,1.522,-49.194,17
21.27,2.168,-49.374,30
22.247,2.267,-51.64,44
21.276,2.092,-49.388,57
21.217,1.975,-49.251,77
21.363,1.724,-49.588,66
21.316,1.57,-49.479,42
22.241,2.277,-51.532,77
22.258,2.241,-51.573,64
22.2,2.077,-51.437,32
22.222,2.041,-51.487,68
21.219,1.874,-49.163,28
21.231,1.837,-49.19,27
21.428,1.704,-49.648,60
22.345,2.291,-51.658,37
21.294,2.146,-49.229,39
22.337,2.251,-51.64,56
21.278,2.106,-49.191,40
22.351,2.213,-51.673,41
22.243,2.085,-51.421,52
21.288,1.958,-49.215,72
21.293,1.921,-49.227,82
21.305,1.885,-49.254,67
21.27,1.769,-49.173,16
22.367,2.289,-51.632,44
21.309,1.991,-49.189,52
21.32,1.956,-49.214,64
21.327,1.919,-49.23,73
21.39,2.159,-49.277,29
21.346,1.967,-49.175,59
21.342,1.929,-49.167,58
21.372,1.895,-49.237,44
21.352,1.707,-49.19,16
21.562,1.647,-49.672,23
21.392,1.978,-49.162,18
21.415,1.83,-49.215,19
21.413,1.792,-49.21,31
21.445,1.788,-49.211,14
21.432,1.713,-49.182,22
21.483,1.761,-49.209,19
23.503,1.998,-53.099,21
23.518,1.877,-53.135,18
23.535,1.988,-53.092,32
23.537,1.948,-53.098,51
23.529,1.906,-53.081,47
23.579,1.998,-53.099,41
23.603,1.959,-53.154,42
23.597,1.918,-53.142,62
23.577,1.875,-53.097,32
23.638,1.957,-53.102,41
23.66,1.919,-53.15,54
23.623,1.876,-53.068,52
23.65,1.941,-53.042,66
23.699,1.904,-53.153,39
23.74,1.917,-53.154,27
21.804,2.015,-53.259,38
22.867,1.721,-53.696,35
22.852,1.68,-53.66,40
22.91,1.701,-53.706,24
22.903,1.659,-53.688,54
22.958,1.844,-53.683,16
22.991,1.878,-53.674,39
22.996,1.757,-53.685,22
23.036,1.694,-53.681,57
23.164,1.706,-53.77,22
23.399,1.86,-54.215,41
23.472,1.994,-54.264,24
23.415,1.947,-54.131,22
23.467,1.91,-54.252,25
23.447,1.867,-54.205,53
23.497,2.031,-54.238,18
23.504,1.99,-54.255,58
23.469,1.947,-54.174,25
23.506,1.867,-54.258,30
23.516,2.044,-54.174,15
23.501,1.918,-54.141,33
23.532,1.88,-54.212,31
23.555,1.93,-54.133,24
23.575,1.89,-54.18,49
23.458,1.915,-53.832,25
23.437,1.873,-53.783,48
23.608,1.977,-54.078,27
23.482,1.925,-53.789,39
23.513,1.886,-53.858,45
23.643,1.941,-54.025,28
23.545,1.852,-53.801,36
24.058,2.395,-53.866,22
24.102,2.406,-53.84,27
24.116,2.366,-53.871,36
24.184,2.249,-54.021,17
24.038,2.153,-53.696,22
24.006,1.903,-53.624,43
24.127,2.414,-53.814,29
24.153,2.334,-53.871,16
24.226,2.257,-54.034,26
24.209,2.214,-53.995,69
24.116,2.166,-53.79,45
24.076,2.121,-53.701,35
24.183,2.389,-53.845,57
24.187,2.348,-53.853,61
24.164,2.306,-53.804,55
24.235,2.229,-53.96,14
24.188,2.183,-53.857,36
24.111,2.135,-53.683,48
24.11,2.095,-53.682,22
24.215,2.439,-53.794,25
24.311,2.407,-54.007,39
24.323,2.367,-54.035,72
24.207,2.314,-53.777,60
24.325,2.283,-54.038,27
24.27,2.238,-53.915,18
24.172,2.188,-53.698,19
24.158,2.145,-53.667,63
24.145,2.102,-53.638,30
24.192,1.859,-53.741,33
24.382,2.395,-54.081,54
24.306,2.348,-53.913,69
24.244,2.3,-53.774,62
24.311,2.265,-53.924,47
24.337,2.226,-53.981,21
24.203,2.172,-53.684,30
24.209,2.05,-53.697,49
24.2,2.007,-53.675,19
24.108,1.878,-53.473,18
24.472,2.45,-54.189,20
24.377,2.398,-53.979,56
24.296,2.349,-53.8,60
24.375,2.315,-53.975,36
24.324,2.269,-53.863,16
24.342,2.23,-53.901,34
24.202,2.135,-53.591,31
24.213,2.094,-53.614,29
24.243,2.055,-53.681,20
24.246,2.016,-53.688,35
24.211,1.971,-53.611,43
24.181,1.928,-53.543,28
24.146,1.883,-53.467,28
24.369,2.445,-53.839,31
24.353,2.401,-53.803,65
24.396,2.366,-53.898,31
24.375,2.322,-53.853,44
24.313,2.275,-53.714,67
24.261,2.064,-53.599,58
24.278,2.024,-53.638,52
24.484,2.446,-54.005,26
24.33,2.389,-53.665,56
24.339,2.348,-53.684,36
24.436,2.316,-53.897,14
24.388,2.271,-53.791,16
24.29,2.221,-53.576,35
24.316,2.057,-53.633,66
24.309,2.017,-53.618,33
24.303,1.975,-53.604,19
24.187,1.802,-53.347,47
14.417,1.31,-35.07,48
14.413,1.257,-35.061,30
14.444,1.375,-35.076,24
14.443,1.349,-35.074,19
14.431,1.295,-35.045,49
14.43,1.215,-35.043,51
14.439,1.189,-35.063,19
14.433,1.137,-35.049,45
14.431,1.11,-35.043,29
14.427,1.056,-35.033,44
14.431,1.03,-35.044,34
14.431,0.977,-35.044,31
14.425,0.95,-35.03,39
14.43,0.897,-35.042,32
14.426,0.871,-35.032,47
14.433,0.818,-35.049,29
14.427,0.791,-35.035,43
14.469,1.328,-35.049,52
14.461,1.247,-35.028,55
14.463,1.168,-35.034,33
14.465,1.09,-35.039,28
14.463,0.983,-35.033,30
14.467,0.931,-35.042,17
14.458,0.904,-35.021,38
14.471,0.851,-35.052,23
14.456,0.824,-35.016,49
14.461,0.771,-35.028,29
14.453,0.744,-35.008,49
14.463,0.692,-35.032,22
14.453,0.666,-35.009,50
14.465,0.613,-35.037,13
14.46,0.586,-35.025,12
14.464,0.534,-35.034,26
14.463,0.454,-35.033,31
14.469,0.375,-35.046,27
14.459,0.322,-35.022,38
14.467,0.295,-35.042,27
14.457,0.243,-35.017,90
14.455,0.216,-35.013,56
14.456,0.162,-35.014,50
14.467,0.136,-35.041,15
14.456,0.083,-35.014,41
14.468,0.057,-35.044,20
14.462,0.004,-35.028,39
14.488,1.347,-35.04,32
14.486,1.32,-35.034,36
14.486,1.295,-35.034,41
14.489,1.268,-35.04,39
14.482,1.241,-35.024,45
14.486,1.214,-35.033,37
14.48,1.188,-35.02,56
14.507,1.164,-35.083,60
14.494,1.136,-35.053,73
14.505,1.11,-35.079,69
14.545,1.087,-35.174,76
14.526,1.058,-35.129,75
14.53,1.033,-35.139,70
14.551,1.008,-35.19,64
14.529,0.979,-35.137,67
14.531,0.953,-35.142,58
14.547,0.927,-35.181,58
14.533,0.899,-35.147,59
14.573,0.876,-35.243,57
14.545,0.848,-35.175,59
14.536,0.82,-35.155,58
14.582,0.796,-35.265,48
14.541,0.767,-35.166,60
14.542,0.741,-35.168,56
14.584,0.716,-35.269,51
14.526,0.687,-35.129,65
14.563,0.662,-35.219,50
14.609,0.637,-35.329,40
14.516,0.607,-35.103,54
14.615,0.585,-35.345,46
14.634,0.558,-35.391,25
14.504,0.527,-35.075,57
14.55,0.502,-35.185,39
14.714,0.48,-35.582,27
14.506,0.448,-35.08,53
14.541,0.422,-35.164,31
14.726,0.4,-35.612,14
14.487,0.367,-35.034,54
14.486,0.34,-35.032,47
14.749,0.321,-35.667,15
14.49,0.288,-35.041,42
14.483,0.262,-35.023,53
14.478,0.235,-35.012,114
14.477,0.208,-35.011,93
14.482,0.183,-35.021,44
14.479,0.156,-35.015,65
14.486,0.129,-35.03,62
14.479,0.102,-35.016,41
14.486,0.049,-35.03,48
14.477,0.024,-35.01,32
14.49,1.354,-34.981,64
14.49,1.327,-34.98,70
14.49,1.301,-34.98,71
14.491,1.274,-34.983,65
14.49,1.248,-34.981,67
14.491,1.222,-34.983,67
14.489,1.195,-34.978,65
14.492,1.168,-34.985,66
14.49,1.141,-34.98,66
14.491,1.116,-34.985,69
14.495,1.09,-34.994,66
14.494,1.063,-34.991,66
14.493,1.036,-34.986,67
14.494,1.01,-34.989,68
14.496,0.983,-34.995,59
14.495,0.957,-34.993,61
14.498,0.931,-34.998,64
14.498,0.904,-34.998,64
14.497,0.877,-34.997,66
14.5,0.851,-35.005,67
14.501,0.826,-35.006,66
14.5,0.799,-35.006,66
14.501,0.772,-35.007,64
14.505,0.746,-35.015,67
14.501,0.719,-35.006,69
14.506,0.693,-35.018,70
14.506,0.667,-35.018,69
14.503,0.64,-35.012,77
14.505,0.613,-35.016,67
14.505,0.587,-35.016,69
14.505,0.56,-35.015,74
14.513,0.535,-35.034,73
14.514,0.508,-35.039,72
14.505,0.481,-35.016,79
14.52,0.455,-35.051,70
14.52,0.428,-35.052,76
14.509,0.403,-35.023,74
14.526,0.376,-35.066,75
14.52,0.35,-35.051,79
14.511,0.322,-35.029,72
14.512,0.296,-35.033,65
14.534,0.271,-35.085,67
14.512,0.244,-35.031,75
14.505,0.217,-35.016,95
14.51,0.19,-35.027,85
14.507,0.163,-35.021,89
14.513,0.137,-35.035,77
14.534,0.111,-35.084,63
14.544,0.085,-35.109,60
14.542,0.058,-35.104,60
14.559,0.032,-35.144,50
14.569,0.004,-35.169,41
14.519,1.36,-34.963,35
14.518,1.334,-34.959,89
14.517,1.308,-34.958,91
14.517,1.281,-34.957,86
14.517,1.255,-34.956,87
14.517,1.228,-34.958,88
14.517,1.201,-34.957,90
14.518,1.176,-34.959,91
14.517,1.149,-34.957,96
14.517,1.122,-34.958,96
14.516,1.095,-34.954,99
14.518,1.069,-34.958,94
14.517,1.043,-34.956,91
14.517,1.017,-34.956,97
14.517,0.99,-34.956,97
14.517,0.964,-34.957,103
14.517,0.937,-34.957,95
14.518,0.911,-34.958,102
14.518,0.885,-34.958,97
14.518,0.858,-34.959,97
14.518,0.831,-34.958,91
14.517,0.804,-34.956,99
14.519,0.778,-34.959,94
14.519,0.752,-34.961,95
14.518,0.725,-34.958,96
14.518,0.699,-34.959,96
14.519,0.672,-34.959,91
14.518,0.646,-34.958,95
14.518,0.62,-34.959,96
14.519,0.594,-34.961,96
14.519,0.567,-34.96,93
14.519,0.54,-34.96,90
14.519,0.514,-34.96,93
14.519,0.488,-34.961,91
14.52,0.461,-34.963,88
14.521,0.435,-34.964,85
14.52,0.408,-34.962,91
14.52,0.382,-34.963,85
14.521,0.355,-34.963,87
14.521,0.329,-34.964,84
14.521,0.303,-34.964,87
14.522,0.276,-34.966,89
14.521,0.25,-34.964,79
14.522,0.223,-34.966,82
14.521,0.197,-34.966,85
14.522,0.171,-34.966,82
14.522,0.144,-34.966,82
14.521,0.117,-34.964,81
14.57,0.105,-34.96,58
14.57,0.08,-34.96,56
14.57,0.053,-34.96,61
14.569,0.026,-34.958,63
14.637,1.097,-35.036,62
14.648,1.097,-35.002,22
14.643,1.074,-34.931,34
14.649,1.073,-34.858,23
14.646,1.064,-34.794,20
14.642,1.048,-34.722,41
14.641,1.054,-34.642,23
14.647,1.043,-34.595,46
14.647,1.024,-34.533,47
14.663,1.033,-34.493,21
14.665,1.026,-34.435,26
14.658,1.01,-34.36,53
14.541,0.934,-34.961,75
14.539,0.908,-34.957,78
14.54,0.881,-34.959,79
14.539,0.854,-34.957,81
14.54,0.828,-34.958,74
14.539,0.802,-34.957,77
14.538,0.775,-34.954,77
14.54,0.748,-34.958,77
14.537,0.722,-34.951,81
14.539,0.696,-34.957,82
14.538,0.669,-34.953,80
14.54,0.643,-34.959,82
14.538,0.616,-34.955,85
14.54,0.59,-34.958,87
14.539,0.564,-34.955,88
14.538,0.538,-34.954,87
14.538,0.511,-34.954,90
14.539,0.484,-34.955,86
14.539,0.458,-34.956,92
14.539,0.431,-34.955,92
14.539,0.405,-34.954,92
14.537,0.379,-34.951,94
14.539,0.352,-34.956,95
14.538,0.326,-34.953,96
14.538,0.299,-34.953,102
14.539,0.273,-34.955,97
14.538,0.247,-34.952,107
14.539,0.22,-34.955,105
14.538,0.193,-34.952,107
14.538,0.167,-34.954,100
14.539,0.141,-34.955,102
14.54,0.115,-34.957,92
14.54,0.088,-34.957,90
14.538,0.062,-34.954,92
14.538,0.035,-34.954,102
14.538,0.009,-34.954,96
14.639,1.143,-35.127,48
14.625,1.115,-35.094,56
14.66,1.09,-35.175,50
14.574,0.476,-34.97,32
14.576,0.45,-34.975,25
14.573,0.423,-34.967,27
14.574,0.396,-34.969,30
14.568,0.37,-34.956,35
14.572,0.344,-34.965,38
14.571,0.317,-34.963,46
14.571,0.291,-34.963,48
14.572,0.264,-34.964,46
14.571,0.237,-34.961,54
14.571,0.212,-34.962,57
14.57,0.185,-34.959,56
14.571,0.159,-34.962,58
14.57,0.132,-34.96,61
16.211,0.471,-39.203,17
16.015,1.148,-38.794,13
14.524,0.091,-34.972,81
14.521,0.065,-34.965,77
14.523,0.038,-34.968,78
14.523,0.012,-34.968,74
14.543,1.463,-34.968,12
14.545,1.358,-34.973,13
14.543,1.331,-34.968,60
14.54,1.304,-34.96,68
14.54,1.277,-34.96,71
14.541,1.252,-34.963,69
14.54,1.225,-34.96,71
14.54,1.199,-34.961,69
14.541,1.172,-34.963,73
14.54,1.145,-34.958,78
14.542,1.12,-34.963,72
14.54,1.093,-34.959,71
14.542,1.066,-34.963,69
14.54,1.039,-34.959,73
14.541,1.013,-34.961,69
14.539,0.987,-34.958,74
14.538,0.961,-34.956,74
32.786,2.545,-77.127,37
32.826,2.706,-77.084,24
32.931,2.738,-77.198,43
33.003,2.755,-77.051,52
33.182,2.737,-77.149,31
33.114,2.674,-76.99,47
33.214,2.699,-76.959,42
32.956,1.799,-80.662,36
32.881,2.385,-79.99,39
32.987,2.536,-80.111,39
33.314,2.661,-79.942,31
32.874,1.849,-78.885,26
32.824,2.162,-78.574,41
32.867,2.105,-78.677,45
32.92,2.049,-78.804,30
32.91,2.109,-78.645,41
32.925,2.049,-78.68,32
32.931,2.059,-78.559,64
33.556,3.204,-78.941,27
33.836,3.448,-78.854,47
33.916,3.456,-78.73,45
33.923,3.397,-78.747,37
34.135,3.55,-78.798,36
34.008,3.48,-78.505,70
34.129,3.431,-78.784,43
34.051,3.497,-78.447,79
34.2,3.452,-78.792,41
34.105,3.512,-78.384,76
34.318,3.474,-78.874,29
34.43,3.424,-79.132,30
34.447,3.365,-79.171,43
34.134,3.504,-78.334,55
34.439,3.475,-79.034,32
34.455,3.418,-79.069,28
34.472,3.359,-79.108,43
34.218,3.523,-78.383,70
34.396,3.481,-78.792,44
34.486,3.43,-78.999,37
34.024,3.264,-77.939,48
34.273,3.533,-78.318,82
34.083,3.453,-77.882,58
34.205,3.408,-78.161,38
34.158,3.343,-78.054,52
34.181,3.285,-78.105,43
34.318,3.522,-78.293,77
34.257,3.455,-78.152,64
34.199,3.389,-78.021,55
34.127,3.322,-77.856,60
34.249,3.277,-78.133,64
34.285,3.22,-78.217,27
34.219,3.154,-78.065,39
34.183,3.526,-77.859,70
34.318,3.479,-78.168,77
34.216,3.411,-77.934,55
34.229,3.352,-77.963,55
34.302,3.299,-78.13,59
34.542,2.843,-78.676,26
34.411,3.51,-78.192,68
34.393,3.447,-78.151,69
34.326,3.381,-77.998,58
34.362,3.326,-78.082,47
34.378,3.268,-78.117,45
34.379,3.207,-78.118,36
34.643,2.932,-78.718,28
34.619,2.869,-78.663,27
34.377,3.507,-77.991,39
34.489,3.459,-78.245,75
34.479,3.398,-78.224,71
34.536,3.343,-78.353,68
34.427,3.272,-78.104,45
34.647,3.053,-78.603,38
34.654,2.993,-78.619,57
34.437,3.52,-77.998,64
34.504,3.466,-78.15,60
34.556,3.411,-78.269,87
34.604,3.358,-78.376,68
34.604,3.237,-78.378,46
34.658,3.182,-78.498,51
34.71,3.126,-78.618,46
34.73,3.07,-78.663,54
34.699,3.006,-78.591,44
34.525,3.531,-78.005,54
34.534,3.472,-78.026,62
34.626,3.421,-78.233,89
34.644,3.362,-78.273,73
34.782,3.315,-78.585,33
34.789,3.258,-78.602,46
34.8,3.198,-78.625,52
34.774,3.135,-78.568,64
34.759,3.073,-78.532,61
34.742,3.011,-78.494,60
34.742,3.534,-78.381,30
34.595,3.46,-78.048,76
34.662,3.408,-78.2,90
34.682,3.35,-78.244,73
34.804,3.301,-78.52,43
34.837,3.244,-78.594,62
34.861,3.185,-78.647,65
34.866,3.125,-78.658,64
34.853,3.066,-78.629,69
34.886,2.948,-78.703,41
34.891,2.826,-78.714,28
34.768,3.545,-78.301,43
34.897,3.497,-78.593,48
34.681,3.415,-78.106,82
34.711,3.358,-78.172,82
34.891,3.315,-78.578,59
34.895,3.257,-78.586,49
34.914,3.198,-78.629,56
34.871,3.134,-78.533,60
34.902,3.076,-78.603,55
34.861,3.547,-78.317,45
34.828,3.483,-78.243,54
34.809,3.424,-78.2,73
34.79,3.361,-78.157,85
34.9,3.311,-78.402,65
34.993,3.259,-78.613,25
34.995,3.199,-78.617,40
34.969,3.138,-78.559,35
34.984,3.079,-78.591,51
34.916,3.465,-78.314,65
34.862,3.399,-78.195,79
34.854,3.338,-78.175,92
35.002,3.294,-78.508,45
35.071,3.24,-78.663,40
35.069,3.179,-78.657,39
34.987,3.483,-78.34,29
34.948,3.421,-78.251,68
34.914,3.358,-78.176,82
35.062,3.311,-78.506,47
35.129,3.257,-78.656,49
35.199,3.202,-78.811,28
35.057,3.44,-78.314,24
35.015,3.375,-78.219,79
35.085,3.324,-78.376,55
35.078,3.39,-78.241,72
35.103,3.332,-78.296,70
35.185,3.358,-78.344,33
35.257,3.37,-78.326,43
35.399,3.362,-78.386,64
41.723,3.295,-97.007,74
41.604,3.724,-96.575,45
41.702,3.588,-96.804,66
41.73,3.516,-96.868,67
41.911,3.457,-97.288,47
41.875,4.141,-97.03,40
41.974,3.928,-97.257,57
41.668,3.68,-96.547,75
41.824,3.619,-96.909,63
41.87,3.549,-97.016,57
41.985,3.487,-97.281,77
41.891,3.405,-97.064,44
41.808,3.249,-96.87,57
42.075,3.945,-97.275,49
41.768,3.697,-96.563,55
41.79,3.625,-96.615,75
41.982,3.567,-97.059,45
42.083,3.5,-97.291,35
42.073,4.23,-97.123,39
42.12,3.936,-97.23,51
41.944,3.774,-96.824,104
41.855,3.692,-96.619,65
41.914,3.622,-96.753,61
42.017,3.557,-96.992,34
41.966,3.408,-96.875,40
41.9,3.328,-96.721,39
42.057,4.245,-96.893,53
42.157,4.109,-97.123,62
42.196,3.888,-97.213,50
41.927,3.789,-96.592,39
41.963,3.648,-96.674,59
42.131,3.587,-97.061,45
42.024,3.284,-96.814,42
42.236,4.275,-97.072,59
42.261,4.203,-97.129,57
42.28,4.13,-97.175,63
42.258,3.982,-97.122,77
42.291,3.91,-97.197,66
42.247,3.832,-97.097,70
42.233,3.756,-97.064,70
42.058,3.666,-96.662,80
42.053,3.594,-96.649,52
42.314,4.198,-97.106,58
42.333,4.125,-97.15,76
42.268,4.044,-97,52
42.28,3.971,-97.027,57
42.302,3.823,-97.077,60
42.266,3.749,-96.995,69
42.163,3.665,-96.758,74
42.258,3.599,-96.976,77
42.049,4.255,-96.323,47
42.052,4.182,-96.33,56
42.354,4.137,-97.021,65
42.319,3.689,-96.939,85
42.315,3.618,-96.931,72
42.211,4.206,-96.458,36
42.509,4.16,-97.137,81
42.175,3.98,-96.375,52
42.261,3.768,-96.57,61
42.435,3.708,-96.966,64
42.215,3.615,-96.465,77
42.456,3.561,-97.015,64
42.298,4.416,-96.5,37
42.515,3.993,-96.993,38
42.539,3.921,-97.049,57
42.483,3.841,-96.921,50
42.483,3.766,-96.92,63
42.429,3.687,-96.796,79
42.504,3.622,-96.967,79
42.524,3.549,-97.013,88
42.53,3.475,-97.027,59
42.432,4.23,-96.649,50
42.272,4.14,-96.285,51
42.576,4.021,-96.975,86
42.591,3.948,-97.009,65
42.56,3.724,-96.94,76
42.52,3.647,-96.849,77
42.558,3.575,-96.935,77
42.561,3.504,-96.94,40
42.612,4.196,-96.828,46
42.652,3.759,-96.917,49
42.648,3.684,-96.91,60
42.456,3.519,-96.472,55
42.464,3.445,-96.489,49
42.584,4.417,-96.613,47
42.601,4.347,-96.649,60
42.696,4.207,-96.866,47
42.433,4.033,-96.269,39
42.447,3.96,-96.299,75
42.464,3.891,-96.338,58
42.507,3.526,-96.435,51
42.498,3.451,-96.415,79
42.529,3.379,-96.486,58
42.624,4.43,-96.544,53
42.481,4.048,-96.22,68
42.513,3.903,-96.291,57
42.554,3.613,-96.383,56
42.567,3.539,-96.411,71
42.576,3.466,-96.433,66
42.619,3.398,-96.531,50
42.654,3.772,-96.37,35
42.63,3.55,-96.316,57
42.715,3.483,-96.509,47
43.049,4.379,-97.124,63
42.678,3.754,-96.284,48
42.688,3.681,-96.305,55
42.69,3.607,-96.31,39
42.747,3.463,-96.438,43
43.12,4.396,-97.112,59
42.725,3.691,-96.222,58
42.729,3.621,-96.23,50
42.891,3.445,-96.2,41
43.562,4.454,-96.998,67
43.555,4.46,-96.763,76
43.62,4.436,-96.756,84
43.628,4.361,-96.774,51
38.766,3.495,-87.587,45
39.133,3.981,-87.915,61
39.055,3.638,-87.739,67
39.02,3.567,-87.658,61
38.979,3.498,-87.567,64
39.162,4.022,-87.84,75
39.164,3.954,-87.844,77
39.172,3.888,-87.862,34
39.114,3.681,-87.732,58
39.109,3.613,-87.72,68
39.207,3.971,-87.789,61
39.233,3.906,-87.846,34
39.147,3.697,-87.654,58
39.215,3.635,-87.806,55
39.291,3.991,-87.772,48
39.214,3.647,-87.599,37
51.211,2.783,-124.8,58
51.334,2.872,-124.88,50
51.262,2.776,-124.7,72
51.278,3.003,-124.53,68
51.32,2.815,-124.64,57
51.733,3.004,-124.14,54
51.95,2.83,-124.66,69
52.152,2.747,-125.15,50
52.534,2.382,-126.06,63
52.335,1.044,-125.59,47
52.028,3.238,-124.55,55
52.041,3.147,-124.58,60
51.762,3.036,-123.91,77
52.647,2.611,-126.03,50
52.557,2.51,-125.81,49
52.588,2.32,-125.89,59
52.422,1.172,-125.49,69
52.404,1.079,-125.44,49
52.712,0.894,-126.18,82
51.606,3.679,-123.33,69
51.864,3.134,-123.94,70
51.949,3.044,-124.14,62
52.047,2.955,-124.38,51
52.516,2.698,-125.5,71
52.611,2.607,-125.72,64
52.624,2.512,-125.75,59
52.72,2.424,-125.99,64
52.44,2.22,-125.31,60
52.263,1.741,-124.89,93
52.465,1.273,-125.38,54
52.792,0.9,-126.16,83
52.111,3.543,-124.32,50
52.089,3.446,-124.27,55
52.117,3.353,-124.33,49
52.262,3.176,-124.67,46
52.113,3.072,-124.32,61
52.876,2.924,-126.14,50
52.676,2.725,-125.67,61
53.027,2.647,-126.5,51
52.743,2.537,-125.82,116
52.523,1.291,-125.3,75
52.879,0.919,-126.15,79
52.056,3.44,-123.88,57
52.079,3.346,-123.94,59
52.276,3.263,-124.4,58
53.089,3.217,-126.34,157
52.229,3.07,-124.29,48
52.815,2.725,-125.69,51
52.853,2.443,-125.77,67
52.395,1.854,-124.68,63
53.268,1.788,-126.76,64
52.597,1.388,-125.16,67
52.995,1.013,-126.11,79
53.797,0.837,-128.02,57
52.068,3.41,-123.71,53
52.389,3.335,-124.47,61
51.947,3.123,-123.42,52
52.323,3.05,-124.31,53
52.994,2.709,-125.91,55
52.931,2.418,-125.76,47
52.629,1.362,-125.04,66
53.083,1.089,-126.11,59
53.827,0.909,-127.88,53
53.859,0.812,-127.96,63
52.419,3.283,-124.32,56
52.002,3.162,-123.33,58
52.304,3.086,-124.04,59
53.99,0.762,-128.04,57
52.418,3.303,-124.04,49
52.116,3.19,-123.32,50
52.84,2.948,-125.03,52
52.429,3.818,-122.41,65
51.762,4.851,-115.25,48
45.304,3.497,-105.33,46
45.75,4.826,-106.2,42
45.802,4.587,-106.32,44
45.554,3.699,-105.16,52
45.672,3.727,-105.22,46
45.7,3.812,-104.88,56
45.961,3.855,-105.02,45
45.935,3.773,-104.97,42
45.946,3.696,-104.99,55
45.959,3.756,-104.85,45
46.023,3.789,-104.83,40
46.047,3.71,-104.88,52
45.893,3.965,-103.36,68
46.036,3.972,-103.42,45
46.076,3.896,-103.51,70
46.03,4.173,-103.25,54
46.077,4.097,-103.35,72
46.109,3.941,-103.42,65
46.167,3.869,-103.55,63
46.072,4.192,-103.16,53
46.091,4.117,-103.2,72
46.138,4.042,-103.31,37
46.349,3.743,-103.78,38
46.303,3.659,-103.67,50
46.017,4.594,-102.8,53
46.1,4.367,-102.98,67
46.209,4.139,-103.23,56
46.366,3.916,-103.58,43
46.105,4.614,-102.84,55
46.119,4.636,-102.69,67
46.528,3.884,-103.6,57
46.229,4.657,-102.7,68
46.282,4.583,-102.82,56
46.599,3.901,-103.52,56
46.328,4.631,-102.76,75
44.876,2.954,-110.02,45
44.228,3.396,-108.25,40
44.897,3.28,-109.89,53
44.946,2.952,-110.01,46
44.907,2.783,-109.91,54
43.944,2.481,-107.56,80
43.943,2.399,-107.56,79
44.372,3.119,-108.39,47
45.025,2.915,-109.98,48
44.937,2.829,-109.77,42
44.041,2.69,-107.58,53
44.022,2.607,-107.53,72
44.023,2.526,-107.53,91
44.034,2.444,-107.56,58
44.482,3.075,-108.4,46
44.195,2.973,-107.7,64
44.138,2.887,-107.56,68
44.121,2.804,-107.52,85
44.12,2.721,-107.51,80
44.123,2.644,-107.52,54
44.22,3.207,-107.58,59
44.213,3.125,-107.56,57
44.206,3.042,-107.54,71
44.197,2.96,-107.52,91
44.197,2.878,-107.52,72
45.407,2.876,-110.46,71
44.27,3.159,-107.51,79
44.277,3.08,-107.53,88
44.363,3.004,-107.74,59
44.478,3.105,-107.75,53
49.031,4.566,-110.62,56
49.298,4.717,-113.13,50
49.62,4.516,-113.02,60
49.693,4.55,-112.92,64
49.664,4.46,-112.85,65
49.577,4.369,-112.66,48
49.569,4.282,-112.64,44
49.616,4.199,-112.56,45
49.729,4.308,-112.63,53
50.452,4.606,-112.71,42
49.656,5.052,-110.76,57
49.537,4.872,-110.49,60
27.223,2.091,-66.631,47
27.213,2.039,-66.606,87
27.273,2.118,-66.618,69
27.264,2.066,-66.597,104
27.269,2.016,-66.607,89
27.334,2.141,-66.607,22
27.322,2.089,-66.578,68
27.322,2.038,-66.579,95
27.342,1.989,-66.627,59
27.387,2.136,-66.624,68
27.367,2.084,-66.575,80
27.364,2.035,-66.567,88
27.403,2.056,-66.549,89
27.436,2.217,-66.461,37
27.475,2.17,-66.557,40
32.421,1.799,-79.192,48
32.351,1.738,-79.021,64
31.96,2.503,-77.882,89
31.976,2.445,-77.92,62
32.757,2.322,-79.825,32
32.376,1.997,-78.895,40
32.444,1.884,-79.059,66
32.021,2.497,-77.897,25
32.603,2.543,-79.313,25
32.764,2.315,-79.707,25
32.499,1.998,-79.061,77
32.502,1.939,-79.067,57
32.563,2.145,-79.081,56
32.54,2.083,-79.025,49
32.629,2.338,-79.042,25
32.053,2.328,-76.917,41
32.543,2.493,-76.871,36
32.613,2.414,-76.719,54
32.67,2.576,-76.716,51
31.895,2.573,-78.19,50
31.971,2.52,-78.379,49
32.634,2.324,-79.874,49
32.696,2.298,-79.865,34
32.389,1.918,-79.114,48
58.146,2.357,-139.19,64
66.385,0.646,-158.91,68
66.502,0.649,-158.91,68
66.423,0.291,-158.73,82
59.697,0.82,-142.41,61
66.557,0.435,-158.78,61
66.547,0.313,-158.75,145
59.636,0.819,-141.91,67
60.002,0.502,-142.78,66
66.778,0.316,-158.91,71
60.075,0.525,-142.47,65
60.253,0.442,-142.57,53
60.499,0.12,-143.15,53
