3.073,-0.001,-14.516,133,4
3.082,-0.004,-14.515,133,4
3.08,-0.014,-14.511,126,4
3.079,-0.024,-14.506,134,4
3.079,-0.034,-14.502,130,4
3.076,-0.045,-14.491,129,4
3.076,-0.055,-14.491,133,4
3.075,-0.065,-14.484,130,4
3.073,-0.076,-14.479,132,4
3.072,-0.086,-14.474,127,4
3.093,-0.002,-14.519,132,4
3.092,-0.013,-14.514,130,4
3.091,-0.023,-14.507,126,4
3.089,-0.034,-14.502,135,4
3.089,-0.044,-14.499,132,4
3.087,-0.054,-14.491,129,4
3.086,-0.064,-14.485,132,4
3.085,-0.075,-14.479,130,4
3.083,-0.085,-14.474,132,4
3.082,-0.095,-14.467,129,4
3.08,-0.105,-14.46,123,4
3.079,-0.116,-14.453,125,4
3.079,-0.126,-14.45,119,4
3.076,-0.137,-14.441,123,4
3.077,-0.147,-14.441,109,4
3.075,-0.157,-14.435,66,4
3.078,-0.167,-14.45,53,4
3.078,-0.178,-14.446,52,4
3.077,-0.188,-14.443,55,4
3.076,-0.198,-14.441,43,4
3.075,-0.208,-14.431,35,4
3.107,-0.001,-14.524,130,4
3.104,-0.011,-14.512,134,4
3.103,-0.022,-14.507,131,4
3.102,-0.032,-14.499,130,4
3.101,-0.043,-14.497,131,4
3.099,-0.053,-14.489,132,4
3.098,-0.064,-14.484,132,4
3.096,-0.073,-14.476,133,4
3.095,-0.084,-14.47,129,4
3.095,-0.094,-14.467,132,4
3.094,-0.105,-14.462,124,4
3.092,-0.115,-14.453,132,4
3.091,-0.125,-14.448,125,4
3.089,-0.135,-14.443,125,4
3.089,-0.146,-14.443,111,4
3.086,-0.156,-14.429,48,4
3.09,-0.166,-14.445,51,4
3.089,-0.176,-14.438,52,4
3.087,-0.186,-14.432,52,4
3.086,-0.197,-14.429,54,4
3.085,-0.207,-14.422,51,4
3.115,-0.003,-14.519,88,4
3.113,-0.014,-14.513,131,4
3.112,-0.024,-14.508,129,4
3.111,-0.034,-14.501,130,4
3.109,-0.044,-14.495,130,4
3.108,-0.055,-14.487,133,4
3.107,-0.065,-14.483,133,4
3.105,-0.075,-14.475,134,4
3.104,-0.086,-14.47,128,4
3.102,-0.096,-14.463,126,4
3.101,-0.106,-14.458,126,4
3.101,-0.116,-14.454,124,4
3.099,-0.127,-14.446,125,4
3.098,-0.137,-14.441,120,4
3.099,-0.147,-14.445,93,4
3.096,-0.157,-14.434,76,4
3.098,-0.168,-14.441,45,4
3.097,-0.178,-14.436,40,4
3.095,-0.189,-14.429,41,4
3.095,-0.199,-14.426,42,4
3.093,-0.209,-14.42,43,4
3.124,0,-14.514,22,4
3.122,-0.01,-14.51,44,4
3.122,-0.021,-14.506,131,4
3.12,-0.031,-14.498,132,4
3.119,-0.041,-14.495,133,4
3.118,-0.052,-14.487,131,4
3.117,-0.062,-14.483,129,4
3.115,-0.072,-14.474,133,4
3.115,-0.083,-14.472,130,4
3.113,-0.093,-14.467,131,4
3.113,-0.104,-14.464,127,4
3.111,-0.113,-14.456,122,4
3.11,-0.124,-14.45,124,4
3.109,-0.134,-14.444,126,4
3.108,-0.145,-14.441,111,4
3.105,-0.155,-14.431,52,4
3.108,-0.165,-14.441,40,4
3.107,-0.175,-14.436,33,4
3.105,-0.185,-14.429,37,4
3.103,-0.196,-14.421,40,4
3.103,-0.206,-14.418,42,4
3.135,-0.008,-14.51,21,4
3.135,-0.018,-14.507,78,4
3.134,-0.028,-14.501,133,4
3.132,-0.039,-14.496,131,4
3.131,-0.049,-14.489,133,4
3.13,-0.06,-14.483,133,4
3.128,-0.07,-14.474,126,4
3.127,-0.08,-14.471,128,4
3.126,-0.09,-14.468,132,4
3.125,-0.101,-14.46,131,4
3.124,-0.111,-14.458,120,4
3.122,-0.121,-14.449,129,4
3.122,-0.131,-14.445,123,4
3.121,-0.141,-14.441,123,4
3.118,-0.152,-14.431,39,4
3.121,-0.162,-14.442,39,4
3.12,-0.173,-14.439,38,4
3.119,-0.183,-14.432,39,4
3.118,-0.193,-14.428,38,4
3.115,-0.203,-14.416,35,4
3.144,-0.008,-14.51,21,4
3.142,-0.019,-14.502,33,4
3.141,-0.029,-14.502,126,4
3.14,-0.039,-14.493,133,4
3.139,-0.049,-14.49,133,4
3.138,-0.06,-14.483,134,4
3.137,-0.07,-14.479,134,4
3.135,-0.08,-14.474,137,4
3.135,-0.091,-14.469,125,4
3.134,-0.101,-14.464,122,4
3.132,-0.111,-14.456,129,4
3.131,-0.122,-14.453,129,4
3.129,-0.132,-14.446,124,4
3.129,-0.142,-14.442,112,4
3.126,-0.153,-14.431,46,4
3.131,-0.163,-14.45,34,4
3.129,-0.173,-14.446,39,4
3.128,-0.183,-14.438,30,4
3.126,-0.194,-14.43,33,4
3.125,-0.204,-14.424,32,4
3.155,-0.005,-14.512,20,4
3.153,-0.015,-14.505,30,4
3.152,-0.026,-14.502,127,4
3.151,-0.036,-14.495,130,4
3.149,-0.047,-14.489,134,4
3.148,-0.057,-14.48,128,4
3.147,-0.067,-14.479,133,4
3.145,-0.078,-14.469,133,4
3.145,-0.088,-14.47,127,4
3.143,-0.098,-14.46,133,4
3.142,-0.108,-14.454,127,4
3.141,-0.119,-14.451,120,4
3.14,-0.129,-14.446,120,4
3.139,-0.139,-14.441,118,4
3.138,-0.149,-14.434,46,4
3.147,-0.161,-14.478,24,4
3.139,-0.201,-14.439,14,4
3.137,-0.212,-14.433,20,4
3.168,-0.001,-14.516,20,4
3.166,-0.012,-14.505,29,4
3.165,-0.022,-14.501,68,4
3.164,-0.032,-14.495,131,4
3.164,-0.042,-14.495,129,4
3.162,-0.053,-14.485,128,4
3.161,-0.063,-14.481,126,4
3.159,-0.073,-14.474,129,4
3.158,-0.084,-14.468,126,4
3.158,-0.094,-14.466,124,4
3.155,-0.104,-14.455,126,4
3.154,-0.115,-14.449,125,4
3.152,-0.125,-14.441,125,4
3.153,-0.135,-14.444,123,4
3.149,-0.145,-14.428,46,4
3.15,-0.155,-14.432,34,4
3.175,-0.01,-14.505,25,4
3.174,-0.02,-14.502,41,4
3.173,-0.031,-14.497,134,4
3.172,-0.041,-14.491,129,4
3.171,-0.051,-14.488,132,4
3.169,-0.061,-14.481,131,4
3.168,-0.072,-14.474,133,4
3.167,-0.082,-14.47,129,4
3.165,-0.093,-14.463,123,4
3.164,-0.103,-14.458,130,4
3.163,-0.113,-14.453,125,4
3.162,-0.123,-14.447,129,4
3.161,-0.133,-14.441,115,4
3.159,-0.144,-14.435,42,4
3.159,-0.154,-14.436,35,4
3.186,-0.004,-14.512,23,4
3.185,-0.014,-14.505,25,4
3.184,-0.024,-14.502,130,4
3.183,-0.035,-14.498,132,4
3.181,-0.045,-14.49,129,4
3.18,-0.056,-14.484,130,4
3.178,-0.066,-14.476,130,4
3.178,-0.076,-14.476,126,4
3.175,-0.086,-14.463,127,4
3.175,-0.097,-14.463,123,4
3.174,-0.107,-14.455,127,4
3.172,-0.118,-14.448,123,4
3.171,-0.127,-14.441,123,4
3.169,-0.138,-14.434,27,4
3.169,-0.148,-14.434,44,4
3.199,-0.001,-14.509,25,4
3.198,-0.011,-14.505,83,4
3.198,-0.022,-14.504,130,4
3.197,-0.032,-14.496,128,4
3.195,-0.042,-14.492,128,4
3.193,-0.052,-14.479,134,4
3.193,-0.063,-14.482,133,4
3.191,-0.073,-14.472,128,4
3.19,-0.084,-14.468,124,4
3.188,-0.094,-14.457,125,4
3.187,-0.104,-14.454,119,4
3.186,-0.115,-14.448,125,4
3.185,-0.125,-14.443,126,4
3.182,-0.135,-14.433,30,4
3.183,-0.145,-14.434,36,4
3.209,-0.001,-14.515,94,4
3.208,-0.012,-14.509,128,4
3.207,-0.022,-14.504,130,4
3.205,-0.033,-14.498,128,4
3.204,-0.043,-14.492,130,4
3.203,-0.054,-14.487,124,4
3.201,-0.064,-14.478,129,4
3.2,-0.074,-14.472,126,4
3.199,-0.084,-14.468,127,4
3.197,-0.095,-14.461,115,4
3.196,-0.105,-14.454,126,4
3.194,-0.115,-14.446,123,4
3.194,-0.125,-14.447,97,4
3.192,-0.136,-14.437,32,4
3.219,-0.01,-14.512,131,4
3.217,-0.02,-14.502,133,4
3.216,-0.03,-14.497,127,4
3.214,-0.041,-14.49,128,4
3.212,-0.051,-14.481,131,4
3.211,-0.062,-14.475,125,4
3.21,-0.072,-14.471,127,4
3.208,-0.082,-14.465,123,4
3.208,-0.092,-14.464,127,4
3.207,-0.102,-14.457,122,4
3.205,-0.113,-14.449,124,4
3.204,-0.123,-14.446,39,4
3.202,-0.133,-14.438,31,4
3.231,-0.008,-14.507,131,4
3.23,-0.019,-14.5,128,4
3.229,-0.029,-14.495,129,4
3.227,-0.039,-14.488,134,4
3.226,-0.049,-14.482,131,4
3.224,-0.06,-14.477,126,4
3.223,-0.07,-14.471,126,4
3.222,-0.08,-14.466,120,4
3.22,-0.091,-14.459,124,4
3.22,-0.101,-14.455,131,4
3.218,-0.111,-14.448,122,4
3.217,-0.122,-14.443,33,4
3.216,-0.132,-14.439,34,4
3.24,-0.008,-14.51,129,4
3.238,-0.018,-14.502,130,4
3.237,-0.029,-14.499,128,4
3.235,-0.039,-14.488,131,4
3.233,-0.049,-14.479,123,4
3.232,-0.06,-14.476,128,4
3.231,-0.07,-14.471,123,4
3.23,-0.08,-14.463,126,4
3.229,-0.09,-14.46,125,4
3.227,-0.101,-14.452,127,4
3.227,-0.111,-14.451,88,4
3.224,-0.121,-14.441,24,4
3.243,-0.132,-14.524,20,4
3.25,-0.003,-14.509,134,4
3.248,-0.014,-14.502,126,4
3.247,-0.024,-14.498,130,4
3.245,-0.034,-14.49,126,4
3.244,-0.045,-14.484,132,4
3.243,-0.055,-14.479,120,4
3.242,-0.065,-14.474,126,4
3.243,-0.076,-14.479,123,4
3.24,-0.086,-14.465,119,4
3.238,-0.096,-14.458,126,4
3.237,-0.106,-14.451,58,4
3.236,-0.117,-14.447,24,4
3.254,-0.169,-14.528,34,4
3.263,-0.01,-14.506,130,4
3.261,-0.021,-14.498,132,4
3.26,-0.031,-14.496,129,4
3.258,-0.041,-14.486,125,4
3.257,-0.051,-14.48,126,4
3.255,-0.062,-14.474,126,4
3.255,-0.072,-14.472,122,4
3.253,-0.083,-14.463,128,4
3.252,-0.093,-14.458,125,4
3.25,-0.103,-14.451,35,4
3.249,-0.113,-14.446,15,4
3.269,-0.135,-14.535,49,4
3.267,-0.176,-14.526,25,4
3.272,-0.001,-14.51,132,4
3.27,-0.012,-14.502,128,4
3.269,-0.022,-14.497,128,4
3.267,-0.032,-14.492,126,4
3.265,-0.043,-14.483,126,4
3.266,-0.053,-14.483,120,4
3.263,-0.064,-14.474,123,4
3.263,-0.073,-14.472,126,4
3.261,-0.084,-14.466,122,4
3.26,-0.094,-14.457,41,4
3.259,-0.105,-14.453,13,4
3.28,-0.007,-14.506,131,4
3.279,-0.018,-14.5,129,4
3.278,-0.029,-14.495,122,4
3.276,-0.038,-14.487,126,4
3.275,-0.049,-14.483,129,4
3.273,-0.059,-14.475,123,4
3.272,-0.07,-14.469,123,4
3.271,-0.08,-14.464,115,4
3.269,-0.09,-14.456,18,4
3.271,-0.101,-14.464,23,4
3.288,-0.122,-14.539,34,4
3.286,-0.143,-14.532,10,4
3.295,-0.002,-14.507,124,4
3.293,-0.013,-14.502,121,4
3.293,-0.023,-14.498,123,4
3.29,-0.034,-14.487,127,4
3.289,-0.044,-14.482,128,4
3.288,-0.055,-14.477,124,4
3.286,-0.065,-14.47,126,4
3.286,-0.075,-14.467,20,4
3.284,-0.086,-14.462,14,4
3.295,-0.211,-14.509,15,4
3.304,-0.001,-14.509,122,4
3.303,-0.012,-14.504,128,4
3.301,-0.022,-14.495,121,4
3.299,-0.032,-14.49,123,4
3.299,-0.043,-14.486,129,4
3.297,-0.053,-14.481,118,4
3.296,-0.063,-14.472,37,4
3.295,-0.074,-14.468,16,4
3.313,-0.008,-14.507,126,4
3.311,-0.018,-14.497,129,4
3.309,-0.029,-14.491,125,4
3.309,-0.039,-14.487,121,4
3.307,-0.049,-14.481,63,4
3.306,-0.06,-14.474,23,4
3.305,-0.07,-14.471,15,4
3.326,-0.006,-14.504,120,4
3.326,-0.016,-14.502,126,4
3.324,-0.026,-14.494,105,4
3.323,-0.037,-14.488,38,4
3.321,-0.047,-14.479,21,4
3.336,-0.007,-14.506,112,4
3.332,-0.018,-14.493,38,4
3.331,-0.028,-14.487,16,4
3.332,-0.038,-14.49,32,4
3.345,-0.004,-14.507,17,4
3.345,-0.014,-14.506,27,4
3.344,-0.025,-14.499,10,4
2.822,-0.004,-14.531,34,4
2.822,-0.014,-14.53,34,4
2.821,-0.024,-14.523,22,4
2.832,-0.005,-14.537,73,4
2.829,-0.015,-14.526,27,4
2.827,-0.026,-14.516,22,4
2.828,-0.036,-14.52,26,4
2.841,-0.001,-14.534,125,4
2.84,-0.011,-14.53,128,4
2.839,-0.022,-14.525,69,4
2.837,-0.032,-14.515,31,4
2.836,-0.043,-14.507,39,4
2.854,-0.009,-14.529,129,4
2.853,-0.02,-14.524,129,4
2.852,-0.03,-14.517,131,4
2.85,-0.04,-14.51,47,4
2.849,-0.051,-14.507,50,4
2.848,-0.061,-14.499,28,4
2.862,-0.01,-14.526,128,4
2.861,-0.02,-14.523,129,4
2.86,-0.031,-14.516,127,4
2.859,-0.041,-14.515,126,4
2.858,-0.051,-14.505,70,4
2.856,-0.061,-14.495,50,4
2.855,-0.072,-14.493,39,4
2.872,-0.007,-14.528,131,4
2.869,-0.017,-14.518,128,4
2.869,-0.027,-14.514,128,4
2.868,-0.038,-14.51,132,4
2.867,-0.048,-14.504,129,4
2.866,-0.059,-14.502,101,4
2.865,-0.069,-14.493,45,4
2.864,-0.079,-14.487,50,4
2.885,-0.005,-14.528,126,4
2.884,-0.015,-14.521,128,4
2.883,-0.026,-14.516,126,4
2.881,-0.036,-14.507,129,4
2.88,-0.046,-14.502,131,4
2.879,-0.056,-14.497,130,4
2.878,-0.067,-14.493,125,4
2.877,-0.077,-14.486,43,4
2.877,-0.088,-14.487,62,4
2.893,-0.009,-14.524,126,4
2.893,-0.019,-14.521,129,4
2.891,-0.029,-14.512,127,4
2.89,-0.04,-14.508,126,4
2.889,-0.05,-14.503,133,4
2.889,-0.06,-14.502,120,4
2.887,-0.07,-14.492,130,4
2.887,-0.08,-14.49,83,4
2.885,-0.091,-14.481,65,4
2.885,-0.101,-14.482,18,4
2.902,-0.003,-14.526,133,4
2.902,-0.014,-14.524,126,4
2.9,-0.024,-14.516,129,4
2.899,-0.034,-14.511,130,4
2.898,-0.044,-14.505,130,4
2.897,-0.055,-14.501,127,4
2.895,-0.065,-14.493,127,4
2.895,-0.075,-14.489,122,4
2.895,-0.086,-14.488,102,4
2.892,-0.096,-14.479,59,4
2.892,-0.106,-14.476,31,4
2.915,-0.01,-14.523,128,4
2.914,-0.021,-14.516,133,4
2.913,-0.031,-14.512,133,4
2.912,-0.041,-14.504,126,4
2.911,-0.051,-14.502,130,4
2.91,-0.062,-14.497,125,4
2.908,-0.072,-14.488,127,4
2.907,-0.082,-14.48,127,4
2.907,-0.093,-14.478,114,4
2.905,-0.103,-14.47,53,4
2.905,-0.113,-14.474,39,4
2.925,-0.001,-14.529,134,4
2.924,-0.012,-14.524,135,4
2.923,-0.022,-14.518,129,4
2.922,-0.032,-14.511,133,4
2.921,-0.043,-14.505,131,4
2.92,-0.053,-14.501,130,4
2.918,-0.063,-14.493,130,4
2.917,-0.073,-14.488,130,4
2.916,-0.083,-14.48,130,4
2.915,-0.094,-14.476,134,4
2.914,-0.104,-14.472,36,4
2.913,-0.115,-14.465,58,4
2.934,-0.009,-14.526,133,4
2.933,-0.019,-14.521,131,4
2.93,-0.029,-14.507,133,4
2.93,-0.039,-14.508,129,4
2.929,-0.049,-14.504,126,4
2.928,-0.06,-14.495,133,4
2.927,-0.07,-14.491,125,4
2.925,-0.081,-14.483,127,4
2.924,-0.091,-14.477,132,4
2.923,-0.101,-14.471,131,4
2.921,-0.111,-14.462,42,4
2.921,-0.122,-14.464,55,4
2.947,-0.007,-14.525,128,4
2.945,-0.017,-14.515,126,4
2.944,-0.027,-14.507,134,4
2.943,-0.038,-14.503,129,4
2.942,-0.048,-14.499,130,4
2.941,-0.058,-14.49,132,4
2.94,-0.068,-14.488,127,4
2.938,-0.079,-14.481,127,4
2.938,-0.089,-14.481,126,4
2.937,-0.1,-14.472,128,4
2.936,-0.11,-14.469,122,4
2.934,-0.12,-14.458,59,4
2.935,-0.131,-14.462,46,4
2.957,-0.001,-14.526,130,4
2.956,-0.011,-14.52,130,4
2.955,-0.022,-14.515,127,4
2.954,-0.032,-14.507,130,4
2.953,-0.042,-14.502,134,4
2.951,-0.052,-14.495,134,4
2.951,-0.063,-14.494,129,4
2.95,-0.073,-14.489,124,4
2.947,-0.083,-14.478,127,4
2.948,-0.094,-14.483,128,4
2.946,-0.104,-14.47,129,4
2.947,-0.114,-14.472,128,4
2.942,-0.124,-14.452,55,4
2.943,-0.135,-14.456,59,4
2.966,-0.007,-14.522,129,4
2.964,-0.018,-14.516,132,4
2.963,-0.028,-14.511,130,4
2.963,-0.038,-14.507,136,4
2.961,-0.049,-14.498,132,4
2.96,-0.059,-14.495,130,4
2.959,-0.069,-14.489,130,4
2.957,-0.079,-14.483,125,4
2.957,-0.09,-14.478,130,4
2.955,-0.1,-14.469,129,4
2.954,-0.11,-14.467,131,4
2.953,-0.12,-14.459,122,4
2.951,-0.131,-14.453,71,4
2.951,-0.141,-14.449,30,4
2.979,-0.005,-14.521,32,4
2.978,-0.015,-14.517,129,4
2.977,-0.026,-14.512,133,4
2.976,-0.036,-14.505,132,4
2.974,-0.047,-14.498,126,4
2.973,-0.057,-14.493,131,4
2.973,-0.068,-14.489,134,4
2.97,-0.078,-14.479,125,4
2.97,-0.088,-14.478,122,4
2.968,-0.098,-14.47,128,4
2.968,-0.108,-14.467,127,4
2.966,-0.119,-14.459,121,4
2.966,-0.129,-14.457,66,4
2.966,-0.139,-14.455,97,4
2.987,-0.01,-14.517,34,4
2.987,-0.021,-14.513,136,4
2.985,-0.031,-14.507,135,4
2.983,-0.041,-14.497,138,4
2.983,-0.051,-14.497,136,4
2.982,-0.062,-14.49,135,4
2.98,-0.072,-14.484,133,4
2.98,-0.082,-14.479,123,4
2.978,-0.093,-14.472,129,4
2.977,-0.102,-14.469,130,4
2.976,-0.113,-14.462,126,4
2.975,-0.123,-14.458,133,4
2.976,-0.134,-14.459,72,4
2.974,-0.144,-14.452,109,4
2.996,-0.009,-14.517,23,4
2.995,-0.019,-14.511,125,4
2.995,-0.03,-14.51,126,4
2.993,-0.04,-14.503,131,4
2.993,-0.05,-14.5,125,4
2.991,-0.061,-14.491,134,4
2.99,-0.071,-14.485,130,4
2.988,-0.081,-14.478,132,4
2.987,-0.091,-14.471,123,4
2.986,-0.102,-14.465,132,4
2.985,-0.112,-14.462,130,4
2.984,-0.122,-14.457,121,4
2.983,-0.132,-14.453,98,4
2.982,-0.143,-14.448,89,4
2.99,-0.154,-14.488,56,4
3.006,-0.196,-14.564,29,4
3.006,-0.206,-14.561,65,4
3.009,-0.009,-14.513,22,4
3.008,-0.019,-14.51,105,4
3.007,-0.029,-14.507,129,4
3.006,-0.039,-14.502,134,4
3.005,-0.049,-14.495,128,4
3.003,-0.06,-14.487,136,4
3.003,-0.071,-14.485,136,4
3.001,-0.081,-14.479,128,4
3.001,-0.091,-14.476,129,4
2.999,-0.101,-14.468,129,4
2.998,-0.112,-14.462,129,4
2.997,-0.122,-14.458,126,4
2.996,-0.132,-14.45,121,4
2.994,-0.142,-14.445,49,4
2.995,-0.153,-14.447,102,4
3.019,-0.009,-14.518,28,4
3.017,-0.019,-14.509,114,4
3.016,-0.03,-14.507,133,4
3.016,-0.04,-14.503,133,4
3.015,-0.051,-14.5,128,4
3.013,-0.06,-14.491,129,4
3.013,-0.071,-14.491,129,4
3.011,-0.081,-14.481,134,4
3.01,-0.092,-14.476,125,4
3.009,-0.102,-14.468,127,4
3.007,-0.112,-14.46,120,4
3.007,-0.122,-14.458,131,4
3.004,-0.132,-14.447,123,4
3.003,-0.143,-14.443,33,4
3.003,-0.153,-14.441,122,4
3.027,-0.005,-14.517,22,4
3.025,-0.015,-14.507,62,4
3.025,-0.025,-14.507,132,4
3.025,-0.036,-14.505,130,4
3.023,-0.046,-14.498,135,4
3.022,-0.057,-14.491,134,4
3.021,-0.067,-14.486,131,4
3.02,-0.077,-14.482,131,4
3.019,-0.087,-14.475,131,4
3.018,-0.098,-14.472,122,4
3.017,-0.108,-14.466,121,4
3.015,-0.118,-14.457,121,4
3.014,-0.129,-14.451,127,4
3.014,-0.139,-14.453,108,4
3.011,-0.149,-14.44,61,4
3.01,-0.159,-14.436,44,4
3.041,-0.003,-14.518,26,4
3.04,-0.013,-14.514,101,4
3.038,-0.024,-14.507,129,4
3.037,-0.034,-14.502,126,4
3.036,-0.044,-14.496,129,4
3.035,-0.054,-14.49,133,4
3.034,-0.065,-14.486,128,4
3.032,-0.075,-14.478,131,4
3.032,-0.086,-14.477,132,4
3.03,-0.095,-14.465,121,4
3.03,-0.106,-14.466,124,4
3.029,-0.116,-14.46,131,4
3.027,-0.126,-14.455,129,4
3.026,-0.137,-14.447,128,4
3.024,-0.147,-14.437,29,4
3.024,-0.157,-14.44,94,4
3.051,-0.007,-14.522,108,4
3.049,-0.016,-14.513,127,4
3.048,-0.027,-14.509,130,4
3.047,-0.037,-14.503,130,4
3.045,-0.048,-14.493,126,4
3.044,-0.058,-14.49,129,4
3.043,-0.068,-14.483,131,4
3.042,-0.079,-14.479,133,4
3.04,-0.089,-14.471,128,4
3.04,-0.099,-14.468,124,4
3.038,-0.109,-14.459,122,4
3.037,-0.12,-14.455,125,4
3.035,-0.13,-14.446,118,4
3.036,-0.14,-14.45,120,4
3.033,-0.15,-14.434,49,4
3.034,-0.161,-14.441,75,4
3.053,-0.193,-14.531,22,4
3.052,-0.203,-14.528,57,4
3.062,-0.004,-14.522,130,4
3.06,-0.014,-14.515,130,4
3.059,-0.024,-14.508,134,4
3.057,-0.034,-14.504,134,4
3.056,-0.045,-14.498,126,4
3.055,-0.055,-14.493,133,4
3.054,-0.065,-14.487,126,4
3.052,-0.076,-14.478,133,4
3.051,-0.086,-14.473,126,4
3.05,-0.096,-14.467,129,4
3.049,-0.106,-14.462,124,4
3.047,-0.117,-14.456,122,4
3.046,-0.127,-14.45,129,4
3.045,-0.138,-14.443,124,4
3.045,-0.147,-14.443,49,4
3.044,-0.158,-14.439,81,4
3.072,-0.012,-14.51,128,4
3.071,-0.022,-14.507,128,4
3.07,-0.032,-14.503,127,4
3.069,-0.043,-14.495,126,4
3.068,-0.053,-14.494,129,4
3.067,-0.063,-14.487,135,4
3.065,-0.073,-14.479,131,4
3.064,-0.084,-14.475,128,4
3.063,-0.094,-14.472,130,4
3.062,-0.105,-14.462,125,4
3.06,-0.115,-14.455,117,4
3.059,-0.125,-14.448,126,4
3.058,-0.135,-14.445,123,4
3.057,-0.146,-14.441,111,4
3.056,-0.156,-14.434,75,4
3.071,-0.096,-14.468,130,4
3.07,-0.106,-14.463,124,4
3.069,-0.117,-14.455,126,4
3.068,-0.127,-14.451,121,4
3.066,-0.137,-14.443,124,4
3.066,-0.147,-14.444,82,4
3.065,-0.158,-14.436,77,4
3.071,-0.169,-14.466,24,4
3.07,-0.179,-14.462,35,4
3.07,-0.189,-14.46,29,4
3.069,-0.199,-14.46,25,4
3.069,-0.209,-14.458,20,4
3.579,-0.044,-18.43,70,2
3.579,-0.057,-18.427,73,2
3.579,-0.07,-18.428,75,2
3.579,-0.083,-18.425,74,2
3.579,-0.096,-18.425,70,2
3.579,-0.109,-18.427,78,2
3.579,-0.123,-18.427,74,2
3.579,-0.136,-18.43,79,2
3.579,-0.149,-18.426,68,2
3.579,-0.162,-18.43,72,2
3.579,-0.175,-18.427,79,2
3.579,-0.188,-18.428,75,2
3.578,-0.201,-18.423,73,2
3.579,-0.214,-18.427,71,2
3.579,-0.228,-18.425,79,2
3.579,-0.24,-18.426,78,2
3.579,-0.254,-18.427,77,2
3.589,-0.046,-18.426,55,2
3.589,-0.059,-18.427,68,2
3.589,-0.072,-18.427,70,2
3.589,-0.085,-18.425,73,2
3.589,-0.098,-18.425,69,2
3.589,-0.112,-18.427,74,2
3.588,-0.124,-18.424,75,2
3.588,-0.138,-18.424,79,2
3.588,-0.15,-18.422,78,2
3.588,-0.164,-18.423,72,2
3.588,-0.177,-18.423,76,2
3.589,-0.19,-18.427,75,2
3.589,-0.203,-18.425,77,2
3.588,-0.216,-18.423,75,2
3.588,-0.229,-18.423,76,2
3.588,-0.243,-18.42,78,2
3.589,-0.256,-18.425,77,2
3.601,-0.067,-18.423,71,2
3.599,-0.08,-18.416,74,2
3.6,-0.093,-18.418,75,2
3.6,-0.106,-18.417,69,2
3.6,-0.119,-18.418,76,2
3.6,-0.133,-18.418,73,2
3.6,-0.146,-18.417,75,2
3.6,-0.159,-18.419,77,2
3.6,-0.172,-18.417,73,2
3.6,-0.185,-18.419,74,2
3.6,-0.198,-18.417,78,2
3.6,-0.212,-18.419,72,2
3.599,-0.224,-18.416,77,2
3.601,-0.237,-18.421,76,2
3.6,-0.25,-18.42,75,2
3.601,-0.264,-18.423,77,2
3.616,-0.077,-18.413,39,2
3.617,-0.09,-18.417,75,2
3.617,-0.104,-18.415,75,2
3.617,-0.116,-18.415,76,2
3.616,-0.13,-18.414,69,2
3.617,-0.143,-18.417,72,2
3.617,-0.156,-18.418,77,2
3.617,-0.169,-18.418,80,2
3.617,-0.182,-18.417,78,2
3.617,-0.195,-18.416,76,2
3.617,-0.208,-18.417,81,2
3.617,-0.221,-18.416,78,2
3.617,-0.235,-18.416,79,2
3.617,-0.248,-18.417,82,2
3.616,-0.261,-18.413,75,2
3.626,-0.091,-18.409,46,2
3.627,-0.104,-18.414,72,2
3.628,-0.117,-18.417,77,2
3.627,-0.131,-18.413,77,2
3.627,-0.143,-18.413,73,2
3.628,-0.156,-18.419,77,2
3.628,-0.169,-18.417,73,2
3.628,-0.183,-18.418,76,2
3.628,-0.196,-18.418,75,2
3.628,-0.209,-18.416,75,2
3.628,-0.222,-18.42,73,2
3.628,-0.235,-18.418,80,2
3.628,-0.248,-18.418,77,2
3.628,-0.262,-18.414,78,2
3.638,-0.1,-18.409,27,2
3.639,-0.113,-18.412,78,2
3.638,-0.127,-18.411,73,2
3.639,-0.14,-18.414,77,2
3.639,-0.153,-18.415,80,2
3.639,-0.166,-18.414,78,2
3.64,-0.179,-18.417,75,2
3.64,-0.192,-18.418,78,2
3.639,-0.206,-18.415,71,2
3.639,-0.219,-18.414,77,2
3.639,-0.231,-18.415,79,2
3.64,-0.244,-18.417,77,2
3.639,-0.258,-18.415,75,2
3.657,-0.124,-18.417,82,2
3.658,-0.137,-18.419,77,2
3.658,-0.15,-18.42,79,2
3.657,-0.164,-18.416,73,2
3.658,-0.177,-18.418,72,2
3.658,-0.19,-18.418,74,2
3.658,-0.203,-18.421,76,2
3.658,-0.216,-18.42,72,2
3.658,-0.229,-18.42,75,2
3.658,-0.243,-18.42,74,2
3.658,-0.256,-18.419,76,2
3.67,-0.129,-18.424,67,2
3.67,-0.142,-18.422,72,2
3.67,-0.155,-18.424,73,2
3.671,-0.168,-18.427,70,2
3.67,-0.181,-18.424,69,2
3.67,-0.194,-18.423,69,2
3.67,-0.207,-18.426,74,2
3.67,-0.221,-18.426,69,2
3.51,-0.004,-18.488,76,2
3.51,-0.017,-18.49,74,2
3.511,-0.03,-18.493,71,2
3.511,-0.043,-18.492,73,2
3.511,-0.056,-18.492,69,2
3.511,-0.07,-18.493,69,2
3.511,-0.083,-18.493,71,2
3.51,-0.135,-18.486,76,2
3.519,-0.005,-18.483,77,2
3.519,-0.018,-18.479,79,2
3.519,-0.031,-18.479,75,2
3.519,-0.044,-18.481,77,2
3.519,-0.057,-18.479,74,2
3.518,-0.07,-18.476,71,2
3.519,-0.083,-18.48,76,2
3.519,-0.097,-18.479,74,2
3.519,-0.109,-18.478,73,2
3.519,-0.123,-18.482,81,2
3.52,-0.136,-18.484,78,2
3.519,-0.149,-18.481,74,2
3.519,-0.162,-18.481,73,2
3.519,-0.175,-18.479,81,2
3.518,-0.188,-18.478,74,2
3.517,-0.201,-18.473,69,2
3.517,-0.215,-18.473,69,2
3.517,-0.228,-18.472,78,2
3.517,-0.241,-18.471,75,2
3.517,-0.254,-18.471,77,2
3.53,-0.012,-18.469,74,2
3.53,-0.025,-18.469,81,2
3.529,-0.038,-18.466,73,2
3.53,-0.052,-18.469,74,2
3.529,-0.064,-18.465,74,2
3.529,-0.078,-18.466,74,2
3.529,-0.091,-18.467,75,2
3.529,-0.104,-18.465,76,2
3.528,-0.117,-18.461,69,2
3.527,-0.13,-18.458,70,2
3.529,-0.143,-18.464,76,2
3.529,-0.156,-18.466,74,2
3.529,-0.169,-18.466,69,2
3.529,-0.183,-18.466,76,2
3.529,-0.196,-18.465,76,2
3.529,-0.209,-18.463,74,2
3.528,-0.222,-18.461,75,2
3.529,-0.235,-18.463,77,2
3.527,-0.248,-18.458,72,2
3.528,-0.262,-18.461,77,2
3.544,-0.009,-18.456,72,2
3.544,-0.022,-18.456,77,2
3.544,-0.035,-18.455,69,2
3.544,-0.048,-18.456,78,2
3.544,-0.062,-18.454,67,2
3.544,-0.075,-18.455,73,2
3.544,-0.087,-18.457,75,2
3.544,-0.101,-18.455,76,2
3.544,-0.114,-18.454,75,2
3.543,-0.127,-18.451,76,2
3.543,-0.14,-18.451,66,2
3.543,-0.153,-18.452,76,2
3.543,-0.166,-18.453,78,2
3.543,-0.179,-18.451,80,2
3.543,-0.192,-18.449,73,2
3.543,-0.206,-18.449,76,2
3.543,-0.219,-18.448,72,2
3.543,-0.232,-18.451,68,2
3.543,-0.245,-18.45,75,2
3.543,-0.258,-18.449,71,2
3.552,-0.009,-18.448,73,2
3.552,-0.023,-18.449,73,2
3.552,-0.036,-18.448,75,2
3.552,-0.049,-18.448,67,2
3.552,-0.062,-18.447,73,2
3.552,-0.075,-18.445,73,2
3.551,-0.088,-18.443,75,2
3.552,-0.101,-18.445,78,2
3.551,-0.114,-18.444,81,2
3.551,-0.127,-18.442,75,2
3.552,-0.14,-18.449,74,2
3.552,-0.154,-18.445,73,2
3.552,-0.167,-18.447,65,2
3.552,-0.179,-18.448,74,2
3.552,-0.193,-18.444,65,2
3.552,-0.206,-18.445,75,2
3.551,-0.219,-18.442,77,2
3.55,-0.232,-18.44,81,2
3.551,-0.245,-18.441,73,2
3.551,-0.258,-18.441,78,2
3.563,-0.007,-18.438,79,2
3.563,-0.02,-18.443,77,2
3.563,-0.033,-18.438,75,2
3.563,-0.047,-18.438,71,2
3.562,-0.06,-18.435,70,2
3.563,-0.072,-18.438,71,2
3.563,-0.086,-18.438,74,2
3.563,-0.099,-18.44,71,2
3.563,-0.112,-18.44,75,2
3.563,-0.125,-18.439,74,2
3.562,-0.138,-18.436,73,2
3.562,-0.151,-18.432,72,2
3.562,-0.164,-18.436,74,2
3.562,-0.177,-18.434,73,2
3.562,-0.191,-18.436,69,2
3.562,-0.204,-18.435,76,2
3.563,-0.216,-18.437,79,2
3.562,-0.23,-18.434,80,2
3.562,-0.243,-18.435,75,2
3.562,-0.256,-18.433,71,2
3.58,-0.031,-18.432,57,2
3.682,-0.227,-18.432,74,2
3.682,-0.24,-18.435,76,2
3.682,-0.253,-18.432,72,2
3.701,-0.144,-18.441,53,2
3.701,-0.157,-18.441,72,2
3.702,-0.17,-18.442,73,2
3.702,-0.184,-18.442,71,2
3.702,-0.197,-18.444,64,2
3.703,-0.21,-18.449,70,2
3.703,-0.223,-18.445,66,2
3.703,-0.236,-18.448,73,2
3.703,-0.25,-18.449,71,2
3.703,-0.263,-18.448,73,2
3.717,-0.16,-18.462,66,2
3.717,-0.172,-18.462,67,2
3.717,-0.185,-18.463,64,2
3.718,-0.199,-18.468,69,2
3.719,-0.212,-18.472,66,2
3.719,-0.225,-18.472,68,2
3.719,-0.238,-18.471,66,2
3.718,-0.251,-18.466,71,2
3.719,-0.264,-18.473,68,2
3.732,-0.155,-18.482,13,2
3.736,-0.169,-18.501,54,2
3.737,-0.182,-18.503,56,2
3.737,-0.195,-18.503,56,2
3.735,-0.208,-18.495,51,2
3.734,-0.221,-18.49,53,2
3.734,-0.235,-18.492,55,2
3.734,-0.248,-18.493,50,2
3.737,-0.261,-18.507,55,2
3.681,-0.135,-18.424,53,2
3.681,-0.148,-18.425,64,2
3.681,-0.162,-18.427,70,2
3.681,-0.174,-18.428,75,2
3.681,-0.188,-18.43,73,2
3.682,-0.201,-18.431,72,2
3.681,-0.214,-18.43,67,2
3.67,-0.234,-18.424,70,2
3.67,-0.247,-18.425,71,2
3.67,-0.26,-18.426,74,2
7.079,-0.368,-32.352,10,6
7.075,-0.391,-32.333,19,6
7.077,-0.415,-32.346,37,6
7.076,-0.438,-32.337,52,6
7.092,-0.332,-32.308,21,6
7.093,-0.355,-32.312,72,6
7.092,-0.378,-32.307,73,6
7.091,-0.4,-32.304,73,6
7.089,-0.424,-32.298,76,6
7.118,-0.325,-32.288,47,6
7.116,-0.348,-32.283,80,6
7.116,-0.371,-32.28,79,6
7.116,-0.394,-32.28,81,6
7.115,-0.418,-32.276,79,6
7.115,-0.441,-32.273,77,6
7.135,-0.326,-32.279,74,6
7.133,-0.35,-32.271,83,6
7.133,-0.372,-32.27,82,6
7.133,-0.395,-32.27,84,6
7.132,-0.419,-32.266,83,6
7.131,-0.442,-32.263,81,6
7.156,-0.321,-32.272,76,6
7.155,-0.344,-32.269,79,6
7.155,-0.367,-32.265,79,6
7.155,-0.391,-32.266,78,6
7.155,-0.414,-32.264,80,6
7.153,-0.436,-32.259,78,6
7.186,-0.295,-32.271,42,6
7.185,-0.318,-32.267,75,6
7.185,-0.342,-32.264,79,6
7.184,-0.364,-32.263,73,6
7.183,-0.387,-32.258,77,6
7.184,-0.41,-32.261,74,6
7.184,-0.433,-32.26,76,6
7.204,-0.294,-32.272,66,6
7.204,-0.317,-32.271,74,6
7.203,-0.34,-32.268,71,6
7.203,-0.364,-32.266,73,6
7.203,-0.387,-32.267,74,6
7.203,-0.409,-32.267,72,6
7.202,-0.433,-32.264,71,6
7.229,-0.285,-32.285,60,6
7.229,-0.308,-32.285,65,6
7.228,-0.33,-32.282,66,6
7.229,-0.353,-32.283,66,6
7.229,-0.377,-32.285,61,6
7.229,-0.4,-32.285,65,6
7.23,-0.423,-32.288,65,6
7.23,-0.445,-32.289,65,6
7.268,-0.277,-32.326,49,6
7.267,-0.3,-32.32,43,6
7.268,-0.324,-32.326,30,6
7.267,-0.347,-32.318,31,6
7.269,-0.37,-32.331,19,6
8.542,-0.022,-46.081,72,3
8.542,-0.054,-46.079,73,3
8.542,-0.087,-46.078,73,3
8.542,-0.119,-46.078,76,3
8.542,-0.152,-46.074,74,3
8.542,-0.185,-46.074,75,3
8.541,-0.218,-46.073,74,3
8.542,-0.251,-46.078,71,3
8.541,-0.283,-46.074,75,3
8.542,-0.316,-46.078,71,3
8.542,-0.349,-46.076,71,3
8.542,-0.382,-46.076,71,3
8.542,-0.414,-46.074,70,3
8.542,-0.446,-46.077,72,3
8.542,-0.479,-46.078,71,3
8.541,-0.512,-46.072,75,3
8.542,-0.545,-46.075,72,3
8.542,-0.578,-46.076,74,3
8.542,-0.611,-46.073,70,3
8.574,-0.028,-46.086,77,3
8.574,-0.061,-46.085,74,3
8.573,-0.094,-46.082,76,3
8.574,-0.126,-46.083,75,3
8.574,-0.16,-46.083,71,3
8.574,-0.191,-46.083,72,3
8.573,-0.224,-46.08,77,3
8.574,-0.257,-46.083,73,3
8.573,-0.29,-46.08,75,3
8.574,-0.323,-46.084,74,3
8.574,-0.355,-46.084,72,3
8.573,-0.388,-46.08,77,3
8.574,-0.421,-46.084,73,3
8.573,-0.454,-46.078,73,3
8.574,-0.487,-46.084,76,3
8.573,-0.52,-46.079,72,3
8.574,-0.551,-46.084,72,3
8.573,-0.584,-46.08,72,3
8.573,-0.617,-46.076,72,3
8.603,-0.023,-46.089,73,3
8.603,-0.056,-46.087,75,3
8.603,-0.088,-46.088,73,3
8.603,-0.121,-46.087,74,3
8.602,-0.154,-46.085,72,3
8.603,-0.187,-46.087,71,3
8.603,-0.22,-46.088,70,3
8.602,-0.252,-46.086,71,3
8.603,-0.284,-46.088,73,3
8.602,-0.317,-46.084,71,3
8.602,-0.35,-46.083,72,3
8.602,-0.384,-46.083,73,3
8.603,-0.416,-46.087,72,3
8.602,-0.448,-46.083,71,3
8.602,-0.481,-46.085,71,3
8.602,-0.514,-46.083,65,3
8.603,-0.547,-46.088,65,3
8.602,-0.58,-46.085,65,3
8.602,-0.612,-46.081,66,3
8.645,-0.024,-46.087,42,3
8.644,-0.057,-46.084,40,3
8.646,-0.09,-46.093,45,3
8.645,-0.123,-46.089,51,3
8.645,-0.155,-46.088,49,3
8.645,-0.188,-46.088,35,3
8.646,-0.221,-46.091,32,3
8.644,-0.254,-46.086,22,3
8.644,-0.287,-46.081,5,3
9.322,-0.421,-46.174,25,3
9.322,-0.455,-46.174,28,3
9.321,-0.486,-46.172,40,3
9.322,-0.52,-46.173,46,3
9.322,-0.553,-46.175,38,3
9.321,-0.586,-46.169,25,3
9.319,-0.619,-46.159,35,3
9.365,-0.416,-46.164,57,3
9.364,-0.449,-46.162,72,3
9.364,-0.482,-46.159,72,3
9.366,-0.516,-46.168,71,3
9.365,-0.548,-46.166,73,3
9.366,-0.581,-46.168,68,3
9.362,-0.613,-46.149,73,3
9.395,-0.43,-46.163,46,3
9.396,-0.462,-46.169,74,3
9.396,-0.495,-46.171,75,3
9.397,-0.528,-46.174,74,3
9.397,-0.562,-46.172,76,3
9.397,-0.595,-46.172,72,3
9.393,-0.626,-46.152,70,3
9.425,-0.451,-46.173,65,3
9.425,-0.484,-46.172,70,3
9.426,-0.516,-46.176,72,3
9.426,-0.549,-46.178,72,3
9.426,-0.582,-46.176,71,3
9.422,-0.615,-46.158,75,3
9.47,-0.478,-46.18,67,3
9.47,-0.511,-46.177,72,3
9.47,-0.544,-46.178,72,3
9.471,-0.576,-46.183,71,3
9.467,-0.609,-46.165,72,3
9.5,-0.492,-46.181,70,3
9.5,-0.525,-46.183,71,3
9.501,-0.558,-46.188,70,3
9.501,-0.591,-46.186,71,3
9.495,-0.624,-46.158,70,3
9.53,-0.489,-46.189,61,3
9.53,-0.522,-46.189,66,3
9.531,-0.554,-46.191,66,3
9.53,-0.587,-46.189,65,3
9.525,-0.62,-46.165,69,3
9.572,-0.487,-46.189,46,3
9.573,-0.521,-46.194,70,3
9.572,-0.553,-46.193,71,3
9.572,-0.587,-46.191,70,3
9.568,-0.62,-46.172,71,3
9.602,-0.524,-46.196,70,3
9.603,-0.555,-46.198,73,3
9.602,-0.588,-46.194,72,3
9.597,-0.621,-46.171,70,3
9.631,-0.51,-46.201,65,3
9.632,-0.543,-46.203,72,3
9.631,-0.576,-46.2,71,3
9.628,-0.608,-46.187,72,3
9.674,-0.503,-46.209,24,3
9.674,-0.536,-46.203,72,3
9.673,-0.569,-46.203,68,3
9.672,-0.602,-46.194,70,3
9.706,-0.515,-46.213,42,3
9.705,-0.548,-46.208,66,3
9.705,-0.58,-46.207,66,3
9.7,-0.613,-46.188,69,3
9.739,-0.538,-46.213,67,3
9.739,-0.572,-46.212,70,3
9.735,-0.604,-46.195,74,3
9.78,-0.531,-46.215,61,3
9.779,-0.564,-46.21,64,3
9.778,-0.598,-46.208,67,3
10.05,-0.512,-46.249,53,3
10.05,-0.546,-46.251,63,3
10.048,-0.577,-46.244,57,3
10.047,-0.611,-46.237,46,3
10.091,-0.498,-46.247,58,3
10.09,-0.532,-46.244,72,3
10.091,-0.565,-46.248,70,3
10.09,-0.599,-46.24,67,3
10.12,-0.494,-46.254,58,3
10.121,-0.526,-46.257,71,3
10.12,-0.559,-46.252,68,3
10.12,-0.593,-46.255,64,3
10.112,-0.626,-46.216,51,3
10.415,-0.363,-46.321,10,3
10.408,-0.396,-46.292,49,3
10.41,-0.43,-46.298,56,3
10.408,-0.463,-46.289,64,3
10.407,-0.497,-46.288,64,3
10.407,-0.529,-46.286,69,3
10.406,-0.562,-46.284,65,3
10.403,-0.595,-46.271,69,3
10.392,-0.628,-46.222,69,3
10.435,-0.368,-46.297,66,3
10.435,-0.402,-46.295,76,3
10.434,-0.434,-46.292,72,3
10.434,-0.467,-46.291,70,3
10.433,-0.501,-46.289,74,3
10.433,-0.534,-46.289,73,3
10.433,-0.567,-46.29,69,3
10.429,-0.599,-46.271,71,3
10.469,-0.322,-46.31,28,3
10.467,-0.355,-46.303,67,3
10.467,-0.388,-46.301,65,3
10.467,-0.422,-46.299,69,3
10.465,-0.455,-46.292,68,3
10.466,-0.487,-46.298,69,3
10.465,-0.521,-46.293,67,3
10.465,-0.554,-46.294,71,3
10.465,-0.587,-46.29,71,3
10.454,-0.62,-46.246,65,3
10.513,-0.307,-46.306,67,3
10.513,-0.34,-46.306,71,3
10.512,-0.373,-46.304,69,3
10.512,-0.406,-46.302,70,3
10.512,-0.44,-46.301,72,3
10.511,-0.473,-46.298,74,3
10.511,-0.506,-46.298,71,3
10.511,-0.538,-46.296,74,3
10.511,-0.572,-46.298,70,3
10.505,-0.605,-46.272,70,3
10.543,-0.268,-46.316,62,3
10.542,-0.301,-46.311,72,3
10.542,-0.335,-46.308,72,3
10.541,-0.368,-46.307,75,3
10.542,-0.402,-46.308,73,3
10.541,-0.434,-46.305,74,3
10.541,-0.467,-46.305,73,3
10.54,-0.501,-46.304,72,3
10.54,-0.534,-46.304,74,3
10.54,-0.567,-46.302,70,3
10.536,-0.6,-46.282,69,3
10.574,-0.224,-46.318,47,3
10.575,-0.257,-46.319,71,3
10.573,-0.291,-46.314,75,3
10.573,-0.323,-46.31,73,3
10.574,-0.356,-46.318,70,3
10.573,-0.39,-46.313,74,3
10.572,-0.423,-46.307,74,3
10.573,-0.456,-46.31,75,3
10.572,-0.488,-46.305,73,3
10.572,-0.522,-46.306,74,3
10.572,-0.555,-46.306,74,3
10.569,-0.589,-46.293,68,3
10.558,-0.621,-46.244,69,3
10.621,-0.184,-46.326,62,3
10.62,-0.216,-46.321,70,3
10.62,-0.25,-46.319,74,3
10.619,-0.283,-46.315,75,3
10.62,-0.317,-46.32,77,3
10.619,-0.35,-46.316,73,3
10.62,-0.382,-46.318,76,3
10.619,-0.415,-46.315,73,3
10.618,-0.449,-46.312,72,3
10.618,-0.482,-46.31,76,3
10.618,-0.516,-46.31,74,3
10.617,-0.549,-46.309,75,3
10.618,-0.581,-46.31,68,3
10.608,-0.614,-46.266,65,3
3.083,0.344,-14.72,42,4
3.082,0.333,-14.716,62,4
3.08,0.322,-14.708,131,4
3.079,0.312,-14.703,124,4
3.077,0.301,-14.693,129,4
3.076,0.291,-14.69,124,4
3.075,0.28,-14.681,120,4
3.074,0.269,-14.678,120,4
3.073,0.259,-14.672,110,4
3.092,0.34,-14.718,35,4
3.091,0.329,-14.712,122,4
3.091,0.319,-14.712,130,4
3.088,0.308,-14.7,126,4
3.087,0.298,-14.693,134,4
3.085,0.287,-14.684,128,4
3.085,0.276,-14.684,123,4
3.083,0.266,-14.674,122,4
3.082,0.255,-14.67,119,4
3.081,0.245,-14.664,114,4
3.079,0.234,-14.658,120,4
3.078,0.223,-14.65,119,4
3.077,0.213,-14.646,120,4
3.075,0.203,-14.637,127,4
3.074,0.192,-14.633,34,4
3.072,0.181,-14.624,28,4
3.104,0.343,-14.724,32,4
3.102,0.333,-14.714,77,4
3.101,0.322,-14.712,117,4
3.099,0.311,-14.703,130,4
3.098,0.301,-14.698,124,4
3.096,0.29,-14.69,126,4
3.094,0.279,-14.679,116,4
3.094,0.269,-14.677,125,4
3.091,0.258,-14.663,112,4
3.091,0.248,-14.663,121,4
3.09,0.237,-14.658,127,4
3.089,0.227,-14.651,116,4
3.087,0.216,-14.645,122,4
3.086,0.205,-14.64,124,4
3.085,0.195,-14.632,124,4
3.083,0.184,-14.628,125,4
3.082,0.174,-14.621,126,4
3.082,0.163,-14.619,124,4
3.08,0.153,-14.612,129,4
3.078,0.142,-14.603,132,4
3.076,0.132,-14.594,128,4
3.075,0.122,-14.588,128,4
3.074,0.111,-14.581,130,4
3.073,0.101,-14.578,73,4
3.115,0.345,-14.719,18,4
3.114,0.335,-14.713,30,4
3.113,0.324,-14.706,127,4
3.112,0.313,-14.701,127,4
3.111,0.303,-14.695,131,4
3.109,0.292,-14.691,121,4
3.108,0.282,-14.684,123,4
3.107,0.271,-14.679,116,4
3.106,0.261,-14.674,125,4
3.104,0.25,-14.663,118,4
3.103,0.239,-14.66,123,4
3.102,0.228,-14.651,117,4
3.1,0.218,-14.646,120,4
3.099,0.208,-14.639,121,4
3.097,0.197,-14.632,127,4
3.095,0.186,-14.621,133,4
3.094,0.176,-14.616,133,4
3.093,0.166,-14.613,125,4
3.092,0.155,-14.606,125,4
3.091,0.145,-14.604,126,4
3.089,0.134,-14.594,128,4
3.089,0.123,-14.591,127,4
3.087,0.113,-14.582,130,4
3.086,0.103,-14.58,131,4
3.084,0.092,-14.57,128,4
3.084,0.082,-14.57,109,4
3.082,0.071,-14.558,72,4
3.081,0.061,-14.554,45,4
3.079,0.051,-14.547,50,4
3.078,0.04,-14.54,60,4
3.077,0.03,-14.534,87,4
3.076,0.019,-14.528,120,4
3.075,0.009,-14.526,134,4
3.124,0.343,-14.718,31,4
3.123,0.333,-14.711,32,4
3.122,0.322,-14.706,128,4
3.12,0.312,-14.7,132,4
3.12,0.301,-14.697,128,4
3.118,0.29,-14.689,125,4
3.117,0.28,-14.684,116,4
3.115,0.269,-14.677,122,4
3.115,0.258,-14.672,120,4
3.114,0.248,-14.667,113,4
3.112,0.237,-14.66,115,4
3.111,0.227,-14.653,122,4
3.108,0.216,-14.643,117,4
3.108,0.205,-14.64,122,4
3.106,0.195,-14.632,125,4
3.105,0.184,-14.627,129,4
3.102,0.174,-14.614,134,4
3.102,0.163,-14.615,127,4
3.1,0.153,-14.602,127,4
3.099,0.143,-14.599,129,4
3.098,0.132,-14.593,130,4
3.096,0.122,-14.587,124,4
3.095,0.111,-14.579,122,4
3.094,0.101,-14.575,126,4
3.093,0.09,-14.568,127,4
3.092,0.08,-14.568,127,4
3.091,0.069,-14.558,130,4
3.09,0.059,-14.556,129,4
3.088,0.049,-14.547,126,4
3.087,0.038,-14.54,134,4
3.086,0.028,-14.535,135,4
3.083,0.018,-14.525,130,4
3.083,0.007,-14.523,128,4
3.134,0.334,-14.713,45,4
3.134,0.323,-14.709,126,4
3.132,0.312,-14.703,132,4
3.131,0.302,-14.698,130,4
3.129,0.291,-14.688,128,4
3.128,0.281,-14.684,124,4
3.127,0.27,-14.68,115,4
3.125,0.259,-14.671,116,4
3.124,0.249,-14.662,115,4
3.122,0.238,-14.656,116,4
3.121,0.228,-14.652,125,4
3.121,0.217,-14.649,122,4
3.118,0.206,-14.637,118,4
3.117,0.196,-14.633,114,4
3.116,0.185,-14.626,129,4
3.115,0.175,-14.622,129,4
3.113,0.164,-14.613,123,4
3.113,0.154,-14.612,86,4
3.109,0.143,-14.597,36,4
3.109,0.133,-14.592,20,4
3.108,0.122,-14.587,22,4
3.106,0.112,-14.58,23,4
3.105,0.102,-14.573,21,4
3.103,0.091,-14.566,30,4
3.102,0.08,-14.56,25,4
3.1,0.07,-14.551,41,4
3.099,0.06,-14.545,55,4
3.1,0.049,-14.55,89,4
3.098,0.039,-14.541,115,4
3.096,0.029,-14.535,129,4
3.096,0.018,-14.531,126,4
3.094,0.008,-14.522,126,4
3.148,0.398,-14.719,7,4
3.148,0.387,-14.718,16,4
3.148,0.367,-14.72,25,4
3.148,0.356,-14.72,14,4
3.15,0.346,-14.728,23,4
3.147,0.335,-14.711,39,4
3.146,0.325,-14.709,112,4
3.145,0.314,-14.704,124,4
3.143,0.303,-14.694,127,4
3.142,0.292,-14.691,130,4
3.141,0.282,-14.682,122,4
3.14,0.271,-14.682,114,4
3.138,0.261,-14.668,119,4
3.137,0.25,-14.665,118,4
3.135,0.24,-14.656,117,4
3.135,0.229,-14.654,118,4
3.133,0.218,-14.649,119,4
3.131,0.208,-14.638,117,4
3.13,0.198,-14.632,123,4
3.128,0.187,-14.623,116,4
3.127,0.176,-14.62,60,4
3.126,0.166,-14.613,27,4
3.125,0.155,-14.609,17,4
3.123,0.145,-14.601,22,4
3.122,0.134,-14.594,20,4
3.119,0.124,-14.584,18,4
3.118,0.113,-14.578,24,4
3.118,0.103,-14.577,23,4
3.115,0.093,-14.565,24,4
3.115,0.082,-14.56,24,4
3.114,0.072,-14.556,23,4
3.113,0.061,-14.552,19,4
3.111,0.051,-14.543,26,4
3.11,0.041,-14.538,21,4
3.109,0.03,-14.533,22,4
3.107,0.02,-14.524,42,4
3.106,0.009,-14.522,116,4
3.158,0.396,-14.722,30,4
3.156,0.386,-14.714,16,4
3.157,0.375,-14.717,7,4
3.158,0.365,-14.723,10,4
3.159,0.354,-14.727,12,4
3.157,0.333,-14.719,36,4
3.155,0.322,-14.71,120,4
3.154,0.312,-14.705,130,4
3.152,0.301,-14.697,126,4
3.151,0.291,-14.69,126,4
3.149,0.28,-14.682,119,4
3.148,0.269,-14.678,116,4
3.146,0.259,-14.669,124,4
3.145,0.248,-14.665,121,4
3.144,0.238,-14.658,121,4
3.142,0.227,-14.65,118,4
3.141,0.216,-14.645,120,4
3.14,0.206,-14.639,120,4
3.139,0.195,-14.634,117,4
3.137,0.185,-14.626,49,4
3.136,0.175,-14.619,23,4
3.135,0.164,-14.615,17,4
3.132,0.153,-14.602,19,4
3.132,0.143,-14.601,16,4
3.13,0.132,-14.594,20,4
3.129,0.122,-14.587,24,4
3.128,0.112,-14.583,23,4
3.125,0.101,-14.571,18,4
3.125,0.09,-14.567,25,4
3.123,0.08,-14.559,20,4
3.122,0.07,-14.555,24,4
3.121,0.059,-14.547,24,4
3.121,0.049,-14.548,32,4
3.118,0.038,-14.538,24,4
3.118,0.028,-14.535,25,4
3.116,0.018,-14.525,25,4
3.114,0.007,-14.517,26,4
3.167,0.336,-14.717,37,4
3.164,0.326,-14.706,29,4
3.163,0.315,-14.699,129,4
3.163,0.304,-14.698,126,4
3.161,0.294,-14.689,127,4
3.159,0.283,-14.682,129,4
3.158,0.273,-14.675,123,4
3.157,0.262,-14.671,117,4
3.156,0.251,-14.667,121,4
3.155,0.241,-14.663,122,4
3.154,0.23,-14.654,118,4
3.152,0.22,-14.65,124,4
3.15,0.209,-14.639,117,4
3.149,0.199,-14.634,116,4
3.149,0.188,-14.632,13,4
3.146,0.177,-14.618,11,4
3.144,0.167,-14.611,25,4
3.142,0.156,-14.6,24,4
3.141,0.146,-14.598,22,4
3.14,0.135,-14.591,24,4
3.139,0.125,-14.588,27,4
3.138,0.114,-14.58,27,4
3.137,0.104,-14.577,27,4
3.135,0.094,-14.568,24,4
3.135,0.083,-14.566,26,4
3.132,0.073,-14.555,23,4
3.131,0.062,-14.549,21,4
3.13,0.052,-14.546,19,4
3.128,0.041,-14.537,30,4
3.127,0.031,-14.53,25,4
3.127,0.021,-14.529,25,4
3.125,0.01,-14.52,25,4
3.178,0.329,-14.708,35,4
3.178,0.318,-14.706,112,4
3.176,0.308,-14.698,127,4
3.175,0.297,-14.692,130,4
3.173,0.286,-14.684,127,4
3.172,0.275,-14.682,124,4
3.17,0.264,-14.668,117,4
3.169,0.254,-14.665,116,4
3.167,0.244,-14.656,115,4
3.166,0.233,-14.651,112,4
3.164,0.222,-14.645,118,4
3.164,0.212,-14.642,116,4
3.162,0.202,-14.635,113,4
3.162,0.191,-14.632,14,4
3.16,0.181,-14.624,6,4
3.158,0.17,-14.612,19,4
3.156,0.159,-14.606,27,4
3.156,0.149,-14.604,110,4
3.154,0.139,-14.598,130,4
3.152,0.128,-14.586,126,4
3.151,0.117,-14.583,128,4
3.149,0.107,-14.572,133,4
3.148,0.096,-14.571,133,4
3.147,0.086,-14.563,130,4
3.146,0.076,-14.56,124,4
3.144,0.065,-14.55,128,4
3.143,0.055,-14.546,123,4
3.142,0.044,-14.543,112,4
3.14,0.034,-14.531,73,4
3.139,0.023,-14.528,28,4
3.138,0.013,-14.522,24,4
3.137,0.003,-14.516,27,4
3.187,0.328,-14.713,38,4
3.185,0.317,-14.701,77,4
3.184,0.307,-14.7,123,4
3.182,0.296,-14.691,124,4
3.183,0.286,-14.692,128,4
3.18,0.275,-14.681,124,4
3.179,0.264,-14.673,113,4
3.178,0.254,-14.669,121,4
3.177,0.243,-14.663,120,4
3.174,0.233,-14.653,113,4
3.173,0.222,-14.649,120,4
3.172,0.212,-14.644,115,4
3.17,0.201,-14.63,116,4
3.17,0.19,-14.631,9,4
3.168,0.179,-14.622,6,4
3.166,0.169,-14.615,18,4
3.164,0.159,-14.608,120,4
3.164,0.148,-14.604,122,4
3.162,0.138,-14.596,130,4
3.16,0.127,-14.589,127,4
3.16,0.117,-14.585,132,4
3.158,0.106,-14.576,130,4
3.157,0.096,-14.572,126,4
3.156,0.086,-14.569,133,4
3.154,0.075,-14.559,127,4
3.154,0.065,-14.556,123,4
3.152,0.054,-14.548,129,4
3.15,0.044,-14.539,132,4
3.149,0.033,-14.534,133,4
3.146,0.023,-14.521,127,4
3.147,0.013,-14.525,29,4
3.145,0.002,-14.517,19,4
3.196,0.32,-14.703,29,4
3.194,0.31,-14.698,123,4
3.194,0.299,-14.693,126,4
3.192,0.288,-14.685,122,4
3.191,0.278,-14.679,124,4
3.19,0.268,-14.674,121,4
3.187,0.257,-14.664,118,4
3.186,0.246,-14.66,122,4
3.186,0.235,-14.658,120,4
3.185,0.225,-14.653,118,4
3.184,0.214,-14.648,116,4
3.181,0.204,-14.634,122,4
3.181,0.193,-14.634,52,4
3.179,0.183,-14.627,9,4
3.177,0.172,-14.618,10,4
3.176,0.162,-14.611,89,4
3.174,0.151,-14.603,127,4
3.173,0.141,-14.597,129,4
3.171,0.13,-14.59,126,4
3.17,0.119,-14.582,123,4
3.169,0.109,-14.578,128,4
3.167,0.099,-14.569,135,4
3.167,0.089,-14.572,124,4
3.164,0.078,-14.559,130,4
3.164,0.068,-14.556,126,4
3.163,0.057,-14.55,125,4
3.162,0.047,-14.547,134,4
3.16,0.036,-14.536,129,4
3.159,0.026,-14.534,128,4
3.158,0.015,-14.528,124,4
3.156,0.005,-14.518,24,4
3.208,0.314,-14.7,35,4
3.207,0.304,-14.696,119,4
3.206,0.293,-14.689,126,4
3.205,0.282,-14.683,128,4
3.204,0.272,-14.68,121,4
3.201,0.261,-14.668,122,4
3.201,0.251,-14.667,118,4
3.199,0.24,-14.656,115,4
3.198,0.229,-14.651,121,4
3.196,0.219,-14.643,117,4
3.194,0.208,-14.637,122,4
3.193,0.198,-14.63,119,4
3.192,0.187,-14.626,15,4
3.192,0.177,-14.623,9,4
3.188,0.166,-14.608,16,4
3.187,0.155,-14.601,62,4
3.187,0.145,-14.599,124,4
3.185,0.135,-14.592,131,4
3.184,0.124,-14.588,130,4
3.183,0.113,-14.582,127,4
3.181,0.103,-14.575,125,4
3.18,0.093,-14.571,120,4
3.178,0.082,-14.56,126,4
3.177,0.072,-14.557,126,4
3.176,0.062,-14.549,129,4
3.174,0.051,-14.541,126,4
3.173,0.041,-14.536,128,4
3.172,0.03,-14.533,127,4
3.172,0.02,-14.531,132,4
3.169,0.009,-14.519,33,4
3.218,0.316,-14.703,53,4
3.216,0.305,-14.695,75,4
3.215,0.294,-14.689,120,4
3.214,0.284,-14.686,126,4
3.212,0.273,-14.676,128,4
3.211,0.263,-14.671,123,4
3.21,0.252,-14.666,121,4
3.208,0.241,-14.657,116,4
3.207,0.231,-14.651,123,4
3.206,0.221,-14.647,116,4
3.204,0.21,-14.639,121,4
3.204,0.199,-14.638,124,4
3.203,0.189,-14.636,88,4
3.201,0.178,-14.628,8,4
3.198,0.168,-14.614,10,4
3.197,0.157,-14.607,18,4
3.195,0.147,-14.597,24,4
3.194,0.136,-14.593,39,4
3.193,0.125,-14.59,96,4
3.191,0.116,-14.58,116,4
3.19,0.105,-14.574,124,4
3.188,0.094,-14.568,129,4
3.187,0.084,-14.562,132,4
3.186,0.073,-14.556,132,4
3.184,0.063,-14.551,133,4
3.183,0.053,-14.543,129,4
3.182,0.042,-14.54,121,4
3.181,0.032,-14.535,101,4
3.18,0.021,-14.53,43,4
3.178,0.011,-14.519,26,4
3.177,0.001,-14.513,22,4
3.228,0.312,-14.704,57,4
3.226,0.301,-14.692,70,4
3.225,0.29,-14.689,123,4
3.223,0.279,-14.681,123,4
3.222,0.269,-14.675,127,4
3.221,0.258,-14.672,132,4
3.219,0.248,-14.663,120,4
3.218,0.237,-14.658,122,4
3.216,0.226,-14.648,122,4
3.215,0.215,-14.644,112,4
3.213,0.206,-14.636,121,4
3.213,0.195,-14.635,122,4
3.212,0.184,-14.63,110,4
3.209,0.174,-14.618,7,4
3.209,0.163,-14.615,7,4
3.206,0.153,-14.603,14,4
3.205,0.142,-14.599,20,4
3.202,0.132,-14.584,23,4
3.203,0.121,-14.586,22,4
3.201,0.111,-14.578,21,4
3.199,0.1,-14.571,26,4
3.198,0.09,-14.564,25,4
3.197,0.079,-14.559,22,4
3.195,0.069,-14.554,22,4
3.193,0.058,-14.541,21,4
3.194,0.048,-14.545,26,4
3.191,0.038,-14.533,26,4
3.19,0.027,-14.529,21,4
3.189,0.017,-14.524,22,4
3.188,0.006,-14.519,28,4
3.24,0.303,-14.696,33,4
3.239,0.293,-14.691,101,4
3.237,0.282,-14.682,121,4
3.236,0.272,-14.675,126,4
3.234,0.261,-14.67,124,4
3.233,0.25,-14.662,123,4
3.231,0.24,-14.652,118,4
3.23,0.229,-14.65,116,4
3.228,0.219,-14.641,123,4
3.227,0.208,-14.635,116,4
3.226,0.198,-14.628,122,4
3.225,0.188,-14.627,124,4
3.222,0.177,-14.614,124,4
3.222,0.166,-14.613,39,4
3.22,0.156,-14.603,14,4
3.219,0.145,-14.598,12,4
3.217,0.134,-14.59,20,4
3.216,0.124,-14.585,19,4
3.214,0.114,-14.576,21,4
3.213,0.103,-14.573,25,4
3.211,0.093,-14.564,21,4
3.211,0.082,-14.562,18,4
3.21,0.072,-14.555,20,4
3.208,0.062,-14.548,18,4
3.207,0.051,-14.543,22,4
3.206,0.041,-14.539,17,4
3.205,0.03,-14.534,24,4
3.203,0.02,-14.523,24,4
3.201,0.009,-14.518,20,4
3.249,0.303,-14.696,27,4
3.248,0.292,-14.691,34,4
3.247,0.282,-14.686,121,4
3.245,0.271,-14.677,124,4
3.244,0.261,-14.673,121,4
3.242,0.25,-14.662,127,4
3.241,0.239,-14.659,120,4
3.238,0.228,-14.646,115,4
3.237,0.218,-14.643,122,4
3.236,0.208,-14.635,122,4
3.234,0.197,-14.63,121,4
3.233,0.186,-14.624,124,4
3.231,0.176,-14.615,117,4
3.23,0.166,-14.607,123,4
3.23,0.155,-14.608,102,4
3.228,0.145,-14.599,28,4
3.226,0.134,-14.591,20,4
3.225,0.123,-14.586,21,4
3.223,0.113,-14.576,24,4
3.222,0.103,-14.573,26,4
3.22,0.092,-14.564,22,4
3.219,0.082,-14.558,25,4
3.217,0.071,-14.552,23,4
3.216,0.06,-14.545,21,4
3.215,0.051,-14.542,20,4
3.214,0.04,-14.536,23,4
3.212,0.03,-14.526,24,4
3.21,0.019,-14.519,27,4
3.21,0.009,-14.519,32,4
3.258,0.295,-14.689,26,4
3.256,0.284,-14.679,37,4
3.255,0.273,-14.677,122,4
3.254,0.263,-14.672,127,4
3.253,0.252,-14.666,132,4
3.251,0.242,-14.659,136,4
3.25,0.231,-14.652,120,4
3.248,0.221,-14.646,119,4
3.247,0.21,-14.638,123,4
3.246,0.2,-14.636,115,4
3.244,0.189,-14.628,122,4
3.243,0.178,-14.623,118,4
3.241,0.168,-14.614,124,4
3.24,0.157,-14.609,122,4
3.239,0.147,-14.601,124,4
3.237,0.137,-14.595,122,4
3.236,0.126,-14.588,123,4
3.234,0.116,-14.579,114,4
3.233,0.105,-14.575,107,4
3.231,0.094,-14.57,87,4
3.23,0.084,-14.563,78,4
3.229,0.074,-14.559,75,4
3.227,0.063,-14.549,70,4
3.226,0.053,-14.546,82,4
3.224,0.042,-14.537,87,4
3.224,0.032,-14.535,108,4
3.223,0.022,-14.531,125,4
3.223,0.011,-14.528,133,4
3.22,0.001,-14.515,133,4
3.271,0.286,-14.686,36,4
3.269,0.275,-14.677,74,4
3.268,0.265,-14.671,126,4
3.267,0.254,-14.667,126,4
3.265,0.243,-14.66,121,4
3.263,0.233,-14.652,121,4
3.262,0.222,-14.645,124,4
3.26,0.212,-14.637,122,4
3.26,0.201,-14.639,122,4
3.259,0.191,-14.632,124,4
3.257,0.18,-14.623,118,4
3.255,0.17,-14.615,125,4
3.254,0.159,-14.611,117,4
3.251,0.148,-14.599,117,4
3.251,0.138,-14.598,126,4
3.249,0.127,-14.588,130,4
3.248,0.117,-14.582,130,4
3.246,0.107,-14.574,126,4
3.246,0.096,-14.571,118,4
3.243,0.086,-14.559,130,4
3.242,0.075,-14.557,124,4
3.24,0.065,-14.549,128,4
3.24,0.054,-14.544,129,4
3.238,0.044,-14.538,127,4
3.237,0.034,-14.531,134,4
3.236,0.023,-14.528,133,4
3.236,0.013,-14.526,127,4
3.234,0.002,-14.517,128,4
3.277,0.275,-14.679,35,4
3.275,0.265,-14.669,114,4
3.274,0.255,-14.665,120,4
3.273,0.244,-14.658,129,4
3.271,0.233,-14.651,123,4
3.27,0.222,-14.645,117,4
3.27,0.212,-14.645,126,4
3.267,0.201,-14.634,124,4
3.266,0.191,-14.626,125,4
3.265,0.18,-14.623,122,4
3.263,0.17,-14.616,126,4
3.263,0.159,-14.612,123,4
3.261,0.149,-14.603,125,4
3.259,0.138,-14.594,131,4
3.258,0.128,-14.592,127,4
3.256,0.117,-14.581,128,4
3.254,0.107,-14.574,129,4
3.253,0.097,-14.567,130,4
3.252,0.086,-14.563,131,4
3.25,0.075,-14.556,129,4
3.249,0.065,-14.55,124,4
3.247,0.054,-14.542,131,4
3.246,0.045,-14.539,128,4
3.244,0.034,-14.53,134,4
3.243,0.023,-14.525,126,4
3.242,0.013,-14.519,133,4
3.241,0.002,-14.515,131,4
3.287,0.27,-14.677,35,4
3.286,0.259,-14.67,102,4
3.284,0.249,-14.663,122,4
3.283,0.238,-14.656,123,4
3.282,0.227,-14.651,118,4
3.279,0.217,-14.642,116,4
3.279,0.206,-14.642,125,4
3.276,0.195,-14.627,126,4
3.275,0.185,-14.623,125,4
3.273,0.175,-14.615,129,4
3.272,0.164,-14.61,130,4
3.271,0.153,-14.603,128,4
3.269,0.143,-14.595,127,4
3.267,0.133,-14.589,128,4
3.267,0.122,-14.586,127,4
3.265,0.112,-14.579,121,4
3.264,0.101,-14.573,128,4
3.261,0.09,-14.562,126,4
3.26,0.08,-14.557,131,4
3.259,0.07,-14.552,132,4
3.259,0.059,-14.548,129,4
3.256,0.049,-14.539,130,4
3.256,0.038,-14.537,130,4
3.254,0.028,-14.528,128,4
3.252,0.018,-14.52,131,4
3.25,0.007,-14.512,129,4
3.3,0.263,-14.674,39,4
3.297,0.252,-14.66,55,4
3.296,0.242,-14.656,120,4
3.294,0.23,-14.646,117,4
3.293,0.221,-14.645,114,4
3.292,0.21,-14.638,121,4
3.289,0.199,-14.626,124,4
3.289,0.189,-14.627,129,4
3.289,0.178,-14.622,126,4
3.287,0.168,-14.614,116,4
3.286,0.157,-14.608,123,4
3.284,0.147,-14.6,129,4
3.282,0.136,-14.594,129,4
3.28,0.125,-14.585,127,4
3.279,0.115,-14.581,129,4
3.277,0.105,-14.569,119,4
3.276,0.094,-14.564,123,4
3.275,0.083,-14.562,127,4
3.273,0.073,-14.551,131,4
3.272,0.063,-14.547,126,4
3.27,0.052,-14.538,133,4
3.27,0.042,-14.538,128,4
3.267,0.032,-14.528,134,4
3.267,0.021,-14.526,128,4
3.266,0.01,-14.52,125,4
3.265,0.001,-14.516,129,4
3.307,0.251,-14.67,33,4
3.305,0.24,-14.658,111,4
3.304,0.229,-14.653,117,4
3.301,0.219,-14.643,121,4
3.3,0.208,-14.639,123,4
3.298,0.198,-14.628,126,4
3.297,0.187,-14.625,124,4
3.296,0.176,-14.618,125,4
3.294,0.166,-14.609,124,4
3.293,0.155,-14.603,123,4
3.292,0.145,-14.6,129,4
3.29,0.134,-14.591,130,4
3.288,0.124,-14.585,128,4
3.287,0.113,-14.578,128,4
3.286,0.103,-14.576,127,4
3.284,0.093,-14.568,126,4
3.283,0.082,-14.562,129,4
3.282,0.072,-14.555,131,4
3.281,0.061,-14.552,126,4
3.278,0.051,-14.539,128,4
3.276,0.04,-14.532,118,4
3.276,0.03,-14.528,130,4
3.274,0.02,-14.521,130,4
3.273,0.009,-14.517,130,4
3.316,0.244,-14.666,34,4
3.312,0.234,-14.645,49,4
3.312,0.223,-14.644,122,4
3.311,0.213,-14.641,125,4
3.309,0.202,-14.632,121,4
3.307,0.191,-14.625,127,4
3.306,0.181,-14.619,122,4
3.304,0.17,-14.613,127,4
3.303,0.16,-14.605,134,4
3.302,0.149,-14.602,121,4
3.3,0.139,-14.593,120,4
3.299,0.128,-14.587,127,4
3.298,0.118,-14.585,128,4
3.295,0.107,-14.573,134,4
3.294,0.097,-14.568,130,4
3.293,0.086,-14.562,132,4
3.292,0.075,-14.556,128,4
3.29,0.065,-14.548,131,4
3.289,0.055,-14.545,135,4
3.288,0.045,-14.54,122,4
3.286,0.034,-14.533,133,4
3.284,0.023,-14.522,128,4
3.283,0.014,-14.517,129,4
3.282,0.003,-14.513,128,4
3.329,0.228,-14.657,26,4
3.325,0.218,-14.643,81,4
3.323,0.207,-14.634,127,4
3.322,0.196,-14.627,129,4
3.321,0.185,-14.622,128,4
3.319,0.175,-14.614,124,4
3.318,0.165,-14.61,122,4
3.316,0.154,-14.6,124,4
3.315,0.144,-14.597,127,4
3.313,0.133,-14.587,126,4
3.312,0.123,-14.584,130,4
3.31,0.112,-14.573,122,4
3.309,0.102,-14.569,125,4
3.307,0.091,-14.564,128,4
3.306,0.08,-14.557,127,4
3.305,0.07,-14.552,128,4
3.305,0.06,-14.55,127,4
3.302,0.049,-14.538,122,4
3.301,0.039,-14.536,122,4
3.299,0.029,-14.527,121,4
3.298,0.018,-14.52,127,4
3.296,0.007,-14.514,125,4
3.339,0.219,-14.664,27,4
3.332,0.208,-14.633,24,4
3.332,0.198,-14.633,113,4
3.33,0.188,-14.626,121,4
3.329,0.177,-14.62,118,4
3.327,0.166,-14.611,124,4
3.326,0.155,-14.606,120,4
3.324,0.146,-14.599,128,4
3.323,0.135,-14.594,129,4
3.321,0.124,-14.585,121,4
3.32,0.114,-14.58,121,4
3.318,0.103,-14.571,122,4
3.316,0.093,-14.565,123,4
3.315,0.083,-14.558,128,4
3.313,0.072,-14.551,126,4
3.313,0.061,-14.547,125,4
3.311,0.051,-14.541,127,4
3.31,0.04,-14.538,125,4
3.309,0.03,-14.531,119,4
3.307,0.02,-14.523,124,4
3.306,0.009,-14.518,119,4
3.345,0.212,-14.648,25,4
3.344,0.202,-14.642,24,4
3.339,0.191,-14.623,47,4
3.339,0.181,-14.622,118,4
3.337,0.17,-14.612,122,4
3.336,0.16,-14.607,120,4
3.334,0.149,-14.598,121,4
3.332,0.138,-14.591,118,4
3.332,0.128,-14.587,119,4
3.33,0.117,-14.58,125,4
3.328,0.107,-14.572,125,4
3.328,0.097,-14.57,126,4
3.325,0.086,-14.559,118,4
3.324,0.075,-14.556,126,4
3.322,0.065,-14.547,117,4
3.321,0.055,-14.542,126,4
3.321,0.044,-14.54,121,4
3.32,0.034,-14.536,117,4
3.317,0.023,-14.525,123,4
3.316,0.013,-14.52,126,4
3.314,0.002,-14.512,120,4
3.358,0.194,-14.641,32,4
3.357,0.183,-14.638,21,4
3.351,0.172,-14.609,38,4
3.349,0.162,-14.605,114,4
3.35,0.152,-14.607,131,4
3.346,0.141,-14.59,119,4
3.346,0.13,-14.589,123,4
3.343,0.119,-14.578,123,4
3.343,0.109,-14.576,121,4
3.34,0.099,-14.564,117,4
3.34,0.089,-14.563,122,4
3.338,0.078,-14.554,124,4
3.336,0.067,-14.548,123,4
3.336,0.057,-14.543,123,4
3.334,0.047,-14.536,123,4
3.332,0.036,-14.526,124,4
3.332,0.026,-14.526,119,4
3.33,0.015,-14.521,125,4
3.328,0.005,-14.511,120,4
3.364,0.181,-14.63,12,4
3.368,0.171,-14.647,26,4
3.359,0.16,-14.606,35,4
3.357,0.149,-14.599,79,4
3.355,0.139,-14.592,120,4
3.355,0.128,-14.59,128,4
3.353,0.118,-14.581,125,4
3.352,0.108,-14.576,121,4
3.349,0.097,-14.566,126,4
3.348,0.086,-14.56,122,4
3.346,0.076,-14.552,125,4
3.346,0.066,-14.554,125,4
3.344,0.055,-14.544,127,4
3.342,0.045,-14.533,118,4
3.34,0.034,-14.526,118,4
3.339,0.023,-14.524,120,4
3.338,0.014,-14.516,128,4
3.337,0.003,-14.511,128,4
3.37,0.153,-14.615,49,4
3.372,0.143,-14.624,35,4
3.364,0.132,-14.589,26,4
3.362,0.121,-14.58,48,4
3.362,0.111,-14.578,98,4
3.36,0.101,-14.569,106,4
3.359,0.09,-14.563,123,4
3.357,0.079,-14.558,121,4
3.355,0.069,-14.547,119,4
3.355,0.059,-14.547,123,4
3.353,0.048,-14.54,120,4
3.351,0.038,-14.53,116,4
3.351,0.027,-14.53,106,4
3.348,0.017,-14.517,50,4
3.346,0.006,-14.511,23,4
3.379,0.122,-14.594,24,4
3.382,0.112,-14.608,30,4
3.386,0.101,-14.624,14,4
3.376,0.091,-14.582,20,4
3.372,0.08,-14.566,25,4
3.368,0.07,-14.549,24,4
3.368,0.059,-14.549,30,4
3.367,0.049,-14.545,31,4
3.365,0.038,-14.533,21,4
3.363,0.028,-14.526,21,4
3.362,0.018,-14.522,30,4
3.361,0.007,-14.514,33,4
2.81,0.17,-14.632,23,4
2.808,0.159,-14.62,7,4
2.807,0.149,-14.614,13,4
2.806,0.139,-14.609,13,4
2.804,0.128,-14.601,24,4
2.803,0.117,-14.594,20,4
2.802,0.107,-14.588,27,4
2.802,0.097,-14.587,15,4
2.799,0.086,-14.576,13,4
2.799,0.076,-14.575,18,4
2.797,0.065,-14.566,13,4
2.797,0.055,-14.565,35,4
2.796,0.045,-14.561,24,4
2.82,0.191,-14.644,17,4
2.818,0.18,-14.633,9,4
2.816,0.169,-14.626,20,4
2.815,0.159,-14.616,25,4
2.813,0.148,-14.611,23,4
2.813,0.138,-14.605,29,4
2.812,0.128,-14.604,51,4
2.812,0.117,-14.6,81,4
2.81,0.107,-14.595,76,4
2.809,0.096,-14.587,62,4
2.807,0.086,-14.578,37,4
2.806,0.076,-14.571,24,4
2.806,0.065,-14.571,18,4
2.804,0.055,-14.562,31,4
2.803,0.044,-14.556,20,4
2.803,0.034,-14.554,18,4
2.802,0.024,-14.548,27,4
2.831,0.213,-14.652,25,4
2.829,0.203,-14.643,14,4
2.828,0.192,-14.636,26,4
2.826,0.182,-14.628,26,4
2.827,0.171,-14.628,94,4
2.826,0.161,-14.625,120,4
2.825,0.15,-14.62,129,4
2.823,0.14,-14.608,134,4
2.823,0.13,-14.609,124,4
2.821,0.119,-14.597,132,4
2.819,0.109,-14.59,129,4
2.819,0.098,-14.586,127,4
2.818,0.088,-14.58,122,4
2.816,0.077,-14.573,129,4
2.815,0.067,-14.566,129,4
2.814,0.057,-14.562,119,4
2.814,0.046,-14.563,107,4
2.812,0.036,-14.552,25,4
2.81,0.025,-14.543,27,4
2.809,0.015,-14.537,27,4
2.809,0.004,-14.536,27,4
2.849,0.236,-14.668,36,4
2.846,0.226,-14.655,13,4
2.846,0.215,-14.651,21,4
2.846,0.205,-14.653,97,4
2.843,0.194,-14.639,125,4
2.842,0.184,-14.635,129,4
2.841,0.173,-14.627,127,4
2.84,0.162,-14.622,128,4
2.839,0.152,-14.616,133,4
2.838,0.142,-14.611,126,4
2.837,0.132,-14.605,124,4
2.835,0.121,-14.596,126,4
2.835,0.11,-14.592,129,4
2.833,0.1,-14.586,129,4
2.832,0.09,-14.582,137,4
2.831,0.079,-14.575,125,4
2.83,0.069,-14.569,127,4
2.829,0.058,-14.564,125,4
2.828,0.048,-14.561,127,4
2.827,0.038,-14.553,126,4
2.826,0.027,-14.55,132,4
2.825,0.017,-14.542,114,4
2.823,0.007,-14.533,24,4
2.856,0.245,-14.666,21,4
2.855,0.235,-14.656,23,4
2.855,0.224,-14.658,33,4
2.853,0.213,-14.648,117,4
2.852,0.203,-14.646,127,4
2.851,0.192,-14.638,124,4
2.85,0.182,-14.633,126,4
2.849,0.172,-14.626,133,4
2.848,0.161,-14.621,127,4
2.847,0.151,-14.618,130,4
2.846,0.14,-14.611,129,4
2.845,0.13,-14.604,133,4
2.843,0.119,-14.599,127,4
2.842,0.109,-14.592,133,4
2.841,0.098,-14.585,133,4
2.84,0.088,-14.579,128,4
2.84,0.078,-14.58,130,4
2.838,0.068,-14.568,134,4
2.836,0.057,-14.562,124,4
2.835,0.047,-14.554,131,4
2.834,0.036,-14.55,126,4
2.833,0.026,-14.545,133,4
2.832,0.015,-14.54,128,4
2.831,0.005,-14.533,128,4
2.869,0.26,-14.679,31,4
2.867,0.249,-14.67,27,4
2.865,0.238,-14.659,33,4
2.865,0.228,-14.656,126,4
2.864,0.218,-14.653,127,4
2.862,0.207,-14.644,129,4
2.861,0.197,-14.637,134,4
2.861,0.186,-14.634,127,4
2.859,0.176,-14.627,126,4
2.858,0.165,-14.623,127,4
2.858,0.155,-14.62,127,4
2.856,0.144,-14.61,129,4
2.854,0.134,-14.599,132,4
2.854,0.123,-14.601,130,4
2.853,0.113,-14.595,125,4
2.851,0.103,-14.587,122,4
2.85,0.092,-14.578,129,4
2.849,0.082,-14.575,127,4
2.848,0.071,-14.568,132,4
2.847,0.061,-14.564,129,4
2.846,0.05,-14.559,131,4
2.845,0.04,-14.553,130,4
2.843,0.03,-14.543,130,4
2.843,0.02,-14.544,128,4
2.842,0.009,-14.536,132,4
2.884,0.273,-14.686,13,4
2.883,0.262,-14.679,15,4
2.88,0.251,-14.664,62,4
2.88,0.241,-14.663,117,4
2.879,0.23,-14.657,129,4
2.878,0.22,-14.653,130,4
2.877,0.209,-14.647,121,4
2.875,0.199,-14.641,125,4
2.875,0.189,-14.636,130,4
2.873,0.178,-14.628,128,4
2.872,0.168,-14.623,129,4
2.871,0.157,-14.619,132,4
2.87,0.147,-14.611,129,4
2.87,0.137,-14.61,128,4
2.867,0.126,-14.596,128,4
2.867,0.115,-14.596,129,4
2.865,0.105,-14.585,126,4
2.864,0.094,-14.58,127,4
2.862,0.084,-14.572,127,4
2.862,0.074,-14.568,129,4
2.861,0.063,-14.565,129,4
2.859,0.053,-14.557,125,4
2.859,0.043,-14.554,127,4
2.858,0.032,-14.549,127,4
2.856,0.022,-14.541,125,4
2.856,0.012,-14.539,133,4
2.855,0.001,-14.532,125,4
2.895,0.282,-14.696,21,4
2.892,0.272,-14.681,27,4
2.891,0.262,-14.675,48,4
2.89,0.251,-14.672,127,4
2.889,0.24,-14.666,125,4
2.888,0.23,-14.661,128,4
2.888,0.22,-14.657,125,4
2.885,0.209,-14.646,124,4
2.884,0.199,-14.637,124,4
2.883,0.188,-14.634,136,4
2.882,0.177,-14.631,129,4
2.882,0.167,-14.628,126,4
2.88,0.157,-14.618,128,4
2.879,0.146,-14.613,129,4
2.877,0.135,-14.606,129,4
2.876,0.125,-14.599,131,4
2.875,0.115,-14.595,129,4
2.874,0.105,-14.585,133,4
2.872,0.094,-14.58,129,4
2.871,0.083,-14.573,133,4
2.87,0.073,-14.57,129,4
2.869,0.063,-14.563,129,4
2.868,0.052,-14.558,126,4
2.866,0.042,-14.55,130,4
2.866,0.032,-14.548,127,4
2.865,0.021,-14.545,129,4
2.865,0.011,-14.539,128,4
2.863,0.001,-14.532,133,4
2.904,0.286,-14.693,16,4
2.902,0.275,-14.682,17,4
2.901,0.264,-14.679,126,4
2.9,0.254,-14.675,125,4
2.899,0.243,-14.667,127,4
2.898,0.233,-14.664,125,4
2.896,0.222,-14.654,129,4
2.895,0.212,-14.647,125,4
2.895,0.201,-14.646,125,4
2.893,0.191,-14.636,124,4
2.891,0.18,-14.629,123,4
2.891,0.17,-14.624,125,4
2.889,0.159,-14.619,128,4
2.888,0.149,-14.612,122,4
2.886,0.139,-14.604,128,4
2.885,0.128,-14.598,127,4
2.885,0.117,-14.594,126,4
2.883,0.107,-14.585,129,4
2.882,0.097,-14.583,126,4
2.881,0.086,-14.573,130,4
2.879,0.076,-14.568,125,4
2.879,0.065,-14.568,131,4
2.878,0.055,-14.561,132,4
2.878,0.045,-14.558,138,4
2.876,0.034,-14.551,133,4
2.874,0.024,-14.542,126,4
2.874,0.014,-14.538,130,4
2.872,0.003,-14.533,124,4
2.919,0.298,-14.699,10,4
2.917,0.288,-14.686,22,4
2.916,0.277,-14.684,108,4
2.914,0.266,-14.675,134,4
2.913,0.256,-14.67,131,4
2.913,0.245,-14.668,128,4
2.911,0.235,-14.657,129,4
2.91,0.225,-14.654,127,4
2.909,0.214,-14.647,128,4
2.909,0.203,-14.646,124,4
2.907,0.193,-14.636,125,4
2.906,0.183,-14.632,123,4
2.904,0.172,-14.624,129,4
2.904,0.162,-14.62,129,4
2.902,0.151,-14.612,125,4
2.901,0.14,-14.605,127,4
2.899,0.13,-14.598,132,4
2.898,0.12,-14.59,131,4
2.897,0.109,-14.585,131,4
2.895,0.099,-14.58,127,4
2.895,0.088,-14.577,131,4
2.893,0.078,-14.566,128,4
2.893,0.068,-14.567,125,4
2.891,0.057,-14.556,126,4
2.891,0.047,-14.556,130,4
2.889,0.036,-14.547,133,4
2.889,0.026,-14.545,134,4
2.888,0.016,-14.54,129,4
2.887,0.005,-14.535,125,4
2.929,0.306,-14.705,8,4
2.927,0.295,-14.693,33,4
2.927,0.284,-14.695,106,4
2.925,0.273,-14.685,123,4
2.924,0.263,-14.682,128,4
2.923,0.253,-14.674,129,4
2.921,0.242,-14.663,126,4
2.921,0.231,-14.661,132,4
2.919,0.221,-14.653,132,4
2.918,0.211,-14.646,127,4
2.917,0.2,-14.643,129,4
2.915,0.19,-14.634,134,4
2.914,0.179,-14.626,129,4
2.913,0.168,-14.624,126,4
2.911,0.157,-14.612,133,4
2.911,0.148,-14.61,132,4
2.909,0.137,-14.604,129,4
2.908,0.126,-14.597,132,4
2.908,0.116,-14.596,128,4
2.906,0.105,-14.587,129,4
2.905,0.095,-14.585,128,4
2.904,0.085,-14.575,121,4
2.903,0.075,-14.571,129,4
2.901,0.064,-14.562,130,4
2.9,0.054,-14.558,133,4
2.898,0.043,-14.55,135,4
2.898,0.033,-14.55,130,4
2.897,0.023,-14.543,127,4
2.896,0.012,-14.538,126,4
2.893,0.002,-14.524,128,4
2.936,0.3,-14.697,27,4
2.935,0.29,-14.693,100,4
2.934,0.279,-14.686,128,4
2.933,0.269,-14.682,130,4
2.931,0.258,-14.673,129,4
2.931,0.248,-14.67,127,4
2.929,0.237,-14.663,126,4
2.929,0.227,-14.66,129,4
2.927,0.216,-14.653,127,4
2.925,0.205,-14.644,122,4
2.924,0.195,-14.639,120,4
2.922,0.184,-14.628,129,4
2.922,0.174,-14.625,126,4
2.921,0.163,-14.62,126,4
2.92,0.153,-14.615,130,4
2.918,0.142,-14.604,132,4
2.917,0.132,-14.602,129,4
2.915,0.122,-14.594,134,4
2.915,0.111,-14.592,130,4
2.913,0.101,-14.581,130,4
2.913,0.09,-14.58,133,4
2.911,0.08,-14.569,127,4
2.91,0.069,-14.566,132,4
2.909,0.059,-14.563,133,4
2.908,0.049,-14.559,129,4
2.907,0.038,-14.551,135,4
2.906,0.028,-14.546,136,4
2.905,0.018,-14.538,134,4
2.904,0.007,-14.533,132,4
2.952,0.315,-14.708,16,4
2.951,0.304,-14.699,28,4
2.95,0.293,-14.694,128,4
2.948,0.283,-14.688,130,4
2.947,0.272,-14.68,127,4
2.945,0.262,-14.672,126,4
2.944,0.251,-14.667,122,4
2.944,0.24,-14.663,128,4
2.943,0.23,-14.658,121,4
2.94,0.22,-14.647,115,4
2.94,0.209,-14.645,128,4
2.938,0.198,-14.637,128,4
2.937,0.188,-14.631,129,4
2.936,0.177,-14.625,131,4
2.935,0.167,-14.622,130,4
2.934,0.156,-14.616,124,4
2.933,0.146,-14.609,127,4
2.931,0.135,-14.602,130,4
2.931,0.125,-14.599,126,4
2.928,0.115,-14.587,129,4
2.928,0.104,-14.586,127,4
2.925,0.094,-14.573,131,4
2.924,0.083,-14.569,134,4
2.924,0.073,-14.565,132,4
2.923,0.063,-14.561,135,4
2.921,0.052,-14.552,131,4
2.921,0.042,-14.549,135,4
2.919,0.031,-14.542,133,4
2.918,0.021,-14.536,130,4
2.917,0.01,-14.531,137,4
2.917,0,-14.53,131,4
2.96,0.313,-14.703,33,4
2.96,0.303,-14.7,96,4
2.959,0.292,-14.696,122,4
2.957,0.281,-14.685,131,4
2.957,0.271,-14.684,127,4
2.954,0.26,-14.673,121,4
2.953,0.25,-14.667,127,4
2.952,0.239,-14.66,116,4
2.951,0.228,-14.654,117,4
2.95,0.218,-14.65,120,4
2.948,0.207,-14.641,129,4
2.947,0.197,-14.637,130,4
2.945,0.186,-14.627,128,4
2.945,0.176,-14.627,124,4
2.944,0.165,-14.619,127,4
2.944,0.155,-14.621,127,4
2.941,0.145,-14.608,130,4
2.94,0.134,-14.602,126,4
2.939,0.123,-14.595,128,4
2.938,0.113,-14.588,130,4
2.937,0.102,-14.584,132,4
2.934,0.092,-14.573,135,4
2.934,0.082,-14.569,127,4
2.932,0.072,-14.562,130,4
2.932,0.061,-14.561,135,4
2.93,0.051,-14.549,132,4
2.93,0.04,-14.55,130,4
2.928,0.03,-14.542,131,4
2.927,0.02,-14.537,130,4
2.926,0.009,-14.532,132,4
2.969,0.316,-14.702,32,4
2.97,0.306,-14.704,101,4
2.968,0.295,-14.698,128,4
2.966,0.285,-14.686,132,4
2.965,0.274,-14.681,125,4
2.963,0.263,-14.672,115,4
2.963,0.252,-14.672,122,4
2.961,0.242,-14.661,115,4
2.96,0.232,-14.659,112,4
2.959,0.221,-14.651,115,4
2.957,0.211,-14.645,121,4
2.956,0.2,-14.638,129,4
2.955,0.189,-14.633,125,4
2.955,0.179,-14.63,122,4
2.953,0.169,-14.622,126,4
2.952,0.158,-14.618,127,4
2.951,0.147,-14.612,125,4
2.95,0.137,-14.605,132,4
2.948,0.127,-14.599,128,4
2.947,0.116,-14.589,129,4
2.945,0.106,-14.585,133,4
2.944,0.095,-14.575,130,4
2.943,0.085,-14.571,129,4
2.941,0.075,-14.564,129,4
2.941,0.064,-14.561,137,4
2.939,0.054,-14.552,132,4
2.939,0.043,-14.551,128,4
2.937,0.033,-14.542,128,4
2.937,0.023,-14.54,125,4
2.935,0.013,-14.532,134,4
2.935,0.002,-14.532,129,4
2.985,0.329,-14.711,21,4
2.984,0.318,-14.704,37,4
2.983,0.308,-14.702,126,4
2.981,0.297,-14.693,125,4
2.981,0.286,-14.691,135,4
2.979,0.276,-14.682,120,4
2.978,0.265,-14.678,125,4
2.976,0.255,-14.667,118,4
2.976,0.244,-14.664,119,4
2.976,0.233,-14.664,116,4
2.974,0.222,-14.656,113,4
2.972,0.213,-14.646,115,4
2.97,0.202,-14.637,53,4
2.97,0.191,-14.633,73,4
2.969,0.181,-14.63,76,4
2.967,0.17,-14.623,85,4
2.966,0.16,-14.618,94,4
2.965,0.149,-14.613,101,4
2.963,0.139,-14.599,111,4
2.962,0.128,-14.597,116,4
2.961,0.118,-14.59,115,4
2.959,0.108,-14.582,116,4
2.958,0.097,-14.579,126,4
2.957,0.087,-14.569,124,4
2.957,0.076,-14.568,131,4
2.955,0.066,-14.561,131,4
2.954,0.055,-14.556,128,4
2.953,0.045,-14.551,132,4
2.951,0.035,-14.544,126,4
2.951,0.024,-14.543,134,4
2.95,0.014,-14.536,134,4
2.949,0.004,-14.531,130,4
2.995,0.324,-14.711,38,4
2.993,0.313,-14.702,118,4
2.992,0.303,-14.697,129,4
2.991,0.292,-14.695,121,4
2.989,0.282,-14.683,130,4
2.989,0.271,-14.68,124,4
2.988,0.261,-14.677,122,4
2.987,0.25,-14.67,121,4
2.985,0.24,-14.662,124,4
2.983,0.229,-14.654,119,4
2.982,0.219,-14.647,117,4
2.981,0.208,-14.644,119,4
2.98,0.197,-14.639,13,4
2.978,0.187,-14.63,21,4
2.978,0.176,-14.627,27,4
2.976,0.166,-14.616,20,4
2.975,0.155,-14.614,23,4
2.974,0.145,-14.606,22,4
2.973,0.135,-14.602,27,4
2.971,0.124,-14.594,20,4
2.97,0.114,-14.587,23,4
2.968,0.103,-14.577,19,4
2.967,0.093,-14.573,24,4
2.966,0.082,-14.568,122,4
2.966,0.072,-14.566,127,4
2.964,0.062,-14.561,129,4
2.963,0.051,-14.555,134,4
2.962,0.041,-14.549,129,4
2.961,0.03,-14.543,31,4
2.959,0.02,-14.533,28,4
2.958,0.01,-14.53,112,4
3.004,0.328,-14.71,20,4
3.003,0.317,-14.706,112,4
3.002,0.307,-14.703,128,4
3.001,0.296,-14.697,130,4
3,0.286,-14.691,126,4
2.999,0.275,-14.684,122,4
2.996,0.264,-14.674,123,4
2.995,0.254,-14.667,120,4
2.994,0.243,-14.665,121,4
2.993,0.233,-14.655,125,4
2.991,0.222,-14.65,125,4
2.99,0.212,-14.641,122,4
2.99,0.201,-14.641,63,4
2.987,0.191,-14.63,15,4
2.986,0.18,-14.623,22,4
2.985,0.17,-14.617,20,4
2.984,0.159,-14.614,15,4
2.983,0.149,-14.608,20,4
2.981,0.138,-14.598,20,4
2.98,0.127,-14.592,19,4
2.98,0.117,-14.591,19,4
2.977,0.107,-14.581,23,4
2.977,0.097,-14.577,23,4
2.975,0.086,-14.568,92,4
2.974,0.075,-14.566,127,4
2.973,0.065,-14.56,123,4
2.972,0.055,-14.554,131,4
2.971,0.045,-14.551,129,4
2.97,0.034,-14.544,29,4
2.968,0.024,-14.536,26,4
2.967,0.013,-14.531,26,4
2.965,0.003,-14.519,48,4
3.018,0.33,-14.711,30,4
3.017,0.32,-14.705,125,4
3.016,0.309,-14.704,130,4
3.015,0.299,-14.697,129,4
3.013,0.288,-14.691,119,4
3.011,0.277,-14.681,127,4
3.011,0.266,-14.676,124,4
3.009,0.256,-14.668,120,4
3.008,0.245,-14.662,116,4
3.007,0.235,-14.656,116,4
3.005,0.224,-14.65,124,4
3.004,0.213,-14.646,127,4
3.004,0.204,-14.644,108,4
3.001,0.193,-14.632,11,4
3,0.182,-14.624,22,4
2.999,0.172,-14.62,20,4
2.999,0.161,-14.616,20,4
2.997,0.151,-14.608,22,4
2.996,0.14,-14.602,21,4
2.994,0.13,-14.594,18,4
2.993,0.119,-14.592,21,4
2.991,0.109,-14.581,22,4
2.99,0.098,-14.575,18,4
2.988,0.088,-14.565,44,4
2.988,0.078,-14.565,134,4
2.987,0.067,-14.559,130,4
2.986,0.057,-14.554,136,4
2.985,0.046,-14.552,124,4
2.984,0.036,-14.544,26,4
2.982,0.026,-14.535,25,4
2.981,0.015,-14.531,24,4
2.981,0.005,-14.529,20,4
3.028,0.336,-14.716,23,4
3.027,0.326,-14.711,85,4
3.026,0.315,-14.707,129,4
3.024,0.304,-14.698,127,4
3.023,0.293,-14.692,127,4
3.021,0.283,-14.682,119,4
3.021,0.273,-14.68,116,4
3.019,0.262,-14.672,115,4
3.018,0.251,-14.666,121,4
3.017,0.241,-14.665,121,4
3.015,0.23,-14.654,113,4
3.014,0.22,-14.648,120,4
3.013,0.209,-14.643,121,4
3.012,0.199,-14.637,26,4
3.01,0.188,-14.63,13,4
3.009,0.178,-14.622,18,4
3.009,0.167,-14.624,100,4
3.007,0.156,-14.611,120,4
3.006,0.146,-14.608,118,4
3.003,0.125,-14.597,18,4
3.001,0.115,-14.585,26,4
3,0.104,-14.58,22,4
2.999,0.094,-14.572,29,4
2.997,0.083,-14.566,115,4
2.997,0.073,-14.566,128,4
2.995,0.063,-14.556,133,4
2.995,0.052,-14.554,129,4
2.994,0.042,-14.55,122,4
2.993,0.031,-14.543,69,4
2.991,0.021,-14.536,30,4
2.99,0.011,-14.531,29,4
2.988,0.001,-14.521,23,4
3.038,0.337,-14.72,21,4
3.036,0.327,-14.712,100,4
3.036,0.316,-14.708,128,4
3.034,0.306,-14.7,131,4
3.033,0.295,-14.694,115,4
3.031,0.284,-14.688,125,4
3.03,0.273,-14.681,119,4
3.028,0.263,-14.672,120,4
3.027,0.252,-14.667,125,4
3.026,0.242,-14.664,118,4
3.024,0.231,-14.651,118,4
3.023,0.221,-14.649,123,4
3.022,0.21,-14.644,123,4
3.023,0.2,-14.645,77,4
3.02,0.189,-14.631,19,4
3.018,0.179,-14.623,16,4
3.017,0.168,-14.618,65,4
3.016,0.158,-14.613,130,4
3.015,0.147,-14.609,125,4
3.013,0.137,-14.6,115,4
3.011,0.126,-14.591,22,4
3.011,0.116,-14.589,20,4
3.009,0.105,-14.58,20,4
3.008,0.095,-14.576,122,4
3.006,0.084,-14.566,130,4
3.005,0.074,-14.559,131,4
3.004,0.064,-14.556,132,4
3.003,0.053,-14.552,136,4
3.003,0.043,-14.547,128,4
3.001,0.033,-14.541,127,4
3,0.022,-14.537,116,4
2.999,0.012,-14.529,26,4
2.998,0.001,-14.524,28,4
3.05,0.338,-14.712,28,4
3.049,0.327,-14.711,118,4
3.048,0.317,-14.706,126,4
3.047,0.306,-14.702,123,4
3.046,0.296,-14.693,125,4
3.045,0.285,-14.688,128,4
3.043,0.274,-14.679,114,4
3.042,0.264,-14.674,115,4
3.04,0.253,-14.668,122,4
3.039,0.243,-14.659,122,4
3.039,0.232,-14.659,121,4
3.036,0.221,-14.649,119,4
3.036,0.211,-14.645,115,4
3.035,0.2,-14.641,86,4
3.033,0.19,-14.629,18,4
3.03,0.179,-14.619,25,4
3.03,0.169,-14.616,61,4
3.03,0.158,-14.616,124,4
3.028,0.148,-14.608,126,4
3.026,0.137,-14.601,121,4
3.025,0.127,-14.594,24,4
3.024,0.116,-14.587,22,4
3.022,0.106,-14.58,22,4
3.02,0.095,-14.571,126,4
3.02,0.085,-14.571,126,4
3.019,0.075,-14.561,130,4
3.017,0.064,-14.554,137,4
3.017,0.054,-14.554,127,4
3.015,0.043,-14.544,132,4
3.014,0.033,-14.542,134,4
3.013,0.023,-14.536,131,4
3.011,0.013,-14.528,25,4
3.011,0.002,-14.524,26,4
3.059,0.337,-14.71,26,4
3.059,0.326,-14.711,122,4
3.057,0.316,-14.705,128,4
3.056,0.305,-14.7,129,4
3.055,0.294,-14.693,126,4
3.055,0.284,-14.691,131,4
3.052,0.273,-14.679,115,4
3.053,0.263,-14.681,120,4
3.049,0.252,-14.665,117,4
3.049,0.242,-14.663,121,4
3.047,0.231,-14.655,118,4
3.046,0.221,-14.649,118,4
3.045,0.21,-14.642,117,4
3.045,0.2,-14.642,98,4
3.042,0.189,-14.631,19,4
3.04,0.178,-14.623,19,4
3.039,0.168,-14.615,57,4
3.038,0.158,-14.612,134,4
3.037,0.147,-14.607,126,4
3.036,0.137,-14.6,127,4
3.035,0.126,-14.595,29,4
3.033,0.116,-14.586,25,4
3.031,0.105,-14.578,24,4
3.03,0.095,-14.573,113,4
3.03,0.084,-14.572,125,4
3.029,0.074,-14.566,124,4
3.027,0.064,-14.559,130,4
3.026,0.053,-14.551,130,4
3.024,0.043,-14.545,124,4
3.024,0.032,-14.545,128,4
3.023,0.022,-14.54,126,4
3.022,0.012,-14.531,23,4
3.019,0.001,-14.521,22,4
3.07,0.342,-14.721,43,4
3.069,0.331,-14.717,87,4
3.067,0.32,-14.708,128,4
3.065,0.31,-14.7,126,4
3.065,0.299,-14.696,125,4
3.063,0.288,-14.689,128,4
3.062,0.278,-14.684,119,4
3.061,0.267,-14.677,116,4
3.059,0.257,-14.668,118,4
3.057,0.246,-14.661,119,4
3.056,0.235,-14.655,122,4
3.056,0.225,-14.654,123,4
3.054,0.214,-14.646,124,4
3.053,0.204,-14.641,122,4
3.052,0.193,-14.633,21,4
3.05,0.183,-14.627,21,4
3.048,0.172,-14.618,25,4
3.047,0.162,-14.613,127,4
3.046,0.151,-14.608,128,4
3.045,0.141,-14.6,128,4
3.045,0.131,-14.599,110,4
3.042,0.12,-14.588,23,4
3.04,0.109,-14.58,25,4
3.039,0.099,-14.575,21,4
3.037,0.089,-14.566,41,4
3.038,0.078,-14.569,121,4
3.036,0.068,-14.56,127,4
3.036,0.057,-14.556,129,4
3.033,0.047,-14.545,131,4
3.033,0.036,-14.544,126,4
3.032,0.026,-14.538,66,4
3.03,0.016,-14.528,28,4
3.03,0.005,-14.527,25,4
3.07,0.248,-14.661,118,4
3.07,0.238,-14.659,118,4
3.069,0.227,-14.654,116,4
3.068,0.216,-14.649,118,4
3.066,0.206,-14.642,121,4
3.065,0.195,-14.636,29,4
3.063,0.184,-14.623,24,4
3.066,0.038,-14.541,27,4
3.063,0.027,-14.531,24,4
3.063,0.018,-14.528,26,4
3.063,0.007,-14.532,82,4
3.051,0.09,-14.566,26,4
3.05,0.08,-14.563,22,4
3.048,0.07,-14.554,28,4
3.048,0.06,-14.552,26,4
3.047,0.049,-14.547,26,4
3.045,0.038,-14.541,23,4
3.044,0.028,-14.535,22,4
3.043,0.018,-14.527,29,4
3.043,0.008,-14.528,23,4
3.071,0.171,-14.619,30,4
3.07,0.16,-14.613,131,4
3.069,0.15,-14.611,130,4
3.068,0.14,-14.601,129,4
3.066,0.129,-14.596,126,4
3.065,0.119,-14.586,116,4
3.063,0.108,-14.578,26,4
3.063,0.098,-14.578,23,4
3.06,0.087,-14.566,26,4
3.06,0.077,-14.566,27,4
3.058,0.066,-14.556,30,4
3.057,0.056,-14.55,26,4
3.056,0.045,-14.548,29,4
3.055,0.035,-14.542,24,4
3.053,0.025,-14.533,27,4
3.052,0.014,-14.527,28,4
3.051,0.004,-14.523,23,4
3.071,0.09,-14.568,24,4
3.07,0.079,-14.564,23,4
3.07,0.069,-14.562,21,4
3.066,0.059,-14.547,24,4
3.066,0.049,-14.541,22,4
3.061,0.175,-14.618,20,4
3.06,0.164,-14.611,115,4
3.059,0.154,-14.606,130,4
3.058,0.143,-14.6,134,4
3.056,0.132,-14.593,129,4
3.055,0.122,-14.588,50,4
3.054,0.112,-14.581,27,4
3.053,0.101,-14.576,19,4
3.579,0.493,-18.43,70,2
3.579,0.48,-18.428,67,2
3.579,0.467,-18.431,72,2
3.579,0.454,-18.427,70,2
3.578,0.441,-18.424,71,2
3.578,0.428,-18.422,75,2
3.577,0.414,-18.42,73,2
3.577,0.401,-18.421,70,2
3.578,0.389,-18.423,71,2
3.578,0.375,-18.422,68,2
3.578,0.362,-18.422,69,2
3.578,0.349,-18.423,70,2
3.578,0.336,-18.422,74,2
3.578,0.323,-18.423,68,2
3.578,0.31,-18.423,60,2
3.578,0.297,-18.423,29,2
3.586,0.491,-18.417,70,2
3.587,0.478,-18.42,71,2
3.588,0.465,-18.424,72,2
3.587,0.452,-18.42,75,2
3.588,0.438,-18.421,72,2
3.587,0.426,-18.42,74,2
3.588,0.413,-18.421,70,2
3.587,0.4,-18.42,68,2
3.588,0.386,-18.425,68,2
3.588,0.373,-18.424,73,2
3.589,0.361,-18.427,77,2
3.589,0.347,-18.428,75,2
3.589,0.334,-18.428,78,2
3.589,0.321,-18.427,78,2
3.599,0.496,-18.415,80,2
3.599,0.483,-18.415,68,2
3.6,0.47,-18.419,76,2
3.599,0.457,-18.417,66,2
3.6,0.444,-18.42,66,2
3.599,0.431,-18.416,72,2
3.599,0.417,-18.418,78,2
3.599,0.405,-18.418,76,2
3.599,0.391,-18.417,67,2
3.6,0.378,-18.418,72,2
3.599,0.365,-18.413,70,2
3.599,0.352,-18.413,76,2
3.598,0.339,-18.41,81,2
3.599,0.326,-18.413,28,2
3.615,0.499,-18.408,73,2
3.615,0.486,-18.411,71,2
3.616,0.473,-18.413,71,2
3.616,0.46,-18.412,73,2
3.616,0.447,-18.414,72,2
3.616,0.434,-18.412,79,2
3.616,0.421,-18.412,77,2
3.615,0.407,-18.41,69,2
3.615,0.394,-18.411,69,2
3.616,0.382,-18.414,68,2
3.616,0.368,-18.414,70,2
3.617,0.355,-18.417,77,2
3.616,0.342,-18.413,46,2
3.626,0.498,-18.41,73,2
3.626,0.486,-18.411,75,2
3.626,0.472,-18.411,78,2
3.626,0.459,-18.412,71,2
3.627,0.446,-18.413,74,2
3.627,0.433,-18.414,74,2
3.627,0.42,-18.413,77,2
3.626,0.407,-18.41,73,2
3.626,0.394,-18.407,67,2
3.626,0.38,-18.411,75,2
3.626,0.367,-18.407,68,2
3.626,0.354,-18.407,54,2
3.637,0.502,-18.406,71,2
3.638,0.489,-18.407,75,2
3.638,0.476,-18.408,70,2
3.638,0.463,-18.409,75,2
3.637,0.45,-18.403,70,2
3.636,0.437,-18.403,80,2
3.637,0.423,-18.405,77,2
3.636,0.41,-18.4,73,2
3.637,0.398,-18.406,67,2
3.638,0.384,-18.408,67,2
3.638,0.371,-18.408,72,2
3.637,0.358,-18.404,9,2
3.655,0.492,-18.406,64,2
3.655,0.479,-18.409,77,2
3.655,0.465,-18.409,66,2
3.655,0.452,-18.41,74,2
3.655,0.44,-18.407,72,2
3.656,0.426,-18.41,76,2
3.654,0.413,-18.403,77,2
3.655,0.4,-18.404,74,2
3.654,0.387,-18.402,76,2
3.654,0.373,-18.399,51,2
3.665,0.5,-18.404,73,2
3.666,0.487,-18.405,75,2
3.666,0.475,-18.405,72,2
3.667,0.461,-18.409,71,2
3.667,0.448,-18.408,69,2
3.667,0.435,-18.408,68,2
3.666,0.421,-18.407,63,2
3.667,0.408,-18.412,71,2
3.667,0.396,-18.41,72,2
3.667,0.382,-18.409,53,2
3.678,0.494,-18.415,66,2
3.678,0.481,-18.414,69,2
3.677,0.468,-18.41,70,2
3.678,0.455,-18.412,68,2
3.678,0.442,-18.412,73,2
3.678,0.429,-18.413,71,2
3.678,0.415,-18.411,66,2
3.677,0.402,-18.406,71,2
3.677,0.389,-18.406,54,2
3.514,0.496,-18.514,71,2
3.515,0.484,-18.515,67,2
3.516,0.47,-18.519,66,2
3.516,0.457,-18.521,68,2
3.514,0.444,-18.513,62,2
3.514,0.43,-18.514,67,2
3.515,0.417,-18.515,70,2
3.513,0.404,-18.508,66,2
3.515,0.391,-18.514,76,2
3.514,0.377,-18.509,71,2
3.515,0.364,-18.514,65,2
3.514,0.351,-18.512,62,2
3.515,0.338,-18.516,69,2
3.515,0.325,-18.514,68,2
3.515,0.312,-18.514,68,2
3.515,0.299,-18.515,71,2
3.515,0.285,-18.517,66,2
3.514,0.273,-18.513,69,2
3.514,0.259,-18.513,65,2
3.514,0.246,-18.513,65,2
3.514,0.233,-18.512,67,2
3.514,0.22,-18.513,61,2
3.514,0.207,-18.513,63,2
3.514,0.193,-18.51,69,2
3.514,0.18,-18.51,69,2
3.514,0.167,-18.511,62,2
3.514,0.154,-18.511,68,2
3.514,0.14,-18.509,69,2
3.514,0.128,-18.509,66,2
3.514,0.115,-18.509,64,2
3.513,0.101,-18.507,69,2
3.513,0.088,-18.503,71,2
3.513,0.075,-18.502,67,2
3.513,0.062,-18.501,67,2
3.512,0.049,-18.5,77,2
3.511,0.036,-18.496,71,2
3.512,0.023,-18.497,75,2
3.511,0.009,-18.493,75,2
3.522,0.495,-18.496,66,2
3.522,0.482,-18.501,62,2
3.522,0.468,-18.5,69,2
3.521,0.456,-18.495,72,2
3.522,0.442,-18.497,74,2
3.522,0.429,-18.496,63,2
3.523,0.416,-18.502,73,2
3.522,0.403,-18.497,65,2
3.52,0.39,-18.49,69,2
3.521,0.377,-18.492,67,2
3.522,0.363,-18.496,69,2
3.522,0.35,-18.498,67,2
3.523,0.337,-18.5,68,2
3.522,0.324,-18.498,71,2
3.522,0.311,-18.496,71,2
3.522,0.298,-18.499,70,2
3.522,0.285,-18.497,69,2
3.523,0.271,-18.502,74,2
3.522,0.258,-18.496,65,2
3.521,0.245,-18.494,67,2
3.521,0.232,-18.494,72,2
3.521,0.219,-18.493,72,2
3.521,0.206,-18.493,67,2
3.521,0.192,-18.493,68,2
3.522,0.179,-18.496,73,2
3.52,0.166,-18.49,68,2
3.521,0.153,-18.491,66,2
3.521,0.14,-18.492,71,2
3.521,0.126,-18.493,68,2
3.521,0.113,-18.494,78,2
3.521,0.101,-18.494,79,2
3.52,0.087,-18.49,78,2
3.52,0.074,-18.49,73,2
3.522,0.061,-18.497,79,2
3.52,0.048,-18.489,76,2
3.52,0.035,-18.486,75,2
3.52,0.022,-18.485,71,2
3.52,0.009,-18.486,75,2
3.531,0.5,-18.478,66,2
3.531,0.487,-18.479,65,2
3.529,0.474,-18.469,68,2
3.53,0.461,-18.475,65,2
3.53,0.447,-18.471,71,2
3.53,0.435,-18.476,67,2
3.53,0.421,-18.475,74,2
3.531,0.408,-18.476,71,2
3.53,0.395,-18.476,73,2
3.53,0.382,-18.475,69,2
3.53,0.368,-18.474,69,2
3.531,0.356,-18.477,72,2
3.531,0.343,-18.478,74,2
3.531,0.329,-18.477,72,2
3.53,0.316,-18.472,71,2
3.53,0.303,-18.474,73,2
3.53,0.29,-18.474,76,2
3.531,0.277,-18.476,77,2
3.532,0.264,-18.481,72,2
3.531,0.25,-18.477,72,2
3.531,0.237,-18.477,74,2
3.531,0.225,-18.476,75,2
3.53,0.211,-18.473,71,2
3.53,0.198,-18.472,72,2
3.531,0.185,-18.477,73,2
3.531,0.172,-18.478,73,2
3.531,0.158,-18.475,70,2
3.53,0.146,-18.471,68,2
3.53,0.132,-18.474,66,2
3.53,0.119,-18.472,61,2
3.53,0.106,-18.474,74,2
3.53,0.093,-18.471,78,2
3.53,0.08,-18.47,73,2
3.53,0.067,-18.471,73,2
3.53,0.054,-18.472,72,2
3.531,0.04,-18.476,75,2
3.531,0.027,-18.476,72,2
3.53,0.014,-18.471,70,2
3.53,0.001,-18.469,74,2
3.545,0.49,-18.462,76,2
3.544,0.477,-18.458,75,2
3.544,0.464,-18.456,77,2
3.544,0.451,-18.458,69,2
3.544,0.437,-18.455,75,2
3.544,0.424,-18.456,74,2
3.544,0.411,-18.456,73,2
3.545,0.398,-18.459,75,2
3.545,0.385,-18.459,77,2
3.545,0.372,-18.461,69,2
3.545,0.359,-18.461,73,2
3.545,0.345,-18.462,71,2
3.544,0.333,-18.455,72,2
3.544,0.319,-18.457,74,2
3.544,0.306,-18.455,74,2
3.544,0.293,-18.458,74,2
3.544,0.28,-18.457,67,2
3.544,0.267,-18.457,70,2
3.544,0.254,-18.454,68,2
3.543,0.241,-18.454,72,2
3.544,0.227,-18.456,65,2
3.544,0.214,-18.455,35,2
3.543,0.07,-18.452,15,2
3.543,0.057,-18.453,58,2
3.544,0.044,-18.455,79,2
3.543,0.031,-18.452,73,2
3.544,0.018,-18.455,74,2
3.545,0.004,-18.458,74,2
3.551,0.502,-18.446,66,2
3.553,0.489,-18.452,70,2
3.552,0.476,-18.448,67,2
3.552,0.463,-18.45,72,2
3.552,0.45,-18.45,69,2
3.552,0.437,-18.45,68,2
3.551,0.424,-18.446,71,2
3.551,0.41,-18.445,74,2
3.551,0.397,-18.443,72,2
3.551,0.384,-18.444,77,2
3.552,0.371,-18.446,78,2
3.551,0.358,-18.443,75,2
3.552,0.345,-18.447,73,2
3.551,0.331,-18.444,72,2
3.551,0.318,-18.444,70,2
3.552,0.306,-18.447,73,2
3.553,0.292,-18.451,78,2
3.552,0.279,-18.45,79,2
3.553,0.266,-18.451,78,2
3.553,0.253,-18.455,59,2
3.553,0.24,-18.454,16,2
3.552,0.03,-18.448,44,2
3.552,0.017,-18.448,71,2
3.552,0.004,-18.449,76,2
3.562,0.491,-18.438,81,2
3.563,0.478,-18.44,75,2
3.563,0.465,-18.44,76,2
3.562,0.452,-18.438,73,2
3.562,0.439,-18.437,69,2
3.562,0.426,-18.437,74,2
3.562,0.413,-18.434,70,2
3.562,0.4,-18.438,74,2
3.562,0.386,-18.436,70,2
3.563,0.373,-18.44,68,2
3.563,0.36,-18.441,74,2
3.563,0.347,-18.442,74,2
3.563,0.334,-18.44,69,2
3.563,0.321,-18.443,77,2
3.562,0.308,-18.436,73,2
3.563,0.294,-18.44,77,2
3.562,0.282,-18.437,68,2
3.562,0.269,-18.438,19,2
3.722,0.502,-18.434,63,2
3.722,0.488,-18.434,66,2
3.723,0.475,-18.435,63,2
3.723,0.462,-18.436,63,2
3.723,0.449,-18.437,69,2
3.723,0.436,-18.439,65,2
3.724,0.423,-18.44,64,2
3.723,0.41,-18.435,56,2
3.745,0.504,-18.459,60,2
3.745,0.491,-18.458,58,2
3.745,0.478,-18.46,66,2
3.746,0.465,-18.463,63,2
3.747,0.452,-18.466,75,2
3.747,0.439,-18.465,74,2
3.746,0.426,-18.465,69,2
3.745,0.412,-18.458,45,2
3.765,0.5,-18.498,45,2
3.765,0.487,-18.496,36,2
3.764,0.474,-18.495,52,2
3.763,0.46,-18.489,37,2
3.763,0.447,-18.485,44,2
3.762,0.434,-18.483,44,2
3.762,0.421,-18.48,32,2
3.697,0.486,-18.418,70,2
3.696,0.472,-18.414,66,2
3.696,0.459,-18.417,76,2
3.696,0.446,-18.414,72,2
3.696,0.433,-18.415,68,2
3.696,0.42,-18.414,74,2
3.696,0.407,-18.413,63,2
3.695,0.394,-18.413,34,2
3.71,0.497,-18.427,66,2
3.71,0.484,-18.426,70,2
3.709,0.47,-18.424,62,2
3.709,0.458,-18.425,65,2
3.71,0.445,-18.427,65,2
3.71,0.431,-18.426,72,2
3.71,0.418,-18.427,66,2
3.709,0.405,-18.424,64,2
3.695,0.499,-18.413,63,2
6.473,0.717,-30.59,17,1
6.49,0.735,-30.584,18,1
6.493,0.714,-30.597,25,1
6.513,0.737,-30.582,21,1
6.535,0.74,-30.563,36,1
6.53,0.717,-30.538,47,1
6.551,0.757,-30.553,43,1
6.56,0.737,-30.594,47,1
6.549,0.714,-30.539,56,1
6.598,0.744,-30.67,64,1
6.635,0.771,-30.639,38,1
6.668,0.8,-30.689,52,1
6.655,0.777,-30.63,53,1
6.633,0.752,-30.527,54,1
6.701,0.832,-30.71,50,1
6.698,0.81,-30.696,53,1
6.693,0.787,-30.671,46,1
6.661,0.761,-30.526,55,1
6.632,0.737,-30.393,60,1
6.681,0.72,-30.619,23,1
6.718,0.813,-30.706,44,1
6.7,0.789,-30.624,54,1
6.682,0.765,-30.542,61,1
6.631,0.738,-30.308,53,1
6.671,0.72,-30.488,62,1
6.728,0.802,-30.656,39,1
6.714,0.779,-30.589,60,1
6.699,0.756,-30.521,61,1
6.676,0.731,-30.419,69,1
6.701,0.712,-30.53,50,1
6.751,0.786,-30.627,53,1
6.698,0.737,-30.386,41,1
6.732,0.719,-30.539,43,1
6.573,0.637,-29.817,11,1
6.778,0.786,-30.666,59,1
6.673,0.73,-30.189,40,1
6.668,0.708,-30.167,41,1
6.672,0.688,-30.187,31,1
6.59,0.658,-29.814,44,1
6.729,0.65,-30.446,11,1
6.738,0.629,-30.485,32,1
6.705,0.737,-30.24,24,1
6.693,0.714,-30.185,54,1
6.685,0.692,-30.15,63,1
6.685,0.67,-30.15,65,1
6.731,0.652,-30.354,61,1
6.662,0.625,-30.047,55,1
6.668,0.604,-30.072,31,1
6.798,0.857,-30.529,21,1
6.802,0.836,-30.552,45,1
6.826,0.773,-30.659,60,1
6.738,0.741,-30.26,30,1
6.748,0.72,-30.305,46,1
6.652,0.689,-29.875,46,1
6.737,0.676,-30.256,60,1
6.691,0.65,-30.051,24,1
6.702,0.629,-30.099,34,1
6.673,0.605,-29.968,22,1
6.819,0.814,-30.549,39,1
6.825,0.771,-30.577,50,1
6.716,0.737,-30.087,55,1
6.753,0.719,-30.251,45,1
6.703,0.692,-30.03,44,1
6.666,0.667,-29.865,56,1
6.685,0.649,-29.946,37,1
6.715,0.629,-30.084,52,1
6.684,0.605,-29.945,45,1
6.672,0.804,-29.799,46,1
6.677,0.783,-29.824,54,1
6.847,0.781,-30.581,52,1
6.689,0.741,-29.873,61,1
6.824,0.735,-30.479,61,1
6.716,0.702,-29.995,46,1
6.737,0.682,-30.09,57,1
6.753,0.64,-30.16,22,1
6.786,0.623,-30.305,65,1
6.729,0.574,-30.053,34,1
6.702,0.832,-29.81,10,1
6.88,0.789,-30.602,12,1
6.82,0.761,-30.336,36,1
6.844,0.741,-30.441,65,1
6.759,0.71,-30.059,54,1
6.735,0.687,-29.956,62,1
6.682,0.66,-29.719,51,1
6.709,0.641,-29.837,47,1
6.809,0.629,-30.284,11,1
6.813,0.608,-30.303,13,1
6.719,0.808,-29.808,18,1
6.86,0.76,-30.435,26,1
6.705,0.722,-29.746,56,1
6.703,0.7,-29.739,56,1
6.677,0.676,-29.624,56,1
6.697,0.656,-29.713,55,1
6.715,0.637,-29.792,66,1
6.708,0.615,-29.76,50,1
6.772,0.556,-30.042,52,1
6.783,0.536,-30.094,44,1
6.723,0.836,-29.739,41,1
6.729,0.794,-29.765,42,1
6.701,0.748,-29.64,37,1
6.712,0.728,-29.692,65,1
6.709,0.707,-29.68,51,1
6.671,0.682,-29.51,55,1
6.718,0.665,-29.716,60,1
6.742,0.646,-29.823,65,1
6.744,0.625,-29.833,68,1
6.747,0.604,-29.844,18,1
6.794,0.587,-30.052,29,1
6.779,0.564,-29.985,57,1
6.804,0.544,-30.097,64,1
6.97,0.851,-30.701,40,1
6.749,0.803,-29.729,52,1
6.752,0.783,-29.74,17,1
6.714,0.757,-29.571,46,1
6.728,0.737,-29.634,61,1
6.76,0.719,-29.777,54,1
6.717,0.693,-29.585,57,1
6.721,0.673,-29.601,46,1
6.736,0.653,-29.671,55,1
6.743,0.632,-29.699,60,1
6.831,0.598,-30.089,59,1
6.821,0.575,-30.044,63,1
6.805,0.553,-29.974,59,1
6.788,0.831,-29.819,52,1
6.768,0.807,-29.732,58,1
6.767,0.785,-29.727,56,1
6.815,0.769,-29.938,58,1
6.767,0.743,-29.729,69,1
6.756,0.72,-29.681,54,1
6.731,0.697,-29.568,58,1
6.731,0.675,-29.567,65,1
6.744,0.655,-29.626,63,1
6.764,0.637,-29.713,64,1
6.76,0.615,-29.698,60,1
6.831,0.6,-30.007,39,1
6.827,0.556,-29.993,62,1
6.824,0.534,-29.978,62,1
6.856,0.516,-30.117,42,1
6.851,0.493,-30.093,30,1
6.859,0.472,-30.128,49,1
6.808,0.838,-29.819,43,1
6.8,0.816,-29.787,44,1
6.793,0.794,-29.754,51,1
6.803,0.774,-29.799,61,1
6.816,0.753,-29.854,63,1
6.779,0.728,-29.693,66,1
6.762,0.706,-29.617,60,1
6.756,0.683,-29.591,69,1
6.755,0.662,-29.59,67,1
6.858,0.65,-30.036,56,1
6.787,0.622,-29.728,29,1
6.853,0.607,-30.016,56,1
6.849,0.543,-29.999,55,1
6.845,0.52,-29.98,52,1
6.843,0.499,-29.972,51,1
6.852,0.478,-30.011,64,1
6.886,0.459,-30.16,59,1
6.841,0.822,-29.837,13,1
6.848,0.802,-29.868,36,1
6.868,0.783,-29.957,55,1
6.851,0.76,-29.882,49,1
6.804,0.733,-29.674,61,1
6.845,0.716,-29.855,63,1
6.802,0.69,-29.666,55,1
6.779,0.666,-29.566,44,1
6.784,0.646,-29.589,47,1
6.783,0.625,-29.583,53,1
6.886,0.613,-30.035,43,1
6.881,0.59,-30.012,31,1
6.891,0.549,-30.054,43,1
6.907,0.485,-30.126,64,1
6.881,0.461,-30.012,61,1
6.861,0.439,-29.924,18,1
6.849,0.818,-29.797,29,1
6.847,0.796,-29.79,61,1
6.891,0.779,-29.979,39,1
6.863,0.754,-29.858,59,1
6.817,0.728,-29.656,67,1
6.774,0.703,-29.469,54,1
6.951,0.7,-30.241,55,1
6.967,0.679,-30.309,35,1
6.969,0.658,-30.317,55,1
6.912,0.63,-30.069,40,1
6.896,0.608,-29.997,39,1
6.902,0.566,-30.027,44,1
6.872,0.52,-29.893,11,1
6.878,0.499,-29.921,43,1
6.888,0.479,-29.966,63,1
6.911,0.458,-30.066,66,1
6.874,0.435,-29.903,39,1
6.875,0.413,-29.907,48,1
6.911,0.83,-29.979,40,1
6.876,0.804,-29.823,35,1
6.875,0.783,-29.819,55,1
6.916,0.766,-30,56,1
6.9,0.743,-29.928,65,1
6.871,0.718,-29.804,63,1
6.843,0.693,-29.681,65,1
6.897,0.678,-29.917,59,1
6.983,0.665,-30.287,50,1
6.984,0.643,-30.292,40,1
6.914,0.615,-29.989,43,1
6.913,0.593,-29.986,51,1
6.905,0.572,-29.951,41,1
6.905,0.55,-29.948,48,1
6.891,0.527,-29.891,48,1
6.901,0.507,-29.934,44,1
6.902,0.485,-29.935,57,1
6.919,0.465,-30.01,63,1
6.891,0.399,-29.891,11,1
6.481,0.861,-31.843,29,6
6.5,0.869,-31.844,26,6
6.531,0.874,-31.849,41,6
6.721,0.886,-32.675,53,6
6.73,0.864,-32.716,33,6
6.579,0.867,-31.886,54,6
6.6,0.868,-31.849,66,6
6.62,0.865,-31.847,68,6
6.623,0.844,-31.861,62,6
6.785,0.895,-32.548,60,6
6.64,0.853,-31.851,71,6
6.643,0.83,-31.867,67,6
6.743,0.891,-32.208,57,6
6.8,0.898,-32.484,57,6
6.805,0.875,-32.505,58,6
6.669,0.835,-31.853,73,6
6.671,0.812,-31.865,71,6
6.877,0.897,-32.744,49,6
6.692,0.827,-31.862,69,6
6.687,0.804,-31.841,68,6
6.696,0.783,-31.883,48,6
6.902,0.904,-32.751,27,6
6.889,0.879,-32.69,43,6
6.713,0.834,-31.855,40,6
6.709,0.81,-31.837,65,6
6.715,0.788,-31.865,68,6
6.718,0.766,-31.878,54,6
6.702,0.879,-31.671,62,6
6.707,0.857,-31.698,60,6
6.722,0.837,-31.767,62,6
6.733,0.815,-31.818,61,6
6.737,0.793,-31.839,66,6
6.741,0.77,-31.858,66,6
6.746,0.748,-31.878,33,6
6.723,0.875,-31.68,68,6
6.728,0.853,-31.708,65,6
6.734,0.831,-31.736,70,6
6.739,0.808,-31.756,67,6
6.747,0.787,-31.792,65,6
6.755,0.765,-31.832,59,6
6.761,0.743,-31.86,20,6
6.858,0.891,-32.204,80,6
6.815,0.863,-32.003,68,6
6.77,0.835,-31.79,57,6
6.943,0.856,-32.602,40,6
6.766,0.811,-31.769,61,6
6.768,0.789,-31.781,64,6
6.778,0.767,-31.828,57,6
6.786,0.746,-31.865,51,6
6.883,0.871,-32.188,59,6
6.889,0.848,-32.216,33,6
6.981,0.814,-32.647,51,6
6.973,0.789,-32.61,54,6
6.908,0.891,-32.217,27,6
6.907,0.868,-32.211,67,6
6.616,0.786,-30.855,19,1
7,0.809,-32.646,21,6
6.992,0.785,-32.61,56,6
6.937,0.898,-32.246,14,6
6.932,0.874,-32.222,70,6
6.935,0.852,-32.237,16,6
6.632,0.793,-30.828,57,1
6.629,0.77,-30.814,56,1
6.635,0.727,-30.843,59,1
6.638,0.705,-30.858,43,1
6.648,0.841,-30.772,24,1
6.962,0.881,-32.228,60,6
6.653,0.82,-30.796,51,1
6.655,0.798,-30.81,48,1
6.653,0.776,-30.8,21,1
6.642,0.753,-30.749,58,1
6.656,0.733,-30.814,57,1
7.045,0.775,-32.612,22,6
6.654,0.71,-30.803,56,1
6.668,0.841,-30.79,28,1
6.983,0.881,-32.246,58,6
6.683,0.754,-30.859,60,1
6.674,0.731,-30.816,59,1
7.061,0.773,-32.603,26,6
6.67,0.709,-30.8,55,1
6.683,0.688,-30.86,27,1
7.01,0.887,-32.261,67,6
6.677,0.823,-30.731,47,1
6.706,0.738,-30.862,50,1
7.083,0.78,-32.599,56,6
6.693,0.715,-30.803,60,1
6.691,0.692,-30.794,50,1
6.708,0.855,-30.743,39,1
7.042,0.898,-32.272,58,6
7.111,0.767,-32.591,71,6
7.11,0.743,-32.588,63,6
7.095,0.718,-32.515,37,6
7.064,0.901,-32.287,70,6
7.067,0.878,-32.302,54,6
7.128,0.769,-32.58,25,6
7.13,0.747,-32.59,69,6
7.117,0.722,-32.528,22,6
6.789,0.854,-30.932,61,1
6.766,0.829,-30.83,57,1
7.148,0.759,-32.569,44,6
7.151,0.736,-32.581,61,6
7.123,0.9,-32.315,68,6
6.801,0.837,-30.854,50,1
7.157,0.881,-32.471,47,6
6.807,0.815,-30.882,52,1
7.223,0.841,-32.768,35,6
7.216,0.817,-32.736,57,6
7.173,0.766,-32.54,50,6
7.172,0.743,-32.538,69,6
7.173,0.719,-32.539,62,6
7.176,0.696,-32.555,17,6
7.147,0.898,-32.337,64,6
7.147,0.875,-32.337,67,6
6.814,0.813,-30.831,61,1
7.137,0.851,-32.291,22,6
7.214,0.813,-32.638,56,6
7.187,0.787,-32.518,43,6
7.185,0.763,-32.507,46,6
7.182,0.74,-32.497,56,6
7.178,0.716,-32.478,29,6
7.181,0.693,-32.492,58,6
7.179,0.67,-32.479,43,6
7.177,0.905,-32.368,76,6
7.178,0.882,-32.375,63,6
7.182,0.859,-32.391,64,6
6.825,0.794,-30.781,56,1
6.814,0.771,-30.73,42,1
7.179,0.813,-32.378,62,6
7.187,0.79,-32.414,59,6
7.19,0.697,-32.427,40,6
7.207,0.908,-32.368,74,6
7.207,0.886,-32.367,55,6
7.208,0.863,-32.373,65,6
6.852,0.798,-30.771,21,1
7.21,0.84,-32.383,56,6
7.188,0.79,-32.281,55,6
7.211,0.77,-32.385,29,6
7.215,0.748,-32.406,27,6
7.215,0.701,-32.402,54,6
7.214,0.677,-32.397,52,6
7.214,0.654,-32.396,57,6
7.213,0.632,-32.393,17,6
7.226,0.909,-32.372,77,6
7.226,0.886,-32.375,70,6
7.226,0.862,-32.372,54,6
7.227,0.84,-32.378,65,6
7.229,0.817,-32.387,15,6
7.227,0.77,-32.379,22,6
7.229,0.747,-32.387,48,6
7.227,0.723,-32.379,38,6
7.229,0.701,-32.386,45,6
7.228,0.655,-32.383,41,6
7.227,0.631,-32.375,59,6
7.25,0.897,-32.38,70,6
7.25,0.873,-32.381,17,6
7.248,0.85,-32.375,16,6
7.249,0.826,-32.377,50,6
7.248,0.757,-32.374,38,6
7.247,0.734,-32.368,44,6
7.249,0.711,-32.378,70,6
7.249,0.687,-32.378,61,6
7.249,0.642,-32.374,69,6
7.248,0.618,-32.371,49,6
7.281,0.904,-32.383,70,6
7.28,0.881,-32.379,67,6
6.908,0.814,-30.723,9,1
7.279,0.858,-32.374,65,6
7.279,0.835,-32.375,63,6
7.279,0.812,-32.373,55,6
7.278,0.788,-32.371,40,6
7.278,0.765,-32.369,43,6
7.277,0.696,-32.366,52,6
7.279,0.672,-32.374,59,6
7.278,0.649,-32.369,65,6
7.278,0.627,-32.369,67,6
7.277,0.603,-32.364,60,6
7.28,0.58,-32.378,10,6
7.301,0.902,-32.393,69,6
7.299,0.878,-32.385,72,6
6.924,0.811,-30.721,18,1
7.298,0.854,-32.38,64,6
7.298,0.831,-32.379,66,6
7.298,0.809,-32.379,57,6
7.297,0.669,-32.374,40,6
7.298,0.646,-32.376,64,6
7.298,0.623,-32.377,63,6
7.296,0.6,-32.371,24,6
7.294,0.577,-32.362,34,6
7.326,0.911,-32.41,53,6
7.326,0.888,-32.408,63,6
7.322,0.864,-32.391,47,6
7.324,0.841,-32.399,65,6
7.325,0.818,-32.404,45,6
7.322,0.656,-32.389,60,6
7.322,0.633,-32.389,53,6
7.323,0.563,-32.395,55,6
8.502,1.25,-46.092,57,3
8.501,1.217,-46.088,54,3
8.501,1.186,-46.089,69,3
8.502,1.153,-46.09,59,3
8.502,1.12,-46.09,70,3
8.544,1.256,-46.095,73,3
8.544,1.223,-46.093,72,3
8.544,1.19,-46.091,69,3
8.545,1.157,-46.095,72,3
8.545,1.125,-46.096,60,3
8.544,1.092,-46.092,70,3
8.544,1.059,-46.091,70,3
8.544,1.026,-46.091,67,3
8.545,0.993,-46.096,69,3
8.545,0.96,-46.093,73,3
8.544,0.928,-46.092,72,3
8.543,0.896,-46.088,71,3
8.544,0.863,-46.091,71,3
8.543,0.829,-46.085,73,3
8.543,0.797,-46.086,72,3
8.543,0.765,-46.085,71,3
8.544,0.732,-46.088,73,3
8.544,0.699,-46.088,75,3
8.543,0.666,-46.085,74,3
8.543,0.633,-46.087,72,3
8.543,0.601,-46.084,72,3
8.543,0.568,-46.085,75,3
8.543,0.535,-46.082,73,3
8.543,0.502,-46.084,74,3
8.543,0.469,-46.083,73,3
8.543,0.436,-46.084,74,3
8.543,0.405,-46.086,74,3
8.543,0.371,-46.082,74,3
8.543,0.338,-46.082,74,3
8.543,0.306,-46.085,73,3
8.543,0.273,-46.084,74,3
8.542,0.241,-46.081,73,3
8.543,0.208,-46.084,72,3
8.542,0.175,-46.079,71,3
8.542,0.142,-46.081,75,3
8.542,0.109,-46.081,74,3
8.542,0.078,-46.077,74,3
8.543,0.045,-46.081,74,3
8.542,0.012,-46.079,74,3
8.575,1.248,-46.095,74,3
8.575,1.216,-46.096,74,3
8.575,1.184,-46.096,66,3
8.576,1.15,-46.1,73,3
8.575,1.117,-46.096,74,3
8.576,1.084,-46.101,73,3
8.576,1.051,-46.099,65,3
8.576,1.02,-46.098,78,3
8.576,0.987,-46.099,74,3
8.576,0.953,-46.097,72,3
8.576,0.921,-46.1,75,3
8.575,0.887,-46.096,77,3
8.575,0.856,-46.094,73,3
8.575,0.823,-46.091,74,3
8.575,0.79,-46.091,74,3
8.574,0.757,-46.089,70,3
8.575,0.724,-46.09,70,3
8.575,0.692,-46.092,72,3
8.575,0.66,-46.091,73,3
8.575,0.626,-46.089,75,3
8.575,0.594,-46.091,75,3
8.575,0.56,-46.09,73,3
8.574,0.527,-46.089,74,3
8.575,0.495,-46.09,74,3
8.575,0.463,-46.091,74,3
8.575,0.43,-46.09,75,3
8.575,0.397,-46.091,75,3
8.575,0.364,-46.09,73,3
8.575,0.332,-46.089,71,3
8.575,0.299,-46.089,74,3
8.574,0.266,-46.087,78,3
8.574,0.233,-46.085,75,3
8.575,0.2,-46.087,73,3
8.574,0.169,-46.084,75,3
8.575,0.136,-46.087,74,3
8.575,0.103,-46.088,77,3
8.574,0.07,-46.085,76,3
8.574,0.037,-46.086,75,3
8.574,0.004,-46.085,72,3
8.604,1.254,-46.099,71,3
8.604,1.221,-46.098,72,3
8.604,1.188,-46.097,79,3
8.605,1.155,-46.103,72,3
8.605,1.123,-46.103,71,3
8.606,1.091,-46.107,70,3
8.605,1.057,-46.104,71,3
8.606,1.025,-46.11,55,3
8.606,0.991,-46.105,66,3
8.604,0.96,-46.099,67,3
8.605,0.927,-46.104,67,3
8.604,0.894,-46.098,69,3
8.604,0.86,-46.099,69,3
8.604,0.828,-46.095,71,3
8.604,0.796,-46.096,74,3
8.604,0.763,-46.095,76,3
8.604,0.73,-46.096,75,3
8.604,0.697,-46.096,76,3
8.604,0.664,-46.096,76,3
8.604,0.631,-46.097,71,3
8.604,0.599,-46.096,70,3
8.604,0.566,-46.097,73,3
8.604,0.533,-46.097,73,3
8.604,0.5,-46.094,70,3
8.604,0.467,-46.095,78,3
8.604,0.436,-46.095,71,3
8.604,0.403,-46.093,73,3
8.604,0.37,-46.092,74,3
8.604,0.337,-46.093,73,3
8.604,0.304,-46.094,73,3
8.603,0.272,-46.088,74,3
8.603,0.239,-46.09,74,3
8.603,0.206,-46.088,75,3
8.603,0.173,-46.09,72,3
8.604,0.14,-46.091,72,3
8.603,0.107,-46.09,73,3
8.603,0.075,-46.09,74,3
8.604,0.043,-46.092,74,3
8.603,0.01,-46.089,70,3
8.646,1.254,-46.102,73,3
8.647,1.221,-46.105,73,3
8.647,1.188,-46.103,70,3
8.647,1.155,-46.105,45,3
8.648,1.122,-46.107,75,3
8.648,1.089,-46.107,75,3
8.647,1.057,-46.104,69,3
8.647,1.024,-46.101,71,3
8.648,0.991,-46.105,74,3
8.648,0.958,-46.105,72,3
8.648,0.925,-46.106,74,3
8.647,0.893,-46.102,76,3
8.648,0.86,-46.105,72,3
8.647,0.827,-46.102,73,3
8.647,0.794,-46.099,75,3
8.647,0.762,-46.1,72,3
8.646,0.73,-46.097,72,3
8.646,0.697,-46.096,72,3
8.647,0.664,-46.101,71,3
8.647,0.631,-46.099,75,3
8.646,0.598,-46.096,74,3
8.647,0.565,-46.1,70,3
8.646,0.533,-46.097,75,3
8.646,0.5,-46.098,71,3
8.647,0.467,-46.1,71,3
8.646,0.434,-46.096,71,3
8.646,0.401,-46.094,71,3
8.646,0.369,-46.096,72,3
8.646,0.336,-46.094,73,3
8.646,0.303,-46.096,71,3
8.646,0.27,-46.096,70,3
8.646,0.237,-46.093,70,3
8.646,0.204,-46.093,68,3
8.646,0.172,-46.091,68,3
8.646,0.14,-46.094,68,3
8.646,0.106,-46.093,66,3
8.646,0.073,-46.093,65,3
8.646,0.041,-46.092,63,3
8.646,0.009,-46.094,51,3
8.679,1.244,-46.113,66,3
8.679,1.211,-46.113,71,3
8.677,1.178,-46.106,66,3
8.679,1.146,-46.112,63,3
8.679,1.113,-46.111,70,3
8.678,1.08,-46.111,66,3
8.677,1.047,-46.105,68,3
8.678,1.014,-46.111,69,3
8.679,0.983,-46.114,63,3
8.678,0.949,-46.107,71,3
8.679,0.916,-46.111,69,3
8.679,0.883,-46.116,58,3
8.678,0.85,-46.108,60,3
8.679,0.818,-46.112,61,3
8.678,0.786,-46.107,63,3
8.677,0.752,-46.104,60,3
8.678,0.72,-46.109,51,3
8.678,0.686,-46.109,62,3
8.678,0.654,-46.106,60,3
8.678,0.622,-46.109,55,3
8.677,0.589,-46.104,59,3
8.677,0.555,-46.101,64,3
8.678,0.523,-46.108,37,3
8.678,0.49,-46.108,24,3
8.678,0.458,-46.109,19,3
8.678,0.425,-46.105,25,3
8.677,0.392,-46.104,31,3
8.677,0.326,-46.098,37,3
8.681,0.294,-46.123,27,3
9.401,1.282,-46.196,42,3
9.401,1.249,-46.197,45,3
9.401,1.216,-46.199,57,3
9.402,1.183,-46.202,40,3
9.4,1.15,-46.193,57,3
9.401,1.117,-46.197,56,3
9.4,1.084,-46.193,54,3
9.4,1.051,-46.194,35,3
9.429,1.26,-46.197,67,3
9.429,1.228,-46.197,72,3
9.428,1.195,-46.192,71,3
9.428,1.162,-46.193,71,3
9.429,1.129,-46.193,71,3
9.428,1.095,-46.192,72,3
9.429,1.064,-46.193,60,3
9.474,1.268,-46.199,60,3
9.474,1.234,-46.2,69,3
9.473,1.201,-46.198,73,3
9.472,1.169,-46.194,74,3
9.473,1.136,-46.196,74,3
9.473,1.103,-46.197,75,3
9.472,1.069,-46.194,59,3
9.51,1.254,-46.235,9,3
9.503,1.22,-46.202,48,3
9.504,1.187,-46.204,66,3
9.503,1.154,-46.2,75,3
9.503,1.12,-46.2,73,3
9.503,1.089,-46.202,66,3
9.534,1.257,-46.213,27,3
9.533,1.223,-46.208,70,3
9.533,1.191,-46.208,68,3
9.532,1.158,-46.204,65,3
9.532,1.125,-46.202,67,3
9.533,1.092,-46.207,63,3
9.574,1.226,-46.207,71,3
9.575,1.193,-46.21,70,3
9.574,1.159,-46.207,70,3
9.575,1.128,-46.208,72,3
9.573,1.094,-46.202,40,3
9.607,1.224,-46.221,16,3
9.602,1.191,-46.2,67,3
9.604,1.157,-46.206,71,3
9.606,1.125,-46.215,28,3
9.606,1.091,-46.218,49,3
9.633,1.139,-46.215,42,3
9.634,1.105,-46.217,37,3
9.676,1.145,-46.221,67,3
9.677,1.112,-46.226,64,3
9.709,1.266,-46.232,17,3
9.708,1.233,-46.227,66,3
9.707,1.134,-46.224,55,3
9.708,1.101,-46.228,64,3
9.741,1.21,-46.229,63,3
9.743,1.111,-46.234,38,3
9.743,1.078,-46.234,29,3
9.889,1.285,-46.252,66,3
9.889,1.218,-46.25,60,3
9.889,1.186,-46.251,66,3
9.891,1.153,-46.262,25,3
9.918,1.279,-46.26,63,3
9.918,1.213,-46.259,69,3
9.918,1.179,-46.26,61,3
9.952,1.288,-46.265,65,3
9.952,1.223,-46.264,42,3
9.994,1.298,-46.269,71,3
9.995,1.167,-46.271,60,3
9.998,1.133,-46.284,22,3
10.02,1.296,-46.272,69,3
10.019,1.231,-46.267,49,3
10.021,1.164,-46.276,32,3
10.057,1.24,-46.286,28,3
10.098,1.188,-46.282,41,3
10.097,1.056,-46.28,13,3
10.099,1.022,-46.287,38,3
10.125,1.258,-46.282,47,3
10.122,1.226,-46.269,20,3
10.127,1.028,-46.289,65,3
10.161,1.245,-46.298,29,3
10.158,1.211,-46.286,24,3
10.158,1.014,-46.284,60,3
10.164,0.981,-46.312,17,3
10.203,1.222,-46.29,19,3
10.203,1.155,-46.292,23,3
10.206,1.123,-46.303,53,3
10.201,0.99,-46.284,42,3
10.236,1.188,-46.319,20,3
10.241,1.155,-46.339,16,3
10.519,1.285,-46.335,45,3
10.519,1.22,-46.336,65,3
10.518,1.054,-46.331,39,3
10.519,0.953,-46.333,69,3
10.517,0.821,-46.329,71,3
10.517,0.788,-46.327,44,3
10.517,0.754,-46.324,52,3
10.552,1.291,-46.356,11,3
10.55,1.224,-46.352,17,3
10.547,0.926,-46.337,63,3
10.547,0.892,-46.335,70,3
10.547,0.793,-46.336,55,3
10.547,0.76,-46.333,63,3
10.55,0.727,-46.35,16,3
10.58,1.302,-46.345,60,3
10.58,1.27,-46.346,64,3
10.58,1.237,-46.344,41,3
10.58,1.004,-46.342,56,3
10.58,0.97,-46.347,62,3
10.58,0.937,-46.346,57,3
10.579,0.905,-46.341,74,3
10.578,0.871,-46.333,74,3
10.58,0.838,-46.347,39,3
10.579,0.804,-46.34,56,3
10.577,0.771,-46.331,35,3
10.582,0.672,-46.35,44,3
7.092,0.886,-34.373,35,6
7.093,0.862,-34.376,44,6
7.091,0.837,-34.371,46,6
7.17,0.914,-34.494,24,6
7.19,0.875,-34.494,55,6
7.205,0.851,-34.563,50,6
7.214,0.828,-34.609,51,6
7.159,0.847,-34.194,35,6
7.265,0.835,-34.701,21,6
6.889,0.874,-32.801,31,6
6.582,0.807,-35.381,41,5
6.606,0.786,-35.391,42,5
6.553,0.9,-34.935,15,5
6.555,0.875,-34.945,57,5
7.27,0.831,-35.082,13,5
7.319,0.857,-35.209,37,5
7.3,0.829,-35.123,21,5
7.563,0.986,-36.011,19,5
7.558,0.99,-35.868,54,5
7.558,0.964,-35.866,28,5
7.755,0.953,-36.049,43,5
7.77,0.932,-35.97,18,5
7.769,0.907,-35.968,20,5
7.803,0.959,-36.031,26,5
7.795,0.932,-35.998,60,5
7.793,0.905,-35.987,17,5
7.689,0.767,-35.034,22,5
7.97,0.597,-35.105,42,5
8.094,0.493,-35.306,23,5
8.094,0.512,-35.211,27,5
7.347,0.842,-39.171,11,5
7.4,0.977,-39.319,42,5
7.376,0.835,-39.188,10,5
7.289,1.015,-39.321,9,5
7.267,0.957,-39.202,22,5
7.254,0.899,-39.133,12,5
7.248,0.871,-39.1,27,5
7.247,0.842,-39.096,18,5
7.256,0.761,-39.14,23,5
7.261,0.733,-39.168,14,5
7.313,1.009,-39.312,45,5
7.286,0.893,-39.162,11,5
7.278,0.809,-39.12,17,5
7.265,0.641,-39.049,17,5
7.269,0.614,-39.071,13,5
7.305,0.87,-39.137,37,5
7.299,0.841,-39.101,32,5
7.292,0.813,-39.065,34,5
7.29,0.785,-39.055,43,5
7.287,0.757,-39.039,36,5
7.286,0.729,-39.035,23,5
