7000,6.151,-0.009,-14.58,51,1,250.41
7001,6.158,-0.01,-14.576,114,1,250.38
7002,6.168,-0.004,-14.569,109,1,250.3
7003,6.26,-0.048,-14.533,52,1,250.4
7024,6.273,-0.047,-14.525,43,1,250.33
7025,6.277,-0.058,-14.535,48,1,250.67
7101,6.279,-0.045,-14.52,34,1,250.26
7102,6.286,-0.056,-14.535,91,1,250.78
7103,6.282,-0.068,-14.528,53,1,250.53
7184,6.294,-0.053,-14.53,135,1,250.74
7185,6.293,-0.064,-14.527,140,1,250.64
7267,6.308,-0.061,-14.524,64,1,250.74
7350,6.319,-0.062,-14.528,47,1,250.99
7435,6.334,-0.059,-14.535,12,1,251.39
7563,6.391,-0.003,-14.466,133,1,250.11
7564,6.384,-0.014,-14.452,18,1,249.62
7565,6.395,-0.008,-14.452,118,1,249.76
7566,6.398,-0.019,-14.46,42,1,250.03
7567,6.405,-0.004,-14.451,92,1,249.86
7568,6.408,-0.015,-14.457,26,1,250.07
7569,6.419,-0.002,-14.448,53,1,249.95
11800,6.139,-0.001,-14.585,48,1,250.41
150,3.797,-0.002,-8.843,70,11,92.616
151,3.794,-0.009,-8.835,77,11,92.452
152,3.792,-0.015,-8.83,67,11,92.348
153,3.805,-0.022,-8.861,55,11,92.995
154,3.804,-0.029,-8.859,64,11,92.952
155,3.805,-0.036,-8.861,63,11,92.995
156,3.821,-0.043,-8.898,78,11,93.774
157,3.821,-0.049,-8.898,76,11,93.774
158,3.822,-0.056,-8.899,73,11,93.8
159,3.821,-0.063,-8.898,80,11,93.774
160,3.822,-0.069,-8.901,76,11,93.835
161,3.82,-0.076,-8.896,85,11,93.731
162,3.822,-0.083,-8.901,78,11,93.835
170,3.816,-0.004,-8.872,66,11,93.274
171,3.797,-0.01,-8.829,58,11,92.368
172,3.802,-0.017,-8.841,67,11,92.618
173,3.804,-0.023,-8.844,67,11,92.687
174,3.803,-0.03,-8.844,53,11,92.679
175,3.823,-0.037,-8.89,74,11,93.647
176,3.824,-0.044,-8.892,86,11,93.691
177,3.826,-0.051,-8.896,74,11,93.777
178,3.826,-0.058,-8.897,81,11,93.795
179,3.826,-0.064,-8.897,85,11,93.795
180,3.827,-0.071,-8.899,84,11,93.838
181,3.825,-0.078,-8.892,82,11,93.698
182,3.825,-0.084,-8.894,76,11,93.734
190,3.821,-0.002,-8.869,75,11,93.259
191,3.829,-0.009,-8.886,75,11,93.622
192,3.82,-0.016,-8.867,67,11,93.216
193,3.806,-0.023,-8.833,62,11,92.508
194,3.83,-0.036,-8.891,48,11,93.719
195,3.83,-0.043,-8.891,87,11,93.719
196,3.832,-0.05,-8.894,82,11,93.787
197,3.832,-0.057,-8.896,87,11,93.823
198,3.833,-0.063,-8.896,79,11,93.831
199,3.833,-0.07,-8.896,83,11,93.831
200,3.833,-0.077,-8.898,83,11,93.866
201,3.831,-0.084,-8.892,76,11,93.744
209,3.83,-0.002,-8.868,78,11,93.31
210,3.832,-0.008,-8.872,77,11,93.397
211,3.835,-0.015,-8.879,82,11,93.544
212,3.843,-0.022,-8.898,87,11,93.943
213,3.841,-0.029,-8.894,48,11,93.857
214,3.84,-0.042,-8.891,81,11,93.795
215,3.842,-0.049,-8.894,83,11,93.864
216,3.842,-0.056,-8.894,90,11,93.864
217,3.841,-0.062,-8.892,75,11,93.821
218,3.843,-0.069,-8.898,77,11,93.943
219,3.843,-0.076,-8.897,72,11,93.925
220,3.842,-0.083,-8.895,81,11,93.882
228,3.837,-0.001,-8.872,64,11,93.435
229,3.834,-0.007,-8.865,69,11,93.288
230,3.84,-0.014,-8.878,79,11,93.564
231,3.847,-0.021,-8.894,82,11,93.903
232,3.846,-0.028,-8.893,64,11,93.877
233,3.843,-0.041,-8.886,43,11,93.73
234,3.845,-0.048,-8.89,80,11,93.816
235,3.846,-0.055,-8.893,79,11,93.877
236,3.846,-0.062,-8.892,88,11,93.859
237,3.847,-0.068,-8.895,85,11,93.92
238,3.848,-0.075,-8.896,79,11,93.946
239,3.847,-0.082,-8.895,77,11,93.92
242,3.853,-0.005,-8.894,84,11,93.949
243,3.849,-0.012,-8.883,70,11,93.722
244,3.852,-0.019,-8.891,80,11,93.888
245,3.852,-0.025,-8.889,83,11,93.852
246,3.849,-0.032,-8.885,9,11,93.758
247,3.848,-0.045,-8.882,57,11,93.697
248,3.851,-0.052,-8.888,80,11,93.827
249,3.851,-0.059,-8.888,69,11,93.827
250,3.852,-0.066,-8.892,77,11,93.906
251,3.852,-0.072,-8.89,88,11,93.87
252,3.853,-0.079,-8.893,82,11,93.931
254,3.86,-0.003,-8.887,78,11,93.878
255,3.86,-0.01,-8.886,78,11,93.861
256,3.861,-0.017,-8.889,86,11,93.922
257,3.861,-0.023,-8.887,82,11,93.886
258,3.86,-0.03,-8.887,76,11,93.878
259,3.856,-0.057,-8.878,60,11,93.688
260,3.859,-0.064,-8.885,79,11,93.835
261,3.86,-0.071,-8.886,70,11,93.861
262,3.861,-0.078,-8.888,79,11,93.904
263,3.863,-0.004,-8.88,80,11,93.777
264,3.865,-0.011,-8.884,75,11,93.864
265,3.865,-0.018,-8.884,90,11,93.864
266,3.866,-0.024,-8.887,85,11,93.925
267,3.867,-0.031,-8.889,78,11,93.968
268,3.864,-0.065,-8.88,59,11,93.785
269,3.865,-0.072,-8.884,78,11,93.864
270,3.864,-0.078,-8.88,30,11,93.785
271,3.87,-0.002,-8.879,79,11,93.814
272,3.87,-0.009,-8.879,84,11,93.814
273,3.871,-0.015,-8.882,74,11,93.875
274,3.871,-0.022,-8.882,80,11,93.875
275,3.874,-0.029,-8.888,72,11,94.004
276,3.872,-0.036,-8.884,42,11,93.918
277,3.879,-0.001,-8.879,81,11,93.883
278,3.878,-0.007,-8.877,84,11,93.84
279,3.879,-0.014,-8.878,76,11,93.866
280,3.879,-0.021,-8.879,73,11,93.883
281,3.881,-0.028,-8.883,78,11,93.97
282,3.882,-0.034,-8.887,77,11,94.049
283,3.886,-0.001,-8.88,81,11,93.955
284,3.886,-0.008,-8.879,81,11,93.938
285,3.887,-0.014,-8.882,78,11,93.999
286,3.887,-0.021,-8.882,84,11,93.999
287,3.888,-0.028,-8.884,74,11,94.042
288,3.886,-0.035,-8.881,53,11,93.973
289,3.894,-0.006,-8.882,77,11,94.053
290,3.894,-0.013,-8.882,83,11,94.053
291,3.893,-0.02,-8.88,82,11,94.01
292,3.895,-0.026,-8.884,76,11,94.096
293,3.9,-0.005,-8.876,80,11,93.993
294,3.901,-0.012,-8.879,81,11,94.054
295,3.901,-0.019,-8.879,75,11,94.054
296,3.902,-0.025,-8.88,76,11,94.08
297,3.905,-0.004,-8.873,78,11,93.979
298,3.906,-0.011,-8.876,74,11,94.04
299,3.908,-0.018,-8.879,80,11,94.109
300,3.905,-0.024,-8.874,31,11,93.997
301,3.908,-0.003,-8.865,59,11,93.861
302,3.91,-0.009,-8.87,72,11,93.965
303,3.912,-0.016,-8.874,70,11,94.052
304,3.917,-0.009,-8.865,73,11,93.931
100,14.364,-0.033,-35.073,23,5,1436.4
120,14.381,-0.002,-35.059,34,5,1435.9
121,14.377,-0.029,-35.048,37,5,1435.1
147,14.405,-0.016,-35.053,20,5,1436.2
191,14.45,-0.016,-35.021,38,5,1435.3
213,14.475,-0.027,-35.016,41,5,1435.6
239,14.556,-0.019,-35.125,35,5,1445.6
270,14.52,-0.021,-34.98,71,5,1434.4
322,14.533,-0.017,-34.953,91,5,1432.9
372,14.57,-0.012,-34.952,70,5,1433.9
0,6.144,0.323,-14.564,168,1,249.86
1,6.144,0.279,-14.564,166,1,249.86
2,6.144,0.257,-14.563,166,1,249.83
3,6.145,0.234,-14.565,170,1,249.9
4,6.145,0.223,-14.564,170,1,249.87
5,6.144,0.213,-14.564,168,1,249.86
6,6.145,0.201,-14.566,164,1,249.93
7,6.146,0.19,-14.568,169,1,250
8,6.146,0.179,-14.568,169,1,250
9,6.148,0.168,-14.571,164,1,250.11
10,6.147,0.157,-14.57,169,1,250.07
11,6.149,0.146,-14.575,164,1,250.24
12,6.148,0.135,-14.572,168,1,250.14
13,6.147,0.124,-14.569,150,1,250.04
14,6.15,0.091,-14.577,103,1,250.31
15,6.148,0.08,-14.574,166,1,250.2
16,6.148,0.069,-14.571,142,1,250.11
17,6.147,0.025,-14.569,23,1,250.04
18,6.153,0.002,-14.583,116,1,250.52
19,6.147,0.487,-14.55,72,1,249.49
20,6.15,0.476,-14.557,166,1,249.73
21,6.148,0.465,-14.552,172,1,249.56
22,6.149,0.454,-14.554,165,1,249.63
23,6.148,0.442,-14.554,167,1,249.62
24,6.148,0.431,-14.552,172,1,249.56
25,6.148,0.421,-14.554,159,1,249.62
26,6.148,0.41,-14.552,171,1,249.56
27,6.15,0.398,-14.557,169,1,249.73
28,6.148,0.387,-14.552,171,1,249.56
29,6.148,0.376,-14.554,170,1,249.62
30,6.149,0.366,-14.555,170,1,249.66
31,6.149,0.354,-14.555,165,1,249.66
32,6.15,0.343,-14.558,169,1,249.76
33,6.151,0.332,-14.56,165,1,249.83
34,6.151,0.321,-14.56,168,1,249.83
35,6.15,0.31,-14.559,165,1,249.79
36,6.152,0.299,-14.561,169,1,249.87
37,6.15,0.288,-14.559,169,1,249.79
38,6.152,0.277,-14.562,167,1,249.9
39,6.15,0.266,-14.558,175,1,249.76
40,6.152,0.255,-14.563,168,1,249.93
41,6.151,0.244,-14.559,168,1,249.8
42,6.152,0.233,-14.561,166,1,249.87
43,6.152,0.222,-14.563,168,1,249.93
44,6.151,0.211,-14.561,170,1,249.86
45,6.153,0.2,-14.564,173,1,249.97
46,6.152,0.189,-14.561,171,1,249.87
47,6.154,0.178,-14.566,164,1,250.04
48,6.152,0.167,-14.563,166,1,249.93
49,6.155,0.156,-14.568,170,1,250.11
50,6.155,0.145,-14.569,168,1,250.14
51,6.155,0.134,-14.568,161,1,250.11
52,6.152,0.123,-14.563,67,1,249.93
53,6.155,0.079,-14.571,139,1,250.2
54,6.156,0.068,-14.573,101,1,250.27
55,6.151,0.002,-14.559,19,1,249.8
56,6.159,0.481,-14.551,144,1,249.66
57,6.158,0.47,-14.547,164,1,249.54
58,6.158,0.459,-14.548,171,1,249.57
59,6.159,0.448,-14.55,166,1,249.64
60,6.16,0.437,-14.551,123,1,249.68
61,6.154,0.425,-14.538,22,1,249.23
62,6.16,0.414,-14.553,111,1,249.74
63,6.159,0.404,-14.549,99,1,249.61
64,6.16,0.393,-14.55,165,1,249.65
65,6.158,0.382,-14.547,168,1,249.54
66,6.159,0.37,-14.55,171,1,249.64
67,6.162,0.359,-14.557,135,1,249.88
68,6.161,0.349,-14.554,86,1,249.78
69,6.161,0.338,-14.553,83,1,249.75
70,6.161,0.326,-14.554,87,1,249.78
71,6.161,0.315,-14.553,89,1,249.75
72,6.16,0.304,-14.552,84,1,249.71
73,6.16,0.293,-14.552,87,1,249.71
74,6.161,0.282,-14.555,76,1,249.81
75,6.161,0.271,-14.555,80,1,249.81
76,6.161,0.26,-14.556,73,1,249.84
77,6.162,0.249,-14.556,74,1,249.85
78,6.161,0.238,-14.555,75,1,249.81
79,6.161,0.227,-14.554,68,1,249.78
80,6.162,0.216,-14.556,172,1,249.85
81,6.162,0.205,-14.557,170,1,249.88
82,6.161,0.194,-14.555,164,1,249.81
83,6.163,0.183,-14.559,164,1,249.95
84,6.163,0.172,-14.558,168,1,249.92
85,6.163,0.161,-14.559,66,1,249.95
86,6.164,0.15,-14.562,103,1,250.05
87,6.164,0.139,-14.561,160,1,250.02
88,6.165,0.128,-14.564,109,1,250.12
89,6.166,0.116,-14.566,112,1,250.19
90,6.166,0.106,-14.566,134,1,250.19
91,6.167,0.095,-14.568,137,1,250.26
92,6.166,0.084,-14.566,149,1,250.19
93,6.167,0.073,-14.569,158,1,250.29
94,6.157,0.062,-14.545,14,1,249.47
95,6.173,0.483,-14.547,112,1,249.72
96,6.174,0.472,-14.55,166,1,249.82
97,6.171,0.461,-14.542,158,1,249.55
98,6.17,0.449,-14.541,162,1,249.51
99,6.168,0.439,-14.535,38,1,249.31
100,6.168,0.384,-14.537,44,1,249.37
101,6.173,0.373,-14.547,154,1,249.72
102,6.171,0.361,-14.542,144,1,249.55
103,6.172,0.35,-14.546,81,1,249.68
104,6.174,0.34,-14.548,80,1,249.76
105,6.173,0.328,-14.547,73,1,249.72
106,6.173,0.317,-14.547,80,1,249.72
107,6.174,0.306,-14.549,87,1,249.79
108,6.175,0.296,-14.551,84,1,249.86
109,6.174,0.284,-14.55,74,1,249.82
110,6.174,0.273,-14.55,77,1,249.82
111,6.174,0.262,-14.551,83,1,249.85
112,6.174,0.251,-14.55,83,1,249.82
113,6.174,0.24,-14.549,72,1,249.79
114,6.175,0.229,-14.551,67,1,249.86
115,6.173,0.218,-14.548,160,1,249.75
116,6.175,0.207,-14.551,170,1,249.86
117,6.174,0.196,-14.549,165,1,249.79
118,6.176,0.185,-14.555,118,1,249.99
119,6.178,0.174,-14.558,113,1,250.1
120,6.175,0.163,-14.552,54,1,249.89
121,6.175,0.152,-14.552,61,1,249.89
122,6.177,0.141,-14.557,60,1,250.06
123,6.177,0.13,-14.557,101,1,250.06
124,6.178,0.119,-14.559,174,1,250.13
125,6.178,0.108,-14.559,171,1,250.13
126,6.179,0.097,-14.561,169,1,250.2
127,6.178,0.086,-14.558,172,1,250.1
128,6.179,0.075,-14.561,160,1,250.2
129,6.179,0.064,-14.561,115,1,250.2
130,6.181,0.479,-14.545,156,1,249.76
131,6.179,0.469,-14.541,167,1,249.62
132,6.179,0.458,-14.541,167,1,249.62
133,6.178,0.446,-14.538,154,1,249.52
134,6.179,0.369,-14.541,158,1,249.62
135,6.181,0.358,-14.546,99,1,249.79
136,6.18,0.347,-14.542,77,1,249.66
137,6.178,0.336,-14.538,43,1,249.52
138,6.178,0.325,-14.538,47,1,249.52
139,6.181,0.314,-14.545,84,1,249.76
140,6.181,0.303,-14.546,87,1,249.79
141,6.182,0.292,-14.549,82,1,249.89
142,6.182,0.281,-14.547,87,1,249.83
143,6.182,0.27,-14.549,79,1,249.89
144,6.181,0.259,-14.546,80,1,249.79
145,6.182,0.248,-14.547,77,1,249.83
146,6.18,0.237,-14.542,81,1,249.66
147,6.18,0.226,-14.543,73,1,249.69
148,6.181,0.215,-14.546,164,1,249.79
149,6.182,0.204,-14.549,166,1,249.89
150,6.181,0.192,-14.546,163,1,249.79
151,6.183,0.148,-14.55,61,1,249.93
152,6.185,0.138,-14.555,71,1,250.1
153,6.186,0.126,-14.555,71,1,250.11
154,6.187,0.116,-14.559,163,1,250.24
155,6.186,0.105,-14.557,168,1,250.17
156,6.188,0.094,-14.561,169,1,250.31
157,6.185,0.082,-14.554,171,1,250.07
158,6.188,0.071,-14.56,162,1,250.28
159,6.185,0.06,-14.553,147,1,250.04
160,6.187,0.049,-14.559,128,1,250.24
161,6.188,0.473,-14.534,155,1,249.53
162,6.188,0.462,-14.532,167,1,249.47
163,6.19,0.451,-14.537,167,1,249.64
164,6.186,0.44,-14.528,141,1,249.33
165,6.192,0.374,-14.542,101,1,249.81
166,6.19,0.363,-14.537,133,1,249.64
167,6.192,0.319,-14.541,118,1,249.78
168,6.193,0.308,-14.543,154,1,249.85
169,6.193,0.297,-14.543,152,1,249.85
170,6.193,0.286,-14.544,137,1,249.88
171,6.192,0.275,-14.541,85,1,249.78
172,6.192,0.264,-14.541,84,1,249.78
173,6.191,0.253,-14.539,82,1,249.71
174,6.189,0.242,-14.534,61,1,249.54
175,6.194,0.209,-14.545,152,1,249.92
176,6.192,0.198,-14.542,163,1,249.81
177,6.19,0.186,-14.538,64,1,249.67
178,6.19,0.142,-14.537,26,1,249.64
179,6.195,0.132,-14.548,71,1,250.02
180,6.195,0.12,-14.55,68,1,250.08
181,6.196,0.109,-14.55,160,1,250.09
182,6.196,0.098,-14.552,164,1,250.15
183,6.197,0.087,-14.553,148,1,250.19
184,6.198,0.076,-14.554,132,1,250.23
185,6.196,0.065,-14.551,138,1,250.12
186,6.198,0.054,-14.556,104,1,250.29
187,6.184,0.043,-14.523,20,1,249.16
188,6.202,0.477,-14.531,124,1,249.61
189,6.202,0.466,-14.53,166,1,249.59
190,6.201,0.454,-14.528,164,1,249.52
191,6.198,0.443,-14.521,144,1,249.27
192,6.2,0.311,-14.524,23,1,249.39
193,6.206,0.301,-14.54,146,1,249.93
194,6.203,0.289,-14.533,168,1,249.69
195,6.203,0.278,-14.533,90,1,249.69
196,6.205,0.267,-14.535,92,1,249.77
197,6.203,0.256,-14.532,77,1,249.66
198,6.2,0.212,-14.524,27,1,249.39
199,6.207,0.201,-14.541,139,1,249.97
200,6.206,0.19,-14.538,134,1,249.87
201,6.202,0.135,-14.529,12,1,249.56
202,6.207,0.124,-14.541,75,1,249.97
203,6.207,0.113,-14.542,92,1,250
204,6.206,0.102,-14.539,156,1,249.9
205,6.208,0.069,-14.543,77,1,250.04
206,6.212,0.024,-14.552,97,1,250.35
207,6.21,0.014,-14.548,115,1,250.21
208,6.213,0.475,-14.533,118,1,249.81
209,6.211,0.464,-14.528,164,1,249.64
210,6.212,0.453,-14.529,147,1,249.68
211,6.209,0.442,-14.524,158,1,249.5
212,6.21,0.431,-14.525,122,1,249.54
213,6.208,0.298,-14.52,28,1,249.37
214,6.214,0.288,-14.533,161,1,249.82
215,6.213,0.277,-14.532,93,1,249.78
216,6.212,0.266,-14.531,88,1,249.74
217,6.21,0.254,-14.526,54,1,249.57
218,6.214,0.199,-14.535,159,1,249.88
219,6.214,0.188,-14.534,149,1,249.85
220,6.218,0.133,-14.542,55,1,250.13
221,6.217,0.122,-14.54,80,1,250.06
222,6.215,0.111,-14.537,95,1,249.95
223,6.217,0.1,-14.542,93,1,250.12
224,6.219,0.012,-14.546,102,1,250.26
225,6.219,0.001,-14.545,118,1,250.23
226,6.219,0.468,-14.521,144,1,249.54
227,6.219,0.457,-14.521,154,1,249.54
228,6.22,0.446,-14.523,168,1,249.61
229,6.217,0.435,-14.517,146,1,249.39
230,6.222,0.28,-14.528,84,1,249.78
231,6.221,0.269,-14.526,91,1,249.71
232,6.215,0.259,-14.513,26,1,249.25
233,6.223,0.236,-14.53,124,1,249.85
234,6.223,0.225,-14.531,159,1,249.88
235,6.225,0.214,-14.533,137,1,249.96
236,6.224,0.204,-14.533,170,1,249.95
237,6.222,0.192,-14.528,156,1,249.78
238,6.225,0.126,-14.535,61,1,250.02
239,6.225,0.115,-14.534,70,1,249.99
240,6.222,0.104,-14.529,84,1,249.81
241,6.225,0.005,-14.534,62,1,249.99
242,6.232,0.449,-14.515,97,1,249.52
243,6.231,0.438,-14.513,109,1,249.45
244,6.234,0.273,-14.521,73,1,249.72
245,6.234,0.262,-14.519,86,1,249.66
246,6.234,0.25,-14.521,81,1,249.72
247,6.235,0.24,-14.522,84,1,249.76
248,6.234,0.228,-14.519,84,1,249.66
249,6.236,0.218,-14.524,108,1,249.83
250,6.235,0.206,-14.521,140,1,249.73
251,6.237,0.195,-14.528,131,1,249.96
252,6.235,0.185,-14.523,100,1,249.79
253,6.235,0.119,-14.523,52,1,249.79
254,6.233,0.107,-14.517,51,1,249.59
255,6.234,0.468,-14.497,19,1,249.03
256,6.241,0.27,-14.515,62,1,249.64
257,6.242,0.259,-14.517,85,1,249.71
258,6.243,0.248,-14.518,95,1,249.75
259,6.242,0.237,-14.516,80,1,249.68
260,6.241,0.226,-14.514,73,1,249.61
261,6.243,0.215,-14.519,89,1,249.78
262,6.244,0.204,-14.52,85,1,249.82
263,6.245,0.193,-14.523,82,1,249.92
264,6.242,0.182,-14.516,59,1,249.68
265,6.242,0.126,-14.517,48,1,249.71
266,6.246,0.116,-14.525,115,1,249.99
267,6.247,0.47,-14.502,92,1,249.33
268,6.253,0.261,-14.517,96,1,249.84
269,6.252,0.25,-14.514,87,1,249.74
270,6.249,0.238,-14.508,76,1,249.53
271,6.247,0.227,-14.502,13,1,249.33
272,6.253,0.216,-14.515,70,1,249.79
273,6.253,0.205,-14.516,74,1,249.81
274,6.253,0.194,-14.517,83,1,249.84
275,6.252,0.183,-14.513,55,1,249.71
276,6.257,0.128,-14.526,125,1,250.15
277,6.254,0.117,-14.519,155,1,249.91
278,6.247,0.106,-14.501,18,1,249.3
279,6.249,0.073,-14.507,61,1,249.5
280,6.258,0.483,-14.491,12,1,249.15
281,6.262,0.472,-14.501,121,1,249.49
282,6.262,0.395,-14.501,83,1,249.49
283,6.267,0.263,-14.513,116,1,249.9
284,6.262,0.252,-14.501,88,1,249.49
285,6.262,0.24,-14.5,82,1,249.46
286,6.266,0.207,-14.51,56,1,249.8
287,6.265,0.197,-14.507,107,1,249.7
288,6.264,0.185,-14.505,50,1,249.63
289,6.263,0.141,-14.503,35,1,249.56
290,6.268,0.13,-14.514,159,1,249.94
291,6.268,0.119,-14.515,169,1,249.97
292,6.266,0.108,-14.51,158,1,249.8
293,6.269,0.053,-14.516,87,1,250.01
295,6.269,0.473,-14.497,149,1,249.46
296,6.268,0.462,-14.495,92,1,249.39
297,6.265,0.429,-14.488,35,1,249.15
298,6.268,0.418,-14.495,48,1,249.39
299,6.271,0.407,-14.502,137,1,249.63
300,6.268,0.396,-14.495,147,1,249.39
301,6.266,0.384,-14.491,43,1,249.25
302,6.268,0.263,-14.496,31,1,249.42
303,6.272,0.253,-14.504,164,1,249.7
304,6.271,0.242,-14.501,148,1,249.6
305,6.271,0.208,-14.502,95,1,249.63
306,6.274,0.198,-14.508,119,1,249.85
307,6.272,0.186,-14.503,108,1,249.67
308,6.269,0.153,-14.498,25,1,249.49
309,6.278,0.143,-14.517,117,1,250.16
310,6.274,0.132,-14.509,138,1,249.87
311,6.276,0.12,-14.513,153,1,250.02
312,6.274,0.109,-14.51,167,1,249.9
313,6.275,0.098,-14.512,134,1,249.97
314,6.278,0.043,-14.516,123,1,250.13
316,6.277,0.488,-14.492,39,1,249.42
317,6.275,0.477,-14.488,51,1,249.28
318,6.274,0.466,-14.484,59,1,249.15
319,6.272,0.432,-14.48,57,1,249.01
320,6.28,0.411,-14.499,95,1,249.66
321,6.275,0.389,-14.487,35,1,249.25
322,6.283,0.268,-14.504,119,1,249.84
323,6.28,0.256,-14.498,163,1,249.63
324,6.28,0.245,-14.498,150,1,249.63
325,6.282,0.19,-14.503,121,1,249.8
326,6.282,0.146,-14.503,13,1,249.8
327,6.281,0.124,-14.5,49,1,249.7
328,6.285,0.113,-14.509,153,1,250.01
329,6.284,0.102,-14.507,153,1,249.94
330,6.282,0.091,-14.503,79,1,249.8
331,6.287,0.047,-14.513,138,1,250.15
332,6.286,0.036,-14.511,158,1,250.08
333,6.286,0.025,-14.512,124,1,250.11
335,6.292,0.48,-14.488,156,1,249.49
336,6.29,0.469,-14.483,150,1,249.32
337,6.285,0.457,-14.473,43,1,248.97
338,6.293,0.414,-14.491,128,1,249.59
339,6.291,0.403,-14.486,146,1,249.42
340,6.294,0.392,-14.493,121,1,249.66
341,6.291,0.381,-14.486,112,1,249.42
342,6.292,0.315,-14.488,57,1,249.49
343,6.292,0.303,-14.487,21,1,249.46
344,6.294,0.271,-14.493,74,1,249.66
345,6.294,0.259,-14.493,94,1,249.66
346,6.291,0.248,-14.486,76,1,249.42
347,6.296,0.182,-14.498,57,1,249.83
348,6.295,0.171,-14.495,81,1,249.73
349,6.296,0.16,-14.497,82,1,249.8
350,6.295,0.149,-14.494,84,1,249.7
351,6.3,0.116,-14.506,133,1,250.11
352,6.294,0.105,-14.494,152,1,249.69
353,6.3,0.039,-14.506,155,1,250.11
354,6.298,0.028,-14.501,163,1,249.94
355,6.298,0.017,-14.501,96,1,249.94
357,6.293,0.478,-14.468,16,1,248.92
358,6.295,0.468,-14.474,56,1,249.12
359,6.299,0.401,-14.483,98,1,249.43
360,6.301,0.391,-14.487,115,1,249.58
361,6.297,0.379,-14.475,59,1,249.18
362,6.304,0.313,-14.491,87,1,249.73
363,6.299,0.302,-14.482,79,1,249.41
364,6.303,0.269,-14.49,119,1,249.69
365,6.302,0.258,-14.488,95,1,249.62
366,6.295,0.247,-14.472,14,1,249.07
367,6.305,0.17,-14.495,80,1,249.86
368,6.303,0.159,-14.489,69,1,249.66
369,6.304,0.126,-14.491,79,1,249.73
370,6.304,0.115,-14.492,78,1,249.76
371,6.311,0.038,-14.508,138,1,250.31
372,6.309,0.026,-14.503,136,1,250.14
373,6.31,0.438,-14.481,100,1,249.52
374,6.308,0.383,-14.476,98,1,249.35
375,6.312,0.317,-14.485,82,1,249.66
376,6.311,0.306,-14.484,94,1,249.61
377,6.312,0.294,-14.485,89,1,249.66
378,6.311,0.284,-14.483,69,1,249.59
379,6.31,0.273,-14.481,50,1,249.52
380,6.311,0.262,-14.483,75,1,249.59
381,6.313,0.173,-14.488,68,1,249.76
382,6.311,0.162,-14.483,57,1,249.59
383,6.311,0.118,-14.483,41,1,249.59
384,6.315,0.041,-14.492,77,1,249.9
385,6.317,0.03,-14.497,105,1,250.07
386,6.322,0.473,-14.474,84,1,249.46
387,6.32,0.462,-14.469,50,1,249.29
388,6.321,0.44,-14.472,164,1,249.39
389,6.322,0.429,-14.474,157,1,249.46
390,6.324,0.319,-14.477,89,1,249.58
391,6.325,0.308,-14.479,119,1,249.65
392,6.323,0.297,-14.474,139,1,249.48
393,6.324,0.285,-14.476,163,1,249.55
394,6.323,0.275,-14.474,163,1,249.48
395,6.323,0.264,-14.476,99,1,249.53
396,6.326,0.176,-14.481,60,1,249.72
397,6.325,0.109,-14.479,111,1,249.65
398,6.329,0.032,-14.49,151,1,250.02
399,6.324,0.021,-14.477,11,1,249.58
400,6.325,0.472,-14.457,12,1,249.01
401,6.329,0.462,-14.465,157,1,249.29
402,6.33,0.451,-14.469,160,1,249.42
403,6.33,0.44,-14.467,171,1,249.36
404,6.33,0.428,-14.468,172,1,249.39
405,6.331,0.417,-14.469,124,1,249.43
406,6.331,0.329,-14.47,54,1,249.46
407,6.333,0.318,-14.475,156,1,249.63
408,6.333,0.307,-14.474,159,1,249.6
409,6.331,0.296,-14.471,165,1,249.49
410,6.331,0.285,-14.47,158,1,249.46
411,6.332,0.274,-14.474,170,1,249.59
412,6.332,0.263,-14.472,107,1,249.53
413,6.334,0.109,-14.478,96,1,249.73
414,6.338,0.032,-14.485,165,1,249.99
415,6.337,0.021,-14.483,86,1,249.91
416,6.343,0.487,-14.471,121,1,249.64
417,6.339,0.475,-14.464,156,1,249.39
418,6.339,0.464,-14.464,166,1,249.39
419,6.339,0.453,-14.463,164,1,249.36
420,6.339,0.442,-14.463,169,1,249.36
421,6.338,0.431,-14.461,159,1,249.29
422,6.341,0.421,-14.467,132,1,249.5
423,6.339,0.409,-14.463,117,1,249.36
424,6.34,0.343,-14.465,61,1,249.43
425,6.342,0.332,-14.469,88,1,249.57
426,6.341,0.321,-14.466,154,1,249.47
427,6.341,0.277,-14.468,52,1,249.53
428,6.339,0.266,-14.461,79,1,249.3
429,6.342,0.045,-14.469,20,1,249.57
430,6.347,0.034,-14.481,158,1,249.98
431,6.344,0.023,-14.474,146,1,249.74
434,6.348,0.499,-14.452,64,1,249.16
435,6.352,0.477,-14.46,137,1,249.44
436,6.351,0.466,-14.458,162,1,249.37
437,6.351,0.455,-14.458,165,1,249.37
438,6.35,0.444,-14.455,157,1,249.27
439,6.353,0.433,-14.462,114,1,249.51
440,6.353,0.4,-14.462,100,1,249.51
441,6.348,0.389,-14.451,13,1,249.13
442,6.352,0.356,-14.46,61,1,249.44
443,6.353,0.345,-14.463,105,1,249.54
444,6.353,0.334,-14.462,104,1,249.51
445,6.352,0.323,-14.461,134,1,249.47
446,6.349,0.311,-14.453,46,1,249.2
447,6.357,0.191,-14.472,154,1,249.85
448,6.354,0.179,-14.465,142,1,249.61
449,6.36,0.058,-14.478,136,1,250.06
450,6.359,0.047,-14.475,160,1,249.96
451,6.358,0.036,-14.474,162,1,249.92
452,6.359,0.025,-14.474,157,1,249.93
453,6.358,0.014,-14.473,73,1,249.89
454,6.361,0.479,-14.458,103,1,249.5
455,6.359,0.467,-14.455,165,1,249.38
456,6.361,0.456,-14.459,153,1,249.53
457,6.359,0.445,-14.453,150,1,249.33
458,6.358,0.401,-14.45,38,1,249.23
459,6.36,0.39,-14.455,156,1,249.4
460,6.362,0.379,-14.46,130,1,249.57
461,6.362,0.368,-14.46,129,1,249.57
462,6.361,0.357,-14.459,95,1,249.53
463,6.361,0.346,-14.458,106,1,249.5
464,6.362,0.335,-14.46,106,1,249.57
465,6.361,0.324,-14.459,100,1,249.53
466,6.36,0.313,-14.456,97,1,249.43
467,6.366,0.203,-14.468,123,1,249.85
468,6.362,0.191,-14.46,170,1,249.57
469,6.363,0.181,-14.462,148,1,249.64
470,6.357,0.169,-14.447,32,1,249.13
471,6.367,0.082,-14.472,144,1,249.98
472,6.368,0.07,-14.472,115,1,249.99
473,6.36,0.059,-14.455,17,1,249.4
474,6.367,0.049,-14.471,164,1,249.95
475,6.367,0.038,-14.47,160,1,249.92
476,6.367,0.026,-14.47,158,1,249.92
477,6.365,0.015,-14.466,155,1,249.78
478,6.371,0.47,-14.454,109,1,249.51
479,6.369,0.459,-14.451,87,1,249.4
480,6.371,0.393,-14.454,148,1,249.51
481,6.37,0.382,-14.452,172,1,249.44
482,6.37,0.371,-14.451,165,1,249.41
483,6.371,0.36,-14.454,147,1,249.51
484,6.371,0.349,-14.454,109,1,249.51
485,6.371,0.338,-14.455,105,1,249.54
486,6.374,0.326,-14.463,99,1,249.81
487,6.371,0.316,-14.454,98,1,249.51
488,6.372,0.305,-14.456,93,1,249.58
489,6.369,0.294,-14.45,44,1,249.37
490,6.367,0.238,-14.446,32,1,249.23
491,6.37,0.227,-14.453,32,1,249.47
492,6.373,0.216,-14.459,79,1,249.68
493,6.372,0.205,-14.458,85,1,249.64
494,6.373,0.194,-14.46,101,1,249.71
495,6.372,0.183,-14.458,96,1,249.64
496,6.371,0.172,-14.455,79,1,249.54
497,6.376,0.117,-14.465,121,1,249.89
498,6.376,0.106,-14.467,156,1,249.95
499,6.377,0.095,-14.468,138,1,249.99
500,6.376,0.084,-14.465,166,1,249.89
501,6.376,0.073,-14.465,164,1,249.89
502,6.376,0.062,-14.467,160,1,249.95
503,6.375,0.051,-14.464,158,1,249.85
504,6.376,0.04,-14.466,159,1,249.92
505,6.376,0.029,-14.465,163,1,249.89
506,6.376,0.018,-14.465,168,1,249.89
507,6.375,0.007,-14.463,141,1,249.82
508,6.384,0.394,-14.45,99,1,249.56
509,6.381,0.382,-14.445,168,1,249.38
510,6.381,0.371,-14.444,172,1,249.35
511,6.382,0.36,-14.446,173,1,249.42
512,6.383,0.35,-14.448,141,1,249.49
513,6.383,0.338,-14.448,103,1,249.49
514,6.383,0.327,-14.45,100,1,249.55
515,6.385,0.317,-14.453,103,1,249.66
516,6.385,0.305,-14.453,107,1,249.66
517,6.382,0.294,-14.447,97,1,249.45
518,6.382,0.283,-14.447,63,1,249.45
519,6.384,0.239,-14.451,93,1,249.59
520,6.384,0.228,-14.451,104,1,249.59
521,6.384,0.217,-14.451,90,1,249.59
522,6.386,0.206,-14.456,96,1,249.76
523,6.384,0.195,-14.45,91,1,249.56
524,6.385,0.184,-14.453,91,1,249.66
525,6.384,0.173,-14.452,90,1,249.62
526,6.384,0.162,-14.45,71,1,249.56
527,6.383,0.151,-14.448,26,1,249.49
528,6.387,0.118,-14.459,152,1,249.86
529,6.386,0.107,-14.455,175,1,249.73
530,6.386,0.096,-14.456,166,1,249.76
531,6.386,0.085,-14.456,167,1,249.76
532,6.385,0.073,-14.454,166,1,249.69
533,6.386,0.063,-14.457,165,1,249.79
534,6.387,0.052,-14.458,159,1,249.83
535,6.389,0.041,-14.462,159,1,249.97
536,6.388,0.03,-14.46,158,1,249.9
537,6.388,0.019,-14.46,158,1,249.9
538,6.387,0.007,-14.458,158,1,249.83
539,6.387,0.466,-14.436,37,1,249.19
540,6.392,0.389,-14.446,160,1,249.54
541,6.39,0.378,-14.442,171,1,249.4
542,6.391,0.367,-14.443,168,1,249.45
543,6.39,0.356,-14.441,172,1,249.37
544,6.39,0.345,-14.441,168,1,249.37
545,6.39,0.334,-14.442,165,1,249.4
546,6.39,0.323,-14.44,147,1,249.35
547,6.392,0.312,-14.445,110,1,249.52
548,6.392,0.301,-14.445,107,1,249.52
549,6.392,0.29,-14.446,104,1,249.54
550,6.392,0.278,-14.447,99,1,249.57
551,6.392,0.268,-14.446,91,1,249.54
552,6.393,0.257,-14.448,92,1,249.62
553,6.394,0.246,-14.45,107,1,249.69
554,6.393,0.235,-14.448,104,1,249.62
555,6.394,0.223,-14.451,105,1,249.71
556,6.393,0.212,-14.448,94,1,249.62
557,6.394,0.202,-14.45,94,1,249.69
558,6.394,0.191,-14.45,89,1,249.69
559,6.393,0.179,-14.449,97,1,249.64
560,6.394,0.168,-14.45,92,1,249.69
561,6.395,0.157,-14.452,93,1,249.76
562,6.396,0.147,-14.454,130,1,249.83
563,6.395,0.135,-14.452,138,1,249.76
564,6.394,0.124,-14.451,163,1,249.71
565,6.393,0.113,-14.448,172,1,249.62
566,6.394,0.102,-14.45,174,1,249.69
567,6.395,0.091,-14.451,166,1,249.73
568,6.394,0.08,-14.45,166,1,249.69
569,6.394,0.069,-14.451,165,1,249.71
570,6.395,0.058,-14.452,160,1,249.76
571,6.396,0.047,-14.454,163,1,249.83
572,6.397,0.036,-14.455,165,1,249.87
573,6.398,0.025,-14.46,166,1,250.03
574,6.397,0.014,-14.457,161,1,249.93
575,6.396,0.003,-14.455,144,1,249.86
576,6.4,0.481,-14.441,100,1,249.5
577,6.396,0.47,-14.432,142,1,249.19
578,6.4,0.393,-14.439,149,1,249.44
579,6.398,0.382,-14.436,165,1,249.33
580,6.399,0.37,-14.438,169,1,249.4
581,6.4,0.36,-14.439,168,1,249.44
582,6.399,0.349,-14.438,167,1,249.4
583,6.402,0.338,-14.443,165,1,249.59
584,6.4,0.326,-14.44,172,1,249.47
585,6.4,0.315,-14.44,171,1,249.47
586,6.4,0.304,-14.441,172,1,249.5
587,6.402,0.294,-14.443,157,1,249.59
588,6.402,0.282,-14.443,141,1,249.59
589,6.399,0.271,-14.439,137,1,249.43
590,6.401,0.26,-14.442,117,1,249.54
591,6.4,0.249,-14.441,112,1,249.5
592,6.402,0.238,-14.443,114,1,249.59
593,6.402,0.227,-14.443,112,1,249.59
594,6.402,0.216,-14.444,115,1,249.61
595,6.402,0.205,-14.443,112,1,249.59
596,6.403,0.194,-14.446,119,1,249.69
597,6.402,0.183,-14.444,142,1,249.61
598,6.402,0.172,-14.443,158,1,249.59
599,6.404,0.161,-14.448,167,1,249.76
600,6.403,0.15,-14.447,165,1,249.71
601,6.402,0.139,-14.444,175,1,249.61
602,6.403,0.128,-14.446,173,1,249.69
603,6.404,0.117,-14.447,165,1,249.73
604,6.404,0.106,-14.448,167,1,249.76
605,6.402,0.095,-14.445,168,1,249.64
606,6.403,0.084,-14.447,170,1,249.71
607,6.404,0.073,-14.447,163,1,249.73
608,6.404,0.062,-14.448,158,1,249.76
609,6.402,0.051,-14.444,158,1,249.61
610,6.405,0.04,-14.449,164,1,249.8
611,6.406,0.029,-14.453,162,1,249.93
612,6.405,0.018,-14.451,163,1,249.86
613,6.407,0.007,-14.455,135,1,250
614,6.41,0.483,-14.428,103,1,249.26
615,6.411,0.472,-14.429,112,1,249.3
616,6.414,0.406,-14.437,122,1,249.57
617,6.411,0.395,-14.431,173,1,249.35
618,6.413,0.384,-14.434,165,1,249.47
619,6.413,0.373,-14.435,164,1,249.5
620,6.413,0.362,-14.434,163,1,249.47
621,6.413,0.351,-14.435,167,1,249.5
622,6.413,0.34,-14.434,170,1,249.47
623,6.413,0.329,-14.435,167,1,249.5
624,6.413,0.318,-14.434,168,1,249.47
625,6.413,0.307,-14.434,172,1,249.47
626,6.412,0.296,-14.432,169,1,249.4
627,6.413,0.284,-14.436,169,1,249.52
628,6.412,0.274,-14.433,177,1,249.43
629,6.412,0.262,-14.432,169,1,249.4
630,6.412,0.252,-14.431,171,1,249.37
631,6.413,0.241,-14.435,173,1,249.5
632,6.413,0.229,-14.434,171,1,249.47
633,6.413,0.219,-14.435,174,1,249.5
634,6.413,0.207,-14.435,168,1,249.5
635,6.415,0.197,-14.438,174,1,249.61
636,6.415,0.185,-14.439,172,1,249.64
637,6.415,0.174,-14.439,172,1,249.64
638,6.417,0.163,-14.442,169,1,249.75
639,6.413,0.152,-14.434,171,1,249.47
640,6.417,0.141,-14.441,167,1,249.72
641,6.417,0.13,-14.442,164,1,249.75
642,6.416,0.119,-14.44,167,1,249.68
643,6.416,0.108,-14.44,166,1,249.68
644,6.416,0.097,-14.44,170,1,249.68
645,6.417,0.086,-14.442,156,1,249.75
646,6.416,0.075,-14.44,159,1,249.68
647,6.417,0.064,-14.443,169,1,249.78
648,6.418,0.053,-14.444,158,1,249.82
649,6.418,0.042,-14.445,159,1,249.85
650,6.418,0.031,-14.445,166,1,249.85
651,6.418,0.02,-14.443,161,1,249.79
652,6.419,0.009,-14.448,121,1,249.95
653,6.421,0.483,-14.429,73,1,249.43
654,6.418,0.471,-14.422,142,1,249.18
655,6.416,0.46,-14.419,66,1,249.07
656,6.422,0.417,-14.432,136,1,249.52
657,6.421,0.405,-14.429,166,1,249.43
658,6.42,0.394,-14.429,166,1,249.41
659,6.42,0.383,-14.429,169,1,249.41
660,6.422,0.372,-14.431,167,1,249.5
661,6.421,0.361,-14.43,168,1,249.45
662,6.42,0.35,-14.428,173,1,249.38
663,6.422,0.339,-14.431,170,1,249.5
664,6.417,0.328,-14.421,163,1,249.14
665,6.42,0.317,-14.428,171,1,249.38
666,6.42,0.306,-14.427,173,1,249.35
667,6.422,0.295,-14.431,171,1,249.5
668,6.421,0.284,-14.43,171,1,249.45
669,6.421,0.273,-14.429,174,1,249.43
670,6.421,0.262,-14.43,174,1,249.45
671,6.421,0.251,-14.429,178,1,249.43
672,6.422,0.24,-14.432,173,1,249.52
673,6.422,0.229,-14.43,176,1,249.47
674,6.423,0.218,-14.433,168,1,249.57
675,6.423,0.207,-14.433,175,1,249.57
676,6.424,0.196,-14.437,166,1,249.69
677,6.424,0.185,-14.435,169,1,249.64
678,6.424,0.174,-14.437,162,1,249.69
679,6.424,0.163,-14.436,171,1,249.67
680,6.424,0.152,-14.436,166,1,249.67
681,6.425,0.14,-14.438,168,1,249.74
682,6.424,0.13,-14.436,174,1,249.67
683,6.424,0.119,-14.436,170,1,249.67
684,6.424,0.108,-14.436,169,1,249.67
685,6.424,0.097,-14.436,162,1,249.67
686,6.424,0.086,-14.437,165,1,249.69
687,6.425,0.075,-14.439,162,1,249.77
688,6.424,0.064,-14.437,157,1,249.69
689,6.426,0.052,-14.44,161,1,249.81
690,6.426,0.041,-14.442,161,1,249.86
691,6.428,0.03,-14.445,159,1,249.98
692,6.428,0.019,-14.445,110,1,249.98
693,6.426,0.009,-14.441,60,1,249.84
694,6.431,0.474,-14.425,73,1,249.44
695,6.428,0.463,-14.419,152,1,249.23
696,6.428,0.451,-14.419,145,1,249.23
697,6.428,0.44,-14.418,148,1,249.2
698,6.43,0.429,-14.424,151,1,249.4
699,6.429,0.418,-14.42,163,1,249.27
700,6.429,0.407,-14.422,164,1,249.33
701,6.43,0.396,-14.423,161,1,249.37
702,6.432,0.386,-14.427,160,1,249.51
703,6.431,0.374,-14.425,160,1,249.44
704,6.431,0.363,-14.425,166,1,249.44
705,6.431,0.352,-14.425,171,1,249.44
706,6.431,0.342,-14.425,169,1,249.44
707,6.429,0.33,-14.42,172,1,249.27
708,6.431,0.319,-14.425,171,1,249.44
709,6.43,0.308,-14.422,174,1,249.34
710,6.431,0.297,-14.425,166,1,249.44
711,6.431,0.286,-14.426,176,1,249.47
712,6.43,0.275,-14.422,171,1,249.34
713,6.431,0.264,-14.425,176,1,249.44
714,6.431,0.253,-14.425,176,1,249.44
715,6.431,0.242,-14.426,170,1,249.47
716,6.432,0.231,-14.428,167,1,249.54
717,6.432,0.22,-14.427,177,1,249.51
718,6.432,0.209,-14.428,171,1,249.54
719,6.432,0.198,-14.428,167,1,249.54
720,6.434,0.187,-14.431,168,1,249.65
721,6.433,0.176,-14.429,170,1,249.58
722,6.437,0.165,-14.438,169,1,249.89
723,6.434,0.154,-14.432,167,1,249.68
724,6.434,0.143,-14.432,172,1,249.68
725,6.432,0.132,-14.429,168,1,249.57
726,6.434,0.121,-14.432,170,1,249.68
727,6.435,0.11,-14.433,162,1,249.72
728,6.434,0.099,-14.432,164,1,249.68
729,6.432,0.087,-14.427,166,1,249.51
730,6.434,0.076,-14.431,164,1,249.65
731,6.435,0.065,-14.433,162,1,249.72
732,6.436,0.055,-14.437,165,1,249.85
733,6.436,0.044,-14.436,162,1,249.82
734,6.437,0.032,-14.438,151,1,249.89
735,6.437,0.022,-14.437,117,1,249.86
736,6.438,0.01,-14.439,50,1,249.93
737,6.442,0.464,-14.416,72,1,249.32
738,6.441,0.453,-14.413,143,1,249.22
739,6.441,0.442,-14.413,143,1,249.22
740,6.442,0.431,-14.415,164,1,249.29
741,6.44,0.42,-14.412,160,1,249.18
742,6.443,0.409,-14.417,163,1,249.36
743,6.443,0.398,-14.418,163,1,249.39
744,6.442,0.387,-14.416,170,1,249.32
745,6.442,0.376,-14.415,165,1,249.29
746,6.442,0.365,-14.415,166,1,249.29
747,6.443,0.354,-14.417,160,1,249.36
748,6.442,0.343,-14.415,168,1,249.29
749,6.444,0.332,-14.42,166,1,249.46
750,6.443,0.321,-14.417,163,1,249.36
751,6.444,0.31,-14.421,163,1,249.49
752,6.444,0.299,-14.419,165,1,249.43
753,6.444,0.288,-14.421,168,1,249.49
754,6.444,0.277,-14.419,171,1,249.43
755,6.444,0.266,-14.419,169,1,249.43
756,6.443,0.255,-14.418,173,1,249.39
757,6.444,0.244,-14.419,176,1,249.43
758,6.444,0.233,-14.421,171,1,249.49
759,6.444,0.221,-14.42,174,1,249.46
760,6.445,0.211,-14.422,169,1,249.53
761,6.445,0.2,-14.422,167,1,249.53
762,6.444,0.189,-14.421,174,1,249.49
763,6.444,0.177,-14.421,170,1,249.49
764,6.445,0.167,-14.422,174,1,249.53
765,6.445,0.155,-14.422,167,1,249.53
766,6.446,0.145,-14.424,174,1,249.6
767,6.447,0.133,-14.427,168,1,249.7
768,6.447,0.123,-14.425,157,1,249.64
769,6.448,0.111,-14.427,164,1,249.72
770,6.446,0.1,-14.425,159,1,249.63
771,6.447,0.09,-14.426,159,1,249.67
772,6.446,0.079,-14.424,156,1,249.6
773,6.447,0.068,-14.427,157,1,249.7
774,6.447,0.056,-14.427,162,1,249.7
775,6.447,0.045,-14.427,151,1,249.7
776,6.449,0.034,-14.43,129,1,249.81
777,6.45,0.023,-14.432,57,1,249.89
778,6.451,0.451,-14.414,73,1,249.38
779,6.451,0.44,-14.415,139,1,249.41
780,6.45,0.429,-14.413,159,1,249.34
781,6.449,0.418,-14.411,162,1,249.27
782,6.45,0.407,-14.411,162,1,249.28
783,6.451,0.396,-14.415,158,1,249.41
784,6.45,0.385,-14.413,169,1,249.34
785,6.438,0.373,-14.387,228,1,248.43
786,6.451,0.363,-14.415,167,1,249.41
787,6.452,0.352,-14.417,164,1,249.48
788,6.451,0.341,-14.414,164,1,249.38
789,6.452,0.33,-14.416,173,1,249.45
790,6.451,0.319,-14.414,170,1,249.38
791,6.451,0.308,-14.415,172,1,249.41
792,6.451,0.297,-14.415,168,1,249.41
793,6.452,0.286,-14.416,176,1,249.45
794,6.451,0.275,-14.415,173,1,249.41
795,6.452,0.264,-14.417,172,1,249.48
796,6.452,0.253,-14.417,175,1,249.48
797,6.452,0.242,-14.417,175,1,249.48
798,6.454,0.231,-14.421,173,1,249.62
799,6.453,0.22,-14.419,174,1,249.55
800,6.453,0.209,-14.42,178,1,249.58
801,6.455,0.198,-14.424,166,1,249.72
802,6.453,0.186,-14.42,174,1,249.58
803,6.454,0.176,-14.422,167,1,249.65
804,6.453,0.165,-14.419,172,1,249.55
805,6.456,0.154,-14.425,175,1,249.76
806,6.455,0.143,-14.423,166,1,249.69
807,6.454,0.132,-14.42,165,1,249.59
808,6.454,0.121,-14.42,166,1,249.59
809,6.455,0.11,-14.423,164,1,249.69
810,6.455,0.099,-14.423,162,1,249.69
811,6.454,0.087,-14.42,163,1,249.59
812,6.455,0.076,-14.422,168,1,249.66
813,6.454,0.065,-14.422,164,1,249.65
814,6.457,0.055,-14.429,160,1,249.89
815,6.456,0.043,-14.425,134,1,249.76
816,6.456,0.032,-14.425,58,1,249.76
817,6.459,0.444,-14.407,61,1,249.28
818,6.46,0.433,-14.411,121,1,249.41
819,6.459,0.422,-14.407,134,1,249.28
820,6.46,0.411,-14.409,158,1,249.35
821,6.458,0.4,-14.406,173,1,249.24
822,6.459,0.389,-14.406,172,1,249.25
823,6.46,0.378,-14.409,165,1,249.35
824,6.459,0.367,-14.408,190,1,249.31
825,6.448,0.355,-14.383,208,1,248.45
826,6.459,0.345,-14.407,178,1,249.28
827,6.461,0.334,-14.411,157,1,249.42
828,6.461,0.323,-14.411,162,1,249.42
829,6.462,0.312,-14.414,167,1,249.52
830,6.462,0.301,-14.413,169,1,249.49
831,6.463,0.289,-14.415,166,1,249.56
832,6.46,0.278,-14.41,171,1,249.38
833,6.461,0.268,-14.412,165,1,249.45
834,6.458,0.257,-14.406,166,1,249.24
835,6.462,0.245,-14.413,173,1,249.49
836,6.46,0.235,-14.41,175,1,249.38
837,6.462,0.223,-14.413,169,1,249.49
838,6.46,0.213,-14.41,172,1,249.38
839,6.462,0.201,-14.413,178,1,249.49
840,6.461,0.191,-14.411,170,1,249.42
841,6.462,0.179,-14.413,165,1,249.49
842,6.462,0.168,-14.412,162,1,249.46
843,6.464,0.158,-14.417,164,1,249.63
844,6.464,0.147,-14.417,166,1,249.63
845,6.464,0.135,-14.417,163,1,249.63
846,6.464,0.124,-14.417,157,1,249.63
847,6.464,0.113,-14.418,162,1,249.66
848,6.464,0.102,-14.417,158,1,249.63
849,6.465,0.091,-14.421,162,1,249.76
850,6.463,0.08,-14.415,165,1,249.56
851,6.463,0.069,-14.415,160,1,249.56
852,6.464,0.058,-14.419,117,1,249.69
853,6.465,0.047,-14.421,54,1,249.76
854,6.469,0.036,-14.429,18,1,250.04
855,6.473,0.435,-14.405,33,1,249.4
856,6.47,0.425,-14.4,70,1,249.22
857,6.471,0.414,-14.401,142,1,249.26
858,6.471,0.403,-14.401,148,1,249.26
859,6.471,0.391,-14.401,162,1,249.26
860,6.472,0.38,-14.402,168,1,249.3
861,6.459,0.369,-14.375,256,1,248.36
862,6.473,0.359,-14.404,177,1,249.37
863,6.473,0.347,-14.406,172,1,249.43
864,6.458,0.336,-14.371,211,1,248.23
865,6.474,0.325,-14.407,192,1,249.47
866,6.474,0.314,-14.406,172,1,249.45
867,6.474,0.303,-14.407,161,1,249.47
868,6.475,0.292,-14.409,155,1,249.54
869,6.472,0.281,-14.404,163,1,249.36
870,6.473,0.27,-14.404,162,1,249.37
871,6.472,0.259,-14.402,165,1,249.3
872,6.473,0.249,-14.406,164,1,249.43
873,6.472,0.237,-14.403,160,1,249.33
874,6.475,0.226,-14.408,169,1,249.52
875,6.473,0.215,-14.406,161,1,249.43
876,6.474,0.204,-14.406,158,1,249.45
877,6.474,0.193,-14.407,163,1,249.47
878,6.474,0.182,-14.407,160,1,249.47
879,6.475,0.171,-14.409,165,1,249.54
880,6.476,0.16,-14.41,180,1,249.59
881,6.477,0.149,-14.412,161,1,249.66
882,6.476,0.138,-14.411,165,1,249.62
883,6.477,0.127,-14.413,169,1,249.69
884,6.477,0.116,-14.413,167,1,249.69
885,6.477,0.105,-14.413,164,1,249.69
886,6.476,0.094,-14.412,165,1,249.64
887,6.477,0.083,-14.413,152,1,249.69
888,6.476,0.072,-14.41,122,1,249.59
889,6.477,0.061,-14.412,56,1,249.66
890,6.481,0.05,-14.421,14,1,249.97
891,6.48,0.422,-14.4,55,1,249.35
892,6.48,0.41,-14.399,79,1,249.32
893,6.481,0.4,-14.403,124,1,249.45
894,6.479,0.389,-14.397,149,1,249.25
895,6.481,0.378,-14.401,165,1,249.39
896,6.477,0.366,-14.394,200,1,249.14
897,6.48,0.356,-14.4,178,1,249.35
898,6.48,0.344,-14.401,169,1,249.38
899,6.481,0.334,-14.401,169,1,249.39
900,6.481,0.322,-14.403,166,1,249.45
901,6.48,0.311,-14.399,179,1,249.32
902,6.482,0.3,-14.403,186,1,249.46
903,6.482,0.289,-14.404,170,1,249.49
904,6.482,0.279,-14.404,160,1,249.49
905,6.483,0.268,-14.405,159,1,249.53
906,6.481,0.256,-14.402,162,1,249.42
907,6.483,0.245,-14.406,161,1,249.56
908,6.482,0.234,-14.403,160,1,249.46
909,6.482,0.223,-14.404,166,1,249.49
910,6.482,0.213,-14.403,169,1,249.46
911,6.482,0.201,-14.404,164,1,249.49
912,6.482,0.19,-14.404,167,1,249.49
913,6.482,0.179,-14.404,167,1,249.49
914,6.482,0.168,-14.404,170,1,249.49
915,6.484,0.157,-14.407,166,1,249.6
916,6.484,0.146,-14.408,168,1,249.63
917,6.483,0.135,-14.406,166,1,249.56
918,6.484,0.124,-14.408,165,1,249.63
919,6.484,0.113,-14.408,166,1,249.63
920,6.484,0.102,-14.408,159,1,249.63
921,6.485,0.091,-14.411,126,1,249.73
922,6.485,0.08,-14.412,124,1,249.76
923,6.485,0.069,-14.41,58,1,249.7
924,6.491,0.403,-14.399,65,1,249.46
925,6.49,0.391,-14.398,82,1,249.42
926,6.491,0.38,-14.4,134,1,249.49
927,6.49,0.37,-14.396,150,1,249.36
928,6.489,0.358,-14.394,167,1,249.29
929,6.489,0.347,-14.394,172,1,249.29
930,6.491,0.336,-14.398,169,1,249.44
931,6.49,0.325,-14.396,169,1,249.36
932,6.49,0.315,-14.396,166,1,249.36
933,6.49,0.303,-14.396,167,1,249.36
934,6.493,0.292,-14.404,160,1,249.63
935,6.49,0.281,-14.396,165,1,249.36
936,6.491,0.27,-14.399,164,1,249.46
937,6.491,0.259,-14.399,167,1,249.46
938,6.492,0.248,-14.4,163,1,249.51
939,6.492,0.237,-14.401,165,1,249.53
940,6.493,0.226,-14.403,160,1,249.61
941,6.493,0.215,-14.403,163,1,249.61
942,6.492,0.204,-14.401,162,1,249.53
943,6.491,0.193,-14.4,163,1,249.49
944,6.492,0.182,-14.401,158,1,249.53
945,6.494,0.171,-14.404,165,1,249.65
946,6.491,0.16,-14.399,165,1,249.46
947,6.493,0.149,-14.403,165,1,249.61
948,6.492,0.138,-14.401,159,1,249.53
949,6.492,0.127,-14.401,167,1,249.53
950,6.493,0.116,-14.402,155,1,249.58
951,6.492,0.105,-14.4,110,1,249.51
952,6.493,0.094,-14.403,105,1,249.61
953,6.495,0.083,-14.406,67,1,249.72
954,6.503,0.381,-14.392,71,1,249.42
955,6.502,0.37,-14.391,127,1,249.38
956,6.503,0.359,-14.391,137,1,249.39
957,6.504,0.348,-14.394,135,1,249.49
958,6.503,0.337,-14.392,157,1,249.42
959,6.503,0.326,-14.392,158,1,249.42
960,6.503,0.315,-14.394,162,1,249.48
961,6.504,0.304,-14.395,164,1,249.52
962,6.503,0.293,-14.392,164,1,249.42
963,6.504,0.282,-14.394,157,1,249.49
964,6.502,0.271,-14.39,165,1,249.35
965,6.503,0.259,-14.394,160,1,249.48
966,6.503,0.249,-14.392,169,1,249.42
967,6.503,0.237,-14.391,162,1,249.39
968,6.504,0.227,-14.395,162,1,249.52
969,6.503,0.215,-14.392,158,1,249.42
970,6.503,0.205,-14.393,156,1,249.45
971,6.504,0.193,-14.394,159,1,249.49
972,6.503,0.182,-14.392,166,1,249.42
973,6.506,0.172,-14.399,168,1,249.66
974,6.504,0.161,-14.396,163,1,249.55
975,6.507,0.149,-14.402,161,1,249.76
976,6.506,0.139,-14.399,159,1,249.66
977,6.504,0.127,-14.395,136,1,249.52
978,6.507,0.116,-14.4,134,1,249.7
979,6.505,0.105,-14.397,70,1,249.59
980,6.511,0.369,-14.389,54,1,249.44
981,6.511,0.358,-14.389,65,1,249.44
982,6.51,0.347,-14.385,141,1,249.31
983,6.51,0.336,-14.387,153,1,249.37
984,6.511,0.325,-14.389,123,1,249.44
985,6.51,0.314,-14.385,150,1,249.31
986,6.51,0.303,-14.385,162,1,249.31
987,6.51,0.292,-14.387,161,1,249.37
988,6.511,0.281,-14.388,163,1,249.41
989,6.511,0.27,-14.389,162,1,249.44
990,6.511,0.259,-14.388,165,1,249.41
991,6.512,0.248,-14.391,163,1,249.51
992,6.512,0.237,-14.39,159,1,249.48
993,6.513,0.226,-14.393,164,1,249.58
994,6.514,0.215,-14.394,167,1,249.62
995,6.513,0.204,-14.393,163,1,249.58
996,6.514,0.193,-14.395,164,1,249.65
997,6.512,0.182,-14.391,161,1,249.51
998,6.514,0.171,-14.394,147,1,249.62
999,6.514,0.16,-14.394,122,1,249.62
1465,6.514,0.149,-14.394,161,1,249.62
1466,6.513,0.138,-14.393,114,1,249.58
1467,6.515,0.127,-14.396,89,1,249.69
1468,6.514,0.116,-14.396,69,1,249.68
1469,6.523,0.341,-14.387,31,1,249.54
1470,6.522,0.33,-14.386,68,1,249.49
1471,6.522,0.319,-14.387,52,1,249.52
1472,6.521,0.308,-14.383,117,1,249.39
1473,6.521,0.297,-14.384,164,1,249.42
1474,6.519,0.286,-14.38,148,1,249.28
1475,6.521,0.275,-14.384,137,1,249.42
1476,6.521,0.264,-14.384,125,1,249.42
1477,6.522,0.252,-14.387,137,1,249.52
1478,6.522,0.242,-14.387,128,1,249.52
1479,6.523,0.231,-14.389,135,1,249.59
1480,6.52,0.22,-14.382,143,1,249.35
1481,6.522,0.208,-14.386,156,1,249.49
1482,6.521,0.198,-14.384,146,1,249.42
1483,6.522,0.187,-14.387,140,1,249.52
1484,6.524,0.176,-14.391,127,1,249.66
1485,6.525,0.165,-14.393,56,1,249.73
1486,6.524,0.154,-14.391,74,1,249.66
1487,6.524,0.142,-14.39,38,1,249.63
1488,6.534,0.301,-14.378,21,1,249.42
1489,6.533,0.29,-14.377,48,1,249.38
1490,6.534,0.28,-14.38,63,1,249.48
1491,6.536,0.269,-14.383,72,1,249.59
1492,6.533,0.257,-14.377,81,1,249.38
1493,6.535,0.246,-14.381,66,1,249.52
1494,6.536,0.235,-14.382,61,1,249.56
1495,6.535,0.225,-14.38,62,1,249.49
1496,6.536,0.213,-14.382,68,1,249.56
1497,6.536,0.202,-14.384,67,1,249.62
1498,6.536,0.191,-14.384,47,1,249.62
1499,6.538,0.18,-14.389,14,1,249.79
184,6.091,0.421,-14.587,154,1,249.88
185,6.09,0.41,-14.583,166,1,249.75
186,6.089,0.399,-14.581,160,1,249.68
187,6.089,0.389,-14.582,165,1,249.71
188,6.09,0.377,-14.584,165,1,249.78
189,6.091,0.366,-14.586,168,1,249.85
190,6.092,0.355,-14.587,166,1,249.89
191,6.092,0.344,-14.587,168,1,249.89
192,6.093,0.333,-14.591,165,1,250.02
193,6.092,0.322,-14.587,170,1,249.89
194,6.093,0.311,-14.59,164,1,249.99
195,6.091,0.3,-14.585,160,1,249.82
196,6.093,0.289,-14.589,165,1,249.96
197,6.09,0.278,-14.584,163,1,249.78
198,6.093,0.267,-14.59,168,1,249.99
199,6.091,0.256,-14.587,169,1,249.88
200,6.093,0.245,-14.59,172,1,249.99
201,6.092,0.234,-14.588,170,1,249.92
202,6.094,0.223,-14.591,171,1,250.03
221,6.101,0.427,-14.582,154,1,249.86
222,6.099,0.416,-14.576,166,1,249.66
223,6.101,0.405,-14.582,164,1,249.86
224,6.1,0.394,-14.578,164,1,249.73
225,6.101,0.382,-14.581,166,1,249.83
226,6.1,0.372,-14.578,159,1,249.73
227,6.1,0.361,-14.578,164,1,249.73
228,6.1,0.35,-14.578,169,1,249.73
229,6.101,0.338,-14.582,168,1,249.86
230,6.101,0.327,-14.582,169,1,249.86
231,6.102,0.316,-14.584,171,1,249.93
232,6.101,0.306,-14.581,165,1,249.83
233,6.101,0.294,-14.581,170,1,249.83
234,6.101,0.283,-14.58,175,1,249.8
235,6.102,0.272,-14.583,177,1,249.9
236,6.102,0.261,-14.583,168,1,249.9
237,6.102,0.25,-14.584,168,1,249.93
238,6.103,0.24,-14.586,169,1,250
239,6.103,0.228,-14.587,168,1,250.03
240,6.103,0.217,-14.587,166,1,250.03
241,6.104,0.206,-14.589,171,1,250.1
242,6.103,0.196,-14.587,174,1,250.03
243,6.103,0.184,-14.587,169,1,250.03
244,6.103,0.173,-14.587,165,1,250.03
245,6.104,0.162,-14.59,173,1,250.13
246,6.105,0.151,-14.591,169,1,250.17
247,6.104,0.14,-14.59,175,1,250.13
248,6.105,0.129,-14.592,166,1,250.2
249,6.105,0.118,-14.591,171,1,250.17
250,6.107,0.107,-14.595,167,1,250.31
251,6.107,0.096,-14.594,162,1,250.28
252,6.107,0.085,-14.595,162,1,250.31
253,6.108,0.074,-14.597,161,1,250.38
254,6.109,0.063,-14.601,166,1,250.51
255,6.108,0.052,-14.597,161,1,250.38
256,6.109,0.041,-14.599,156,1,250.45
257,6.109,0.03,-14.6,157,1,250.48
258,6.109,0.019,-14.6,57,1,250.48
259,6.114,0.44,-14.578,138,1,249.9
260,6.111,0.429,-14.571,164,1,249.66
261,6.113,0.418,-14.575,164,1,249.8
262,6.111,0.407,-14.571,168,1,249.66
263,6.112,0.396,-14.574,162,1,249.76
264,6.111,0.385,-14.572,168,1,249.69
265,6.113,0.374,-14.574,165,1,249.77
266,6.112,0.363,-14.573,167,1,249.73
267,6.113,0.352,-14.574,169,1,249.77
268,6.113,0.341,-14.574,177,1,249.77
269,6.112,0.33,-14.572,171,1,249.7
270,6.113,0.319,-14.575,172,1,249.8
271,6.113,0.308,-14.573,173,1,249.74
272,6.114,0.296,-14.577,168,1,249.87
273,6.115,0.286,-14.579,164,1,249.94
274,6.115,0.275,-14.58,167,1,249.97
275,6.115,0.264,-14.579,167,1,249.94
276,6.114,0.252,-14.577,173,1,249.87
277,6.116,0.242,-14.583,170,1,250.07
278,6.115,0.231,-14.58,170,1,249.97
279,6.115,0.22,-14.58,166,1,249.97
280,6.114,0.208,-14.578,170,1,249.9
281,6.115,0.197,-14.58,169,1,249.97
282,6.115,0.186,-14.58,170,1,249.97
283,6.117,0.176,-14.584,172,1,250.11
284,6.115,0.164,-14.581,171,1,250
285,6.117,0.154,-14.585,170,1,250.14
286,6.117,0.142,-14.584,168,1,250.11
287,6.117,0.131,-14.583,171,1,250.08
288,6.117,0.12,-14.584,175,1,250.11
289,6.119,0.109,-14.588,163,1,250.25
290,6.119,0.098,-14.589,158,1,250.28
291,6.121,0.087,-14.593,157,1,250.42
292,6.119,0.076,-14.589,159,1,250.28
293,6.121,0.065,-14.594,159,1,250.45
294,6.12,0.054,-14.592,147,1,250.38
295,6.12,0.043,-14.591,166,1,250.35
296,6.12,0.032,-14.591,159,1,250.35
297,6.118,0.021,-14.587,162,1,250.21
298,6.121,0.01,-14.593,57,1,250.42
299,6.118,0.46,-14.563,45,1,249.51
301,6.12,0.438,-14.568,169,1,249.68
302,6.12,0.427,-14.568,166,1,249.68
303,6.121,0.415,-14.571,171,1,249.78
304,6.119,0.404,-14.566,168,1,249.61
305,6.12,0.393,-14.568,169,1,249.68
306,6.122,0.383,-14.573,169,1,249.85
307,6.122,0.371,-14.572,164,1,249.82
308,6.12,0.36,-14.568,163,1,249.68
309,6.121,0.349,-14.569,169,1,249.72
310,6.12,0.338,-14.568,167,1,249.68
311,6.121,0.327,-14.57,166,1,249.75
312,6.122,0.317,-14.571,167,1,249.79
313,6.12,0.305,-14.568,170,1,249.68
314,6.122,0.294,-14.573,173,1,249.85
315,6.122,0.283,-14.572,166,1,249.82
316,6.122,0.272,-14.573,171,1,249.85
317,6.122,0.261,-14.572,175,1,249.82
318,6.123,0.25,-14.576,171,1,249.95
319,6.123,0.239,-14.575,166,1,249.92
320,6.123,0.228,-14.576,169,1,249.95
321,6.123,0.217,-14.575,174,1,249.92
322,6.124,0.206,-14.577,171,1,249.99
323,6.124,0.195,-14.578,171,1,250.02
324,6.124,0.184,-14.577,170,1,249.99
325,6.124,0.173,-14.577,175,1,249.99
326,6.124,0.162,-14.577,174,1,249.99
327,6.125,0.15,-14.58,167,1,250.09
328,6.124,0.14,-14.578,172,1,250.02
329,6.125,0.129,-14.58,171,1,250.09
330,6.125,0.118,-14.579,172,1,250.06
331,6.127,0.106,-14.583,163,1,250.2
332,6.126,0.095,-14.583,163,1,250.19
333,6.127,0.085,-14.585,159,1,250.26
334,6.127,0.074,-14.584,161,1,250.23
335,6.128,0.063,-14.587,137,1,250.33
336,6.13,0.03,-14.592,99,1,250.5
337,6.129,0.019,-14.59,133,1,250.43
338,6.13,0.007,-14.592,85,1,250.5
339,6.129,0.484,-14.564,81,1,249.67
340,6.13,0.474,-14.566,120,1,249.75
341,6.13,0.462,-14.565,160,1,249.72
342,6.129,0.451,-14.563,166,1,249.65
343,6.129,0.44,-14.562,171,1,249.62
344,6.128,0.429,-14.561,160,1,249.58
345,6.129,0.418,-14.564,168,1,249.67
346,6.128,0.407,-14.56,164,1,249.55
347,6.13,0.396,-14.564,170,1,249.69
348,6.129,0.385,-14.562,165,1,249.62
349,6.129,0.374,-14.562,167,1,249.62
350,6.129,0.363,-14.563,165,1,249.65
351,6.13,0.352,-14.566,166,1,249.75
352,6.131,0.341,-14.569,168,1,249.84
353,6.131,0.33,-14.568,168,1,249.82
354,6.132,0.319,-14.569,166,1,249.86
355,6.132,0.308,-14.569,165,1,249.86
356,6.132,0.297,-14.57,169,1,249.89
357,6.133,0.286,-14.571,168,1,249.93
358,6.132,0.275,-14.57,163,1,249.89
359,6.131,0.264,-14.569,172,1,249.84
360,6.132,0.252,-14.569,170,1,249.86
361,6.131,0.242,-14.568,171,1,249.82
362,6.132,0.231,-14.57,171,1,249.89
363,6.132,0.22,-14.569,173,1,249.86
364,6.133,0.208,-14.571,167,1,249.93
365,6.133,0.197,-14.571,169,1,249.93
366,6.133,0.186,-14.573,170,1,249.99
367,6.134,0.176,-14.574,175,1,250.03
368,6.135,0.164,-14.577,171,1,250.13
369,6.135,0.153,-14.576,171,1,250.1
370,6.136,0.142,-14.58,174,1,250.23
371,6.136,0.131,-14.58,166,1,250.23
372,6.136,0.12,-14.579,163,1,250.2
373,6.135,0.109,-14.575,72,1,250.07
374,6.134,0.098,-14.574,69,1,250.03
375,6.137,0.087,-14.58,169,1,250.24
376,6.136,0.076,-14.578,166,1,250.17
377,6.136,0.065,-14.58,135,1,250.23
378,6.139,0.021,-14.586,144,1,250.44
379,6.14,0.01,-14.588,134,1,250.51
380,6.142,0.488,-14.559,101,1,249.69
381,6.141,0.477,-14.557,156,1,249.62
382,6.142,0.466,-14.558,172,1,249.66
383,6.141,0.455,-14.556,162,1,249.59
384,6.14,0.444,-14.555,174,1,249.55
385,6.141,0.433,-14.557,164,1,249.62
386,6.142,0.422,-14.558,164,1,249.66
387,6.141,0.41,-14.557,163,1,249.62
388,6.141,0.4,-14.555,164,1,249.56
389,6.142,0.389,-14.558,168,1,249.66
390,6.141,0.378,-14.557,174,1,249.62
391,6.143,0.367,-14.562,167,1,249.79
392,6.142,0.356,-14.559,173,1,249.69
393,6.143,0.345,-14.561,170,1,249.76
394,6.143,0.334,-14.561,163,1,249.76
395,6.144,0.312,-14.563,166,1,249.83
396,6.143,0.3,-14.561,170,1,249.76
397,6.143,0.289,-14.562,175,1,249.79
398,6.142,0.268,-14.559,174,1,249.69
399,6.144,0.245,-14.562,169,1,249.8
1799,6.12,0.449,-14.568,157,1,249.68
596,3.79,0.251,-8.877,72,11,93.165
655,3.795,0.257,-8.875,77,11,93.168
656,3.793,0.25,-8.871,82,11,93.081
657,3.791,0.243,-8.866,74,11,92.978
658,3.783,0.235,-8.847,70,11,92.58
659,3.778,0.228,-8.835,76,11,92.331
660,3.777,0.222,-8.832,71,11,92.27
661,3.779,0.215,-8.836,83,11,92.356
662,3.776,0.208,-8.831,80,11,92.245
663,3.776,0.201,-8.829,80,11,92.209
664,3.785,0.195,-8.852,79,11,92.684
665,3.812,0.19,-8.915,77,11,94.009
666,3.812,0.183,-8.915,73,11,94.009
667,3.794,0.155,-8.872,38,11,93.107
668,3.793,0.148,-8.869,95,11,93.046
670,3.8,0.135,-8.887,84,11,93.419
671,3.799,0.128,-8.884,76,11,93.358
720,3.795,0.252,-8.858,69,11,92.866
721,3.799,0.245,-8.868,75,11,93.074
722,3.793,0.238,-8.854,69,11,92.78
723,3.77,0.23,-8.802,68,11,91.688
724,3.77,0.223,-8.802,76,11,91.688
725,3.783,0.218,-8.833,80,11,92.333
726,3.783,0.211,-8.831,79,11,92.298
727,3.78,0.204,-8.823,78,11,92.134
728,3.781,0.198,-8.826,74,11,92.194
729,3.817,0.192,-8.91,77,11,93.958
730,3.816,0.185,-8.908,78,11,93.914
731,3.818,0.179,-8.913,80,11,94.019
732,3.799,0.158,-8.868,74,11,93.074
733,3.799,0.151,-8.868,84,11,93.074
734,3.804,0.138,-8.881,18,11,93.343
735,3.801,0.131,-8.874,51,11,93.195
736,3.811,0.111,-8.897,79,11,93.68
737,3.813,0.104,-8.901,75,11,93.767
738,3.813,0.097,-8.902,73,11,93.785
739,3.816,0.091,-8.908,77,11,93.914
740,3.817,0.084,-8.911,75,11,93.975
741,3.816,0.077,-8.908,16,11,93.914
742,3.821,0.064,-8.92,75,11,94.166
743,3.809,0.057,-8.892,80,11,93.576
744,3.807,0.05,-8.889,68,11,93.508
745,3.808,0.043,-8.89,67,11,93.533
746,3.826,0.037,-8.931,75,11,94.401
747,3.83,0.03,-8.942,71,11,94.628
748,3.823,0.023,-8.925,55,11,94.271
749,3.817,0.016,-8.91,63,11,93.958
750,3.827,0.01,-8.934,65,11,94.462
751,3.825,0.003,-8.929,60,11,94.358
786,3.804,0.254,-8.858,65,11,92.935
787,3.788,0.246,-8.821,58,11,92.159
788,3.781,0.239,-8.806,64,11,91.842
789,3.781,0.232,-8.804,68,11,91.806
790,3.779,0.225,-8.801,74,11,91.738
791,3.777,0.219,-8.796,69,11,91.635
792,3.789,0.213,-8.825,84,11,92.237
793,3.789,0.206,-8.823,76,11,92.202
794,3.789,0.199,-8.822,72,11,92.184
795,3.823,0.194,-8.903,82,11,93.879
796,3.823,0.187,-8.904,82,11,93.897
797,3.826,0.181,-8.909,78,11,94.009
798,3.825,0.174,-8.908,73,11,93.983
799,3.809,0.133,-8.87,15,11,93.185
800,3.817,0.119,-8.889,35,11,93.584
801,3.817,0.113,-8.889,27,11,93.584
802,3.819,0.106,-8.893,73,11,93.67
803,3.82,0.1,-8.897,77,11,93.749
804,3.821,0.093,-8.898,69,11,93.774
805,3.823,0.086,-8.903,70,11,93.879
806,3.826,0.079,-8.908,76,11,93.991
807,3.816,0.072,-8.886,31,11,93.523
808,3.81,0.065,-8.873,79,11,93.246
809,3.805,0.058,-8.861,80,11,92.995
810,3.82,0.052,-8.896,76,11,93.731
811,3.831,0.045,-8.922,76,11,94.279
812,3.831,0.039,-8.922,69,11,94.279
813,3.834,0.032,-8.928,66,11,94.409
814,3.835,0.025,-8.931,45,11,94.47
815,3.833,0.018,-8.927,55,11,94.383
816,3.834,0.012,-8.927,61,11,94.391
817,3.803,0.005,-8.857,57,11,92.909
856,3.796,0.252,-8.827,68,11,92.326
857,3.789,0.244,-8.81,63,11,91.973
858,3.787,0.237,-8.806,63,11,91.887
859,3.787,0.231,-8.806,70,11,91.887
860,3.784,0.224,-8.799,66,11,91.741
861,3.783,0.217,-8.797,67,11,91.698
862,3.795,0.211,-8.823,84,11,92.247
863,3.793,0.204,-8.819,82,11,92.162
864,3.826,0.199,-8.897,74,11,93.795
865,3.827,0.192,-8.899,74,11,93.838
866,3.829,0.186,-8.902,72,11,93.907
867,3.829,0.179,-8.903,71,11,93.925
868,3.832,0.172,-8.91,76,11,94.072
869,3.83,0.166,-8.907,56,11,94.004
870,3.815,0.145,-8.87,34,11,93.231
871,3.813,0.138,-8.867,21,11,93.163
872,3.824,0.105,-8.892,76,11,93.691
873,3.811,0.097,-8.861,74,11,93.041
874,3.826,0.091,-8.896,73,11,93.777
875,3.824,0.084,-8.892,67,11,93.691
876,3.823,0.078,-8.889,73,11,93.63
877,3.824,0.071,-8.891,44,11,93.673
878,3.811,0.064,-8.861,79,11,93.041
879,3.809,0.057,-8.856,82,11,92.937
880,3.811,0.051,-8.861,65,11,93.041
881,3.816,0.044,-8.872,67,11,93.274
882,3.833,0.037,-8.913,70,11,94.133
883,3.835,0.03,-8.918,78,11,94.238
884,3.836,0.024,-8.92,80,11,94.281
885,3.838,0.017,-8.922,75,11,94.332
886,3.837,0.01,-8.922,73,11,94.325
887,3.816,0.003,-8.872,73,11,93.274
920,3.807,0.253,-8.837,69,11,92.586
921,3.799,0.245,-8.819,72,11,92.207
922,3.798,0.238,-8.816,76,11,92.147
923,3.797,0.232,-8.814,70,11,92.104
924,3.795,0.225,-8.808,74,11,91.983
925,3.792,0.218,-8.802,72,11,91.854
926,3.793,0.212,-8.803,75,11,91.88
927,3.803,0.206,-8.828,81,11,92.396
928,3.829,0.2,-8.887,66,11,93.64
929,3.831,0.193,-8.892,73,11,93.744
930,3.832,0.187,-8.895,75,11,93.805
931,3.833,0.18,-8.898,78,11,93.866
932,3.834,0.173,-8.9,77,11,93.91
933,3.836,0.167,-8.905,80,11,94.014
934,3.822,0.139,-8.87,68,11,93.285
935,3.825,0.112,-8.878,32,11,93.45
936,3.819,0.105,-8.864,65,11,93.155
937,3.796,0.098,-8.81,66,11,92.026
938,3.827,0.092,-8.884,77,11,93.571
939,3.832,0.085,-8.895,59,11,93.805
940,3.832,0.079,-8.896,33,11,93.823
941,3.835,0.072,-8.901,22,11,93.935
942,3.816,0.065,-8.858,76,11,93.026
943,3.814,0.058,-8.853,75,11,92.922
944,3.815,0.051,-8.854,76,11,92.948
945,3.823,0.045,-8.873,64,11,93.345
946,3.822,0.038,-8.872,79,11,93.32
947,3.827,0.031,-8.883,57,11,93.554
948,3.842,0.024,-8.917,90,11,94.274
949,3.839,0.018,-8.91,81,11,94.126
950,3.825,0.011,-8.878,71,11,93.45
951,3.823,0.004,-8.873,78,11,93.345
983,3.818,0.254,-8.839,78,11,92.705
984,3.818,0.247,-8.84,80,11,92.723
985,3.808,0.24,-8.818,63,11,92.258
986,3.807,0.234,-8.814,77,11,92.18
987,3.805,0.227,-8.81,77,11,92.094
988,3.802,0.22,-8.803,69,11,91.948
989,3.803,0.213,-8.804,71,11,91.973
990,3.839,0.208,-8.89,70,11,93.77
991,3.838,0.201,-8.885,74,11,93.673
992,3.838,0.195,-8.887,76,11,93.709
993,3.841,0.188,-8.893,82,11,93.839
994,3.842,0.181,-8.895,77,11,93.882
995,3.843,0.175,-8.898,85,11,93.943
996,3.845,0.168,-8.901,75,11,94.012
997,3.836,0.161,-8.88,57,11,93.569
998,3.831,0.154,-8.869,88,11,93.336
999,3.831,0.147,-8.87,80,11,93.353
1000,3.847,0.141,-8.907,76,11,94.134
1001,3.846,0.134,-8.905,63,11,94.091
1002,3.808,0.106,-8.816,60,11,92.223
1003,3.804,0.099,-8.807,73,11,92.034
1004,3.839,0.093,-8.887,75,11,93.717
1005,3.842,0.086,-8.895,76,11,93.882
1006,3.825,0.059,-8.855,66,11,93.042
1007,3.822,0.052,-8.849,80,11,92.912
1008,3.83,0.046,-8.868,81,11,93.31
1009,3.832,0.039,-8.871,86,11,93.379
1010,3.849,0.032,-8.911,52,11,94.221
1011,3.849,0.026,-8.911,68,11,94.221
1012,3.851,0.019,-8.916,91,11,94.325
1013,3.841,0.012,-8.893,60,11,93.839
1014,3.832,0.005,-8.871,75,11,93.379
1047,3.821,0.255,-8.835,85,11,92.657
1048,3.82,0.248,-8.832,10,11,92.597
1049,3.833,0.235,-8.863,62,11,93.245
1050,3.811,0.227,-8.811,56,11,92.157
1051,3.808,0.22,-8.805,65,11,92.029
1052,3.807,0.213,-8.802,73,11,91.968
1053,3.848,0.209,-8.896,85,11,93.946
1054,3.846,0.202,-8.894,85,11,93.895
1055,3.845,0.196,-8.889,80,11,93.798
1056,3.843,0.189,-8.886,81,11,93.73
1057,3.845,0.182,-8.889,81,11,93.798
1058,3.835,0.175,-8.867,89,11,93.331
1059,3.836,0.168,-8.869,89,11,93.374
1060,3.844,0.162,-8.889,87,11,93.791
1061,3.856,0.142,-8.917,77,11,94.382
1062,3.856,0.135,-8.916,76,11,94.364
1063,3.845,0.127,-8.891,42,11,93.834
1064,3.817,0.113,-8.824,16,11,92.432
1065,3.814,0.106,-8.818,66,11,92.304
1066,3.807,0.1,-8.803,69,11,91.986
1067,3.84,0.094,-8.878,64,11,93.564
1068,3.844,0.087,-8.889,36,11,93.791
1069,3.841,0.08,-8.881,38,11,93.625
1070,3.842,0.073,-8.882,9,11,93.651
1071,3.829,0.06,-8.852,28,11,93.019
1072,3.827,0.053,-8.849,61,11,92.951
1073,3.836,0.047,-8.869,83,11,93.374
1074,3.835,0.04,-8.867,78,11,93.331
1075,3.858,0.033,-8.919,79,11,94.433
1076,3.849,0.026,-8.898,40,11,93.989
1077,3.845,0.02,-8.89,67,11,93.816
1078,3.843,0.013,-8.885,64,11,93.712
1079,3.855,0.006,-8.912,85,11,94.285
1114,3.839,0.258,-8.861,79,11,93.255
1115,3.836,0.251,-8.853,67,11,93.091
1116,3.837,0.244,-8.857,85,11,93.169
1117,3.837,0.237,-8.857,76,11,93.169
1118,3.839,0.231,-8.86,73,11,93.238
1119,3.84,0.224,-8.863,66,11,93.298
1120,3.823,0.216,-8.824,49,11,92.478
1121,3.836,0.211,-8.854,72,11,93.108
1122,3.838,0.204,-8.858,83,11,93.194
1123,3.84,0.197,-8.864,81,11,93.316
1124,3.84,0.19,-8.864,75,11,93.316
1125,3.841,0.184,-8.865,74,11,93.342
1126,3.851,0.177,-8.889,78,11,93.845
1127,3.854,0.171,-8.896,79,11,93.992
1128,3.856,0.164,-8.899,60,11,94.061
1129,3.86,0.144,-8.909,76,11,94.27
1130,3.859,0.137,-8.906,69,11,94.209
1131,3.859,0.13,-8.906,65,11,94.209
1132,3.859,0.123,-8.907,63,11,94.227
1133,3.846,0.116,-8.877,40,11,93.593
1134,3.821,0.109,-8.819,47,11,92.375
1135,3.818,0.102,-8.811,56,11,92.211
1136,3.815,0.095,-8.804,44,11,92.065
1137,3.813,0.089,-8.802,52,11,92.014
1138,3.83,0.082,-8.84,65,11,92.815
1139,3.832,0.075,-8.846,70,11,92.936
1140,3.846,0.069,-8.878,35,11,93.611
1141,3.85,0.063,-8.886,20,11,93.783
1142,3.839,0.056,-8.86,54,11,93.238
1143,3.833,0.049,-8.847,78,11,92.961
1144,3.839,0.042,-8.86,76,11,93.238
1145,3.861,0.036,-8.91,77,11,94.295
1146,3.861,0.029,-8.911,37,11,94.313
1147,3.852,0.015,-8.892,35,11,93.906
1148,3.852,0.008,-8.891,61,11,93.888
1149,3.851,0.002,-8.887,77,11,93.809
1181,3.876,0.262,-8.925,78,11,94.679
1182,3.874,0.255,-8.919,62,11,94.556
1183,3.851,0.24,-8.865,39,11,93.418
1184,3.858,0.234,-8.881,34,11,93.756
1185,3.862,0.227,-8.892,76,11,93.983
1186,3.852,0.22,-8.868,79,11,93.479
1187,3.853,0.213,-8.872,82,11,93.558
1188,3.853,0.206,-8.87,70,11,93.523
1189,3.856,0.199,-8.879,77,11,93.705
1190,3.857,0.193,-8.879,49,11,93.713
1191,3.853,0.186,-8.87,52,11,93.523
1192,3.85,0.179,-8.865,63,11,93.411
1193,3.853,0.172,-8.871,72,11,93.54
1194,3.862,0.166,-8.89,34,11,93.947
1195,3.856,0.145,-8.877,75,11,93.67
1196,3.855,0.139,-8.876,74,11,93.644
1197,3.857,0.132,-8.88,75,11,93.731
1198,3.867,0.125,-8.902,78,11,94.199
1199,3.867,0.119,-8.902,65,11,94.199
1200,3.831,0.097,-8.819,30,11,92.451
1201,3.83,0.091,-8.819,34,11,92.444
1202,3.847,0.084,-8.856,65,11,93.228
1203,3.852,0.078,-8.868,73,11,93.479
1204,3.836,0.071,-8.83,37,11,92.684
1205,3.866,0.058,-8.9,71,11,94.156
1206,3.845,0.051,-8.853,71,11,93.16
1207,3.846,0.044,-8.854,65,11,93.185
1208,3.866,0.037,-8.901,76,11,94.174
1209,3.869,0.031,-8.906,71,11,94.286
1210,3.866,0.024,-8.901,15,11,94.174
1211,3.859,0.01,-8.883,54,11,93.8
1212,3.86,0.004,-8.887,78,11,93.878
1248,3.866,0.26,-8.887,48,11,93.925
1249,3.873,0.254,-8.902,66,11,94.246
1250,3.873,0.247,-8.902,57,11,94.246
1251,3.861,0.239,-8.874,31,11,93.655
1252,3.858,0.232,-8.867,62,11,93.508
1253,3.86,0.226,-8.872,67,11,93.612
1254,3.858,0.219,-8.868,76,11,93.526
1255,3.853,0.212,-8.858,77,11,93.31
1256,3.86,0.205,-8.872,83,11,93.612
1257,3.862,0.199,-8.878,81,11,93.734
1258,3.854,0.178,-8.859,57,11,93.335
1259,3.859,0.171,-8.871,62,11,93.587
1260,3.861,0.152,-8.875,81,11,93.673
1261,3.861,0.145,-8.874,81,11,93.655
1262,3.862,0.138,-8.878,78,11,93.734
1263,3.863,0.131,-8.88,82,11,93.777
1264,3.871,0.124,-8.897,80,11,94.141
1265,3.873,0.118,-8.901,75,11,94.228
1266,3.872,0.111,-8.899,80,11,94.185
1267,3.863,0.09,-8.879,93,11,93.759
1268,3.864,0.084,-8.881,94,11,93.803
1269,3.869,0.077,-8.893,86,11,94.055
1270,3.868,0.071,-8.889,72,11,93.976
1271,3.868,0.064,-8.892,73,11,94.029
1272,3.868,0.057,-8.891,73,11,94.011
1273,3.87,0.05,-8.896,80,11,94.116
1274,3.87,0.043,-8.895,78,11,94.098
1275,3.87,0.037,-8.895,79,11,94.098
1276,3.868,0.03,-8.891,76,11,94.011
1277,3.873,0.023,-8.901,42,11,94.228
1278,3.862,0.016,-8.876,39,11,93.698
1279,3.864,0.009,-8.882,67,11,93.82
1280,3.864,0.003,-8.882,78,11,93.82
1315,3.862,0.261,-8.863,54,11,93.468
1316,3.862,0.255,-8.862,57,11,93.45
1317,3.868,0.248,-8.874,52,11,93.709
1318,3.871,0.242,-8.882,58,11,93.875
1319,3.872,0.235,-8.886,41,11,93.953
1320,3.862,0.228,-8.862,63,11,93.45
1321,3.855,0.22,-8.844,68,11,93.077
1322,3.852,0.213,-8.84,78,11,92.984
1323,3.853,0.207,-8.841,79,11,93.009
1324,3.865,0.201,-8.869,75,11,93.597
1325,3.859,0.174,-8.856,22,11,93.321
1326,3.869,0.167,-8.877,53,11,93.77
1327,3.865,0.153,-8.869,77,11,93.597
1328,3.867,0.147,-8.873,77,11,93.684
1329,3.866,0.14,-8.87,77,11,93.623
1330,3.868,0.133,-8.877,84,11,93.763
1331,3.869,0.126,-8.878,85,11,93.788
1332,3.875,0.12,-8.892,85,11,94.083
1333,3.877,0.113,-8.896,84,11,94.17
1334,3.875,0.106,-8.89,12,11,94.048
1335,3.87,0.093,-8.879,90,11,93.814
1336,3.872,0.086,-8.884,86,11,93.918
1337,3.875,0.079,-8.891,84,11,94.066
1338,3.876,0.072,-8.894,75,11,94.127
1339,3.875,0.066,-8.892,79,11,94.083
1340,3.875,0.059,-8.89,77,11,94.048
1341,3.874,0.052,-8.889,82,11,94.022
1342,3.875,0.045,-8.89,79,11,94.048
1343,3.877,0.038,-8.896,87,11,94.17
1344,3.878,0.032,-8.897,79,11,94.195
1345,3.878,0.025,-8.898,74,11,94.213
1346,3.868,0.018,-8.874,63,11,93.709
1347,3.869,0.012,-8.877,79,11,93.77
1348,3.869,0.005,-8.878,81,11,93.788
1381,3.849,0.255,-8.81,69,11,92.431
1382,3.847,0.248,-8.807,70,11,92.363
1383,3.845,0.241,-8.802,66,11,92.259
1384,3.86,0.235,-8.835,75,11,92.957
1385,3.863,0.228,-8.843,86,11,93.121
1386,3.866,0.222,-8.85,82,11,93.268
1387,3.862,0.215,-8.84,66,11,93.061
1388,3.861,0.208,-8.837,74,11,93
1389,3.872,0.202,-8.863,81,11,93.545
1390,3.868,0.161,-8.854,54,11,93.355
1391,3.866,0.154,-8.85,64,11,93.268
1392,3.871,0.148,-8.861,53,11,93.502
1393,3.873,0.141,-8.865,61,11,93.588
1394,3.875,0.134,-8.871,73,11,93.71
1395,3.876,0.127,-8.872,68,11,93.736
1396,3.885,0.122,-8.894,84,11,94.196
1397,3.885,0.115,-8.893,85,11,94.179
1398,3.878,0.101,-8.876,97,11,93.822
1399,3.878,0.094,-8.876,90,11,93.822
1400,3.879,0.087,-8.878,77,11,93.866
1401,3.881,0.08,-8.884,70,11,93.988
1402,3.883,0.074,-8.888,61,11,94.074
1403,3.883,0.067,-8.888,45,11,94.074
1404,3.884,0.06,-8.891,91,11,94.135
1405,3.882,0.054,-8.886,87,11,94.031
1406,3.883,0.047,-8.889,76,11,94.092
1407,3.883,0.04,-8.887,82,11,94.056
1408,3.884,0.033,-8.89,73,11,94.118
1409,3.885,0.026,-8.892,69,11,94.161
1410,3.878,0.013,-8.877,71,11,93.84
1411,3.877,0.006,-8.873,74,11,93.761
1439,3.852,0.254,-8.802,37,11,92.313
1440,3.85,0.247,-8.799,71,11,92.245
1441,3.849,0.241,-8.796,76,11,92.184
1442,3.866,0.235,-8.836,76,11,93.021
1443,3.869,0.228,-8.842,82,11,93.15
1444,3.87,0.221,-8.843,76,11,93.176
1445,3.885,0.215,-8.878,81,11,93.912
1446,3.877,0.208,-8.861,61,11,93.548
1447,3.875,0.201,-8.855,49,11,93.427
1448,3.87,0.161,-8.844,66,11,93.193
1449,3.872,0.154,-8.848,72,11,93.279
1450,3.872,0.147,-8.847,75,11,93.262
1451,3.872,0.141,-8.849,65,11,93.297
1452,3.875,0.134,-8.856,68,11,93.444
1453,3.878,0.127,-8.863,66,11,93.592
1454,3.881,0.121,-8.869,77,11,93.721
1455,3.889,0.114,-8.887,73,11,94.103
1456,3.882,0.107,-8.87,86,11,93.747
1457,3.882,0.101,-8.872,81,11,93.782
1458,3.882,0.094,-8.871,73,11,93.765
1459,3.885,0.087,-8.877,76,11,93.894
1460,3.886,0.08,-8.88,78,11,93.955
1461,3.889,0.074,-8.889,78,11,94.139
1462,3.889,0.067,-8.888,66,11,94.121
1463,3.89,0.06,-8.89,87,11,94.164
1464,3.888,0.053,-8.884,95,11,94.042
1465,3.886,0.046,-8.881,80,11,93.973
1466,3.889,0.04,-8.887,80,11,94.103
1467,3.89,0.033,-8.889,82,11,94.146
1468,3.889,0.026,-8.888,81,11,94.121
1469,3.884,0.013,-8.876,64,11,93.869
1470,3.885,0.006,-8.877,82,11,93.894
1495,3.894,0.258,-8.882,58,11,94.053
1496,3.859,0.249,-8.802,19,11,92.367
1497,3.855,0.242,-8.794,68,11,92.195
1498,3.863,0.236,-8.812,49,11,92.574
1499,3.87,0.229,-8.827,51,11,92.893
1500,3.874,0.223,-8.837,64,11,93.1
1501,3.886,0.217,-8.865,68,11,93.689
1502,3.885,0.21,-8.861,34,11,93.611
1503,3.888,0.19,-8.868,67,11,93.758
1504,3.887,0.183,-8.866,60,11,93.715
1505,3.883,0.176,-8.858,50,11,93.542
1506,3.872,0.169,-8.833,49,11,93.014
1507,3.873,0.162,-8.835,50,11,93.057
1508,3.876,0.156,-8.842,75,11,93.204
1509,3.876,0.149,-8.84,78,11,93.169
1510,3.877,0.142,-8.843,71,11,93.23
1511,3.879,0.135,-8.848,74,11,93.334
1512,3.879,0.129,-8.849,68,11,93.351
1513,3.882,0.122,-8.855,63,11,93.481
1514,3.888,0.116,-8.868,70,11,93.758
1515,3.888,0.109,-8.868,75,11,93.758
1516,3.886,0.102,-8.865,67,11,93.689
1517,3.89,0.095,-8.873,76,11,93.862
1518,3.891,0.089,-8.876,77,11,93.923
1519,3.892,0.082,-8.877,64,11,93.949
1520,3.895,0.075,-8.884,71,11,94.096
1521,3.895,0.068,-8.884,86,11,94.096
1522,3.897,0.062,-8.888,98,11,94.183
1523,3.896,0.055,-8.887,91,11,94.158
1524,3.895,0.048,-8.885,95,11,94.114
1525,3.895,0.041,-8.885,81,11,94.114
1526,3.895,0.034,-8.886,79,11,94.132
1527,3.895,0.028,-8.885,77,11,94.114
1528,3.891,0.007,-8.876,76,11,93.923
1529,3.892,0.001,-8.878,82,11,93.967
1553,3.899,0.259,-8.875,70,11,93.968
1554,3.901,0.252,-8.878,73,11,94.037
1555,3.864,0.243,-8.795,30,11,92.283
1556,3.868,0.237,-8.803,60,11,92.454
1557,3.868,0.23,-8.804,59,11,92.472
1558,3.874,0.224,-8.816,50,11,92.73
1559,3.876,0.217,-8.821,35,11,92.833
1560,3.897,0.191,-8.869,59,11,93.846
1561,3.894,0.184,-8.863,67,11,93.716
1562,3.895,0.177,-8.864,74,11,93.742
1563,3.894,0.171,-8.862,63,11,93.698
1564,3.892,0.164,-8.858,62,11,93.612
1565,3.878,0.156,-8.826,50,11,92.937
1566,3.882,0.15,-8.835,75,11,93.127
1567,3.882,0.143,-8.836,77,11,93.145
1568,3.884,0.137,-8.839,69,11,93.213
1569,3.888,0.13,-8.85,71,11,93.439
1570,3.895,0.123,-8.866,63,11,93.777
1571,3.894,0.11,-8.863,28,11,93.716
1572,3.896,0.103,-8.868,71,11,93.82
1573,3.899,0.097,-8.874,76,11,93.95
1574,3.899,0.09,-8.875,76,11,93.968
1575,3.901,0.083,-8.877,77,11,94.019
1576,3.901,0.076,-8.88,75,11,94.072
1577,3.902,0.069,-8.881,82,11,94.098
1578,3.903,0.063,-8.883,81,11,94.141
1579,3.905,0.056,-8.887,97,11,94.228
1580,3.904,0.049,-8.885,88,11,94.184
1581,3.902,0.043,-8.882,86,11,94.116
1582,3.902,0.036,-8.881,52,11,94.098
1583,3.896,0.009,-8.868,58,11,93.82
1584,3.898,0.002,-8.873,70,11,93.925
1606,3.902,0.259,-8.868,68,11,93.867
1607,3.903,0.253,-8.87,78,11,93.91
1608,3.904,0.246,-8.872,75,11,93.954
1609,3.884,0.231,-8.826,33,11,92.984
1610,3.872,0.224,-8.8,46,11,92.432
1611,3.901,0.185,-8.866,60,11,93.824
1612,3.901,0.178,-8.863,72,11,93.771
1613,3.902,0.172,-8.866,75,11,93.832
1614,3.901,0.165,-8.864,77,11,93.788
1615,3.899,0.158,-8.861,68,11,93.72
1616,3.882,0.15,-8.822,57,11,92.898
1617,3.886,0.144,-8.831,68,11,93.088
1618,3.888,0.138,-8.835,73,11,93.174
1619,3.89,0.131,-8.84,78,11,93.278
1620,3.894,0.124,-8.848,55,11,93.45
1621,3.902,0.104,-8.867,77,11,93.849
1622,3.903,0.097,-8.87,79,11,93.91
1623,3.904,0.09,-8.872,75,11,93.954
1624,3.908,0.084,-8.88,84,11,94.127
1625,3.908,0.077,-8.88,77,11,94.127
1626,3.91,0.07,-8.884,78,11,94.214
1627,3.91,0.064,-8.885,84,11,94.231
1628,3.909,0.057,-8.884,93,11,94.206
1629,3.907,0.05,-8.879,29,11,94.101
1630,3.912,0.043,-8.889,74,11,94.318
1631,3.909,0.036,-8.882,75,11,94.17
1632,3.901,0.002,-8.866,66,11,93.824
1650,3.906,0.261,-8.861,57,11,93.774
1651,3.905,0.254,-8.859,62,11,93.731
1652,3.906,0.248,-8.861,63,11,93.774
1653,3.906,0.241,-8.86,42,11,93.756
1654,3.909,0.18,-8.868,40,11,93.922
1655,3.91,0.173,-8.87,72,11,93.965
1656,3.909,0.166,-8.867,71,11,93.904
1657,3.908,0.16,-8.866,72,11,93.878
1658,3.908,0.153,-8.865,74,11,93.861
1659,3.895,0.146,-8.836,57,11,93.246
1660,3.892,0.139,-8.83,63,11,93.117
1661,3.909,0.099,-8.867,70,11,93.904
1662,3.909,0.092,-8.868,73,11,93.922
1663,3.911,0.086,-8.872,74,11,94.008
1664,3.914,0.079,-8.88,71,11,94.174
1665,3.913,0.072,-8.877,48,11,94.113
1666,3.917,0.065,-8.885,29,11,94.286
1667,3.917,0.058,-8.884,68,11,94.268
1679,3.908,0.261,-8.844,78,11,93.489
1680,3.909,0.254,-8.847,68,11,93.55
1681,3.908,0.248,-8.845,64,11,93.506
1682,3.912,0.241,-8.854,48,11,93.697
1683,3.919,0.174,-8.87,27,11,94.035
1684,3.917,0.167,-8.865,57,11,93.931
1685,3.916,0.16,-8.863,74,11,93.888
1686,3.914,0.153,-8.86,71,11,93.819
1687,3.914,0.093,-8.858,47,11,93.784
1688,3.916,0.086,-8.863,63,11,93.888
1689,3.921,0.079,-8.873,74,11,94.104
1690,3.918,0.072,-8.868,28,11,93.992
1701,3.911,0.258,-8.839,88,11,93.424
1702,3.912,0.252,-8.84,73,11,93.449
1703,3.912,0.245,-8.841,69,11,93.467
1704,3.912,0.238,-8.84,24,11,93.449
1705,3.916,0.083,-8.848,38,11,93.622
1714,3.914,0.26,-8.831,69,11,93.306
1715,3.915,0.254,-8.833,73,11,93.349
1716,3.917,0.247,-8.835,75,11,93.4
1717,3.915,0.24,-8.833,38,11,93.349
1721,3.924,0.262,-8.832,78,11,93.402
1722,3.921,0.255,-8.825,82,11,93.255
1723,3.921,0.248,-8.824,51,11,93.237
1727,3.925,0.261,-8.82,82,11,93.198
1728,3.924,0.255,-8.818,39,11,93.155
1000,21.01,1.917,-49.069,26,8,2849.2
1001,21.031,1.889,-48.995,58,8,2842.8
1002,21.081,1.883,-49.04,49,8,2849.3
1003,21.079,1.883,-48.948,49,8,2840.2
1004,21.087,1.847,-48.966,59,8,2842.3
1005,21.122,1.892,-48.923,32,8,2839.6
1007,21.148,1.894,-48.916,67,8,2840
1009,21.423,1.903,-49.056,52,8,2865.4
1011,21.45,1.977,-49.039,72,8,2864.9
1012,21.431,1.938,-48.996,66,8,2859.9
1014,21.489,1.986,-49.039,43,8,2866.6
1015,21.481,1.948,-49.021,73,8,2864.5
7394,24.772,0.079,-60.862,67,10,4317.8
7395,24.836,0.107,-60.914,33,10,4327.3
7396,24.808,0.06,-60.846,69,10,4317.7
7619,21.561,2.056,-53.207,24,9,3295.9
7651,20.628,1.976,-50.819,61,8,3008.1
7652,20.603,1.935,-50.756,61,8,3000.7
7653,20.592,1.897,-50.73,55,8,2997.6
7654,20.584,1.858,-50.711,69,8,2995.3
7655,20.565,1.818,-50.664,68,8,2989.8
7656,20.606,1.783,-50.764,61,8,3001.6
7657,20.621,1.745,-50.799,86,8,3005.8
7658,20.617,1.708,-50.791,74,8,3004.8
7659,20.618,1.669,-50.793,61,8,3005
7680,20.67,1.982,-50.788,39,8,3006.7
7681,20.653,1.942,-50.746,68,8,3001.7
7682,20.653,1.904,-50.746,67,8,3001.7
7683,20.629,1.863,-50.688,51,8,2994.8
7684,21.51,1.904,-52.852,31,9,3256
7685,20.869,1.808,-51.276,35,8,3064.7
7686,21.529,1.865,-52.899,53,9,3261.8
7687,20.675,1.714,-50.798,42,8,3007.9
7688,20.674,1.675,-50.798,87,8,3007.9
7689,20.679,1.639,-50.809,33,8,3009.2
7690,20.658,1.061,-50.755,69,8,3002.8
7691,20.67,1.025,-50.784,59,8,3006.3
7692,20.667,0.986,-50.778,31,8,3005.5
7693,20.655,0.908,-50.749,20,8,3002.1
7694,20.663,0.831,-50.767,22,8,3004.2
7695,20.665,0.756,-50.773,17,8,3004.9
7696,20.667,0.678,-50.778,20,8,3005.5
7697,20.683,0.604,-50.816,13,8,3010.1
7698,20.662,0.564,-50.763,20,8,3003.8
7699,20.676,0.526,-50.799,16,8,3008
7700,20.664,0.449,-50.771,29,8,3004.7
7714,20.72,1.966,-50.822,59,8,3012.2
7715,20.677,1.926,-50.716,67,8,2999.7
7716,20.713,1.89,-50.805,21,8,3010.2
7717,21.482,1.96,-52.691,16,9,3237.8
7718,20.923,1.792,-51.32,21,8,3071.5
7719,21.493,1.841,-52.716,14,9,3240.9
7720,21.503,1.803,-52.742,36,9,3244.1
7721,21.645,1.775,-53.091,39,9,3287.2
7722,20.67,1.083,-50.699,49,8,2997.6
7723,20.66,1.043,-50.672,51,8,2994.5
7724,20.67,1.006,-50.698,40,8,2997.5
7725,20.671,0.967,-50.699,33,8,2997.7
7726,20.673,0.891,-50.705,25,8,2998.4
7727,20.657,0.853,-50.667,30,8,2993.9
7728,20.646,0.813,-50.639,12,8,2990.6
7729,20.667,0.737,-50.689,35,8,2996.5
7730,20.667,0.662,-50.691,39,8,2996.7
7731,20.68,0.624,-50.72,22,8,3000.2
7732,20.686,0.547,-50.736,23,8,3002.1
7733,20.69,0.472,-50.745,13,8,3003.1
7734,20.68,0.394,-50.721,25,8,3000.3
7735,20.683,0.317,-50.727,21,8,3001
7736,20.684,0.164,-50.729,24,8,3001.3
7737,20.693,0.089,-50.752,28,8,3004
7738,20.684,0.012,-50.731,28,8,3001.5
7753,21.515,1.77,-52.677,38,9,3237.8
7754,20.672,1.051,-50.611,64,8,2988.8
7755,20.678,1.015,-50.626,55,8,2990.6
7756,20.669,0.976,-50.604,29,8,2988
7757,21.619,1.021,-52.93,51,9,3269
7758,20.66,0.937,-50.581,25,8,2985.3
7759,21.619,0.98,-52.93,86,9,3269
7760,20.674,0.899,-50.614,31,8,2989.2
7761,21.618,0.94,-52.928,89,9,3268.7
7762,21.618,0.9,-52.927,72,9,3268.6
7763,20.67,0.824,-50.606,42,8,2988.2
7764,21.618,0.862,-52.926,79,9,3268.5
7765,21.619,0.821,-52.93,82,9,3269
7766,20.674,0.747,-50.616,35,8,2989.4
7767,21.617,0.781,-52.923,67,9,3268.1
7768,21.618,0.741,-52.926,88,9,3268.5
7769,20.668,0.67,-50.6,27,8,2987.5
7770,21.62,0.701,-52.931,76,9,3269.1
7771,20.685,0.633,-50.642,15,8,2992.5
7772,21.618,0.662,-52.927,79,9,3268.6
7773,21.619,0.622,-52.929,75,9,3268.9
7774,21.618,0.581,-52.928,82,9,3268.7
7775,21.62,0.541,-52.931,78,9,3269.1
7776,21.619,0.501,-52.93,73,9,3269
7777,21.618,0.461,-52.927,76,9,3268.6
7778,20.7,0.405,-50.679,15,8,2996.9
7779,21.618,0.422,-52.925,63,9,3268.4
7780,21.619,0.382,-52.928,65,9,3268.8
7781,20.679,0.327,-50.628,23,8,2990.8
7782,21.62,0.342,-52.931,70,9,3269.1
7783,21.621,0.302,-52.932,73,9,3269.3
7784,21.621,0.262,-52.932,59,9,3269.3
7785,20.692,0.213,-50.659,24,8,2994.5
7786,21.618,0.223,-52.925,71,9,3268.4
7787,20.699,0.175,-50.676,29,8,2996.5
7788,21.62,0.183,-52.93,70,9,3269
7789,21.62,0.142,-52.931,62,9,3269.1
7790,20.694,0.098,-50.663,35,8,2995
7791,21.617,0.102,-52.924,60,9,3268.2
7792,21.62,0.062,-52.93,66,9,3269
7793,20.697,0.022,-50.67,27,8,2995.8
7794,21.625,0.023,-52.944,51,9,3270.7
7817,21.709,1.752,-53.013,41,9,3281.7
7818,20.696,1.098,-50.538,47,8,2982.4
7819,20.691,1.059,-50.524,51,8,2980.8
7820,20.695,1.021,-50.535,49,8,2982.1
7821,20.696,0.983,-50.537,29,8,2982.3
7822,21.599,1.025,-52.743,54,9,3248.3
7823,21.672,0.99,-52.92,46,9,3270.2
7824,20.685,0.906,-50.511,15,8,2979.2
7825,21.676,0.95,-52.929,51,9,3271.3
7826,20.675,0.868,-50.486,28,8,2976.3
7827,21.674,0.91,-52.926,56,9,3270.9
7828,20.692,0.83,-50.528,17,8,2981.2
7829,21.675,0.869,-52.928,45,9,3271.2
7830,21.671,0.829,-52.917,56,9,3269.8
7831,20.694,0.755,-50.531,32,8,2981.6
7832,21.674,0.79,-52.924,54,9,3270.7
7833,21.677,0.751,-52.933,50,9,3271.8
7834,20.69,0.678,-50.521,29,8,2980.4
7835,21.673,0.71,-52.923,57,9,3270.6
7836,21.673,0.67,-52.923,58,9,3270.6
7837,21.67,0.629,-52.915,52,9,3269.6
7838,21.673,0.589,-52.922,56,9,3270.5
7839,21.671,0.551,-52.917,63,9,3269.8
7840,21.677,0.511,-52.933,52,9,3271.8
7841,21.669,0.47,-52.913,57,9,3269.3
7842,20.709,0.411,-50.567,13,8,2985.9
7843,21.675,0.43,-52.926,55,9,3271
7844,21.667,0.39,-52.908,65,9,3268.7
7845,20.704,0.336,-50.556,28,8,2984.6
7846,21.669,0.351,-52.912,66,9,3269.2
7847,21.674,0.311,-52.925,56,9,3270.8
7848,20.735,0.259,-50.631,18,8,2993.4
7849,21.667,0.271,-52.906,55,9,3268.5
7850,20.713,0.22,-50.579,23,8,2987.3
7851,21.67,0.23,-52.915,75,9,3269.6
7852,20.704,0.182,-50.555,11,8,2984.5
7853,21.667,0.19,-52.907,59,9,3268.6
7854,21.668,0.152,-52.91,68,9,3269
7855,20.714,0.107,-50.58,36,8,2987.4
7856,21.667,0.112,-52.905,74,9,3268.4
7857,21.668,0.071,-52.909,66,9,3268.9
7858,20.722,0.03,-50.599,22,8,2989.7
7859,21.669,0.031,-52.912,62,9,3269.2
7877,20.707,1.1,-50.485,15,8,2977.5
7878,20.694,1.063,-50.452,59,8,2973.6
7879,20.698,1.025,-50.461,48,8,2974.7
7880,20.704,0.987,-50.478,33,8,2976.7
7881,21.538,1.026,-52.511,41,9,3221.3
7882,21.664,0.992,-52.818,35,9,3259.1
7883,21.663,0.913,-52.816,33,9,3258.8
7884,20.69,0.834,-50.442,17,8,2972.5
7885,21.678,0.874,-52.851,17,9,3263.2
7886,20.697,0.757,-50.459,34,8,2974.5
7887,21.659,0.793,-52.805,14,9,3257.5
7888,21.662,0.752,-52.813,38,9,3258.5
7889,21.672,0.674,-52.837,37,9,3261.4
7890,20.702,0.605,-50.472,15,8,2976
7891,21.686,0.634,-52.87,29,9,3265.5
7892,21.687,0.554,-52.872,33,9,3265.8
7893,20.706,0.491,-50.481,34,8,2977.1
7894,21.676,0.513,-52.845,42,9,3262.4
7895,20.71,0.416,-50.491,26,8,2978.2
7896,21.677,0.435,-52.847,47,9,3262.7
7897,20.707,0.377,-50.483,12,8,2977.3
7898,21.68,0.395,-52.856,41,9,3263.8
7899,20.729,0.339,-50.536,15,8,2983.6
7900,21.668,0.354,-52.827,15,9,3260.2
7901,20.705,0.301,-50.478,26,8,2976.7
7902,21.681,0.315,-52.857,43,9,3263.9
7903,20.713,0.264,-50.497,32,8,2979
7904,21.676,0.276,-52.846,43,9,3262.5
7905,21.694,0.236,-52.889,32,9,3267.9
7906,20.716,0.187,-50.506,45,8,2980
7907,21.668,0.196,-52.826,38,9,3260.1
7908,21.677,0.155,-52.849,46,9,3262.9
7909,20.715,0.11,-50.502,29,8,2979.6
7910,21.691,0.115,-52.883,38,9,3267.1
7911,21.69,0.076,-52.88,56,9,3266.8
7912,20.719,0.035,-50.512,37,8,2980.7
7913,21.693,0.036,-52.887,53,9,3267.6
7937,21.22,2.003,-51.641,29,9,3117.1
7938,20.717,1.079,-50.416,14,8,2971
7939,20.719,0.547,-50.419,24,8,2971.4
7940,21.639,0.531,-52.659,17,9,3241.2
7941,20.714,0.47,-50.407,44,8,2969.9
7942,21.634,0.491,-52.646,38,9,3239.6
7943,21.621,0.451,-52.613,33,9,3235.6
7944,20.71,0.396,-50.397,46,8,2968.8
7945,21.65,0.413,-52.686,17,9,3244.5
7946,21.625,0.373,-52.623,39,9,3236.8
7947,20.719,0.319,-50.419,34,8,2971.4
7948,21.615,0.333,-52.599,16,9,3233.9
7949,21.632,0.293,-52.639,26,9,3238.8
7950,20.721,0.242,-50.423,30,8,2971.8
7951,21.63,0.252,-52.637,26,9,3238.5
7952,21.632,0.215,-52.64,24,9,3238.9
7953,21.636,0.174,-52.65,36,9,3240.1
7954,20.745,0.129,-50.482,13,8,2978.8
7955,21.615,0.134,-52.6,30,9,3234
7956,21.63,0.094,-52.636,29,9,3238.4
7957,20.737,0.052,-50.463,27,8,2976.5
7958,21.625,0.054,-52.625,26,9,3237
7959,21.622,0.014,-52.615,23,9,3235.8
7982,20.793,1.934,-50.48,20,8,2980.6
7983,20.732,0.482,-50.33,16,8,2962.9
7984,21.458,0.499,-52.091,44,9,3173.9
7985,21.455,0.46,-52.085,77,9,3173.2
7986,20.73,0.406,-50.324,46,8,2962.2
7987,21.454,0.42,-52.081,68,9,3172.7
7988,21.455,0.38,-52.083,71,9,3173
7989,20.733,0.331,-50.331,41,8,2963.1
7990,21.456,0.343,-52.088,76,9,3173.5
7991,21.455,0.303,-52.084,77,9,3173.1
7992,20.734,0.254,-50.333,18,8,2963.3
7993,21.459,0.263,-52.094,61,9,3174.3
7994,20.741,0.216,-50.351,27,8,2965.4
7995,21.455,0.223,-52.084,73,9,3173.1
7996,20.737,0.178,-50.34,22,8,2964.1
7997,21.457,0.184,-52.09,70,9,3173.8
7998,20.739,0.14,-50.346,20,8,2964.8
7999,21.456,0.144,-52.085,58,9,3173.2
8000,20.747,0.103,-50.365,21,8,2967.1
8001,21.456,0.106,-52.088,72,9,3173.5
8002,21.455,0.067,-52.085,62,9,3173.2
8003,21.458,0.027,-52.091,63,9,3173.9
8026,20.746,0.395,-50.28,50,8,2958.5
8027,20.749,0.357,-50.288,41,8,2959.4
8028,20.743,0.319,-50.275,73,8,2957.8
8029,20.743,0.28,-50.273,80,8,2957.6
8030,20.742,0.242,-50.271,72,8,2957.4
8031,20.744,0.206,-50.277,71,8,2958.1
8032,20.744,0.167,-50.278,78,8,2958.2
8033,20.744,0.129,-50.277,63,8,2958.1
8034,20.746,0.091,-50.282,56,8,2958.7
8035,21.49,0.094,-52.083,25,9,3174.5
8036,20.744,0.052,-50.277,77,8,2958.1
8037,21.488,0.054,-52.081,42,9,3174.2
8038,20.748,0.016,-50.286,57,8,2959.2
8039,21.494,0.016,-52.093,22,9,3175.7
8061,20.774,0.303,-50.257,47,8,2957.3
8062,20.772,0.264,-50.253,82,8,2956.8
8063,20.772,0.226,-50.252,91,8,2956.7
8064,20.773,0.188,-50.254,83,8,2957
8065,20.774,0.151,-50.256,83,8,2957.2
8066,20.771,0.113,-50.249,100,8,2956.4
8067,20.772,0.075,-50.251,85,8,2956.6
8068,20.771,0.036,-50.249,98,8,2956.4
8194,20.998,1.85,-50.199,27,8,2960.9
8203,21.919,1.936,-52.274,44,9,3213
8204,21.025,1.82,-50.141,24,8,2956.2
8215,20.964,1.953,-49.915,18,8,2931
8216,21.93,1.965,-52.214,19,9,3207.2
8217,21.063,1.811,-50.152,31,8,2958.9
8218,20.806,1.751,-49.538,39,8,2886.9
8219,21.012,1.768,-50.029,35,8,2944.4
8220,20.772,1.71,-49.458,37,8,2877.6
8274,21.211,1.857,-49.341,16,8,2884.4
8281,21.261,1.868,-49.179,27,8,2870.6
8962,23.498,2.075,-54.26,12,3,3496.3
8963,23.491,2.033,-54.244,43,3,3494.2
7,14.361,0.788,-35.066,16,5,1435.9
8,14.359,0.735,-35.063,48,5,1435.6
9,14.356,0.708,-35.053,40,5,1434.8
10,14.359,0.656,-35.063,45,5,1435.6
11,14.352,0.629,-35.045,28,5,1434.1
12,14.359,0.576,-35.062,59,5,1435.5
13,14.354,0.549,-35.05,15,5,1434.5
14,14.359,0.497,-35.061,58,5,1435.5
15,14.356,0.444,-35.053,18,5,1434.8
16,14.361,0.417,-35.065,65,5,1435.8
17,14.354,0.365,-35.048,30,5,1434.4
18,14.361,0.338,-35.066,49,5,1435.9
19,14.356,0.285,-35.055,39,5,1434.9
20,14.361,0.258,-35.066,51,5,1435.9
21,14.356,0.206,-35.055,51,5,1434.9
22,14.363,0.179,-35.071,52,5,1436.3
23,14.353,0.126,-35.045,50,5,1434.2
24,14.363,0.101,-35.069,44,5,1436.1
25,14.358,0.047,-35.058,30,5,1435.2
26,14.362,0.021,-35.067,54,5,1436
31,14.372,0.738,-35.037,52,5,1434.1
32,14.38,0.712,-35.057,51,5,1435.8
33,14.381,0.632,-35.06,29,5,1436
34,14.376,0.553,-35.048,39,5,1435
35,14.379,0.474,-35.054,55,5,1435.5
36,14.377,0.394,-35.05,50,5,1435.2
37,14.38,0.315,-35.058,51,5,1435.8
38,14.378,0.235,-35.052,45,5,1435.4
39,14.379,0.156,-35.055,45,5,1435.6
40,14.377,0.076,-35.05,38,5,1435.2
41,14.385,0.051,-35.07,15,5,1436.8
46,14.403,0.38,-35.049,29,5,1435.9
47,14.396,0.354,-35.032,33,5,1434.5
48,14.403,0.301,-35.048,24,5,1435.8
49,14.399,0.275,-35.037,21,5,1434.9
50,14.406,0.222,-35.056,28,5,1436.5
51,14.404,0.168,-35.051,22,5,1436
52,14.404,0.143,-35.049,29,5,1435.9
53,14.4,0.09,-35.041,48,5,1435.2
54,14.409,0.063,-35.063,17,5,1437
55,14.399,0.009,-35.039,54,5,1435.1
60,14.434,0.256,-35.037,56,5,1435.9
61,14.432,0.204,-35.033,18,5,1435.6
62,14.432,0.177,-35.034,41,5,1435.7
63,14.43,0.124,-35.029,52,5,1435.3
64,14.434,0.097,-35.037,41,5,1435.9
65,14.429,0.045,-35.025,56,5,1434.9
66,14.433,0.018,-35.035,31,5,1435.8
70,14.449,0.249,-35.019,67,5,1435.1
71,14.448,0.222,-35.015,32,5,1434.8
72,14.45,0.169,-35.02,36,5,1435.2
73,14.452,0.143,-35.026,37,5,1435.7
74,14.454,0.09,-35.031,27,5,1436.1
75,14.45,0.063,-35.02,54,5,1435.2
76,14.457,0.011,-35.036,33,5,1436.5
78,14.536,1.035,-35.166,40,5,1447.9
79,14.531,1.008,-35.153,41,5,1446.9
80,14.473,0.237,-35.013,54,5,1435.4
81,14.471,0.211,-35.007,79,5,1434.9
82,14.47,0.184,-35.005,47,5,1434.7
83,14.474,0.157,-35.015,42,5,1435.5
84,14.478,0.131,-35.024,56,5,1436.3
85,14.474,0.105,-35.013,45,5,1435.4
86,14.479,0.052,-35.025,40,5,1436.4
87,14.47,0.025,-35.005,20,5,1434.7
89,14.498,1.013,-34.988,50,5,1434.4
90,14.507,0.987,-35.01,22,5,1436.2
91,14.549,0.194,-35.11,19,5,1444.4
92,14.509,0.167,-35.014,87,5,1436.5
93,14.518,0.14,-35.035,72,5,1438.2
94,14.543,0.114,-35.096,63,5,1443.2
95,14.561,0.087,-35.139,61,5,1446.8
96,14.547,0.061,-35.104,56,5,1443.9
97,14.576,0.034,-35.175,45,5,1449.7
98,14.594,0.008,-35.218,46,5,1453.3
2440,14.316,1.333,-35.114,29,5,1437.9
2441,14.308,1.306,-35.093,34,5,1436.2
2442,14.316,1.174,-35.111,22,5,1437.7
2443,14.303,1.146,-35.081,29,5,1435.3
2444,14.313,1.093,-35.104,17,5,1437.2
2465,14.33,1.179,-35.083,19,5,1436.2
2466,14.33,1.152,-35.085,38,5,1436.3
2467,14.327,0.755,-35.075,43,5,1435.5
2468,14.321,0.676,-35.06,41,5,1434.3
2469,14.325,0.596,-35.07,27,5,1435.1
2480,14.515,1.009,-34.971,25,5,1433.7
2481,14.517,0.138,-34.975,72,5,1434
2482,14.517,0.111,-34.973,74,5,1433.9
2483,14.516,0.084,-34.971,75,5,1433.7
2484,14.516,0.058,-34.972,75,5,1433.8
2485,14.517,0.031,-34.973,74,5,1433.9
2486,14.517,0.004,-34.974,69,5,1433.9
2491,14.534,0.115,-34.954,79,5,1433
2492,14.533,0.088,-34.953,91,5,1432.9
2493,14.533,0.063,-34.952,92,5,1432.9
2494,14.533,0.036,-34.952,104,5,1432.9
2495,14.533,0.009,-34.951,94,5,1432.8
2496,14.569,0.094,-34.949,29,5,1433.7
2497,14.569,0.067,-34.95,64,5,1433.8
2498,14.571,0.041,-34.953,67,5,1434
2499,14.568,0.015,-34.947,72,5,1433.5
3300,32.801,1.255,-80.806,45,2,7605.5
3301,32.886,1.196,-81.014,41,2,7644.8
3302,32.857,1.782,-80.592,29,2,7574.7
3303,32.948,1.799,-80.669,42,2,7593.1
3311,34.264,3.227,-78.194,29,2,7288.3
3312,34.202,3.161,-78.054,50,2,7262.2
3323,34.392,3.245,-78.19,43,2,7296.5
3324,34.374,3.182,-78.148,37,2,7288.7
3900,41.696,3.735,-96.584,43,7,11067
3901,41.726,3.663,-96.652,36,7,11083
3902,41.929,3.642,-96.575,38,7,11085
3903,42.059,3.638,-96.717,35,7,11123
3904,42.127,3.662,-96.707,51,7,11127
3906,42.307,3.687,-96.884,70,7,11176
3907,42.358,3.617,-97.001,37,7,11203
3908,42.47,3.765,-97.097,64,7,11232
3909,42.183,3.591,-96.441,58,7,11080
3910,42.456,3.85,-96.89,46,7,11190
3911,42.395,3.773,-96.749,64,7,11158
3912,42.463,3.704,-96.905,75,7,11194
3913,42.52,3.56,-97.035,52,7,11224
3916,42.593,4.017,-96.989,80,7,11221
3917,42.605,3.944,-97.016,61,7,11227
3918,42.579,3.793,-96.955,53,7,11213
3919,42.562,3.716,-96.916,77,7,11204
3920,42.474,3.637,-96.716,65,7,11158
3924,42.632,3.727,-96.924,75,7,11212
3925,42.636,3.652,-96.933,48,7,11214
1543,43.89,3.204,-108.31,43,4,13658
1544,43.971,3.236,-108.33,60,4,13668
1545,44.007,3.405,-108.13,54,4,13628
1694,49.656,4.515,-112.89,69,4,15211
1695,49.6,4.423,-112.77,53,4,15176
1700,49.622,4.506,-112.99,50,4,15230
1701,49.687,4.6,-112.97,41,4,15230
867,27.017,2.073,-66.672,98,6,5175.1
868,27.021,2.023,-66.681,98,6,5176.5
869,26.942,1.564,-66.486,99,6,5146.3
870,26.943,1.516,-66.488,90,6,5146.6
871,26.942,1.466,-66.485,117,6,5146.1
872,26.943,1.416,-66.487,99,6,5146.4
1056,27.044,1.088,-66.446,77,6,5146.4
1057,27.701,0.91,-68.061,26,6,5399.6
1058,27.68,0.756,-68.008,22,6,5391.3
1059,27.708,0.501,-68.077,19,6,5402.2
1060,27.163,2.075,-66.627,88,6,5177
1061,27.166,2.025,-66.633,83,6,5177.9
1062,27.105,1.47,-66.482,23,6,5154.5
1063,27.09,1.318,-66.446,27,6,5148.9
1064,27.09,1.267,-66.445,58,6,5148.8
1065,27.097,1.217,-66.463,79,6,5151.6
1066,27.095,1.168,-66.458,116,6,5150.8
1067,27.094,1.118,-66.456,98,6,5150.5
1068,27.752,0.888,-68.068,25,6,5403.4
1069,27.739,0.785,-68.037,19,6,5398.5
1070,27.74,0.684,-68.036,26,6,5398.4
1071,27.743,0.477,-68.045,21,6,5399.8
1072,27.749,0.376,-68.059,26,6,5402
1073,27.221,2.09,-66.649,33,6,5183.1
1081,27.893,1.176,-68.004,25,6,5402.6
1172,27.058,2.09,-66.66,59,6,5175.7
1173,27.056,2.039,-66.655,88,6,5174.9
1174,26.981,1.583,-66.469,87,6,5146.1
1175,26.982,1.533,-66.471,99,6,5146.4
1176,26.981,1.482,-66.467,111,6,5145.8
1177,26.982,1.434,-66.47,100,6,5146.3
1178,26.987,1.333,-66.482,39,6,5148.2
1179,26.982,1.282,-66.469,85,6,5146.2
1180,26.98,1.232,-66.466,107,6,5145.6
1181,26.982,1.183,-66.47,94,6,5146.3
1182,26.981,1.133,-66.467,103,6,5145.8
1183,26.989,1.083,-66.488,70,6,5149.1
1184,27.644,0.749,-68.1,22,6,5401.8
1185,27.633,0.544,-68.074,44,6,5397.7
1186,27.653,0.391,-68.123,19,6,5405.4
1190,27.128,2.099,-66.654,54,6,5178.7
1191,27.119,2.047,-66.634,101,6,5175.5
1192,27.049,1.541,-66.46,49,6,5148.6
1193,27.043,1.49,-66.444,97,6,5146.1
1194,27.042,1.44,-66.443,103,6,5145.9
1195,27.05,1.341,-66.462,25,6,5148.9
1196,27.043,1.29,-66.444,99,6,5146.1
1197,27.041,1.24,-66.44,95,6,5145.5
1198,27.043,1.189,-66.444,97,6,5146.1
1199,27.042,1.139,-66.443,101,6,5145.9
1454,31.795,2.695,-78.124,45,2,7114.3
1455,31.836,2.639,-78.223,35,2,7132.4
1456,31.933,2.531,-78.462,25,2,7176
1457,32.319,2.38,-79.41,55,2,7350.5
1458,32.507,2.333,-79.873,27,2,7436.4
1459,32.763,1.26,-80.499,42,2,7553.5
1460,31.869,0.987,-78.302,25,2,7146.8
1461,31.82,0.869,-78.18,36,2,7124.6
1462,31.796,0.809,-78.123,31,2,7114.2
1463,31.847,0.692,-78.247,51,2,7136.8
1464,31.847,0.635,-78.246,33,2,7136.7
1468,31.861,2.553,-78.149,40,2,7122.4
1469,31.964,2.501,-78.403,49,2,7168.7
1470,31.944,1.495,-78.352,23,2,7159.5
1471,31.826,0.96,-78.062,34,2,7106.6
1472,31.844,0.842,-78.103,41,2,7114.1
1473,31.82,0.785,-78.045,53,2,7103.5
1474,31.842,0.666,-78.1,66,2,7113.5
1475,31.894,0.608,-78.228,43,2,7136.8
1478,32.37,1.717,-79.046,37,2,7296.1
1570,31.657,2.546,-78.124,55,2,7105.5
1571,31.691,2.489,-78.207,61,2,7120.7
1572,32.252,2.234,-79.59,67,2,7374.8
1573,32.121,2.167,-79.268,42,2,7315.2
1579,31.778,2.514,-78.289,69,2,7139
1580,31.81,2.457,-78.367,54,2,7153.3
1581,32.248,2.373,-79.446,53,2,7351.6
1582,32.274,2.314,-79.51,55,2,7363.5
1583,32.295,2.255,-79.562,31,2,7373.1
1584,31.767,0.861,-78.258,29,2,7133.5
1585,31.753,0.801,-78.223,48,2,7127.1
1586,31.759,0.744,-78.237,48,2,7129.7
1587,31.791,0.685,-78.318,27,2,7144.4
1588,31.821,0.627,-78.391,33,2,7157.7
