16.995,-0.006,-27.645,100
16.997,-0.028,-27.648,95
16.996,-0.051,-27.647,98
17.017,-0.022,-27.637,95
17.019,-0.045,-27.64,99
17.015,-0.068,-27.634,97
17.049,-0.002,-27.633,95
17.049,-0.023,-27.634,94
17.046,-0.047,-27.629,96
17.072,-0.005,-27.636,95
17.068,-0.029,-27.629,95
17.07,-0.051,-27.633,93
17.097,-0.022,-27.639,86
17.096,-0.045,-27.637,89
17.158,-0.037,-27.681,20
17.145,-0.06,-27.659,75
8.863,-0.007,-13.865,66
8.874,-0.005,-13.856,64
8.882,-0.008,-13.852,70
8.892,-0.002,-13.849,79
8.894,-0.014,-13.851,49
8.906,-0.011,-13.843,74
8.908,-0.022,-13.847,37
8.915,-0.01,-13.84,90
8.917,-0.021,-13.842,68
8.927,-0.007,-13.839,98
8.926,-0.019,-13.838,43
8.939,-0.004,-13.828,143
8.94,-0.015,-13.83,70
8.953,-0.027,-13.85,52
8.957,-0.038,-13.856,50
8.957,-0.05,-13.857,53
8.958,-0.062,-13.859,49
8.956,-0.073,-13.855,44
8.948,-0.004,-13.828,154
8.948,-0.015,-13.826,87
8.96,-0.027,-13.845,62
8.96,-0.038,-13.845,65
8.96,-0.05,-13.845,59
8.961,-0.061,-13.847,64
8.96,-0.073,-13.846,58
8.958,-0.009,-13.823,89
8.964,-0.02,-13.831,70
8.966,-0.032,-13.835,107
8.968,-0.043,-13.838,100
8.967,-0.055,-13.836,99
8.969,-0.067,-13.839,90
8.972,-0.006,-13.818,129
8.972,-0.017,-13.817,50
8.98,-0.029,-13.83,100
8.979,-0.04,-13.828,102
8.979,-0.052,-13.827,114
8.982,-0.063,-13.832,116
8.981,-0.075,-13.831,119
8.979,-0.003,-13.809,145
8.98,-0.015,-13.811,57
8.988,-0.026,-13.824,62
8.989,-0.038,-13.825,61
8.991,-0.049,-13.828,63
8.991,-0.061,-13.828,61
8.991,-0.072,-13.827,65
8.991,-0.011,-13.809,98
9.002,-0.023,-13.827,45
9.002,-0.034,-13.826,46
9.002,-0.046,-13.826,49
9.002,-0.057,-13.827,52
9.001,-0.069,-13.825,53
9.003,-0.009,-13.802,97
9.003,-0.02,-13.802,62
9.013,0,-13.8,116
9.011,-0.012,-13.797,71
9.02,-0.008,-13.792,47
9.033,-0.005,-13.785,45
9.045,-0.006,-13.785,39
9.053,-0.002,-13.778,44
14.823,-0.016,-23.885,92
14.835,-0.036,-23.905,59
14.828,-0.056,-23.893,44
14.807,-0.009,-23.826,96
14.814,-0.028,-23.837,92
14.821,-0.047,-23.847,89
14.828,-0.067,-23.861,92
14.813,-0.004,-23.79,90
14.818,-0.023,-23.798,96
14.824,-0.043,-23.808,89
14.826,-0.062,-23.811,91
14.819,-0.007,-23.766,87
14.824,-0.027,-23.774,94
14.831,-0.047,-23.785,88
14.832,-0.066,-23.786,93
14.825,-0.004,-23.742,87
14.832,-0.023,-23.751,89
14.835,-0.042,-23.757,91
14.838,-0.062,-23.762,90
14.844,-0.002,-23.728,91
14.846,-0.022,-23.732,96
14.849,-0.041,-23.735,88
14.851,-0.061,-23.739,86
14.859,-0.007,-23.717,93
14.861,-0.027,-23.72,93
14.861,-0.046,-23.721,89
14.865,-0.065,-23.727,92
14.873,-0.016,-23.706,95
14.873,-0.036,-23.705,93
14.876,-0.056,-23.71,94
14.892,-0.009,-23.691,95
14.892,-0.029,-23.691,94
14.894,-0.049,-23.694,94
14.901,-0.013,-23.676,94
14.904,-0.032,-23.681,94
14.905,-0.051,-23.683,98
14.919,-0.007,-23.671,90
14.919,-0.026,-23.67,98
14.922,-0.046,-23.674,97
14.939,-0.004,-23.657,95
14.94,-0.023,-23.659,98
14.941,-0.042,-23.662,98
14.946,-0.062,-23.669,93
14.958,-0.012,-23.658,94
14.958,-0.032,-23.657,92
14.96,-0.051,-23.66,92
14.975,-0.007,-23.649,93
14.976,-0.026,-23.651,93
14.978,-0.046,-23.654,89
15.001,-0.004,-23.646,87
15.001,-0.024,-23.646,89
15.001,-0.044,-23.646,86
15.021,-0.009,-23.647,82
15.023,-0.028,-23.649,81
15.024,-0.048,-23.652,78
15.048,-0.02,-23.653,83
15.049,-0.038,-23.654,84
15.046,-0.058,-23.649,85
15.075,-0.013,-23.65,91
15.073,-0.033,-23.648,92
15.072,-0.052,-23.646,87
15.098,-0.019,-23.656,88
15.097,-0.038,-23.656,87
15.101,-0.057,-23.66,92
15.128,-0.012,-23.667,43
15.128,-0.032,-23.667,83
15.128,-0.051,-23.667,85
15.172,-0.028,-23.693,80
15.167,-0.047,-23.685,85
15.214,-0.052,-23.729,66
67.364,1.347,-109.41,61
67.832,1.168,-109.95,72
67.818,1.078,-109.93,59
33.654,2.536,-53.058,14
32.77,2.448,-51.046,46
33.975,2.505,-52.823,14
33.468,2.561,-51.486,23
33.546,2.277,-51.535,20
33.63,2.291,-51.564,43
32.809,2.193,-50.305,36
33.693,2.41,-51.6,38
34.569,2.473,-52.942,28
32.785,2.218,-50.21,52
33.599,2.273,-51.456,51
32.803,2.179,-50.237,52
33.692,2.238,-51.598,16
32.826,2.317,-50.203,45
33.722,2.38,-51.573,23
32.821,2.274,-50.195,45
33.674,2.333,-51.5,58
32.846,2.234,-50.232,62
33.665,2.29,-51.486,38
33.713,2.249,-51.56,46
32.806,2.147,-50.172,49
33.777,2.21,-51.658,65
32.847,2.283,-50.138,47
33.636,2.338,-51.341,52
33.417,2.617,-50.943,23
33.423,2.575,-50.951,58
34.225,2.636,-52.174,20
33.366,2.527,-50.865,19
32.809,2.401,-50.015,52
33.979,2.486,-51.799,24
33.984,2.443,-51.806,20
32.859,2.322,-50.091,50
32.794,2.233,-49.993,69
32.779,2.19,-49.969,48
33.854,2.261,-51.609,49
34.537,2.307,-52.65,29
32.778,2.148,-49.968,67
33.402,2.584,-50.845,22
33.507,2.508,-51.006,47
32.866,2.418,-50.029,29
32.847,2.375,-50.001,44
33.684,2.349,-51.274,24
32.784,2.246,-49.904,56
33.729,2.31,-51.343,57
34.529,2.321,-52.562,59
32.801,2.162,-49.931,60
32.814,2.121,-49.95,73
32.795,2.078,-49.921,58
34.044,2.157,-51.822,32
33.877,2.548,-51.472,23
33.751,2.496,-51.28,17
34.03,2.388,-51.704,45
32.783,2.257,-49.809,48
33.828,2.329,-51.396,63
32.809,2.217,-49.849,67
33.776,2.283,-51.318,46
32.827,2.178,-49.875,64
33.862,2.16,-51.448,46
34.161,2.048,-51.903,46
32.884,2.389,-49.899,47
33.778,2.454,-51.256,29
33.899,2.378,-51.44,39
32.785,2.258,-49.75,35
33.873,2.333,-51.4,69
32.799,2.217,-49.77,74
33.774,2.283,-51.249,46
32.792,2.175,-49.759,77
32.786,2.132,-49.75,69
34.192,2.18,-51.884,45
33.578,2.375,-50.876,51
33.567,2.332,-50.861,44
32.814,2.237,-49.72,34
33.683,2.296,-51.036,55
32.787,2.195,-49.678,65
32.882,2.159,-49.823,21
33.969,0.033,-51.466,73
34.298,0.045,-51.872,42
34.249,0.077,-51.727,12
34.165,2.116,-51.532,35
34.058,2.066,-51.37,63
33.86,2.011,-51.071,66
32.828,1.909,-49.515,31
33.772,1.964,-50.939,77
33.749,1.92,-50.904,75
33.75,1.877,-50.905,55
34.407,1.913,-51.896,43
34.161,0.131,-51.524,85
34.19,0.087,-51.568,94
34.202,0.043,-51.586,96
34.122,2.076,-51.378,69
34.039,2.028,-51.253,60
33.815,1.971,-50.915,76
33.878,1.932,-51.01,75
34.118,1.904,-51.372,75
34.111,1.86,-51.361,68
34.246,0.181,-51.561,72
34.242,0.137,-51.556,82
34.241,0.094,-51.554,83
34.238,0.052,-51.55,86
34.109,2.024,-51.288,58
33.851,1.966,-50.902,72
33.824,1.921,-50.859,75
34.233,1.858,-51.475,66
34.242,1.816,-51.488,57
34.337,0.218,-51.629,72
34.317,0.176,-51.598,85
34.349,0.132,-51.648,86
34.364,0.089,-51.671,85
34.367,0.045,-51.675,78
34.404,0.056,-51.655,69
33.11,2.463,-54.373,24
33.192,2.426,-54.507,45
33.364,2.439,-54.79,45
33.431,2.398,-54.899,26
34.041,2.178,-55.819,73
34.02,2.131,-55.786,27
33.183,1.899,-54.413,43
33.247,2.169,-54.414,58
34.157,2.228,-55.903,39
33.303,2.128,-54.504,73
34.093,2.178,-55.798,49
34.947,2.233,-57.196,40
33.961,2.124,-55.582,49
33.771,2.066,-55.271,49
33.949,1.886,-55.488,48
33.944,1.84,-55.481,65
33.372,1.54,-54.546,40
33.716,1.511,-55.107,36
33.984,1.767,-55.462,44
33.522,1.697,-54.708,29
34.002,1.722,-55.491,39
34.518,1.748,-56.333,37
33.705,1.527,-55.006,60
33.849,1.442,-55.242,29
34.421,1.237,-56.174,31
35.097,1.261,-57.277,14
33.522,1.615,-54.597,17
34.008,1.638,-55.389,41
33.388,1.475,-54.379,35
33.979,1.319,-55.341,31
32.803,1.186,-53.425,72
35.077,1.222,-57.13,56
33.989,1.003,-55.357,43
33.954,0.956,-55.299,29
33.204,1.229,-54.016,56
32.828,1.171,-53.405,41
35.114,1.205,-57.123,23
34.116,1.035,-55.499,19
33.963,0.985,-55.25,90
34.005,0.941,-55.318,80
33.992,0.896,-55.298,91
34.009,0.851,-55.326,68
34.006,0.805,-55.319,39
35.084,1.263,-56.983,18
33.963,0.951,-55.162,79
33.996,0.906,-55.215,75
33.996,0.86,-55.216,87
34.026,0.817,-55.264,92
34.03,0.771,-55.271,85
34.104,0.728,-55.391,56
33.986,0.679,-55.199,25
34.086,0.905,-55.251,82
34.04,0.858,-55.177,88
34.064,0.813,-55.215,85
34.047,0.767,-55.187,93
34.054,0.721,-55.198,84
34.06,0.678,-55.208,34
33.94,0.493,-55.014,46
33.957,0.45,-55.042,68
33.965,0.405,-55.055,30
34.077,0.804,-55.169,33
34.075,0.759,-55.165,54
34.063,0.713,-55.145,78
34.061,0.667,-55.142,81
34.055,0.622,-55.132,81
34.054,0.578,-55.13,73
34.023,0.531,-55.081,71
34.003,0.486,-55.048,64
33.975,0.44,-55.003,72
33.993,0.394,-55.031,52
33.977,0.351,-55.005,69
33.995,0.306,-55.035,78
33.931,0.26,-54.931,48
33.908,0.214,-54.895,31
34.061,0.499,-55.067,37
34.036,0.453,-55.027,59
34.033,0.408,-55.021,69
34.041,0.362,-55.035,79
34.039,0.317,-55.031,82
34.023,0.271,-55.006,82
34,0.227,-54.967,82
33.932,0.182,-54.859,92
33.932,0.136,-54.859,82
33.948,0.091,-54.884,60
34.002,0.106,-54.858,17
34,0.061,-54.854,51
34.003,0.015,-54.86,67
40.535,0.142,-61.222,72
40.547,0.091,-61.24,91
40.55,2.511,-61.164,38
40.545,0.155,-61.153,35
40.547,0.103,-61.155,42
40.584,2.469,-61.109,37
40.56,2.416,-61.071,71
40.565,2.264,-61.079,52
40.564,0.214,-61.074,53
40.572,0.163,-61.087,61
40.589,0.111,-61.111,41
40.549,2.252,-60.972,18
40.592,2.203,-61.037,32
40.587,0.208,-61.028,47
40.602,0.156,-61.049,46
40.606,0.105,-61.056,62
40.609,0.167,-60.974,17
40.645,0.117,-61.026,69
35.139,1.622,-57.434,35
35.215,1.578,-57.559,15
35.279,1.456,-57.574,67
35.358,1.451,-57.521,16
35.332,1.308,-57.479,36
37.466,2.444,-61.319,17
37.373,2.92,-58.3,14
17.01,0.524,-27.702,23
17.008,0.502,-27.7,56
17.003,0.479,-27.69,73
16.997,0.456,-27.68,86
16.994,0.433,-27.676,86
16.99,0.41,-27.67,87
16.989,0.388,-27.667,88
16.986,0.365,-27.663,91
16.986,0.342,-27.662,93
16.983,0.319,-27.657,98
16.982,0.296,-27.657,96
16.982,0.275,-27.656,93
16.981,0.252,-27.654,91
16.98,0.228,-27.654,95
16.978,0.206,-27.65,86
16.979,0.183,-27.651,94
16.978,0.16,-27.649,93
16.979,0.138,-27.652,99
16.978,0.116,-27.649,96
16.979,0.093,-27.651,94
16.98,0.07,-27.654,94
16.98,0.047,-27.653,99
16.98,0.025,-27.653,101
16.981,0.002,-27.655,95
17.025,0.426,-27.694,59
17.022,0.403,-27.689,82
17.02,0.38,-27.686,88
17.012,0.357,-27.674,88
17.011,0.335,-27.671,90
17.008,0.312,-27.666,91
17.003,0.289,-27.659,95
17.003,0.266,-27.659,93
17.003,0.243,-27.658,97
17,0.221,-27.653,94
17,0.199,-27.654,92
16.996,0.176,-27.646,93
16.997,0.153,-27.648,96
16.995,0.13,-27.645,99
16.997,0.107,-27.647,96
16.995,0.086,-27.645,103
16.996,0.063,-27.647,95
16.996,0.04,-27.647,96
16.996,0.017,-27.646,97
17.058,0.318,-27.704,56
17.051,0.295,-27.692,82
17.042,0.273,-27.677,87
17.038,0.25,-27.672,86
17.031,0.227,-27.66,88
17.026,0.204,-27.652,89
17.027,0.181,-27.653,93
17.027,0.16,-27.652,87
17.024,0.137,-27.649,93
17.023,0.114,-27.647,91
17.021,0.091,-27.643,95
17.02,0.068,-27.642,91
17.019,0.046,-27.64,94
17.018,0.023,-27.638,97
17.017,0,-27.638,97
17.078,0.227,-27.68,22
17.073,0.204,-27.673,61
17.068,0.181,-27.664,85
17.064,0.157,-27.658,90
17.06,0.134,-27.652,92
17.056,0.113,-27.645,89
17.056,0.09,-27.645,95
17.052,0.067,-27.639,90
17.051,0.044,-27.637,91
17.049,0.021,-27.634,97
17.1,0.154,-27.682,28
17.092,0.131,-27.67,64
17.09,0.108,-27.665,79
17.083,0.085,-27.655,88
17.074,0.062,-27.64,89
17.074,0.04,-27.64,86
17.072,0.017,-27.635,91
17.113,0.046,-27.666,69
17.109,0.023,-27.659,85
17.102,0.001,-27.648,84
17.111,1.27,-27.15,39
17.106,1.247,-27.142,64
17.112,1.224,-27.152,62
17.083,1.201,-27.105,51
17.067,1.177,-27.08,25
17.136,1.252,-27.139,54
17.147,1.23,-27.157,73
17.143,1.207,-27.151,63
17.097,1.181,-27.077,40
17.103,1.16,-27.088,67
17.119,1.139,-27.112,25
17.189,1.289,-27.189,55
17.173,1.265,-27.162,46
17.149,1.241,-27.125,64
17.146,1.219,-27.121,73
17.159,1.197,-27.141,49
17.218,1.296,-27.194,26
17.189,1.271,-27.149,77
17.178,1.225,-27.132,74
17.177,1.202,-27.128,55
17.219,1.298,-27.146,19
17.214,1.275,-27.137,77
17.208,1.23,-27.128,37
17.207,1.207,-27.125,74
17.203,1.184,-27.119,45
17.239,1.293,-27.139,48
17.229,1.269,-27.124,69
17.233,1.224,-27.132,64
17.233,1.202,-27.13,51
17.261,1.28,-27.133,66
17.237,1.257,-27.096,48
17.25,1.235,-27.115,78
17.248,1.212,-27.113,73
17.247,1.189,-27.111,34
17.26,1.263,-27.081,67
17.248,1.24,-27.062,76
17.24,1.217,-27.049,59
17.282,1.281,-27.08,64
17.261,1.257,-27.048,75
17.246,1.233,-27.024,76
17.253,1.211,-27.036,61
17.325,1.29,-27.107,45
17.284,1.264,-27.041,71
17.277,1.242,-27.031,71
17.268,1.219,-27.017,34
17.354,1.318,-27.102,40
17.378,1.297,-27.14,18
17.327,1.27,-27.062,32
17.305,1.246,-27.025,65
17.305,1.224,-27.027,71
17.298,1.2,-27.016,73
17.297,1.179,-27.014,33
17.359,1.311,-27.077,61
17.399,1.291,-27.139,33
17.365,1.266,-27.086,31
17.33,1.242,-27.032,52
17.326,1.219,-27.025,78
17.319,1.195,-27.014,78
17.309,1.172,-27,72
17.446,1.28,-27.174,32
17.34,1.25,-27.008,62
17.348,1.228,-27.021,68
17.347,1.206,-27.021,73
17.365,1.185,-27.049,77
17.367,1.162,-27.051,61
17.566,1.317,-27.31,24
17.379,1.259,-27.02,66
17.358,1.235,-26.986,69
17.579,1.227,-27.33,81
17.607,1.207,-27.373,76
17.619,1.185,-27.392,31
17.589,1.319,-27.31,50
17.416,1.261,-27.042,37
17.406,1.238,-27.025,70
17.509,1.223,-27.186,75
17.63,1.209,-27.374,25
17.454,1.313,-27.063,16
17.538,1.297,-27.193,47
17.535,1.273,-27.187,57
17.459,1.245,-27.07,81
17.447,1.222,-27.052,78
17.475,1.201,-27.095,81
17.649,1.191,-27.365,61
17.649,1.168,-27.365,40
17.461,1.319,-27.017,80
17.45,1.295,-27,80
17.469,1.274,-27.029,82
17.477,1.253,-27.042,79
17.471,1.23,-27.033,78
17.559,1.213,-27.168,80
17.656,1.196,-27.318,68
17.471,1.319,-27.002,81
17.468,1.296,-26.997,78
17.49,1.275,-27.031,74
17.487,1.252,-27.026,78
17.516,1.231,-27.07,80
17.614,1.216,-27.222,63
17.635,1.194,-27.254,24
17.633,1.171,-27.252,22
17.486,1.307,-26.986,71
17.492,1.286,-26.994,53
17.492,1.263,-26.995,80
17.489,1.24,-26.99,81
17.494,1.218,-26.998,77
17.483,1.195,-26.98,71
17.488,1.29,-26.935,35
17.497,1.268,-26.951,54
17.523,1.248,-26.989,75
17.521,1.225,-26.986,81
17.513,1.202,-26.975,81
17.51,1.179,-26.97,75
17.55,1.159,-27.031,57
17.546,1.137,-27.025,76
17.543,1.115,-27.02,75
17.509,1.318,-26.933,68
17.507,1.295,-26.931,75
17.5,1.272,-26.92,72
17.494,1.249,-26.911,73
17.517,1.228,-26.945,84
17.533,1.206,-26.97,77
17.533,1.184,-26.97,41
17.578,1.165,-27.039,26
17.569,1.141,-27.025,80
17.562,1.118,-27.014,84
17.558,1.327,-26.972,68
17.562,1.304,-26.978,68
17.524,1.279,-26.92,75
17.516,1.257,-26.908,77
17.548,1.237,-26.956,79
17.626,1.219,-27.077,30
17.62,1.173,-27.067,47
17.605,1.151,-27.044,63
17.587,1.127,-27.017,73
17.582,1.104,-27.009,66
17.57,1.309,-26.938,62
17.56,1.286,-26.924,59
17.579,1.265,-26.952,68
17.583,1.242,-26.958,58
17.606,1.222,-26.994,61
17.621,1.178,-27.017,30
17.593,1.153,-26.974,67
17.585,1.13,-26.961,69
17.903,1.349,-27.416,51
17.575,1.301,-26.914,69
17.599,1.281,-26.951,57
17.606,1.259,-26.962,39
17.598,1.236,-26.949,71
17.608,1.214,-26.965,65
17.636,1.171,-27.008,28
17.622,1.148,-26.985,58
17.861,1.329,-27.315,77
17.589,1.286,-26.899,69
17.639,1.267,-26.976,44
17.642,1.132,-26.979,52
17.635,1.11,-26.969,47
17.994,1.343,-27.465,65
17.978,1.319,-27.441,57
18.012,1.341,-27.456,48
18.04,1.327,-27.459,16
8.672,0.296,-13.927,39
8.678,0.284,-13.936,63
8.679,0.273,-13.937,70
8.678,0.262,-13.936,67
8.68,0.25,-13.939,54
8.679,0.238,-13.937,33
8.686,0.351,-13.929,51
8.686,0.339,-13.929,79
8.686,0.328,-13.929,78
8.686,0.316,-13.93,129
8.682,0.305,-13.924,138
8.684,0.294,-13.927,142
8.686,0.282,-13.929,131
8.686,0.271,-13.929,119
8.688,0.259,-13.932,113
8.688,0.248,-13.932,114
8.689,0.236,-13.934,103
8.688,0.225,-13.932,105
8.689,0.213,-13.934,119
8.688,0.202,-13.933,129
8.69,0.19,-13.936,81
8.692,0.179,-13.939,49
8.695,0.387,-13.923,41
8.696,0.376,-13.925,89
8.694,0.364,-13.922,93
8.692,0.353,-13.918,141
8.696,0.342,-13.925,106
8.693,0.33,-13.921,78
8.698,0.319,-13.929,119
8.696,0.307,-13.925,132
8.696,0.296,-13.925,148
8.697,0.284,-13.927,155
8.696,0.273,-13.924,159
8.696,0.262,-13.925,160
8.696,0.25,-13.925,155
8.697,0.238,-13.926,147
8.696,0.227,-13.924,146
8.7,0.216,-13.93,124
8.699,0.204,-13.929,80
8.698,0.193,-13.928,87
8.7,0.181,-13.932,106
8.7,0.17,-13.931,55
8.7,0.159,-13.931,66
8.701,0.147,-13.933,39
8.707,0.412,-13.917,21
8.705,0.4,-13.915,75
8.705,0.388,-13.914,111
8.706,0.377,-13.915,123
8.708,0.366,-13.918,84
8.703,0.354,-13.911,144
8.706,0.343,-13.916,163
8.706,0.331,-13.915,163
8.706,0.319,-13.916,162
8.705,0.308,-13.915,157
8.707,0.297,-13.916,155
8.706,0.285,-13.915,161
8.707,0.274,-13.917,165
8.707,0.262,-13.917,161
8.708,0.251,-13.918,166
8.71,0.24,-13.922,164
8.709,0.228,-13.92,156
8.71,0.216,-13.921,159
8.709,0.205,-13.92,159
8.712,0.194,-13.925,159
8.712,0.182,-13.925,147
8.713,0.171,-13.927,100
8.712,0.159,-13.925,91
8.712,0.147,-13.925,70
8.714,0.136,-13.927,70
8.719,0.431,-13.917,24
8.717,0.42,-13.912,71
8.715,0.408,-13.91,113
8.715,0.397,-13.91,86
8.717,0.386,-13.913,128
8.716,0.374,-13.911,156
8.718,0.363,-13.914,159
8.719,0.351,-13.915,156
8.717,0.34,-13.913,162
8.716,0.328,-13.911,160
8.718,0.317,-13.914,160
8.718,0.305,-13.914,162
8.717,0.294,-13.913,164
8.718,0.282,-13.914,162
8.716,0.271,-13.911,164
8.718,0.259,-13.914,162
8.719,0.248,-13.916,164
8.719,0.236,-13.915,161
8.719,0.225,-13.915,155
8.722,0.214,-13.92,154
8.72,0.202,-13.917,159
8.723,0.191,-13.922,158
8.72,0.179,-13.918,162
8.724,0.168,-13.924,160
8.723,0.156,-13.922,157
8.724,0.145,-13.923,120
8.724,0.133,-13.924,107
8.725,0.122,-13.925,61
8.725,0.11,-13.925,53
8.725,0.438,-13.906,62
8.725,0.426,-13.905,109
8.724,0.414,-13.904,78
8.723,0.403,-13.903,151
8.724,0.391,-13.904,159
8.726,0.38,-13.908,161
8.726,0.369,-13.906,163
8.728,0.357,-13.91,154
8.727,0.346,-13.91,159
8.728,0.334,-13.91,154
8.727,0.323,-13.909,164
8.728,0.312,-13.91,155
8.726,0.3,-13.908,161
8.725,0.288,-13.906,163
8.727,0.277,-13.908,161
8.727,0.266,-13.909,161
8.727,0.254,-13.909,152
8.729,0.243,-13.911,159
8.729,0.231,-13.911,157
8.729,0.22,-13.911,163
8.729,0.208,-13.913,167
8.729,0.197,-13.913,162
8.732,0.185,-13.916,160
8.732,0.174,-13.916,159
8.734,0.162,-13.92,161
8.733,0.151,-13.917,156
8.734,0.14,-13.92,160
8.732,0.128,-13.917,145
8.732,0.117,-13.916,78
8.735,0.105,-13.921,72
8.736,0.094,-13.923,55
8.738,0.453,-13.899,44
8.738,0.441,-13.901,113
8.738,0.43,-13.9,103
8.735,0.419,-13.895,158
8.739,0.407,-13.901,161
8.737,0.396,-13.899,162
8.739,0.384,-13.901,168
8.738,0.373,-13.9,168
8.74,0.361,-13.903,159
8.738,0.35,-13.901,158
8.74,0.338,-13.902,158
8.741,0.327,-13.904,160
8.739,0.315,-13.901,161
8.742,0.304,-13.906,161
8.738,0.292,-13.901,162
8.74,0.281,-13.903,163
8.739,0.269,-13.901,160
8.741,0.258,-13.903,163
8.74,0.246,-13.902,166
8.741,0.235,-13.905,157
8.742,0.224,-13.906,162
8.742,0.212,-13.906,155
8.743,0.2,-13.908,159
8.745,0.189,-13.91,160
8.745,0.178,-13.91,161
8.745,0.167,-13.91,161
8.746,0.155,-13.912,160
8.746,0.143,-13.913,151
8.745,0.132,-13.91,161
8.746,0.12,-13.912,157
8.747,0.109,-13.913,142
8.745,0.097,-13.911,95
8.748,0.086,-13.916,50
8.75,0.075,-13.919,24
8.745,0.463,-13.895,51
8.747,0.451,-13.897,99
8.742,0.44,-13.889,137
8.745,0.428,-13.895,162
8.745,0.417,-13.894,161
8.747,0.405,-13.896,158
8.745,0.394,-13.895,162
8.747,0.382,-13.896,162
8.745,0.371,-13.895,162
8.746,0.359,-13.896,159
8.745,0.348,-13.895,162
8.749,0.337,-13.9,161
8.748,0.325,-13.899,161
8.748,0.314,-13.899,164
8.749,0.302,-13.9,166
8.751,0.291,-13.904,163
8.752,0.279,-13.905,161
8.75,0.268,-13.903,166
8.751,0.257,-13.903,161
8.749,0.245,-13.901,164
8.749,0.234,-13.901,167
8.749,0.222,-13.9,161
8.751,0.211,-13.904,157
8.75,0.199,-13.901,161
8.753,0.188,-13.906,156
8.752,0.176,-13.904,161
8.752,0.164,-13.905,157
8.753,0.154,-13.906,159
8.753,0.142,-13.907,159
8.755,0.131,-13.909,156
8.754,0.119,-13.908,151
8.756,0.107,-13.911,162
8.756,0.096,-13.912,148
8.756,0.084,-13.911,92
8.755,0.073,-13.91,63
8.762,0.062,-13.92,14
8.756,0.477,-13.892,44
8.756,0.466,-13.892,106
8.759,0.454,-13.895,138
8.755,0.443,-13.889,157
8.757,0.432,-13.892,161
8.756,0.42,-13.891,159
8.756,0.408,-13.891,159
8.755,0.397,-13.89,165
8.754,0.385,-13.889,164
8.756,0.375,-13.891,156
8.755,0.363,-13.891,157
8.757,0.351,-13.892,157
8.757,0.34,-13.892,163
8.757,0.328,-13.894,158
8.756,0.317,-13.891,157
8.757,0.306,-13.894,161
8.758,0.294,-13.895,160
8.76,0.282,-13.897,165
8.761,0.271,-13.898,166
8.76,0.259,-13.898,169
8.759,0.248,-13.896,166
8.761,0.237,-13.899,164
8.76,0.225,-13.898,170
8.761,0.214,-13.899,164
8.76,0.202,-13.898,165
8.76,0.191,-13.898,172
8.763,0.179,-13.901,160
8.764,0.168,-13.904,160
8.761,0.156,-13.899,158
8.763,0.145,-13.901,154
8.762,0.133,-13.901,160
8.763,0.122,-13.902,154
8.765,0.111,-13.905,160
8.766,0.099,-13.906,156
8.767,0.087,-13.908,159
8.767,0.076,-13.909,96
8.765,0.065,-13.906,69
8.768,0.053,-13.91,42
8.768,0.491,-13.885,57
8.768,0.479,-13.885,95
8.769,0.468,-13.885,122
8.767,0.457,-13.883,161
8.771,0.445,-13.89,156
8.767,0.433,-13.882,158
8.768,0.422,-13.884,155
8.767,0.411,-13.883,162
8.769,0.4,-13.886,156
8.768,0.388,-13.885,160
8.769,0.377,-13.885,156
8.77,0.365,-13.887,165
8.768,0.353,-13.885,165
8.769,0.342,-13.887,160
8.77,0.331,-13.887,164
8.77,0.319,-13.888,159
8.771,0.308,-13.89,164
8.772,0.296,-13.891,168
8.771,0.285,-13.889,164
8.773,0.273,-13.892,167
8.773,0.262,-13.891,160
8.771,0.25,-13.889,166
8.772,0.239,-13.891,165
8.771,0.228,-13.889,161
8.773,0.216,-13.892,167
8.773,0.205,-13.893,166
8.775,0.193,-13.895,166
8.774,0.181,-13.894,170
8.773,0.17,-13.892,168
8.775,0.159,-13.895,164
8.776,0.147,-13.896,160
8.776,0.135,-13.897,159
8.776,0.124,-13.898,168
8.778,0.112,-13.901,159
8.778,0.101,-13.901,156
8.78,0.09,-13.903,155
8.779,0.078,-13.902,159
8.779,0.067,-13.901,132
8.779,0.055,-13.901,82
8.779,0.044,-13.902,50
8.778,0.498,-13.882,46
8.776,0.486,-13.88,93
8.775,0.474,-13.878,142
8.778,0.463,-13.882,162
8.777,0.451,-13.882,157
8.778,0.44,-13.883,159
8.776,0.428,-13.88,170
8.776,0.417,-13.878,160
8.777,0.405,-13.882,163
8.776,0.394,-13.88,160
8.78,0.382,-13.885,169
8.777,0.371,-13.881,166
8.78,0.36,-13.885,162
8.779,0.348,-13.884,162
8.779,0.337,-13.884,161
8.779,0.325,-13.884,168
8.78,0.314,-13.885,167
8.781,0.303,-13.887,162
8.783,0.291,-13.89,170
8.781,0.28,-13.887,162
8.782,0.268,-13.889,166
8.781,0.257,-13.887,164
8.782,0.245,-13.888,162
8.781,0.234,-13.888,165
8.782,0.222,-13.888,167
8.781,0.211,-13.887,170
8.782,0.199,-13.889,166
8.783,0.188,-13.89,166
8.783,0.176,-13.891,168
8.784,0.165,-13.892,168
8.784,0.153,-13.891,166
8.787,0.142,-13.897,161
8.784,0.131,-13.892,160
8.785,0.119,-13.894,162
8.788,0.108,-13.898,160
8.787,0.096,-13.896,156
8.788,0.084,-13.897,160
8.788,0.073,-13.899,157
8.79,0.062,-13.9,156
8.788,0.05,-13.898,96
8.788,0.039,-13.899,59
8.789,0.512,-13.879,24
8.786,0.5,-13.875,82
8.785,0.488,-13.873,75
8.786,0.477,-13.876,160
8.787,0.466,-13.876,161
8.786,0.454,-13.875,155
8.786,0.443,-13.876,157
8.789,0.431,-13.879,162
8.789,0.421,-13.88,164
8.79,0.409,-13.881,160
8.788,0.397,-13.877,163
8.787,0.386,-13.877,166
8.788,0.374,-13.878,166
8.789,0.363,-13.88,166
8.79,0.352,-13.88,161
8.788,0.34,-13.877,162
8.79,0.328,-13.881,160
8.787,0.317,-13.876,165
8.79,0.305,-13.881,165
8.788,0.294,-13.878,158
8.791,0.283,-13.882,162
8.792,0.271,-13.884,157
8.793,0.259,-13.887,158
8.791,0.248,-13.882,163
8.792,0.236,-13.884,166
8.794,0.226,-13.887,162
8.786,0.214,-13.874,170
8.791,0.202,-13.882,170
8.792,0.191,-13.884,165
8.795,0.179,-13.888,164
8.792,0.168,-13.884,165
8.792,0.156,-13.885,168
8.793,0.145,-13.885,166
8.793,0.133,-13.885,162
8.794,0.122,-13.887,161
8.795,0.111,-13.888,163
8.795,0.099,-13.888,156
8.798,0.087,-13.893,156
8.797,0.076,-13.892,161
8.797,0.064,-13.892,162
8.797,0.053,-13.892,154
8.797,0.042,-13.892,97
8.799,0.03,-13.895,56
8.799,0.514,-13.87,46
8.799,0.502,-13.869,80
8.8,0.491,-13.87,160
8.799,0.479,-13.87,162
8.799,0.468,-13.869,158
8.799,0.456,-13.869,157
8.8,0.445,-13.87,161
8.797,0.433,-13.866,160
8.799,0.422,-13.869,160
8.799,0.41,-13.869,165
8.798,0.399,-13.867,161
8.8,0.388,-13.87,160
8.8,0.376,-13.871,157
8.802,0.364,-13.873,161
8.801,0.353,-13.873,166
8.803,0.342,-13.875,159
8.802,0.331,-13.875,169
8.801,0.319,-13.873,162
8.803,0.307,-13.875,166
8.802,0.296,-13.875,163
8.804,0.284,-13.876,163
8.801,0.273,-13.872,167
8.804,0.262,-13.877,158
8.802,0.25,-13.873,166
8.803,0.238,-13.875,159
8.802,0.227,-13.874,161
8.804,0.215,-13.877,160
8.805,0.204,-13.878,161
8.806,0.192,-13.879,164
8.806,0.181,-13.88,167
8.806,0.169,-13.879,166
8.807,0.158,-13.882,164
8.808,0.147,-13.883,160
8.807,0.135,-13.882,168
8.808,0.124,-13.883,166
8.808,0.112,-13.883,162
8.809,0.101,-13.884,157
8.809,0.089,-13.885,158
8.808,0.078,-13.883,162
8.809,0.066,-13.885,162
8.807,0.055,-13.882,162
8.808,0.043,-13.883,154
8.811,0.032,-13.887,103
8.814,0.021,-13.892,49
8.809,0.522,-13.867,57
8.809,0.511,-13.866,90
8.806,0.499,-13.861,144
8.809,0.488,-13.866,163
8.809,0.477,-13.868,157
8.807,0.465,-13.863,156
8.81,0.454,-13.868,165
8.807,0.442,-13.864,140
8.809,0.43,-13.868,161
8.808,0.419,-13.865,158
8.809,0.408,-13.868,163
8.809,0.396,-13.866,162
8.81,0.384,-13.868,166
8.809,0.373,-13.867,165
8.809,0.362,-13.867,168
8.811,0.35,-13.87,165
8.811,0.339,-13.868,165
8.812,0.327,-13.871,159
8.811,0.316,-13.869,163
8.811,0.305,-13.87,161
8.813,0.293,-13.872,169
8.814,0.282,-13.873,165
8.813,0.27,-13.873,165
8.814,0.259,-13.874,162
8.814,0.247,-13.873,162
8.814,0.236,-13.873,167
8.814,0.224,-13.874,161
8.811,0.213,-13.87,165
8.815,0.201,-13.876,164
8.818,0.19,-13.88,162
8.817,0.178,-13.878,165
8.815,0.167,-13.875,162
8.815,0.155,-13.876,165
8.816,0.144,-13.877,169
8.816,0.132,-13.877,166
8.818,0.121,-13.88,166
8.818,0.109,-13.88,164
8.818,0.098,-13.88,163
8.819,0.086,-13.883,156
8.819,0.075,-13.882,154
8.819,0.063,-13.883,161
8.818,0.052,-13.88,158
8.819,0.041,-13.883,163
8.82,0.029,-13.884,103
8.821,0.018,-13.884,53
8.82,0.528,-13.863,55
8.819,0.516,-13.861,87
8.817,0.505,-13.858,157
8.817,0.493,-13.858,154
8.818,0.482,-13.86,158
8.819,0.47,-13.861,157
8.821,0.459,-13.865,156
8.82,0.447,-13.863,159
8.823,0.436,-13.866,157
8.819,0.424,-13.861,162
8.821,0.413,-13.865,158
8.822,0.402,-13.866,154
8.821,0.39,-13.865,163
8.823,0.379,-13.866,123
8.821,0.367,-13.864,85
8.821,0.356,-13.863,110
8.822,0.345,-13.866,121
8.823,0.333,-13.868,137
8.823,0.322,-13.867,143
8.822,0.31,-13.866,150
8.821,0.298,-13.863,160
8.823,0.287,-13.866,163
8.824,0.276,-13.868,157
8.824,0.264,-13.868,163
8.823,0.252,-13.867,166
8.822,0.241,-13.865,168
8.826,0.229,-13.871,163
8.824,0.218,-13.868,164
8.825,0.207,-13.87,164
8.824,0.195,-13.869,165
8.825,0.184,-13.87,164
8.825,0.172,-13.87,166
8.826,0.161,-13.871,163
8.826,0.149,-13.871,163
8.827,0.138,-13.873,162
8.826,0.126,-13.872,171
8.83,0.115,-13.878,165
8.827,0.103,-13.873,164
8.827,0.092,-13.873,163
8.827,0.08,-13.873,158
8.83,0.069,-13.877,159
8.829,0.058,-13.876,160
8.829,0.046,-13.877,162
8.83,0.035,-13.879,157
8.833,0.023,-13.882,115
8.83,0.012,-13.878,54
8.832,0.531,-13.855,44
8.83,0.52,-13.852,73
8.831,0.508,-13.854,158
8.83,0.497,-13.851,162
8.83,0.486,-13.851,155
8.83,0.474,-13.853,163
8.832,0.463,-13.855,161
8.832,0.451,-13.855,157
8.834,0.44,-13.858,164
8.831,0.428,-13.854,163
8.833,0.417,-13.857,160
8.832,0.405,-13.856,162
8.832,0.394,-13.856,161
8.832,0.382,-13.856,143
8.834,0.371,-13.858,59
8.833,0.359,-13.856,54
8.833,0.348,-13.857,59
8.833,0.336,-13.856,59
8.837,0.325,-13.863,52
8.834,0.314,-13.858,60
8.833,0.302,-13.858,51
8.835,0.29,-13.861,64
8.835,0.279,-13.86,48
8.836,0.268,-13.861,59
8.834,0.256,-13.858,55
8.838,0.245,-13.864,124
8.839,0.233,-13.866,162
8.837,0.222,-13.863,171
8.836,0.21,-13.861,169
8.837,0.199,-13.863,160
8.835,0.188,-13.861,143
8.84,0.176,-13.867,138
8.838,0.164,-13.864,164
8.838,0.153,-13.865,166
8.837,0.141,-13.863,167
8.839,0.13,-13.866,165
8.838,0.119,-13.865,165
8.839,0.107,-13.866,162
8.841,0.095,-13.869,164
8.84,0.084,-13.867,155
8.841,0.073,-13.868,161
8.841,0.061,-13.869,162
8.843,0.05,-13.872,162
8.842,0.038,-13.871,160
8.843,0.026,-13.872,162
8.844,0.015,-13.873,97
8.845,0.004,-13.876,58
8.841,0.54,-13.852,57
8.841,0.529,-13.852,92
8.84,0.517,-13.849,155
8.84,0.506,-13.85,159
8.84,0.494,-13.851,156
8.839,0.482,-13.849,163
8.84,0.471,-13.851,161
8.839,0.46,-13.849,163
8.839,0.448,-13.849,161
8.842,0.437,-13.853,167
8.84,0.425,-13.851,170
8.842,0.414,-13.854,162
8.842,0.403,-13.854,164
8.843,0.391,-13.855,163
8.846,0.38,-13.86,95
8.843,0.368,-13.855,61
8.842,0.356,-13.853,53
8.843,0.345,-13.854,56
8.842,0.333,-13.852,52
8.844,0.322,-13.856,53
8.844,0.31,-13.856,57
8.844,0.299,-13.856,56
8.844,0.288,-13.857,54
8.844,0.276,-13.857,58
8.844,0.264,-13.857,54
8.842,0.253,-13.854,60
8.843,0.242,-13.855,152
8.846,0.23,-13.859,165
8.846,0.219,-13.859,160
8.847,0.207,-13.86,165
8.847,0.196,-13.862,162
8.848,0.184,-13.862,55
8.847,0.172,-13.86,53
8.848,0.162,-13.863,62
8.847,0.15,-13.862,157
8.848,0.139,-13.863,164
8.848,0.127,-13.863,163
8.85,0.115,-13.866,163
8.849,0.104,-13.863,165
8.847,0.093,-13.861,171
8.849,0.081,-13.864,160
8.849,0.069,-13.865,160
8.85,0.058,-13.866,158
8.849,0.047,-13.864,165
8.851,0.035,-13.868,163
8.851,0.024,-13.867,160
8.855,0.012,-13.873,125
8.854,0.001,-13.871,52
8.851,0.544,-13.846,61
8.851,0.532,-13.847,77
8.852,0.521,-13.848,156
8.851,0.51,-13.846,159
8.848,0.498,-13.842,156
8.851,0.486,-13.847,161
8.851,0.475,-13.847,162
8.851,0.463,-13.846,162
8.851,0.452,-13.845,165
8.851,0.441,-13.847,164
8.851,0.429,-13.845,163
8.853,0.418,-13.849,160
8.851,0.406,-13.846,162
8.852,0.394,-13.847,166
8.854,0.384,-13.85,149
8.854,0.372,-13.85,50
8.852,0.36,-13.848,60
8.855,0.349,-13.852,54
8.854,0.337,-13.851,57
8.855,0.326,-13.852,56
8.856,0.315,-13.853,52
8.856,0.303,-13.854,57
8.853,0.292,-13.849,50
8.855,0.28,-13.852,54
8.854,0.269,-13.851,52
8.855,0.257,-13.851,57
8.854,0.246,-13.851,125
8.854,0.234,-13.851,163
8.856,0.222,-13.853,160
8.857,0.211,-13.855,160
8.858,0.2,-13.858,165
8.858,0.188,-13.856,57
8.859,0.177,-13.858,63
8.858,0.165,-13.856,63
8.859,0.154,-13.858,51
8.86,0.142,-13.859,133
8.859,0.131,-13.858,164
8.859,0.119,-13.858,164
8.86,0.108,-13.859,157
8.86,0.096,-13.86,165
8.861,0.085,-13.861,164
8.861,0.074,-13.861,160
8.861,0.062,-13.861,164
8.863,0.051,-13.864,155
8.861,0.039,-13.861,157
8.862,0.027,-13.863,161
8.86,0.016,-13.859,159
8.865,0.005,-13.866,99
8.862,0.546,-13.839,60
8.862,0.535,-13.839,77
8.861,0.523,-13.837,163
8.863,0.512,-13.841,157
8.862,0.5,-13.839,158
8.864,0.489,-13.842,155
8.863,0.477,-13.84,162
8.865,0.466,-13.843,154
8.863,0.454,-13.84,160
8.865,0.443,-13.843,159
8.865,0.431,-13.843,157
8.865,0.42,-13.843,163
8.865,0.408,-13.843,165
8.863,0.397,-13.84,157
8.863,0.385,-13.841,145
8.866,0.374,-13.845,52
8.865,0.363,-13.842,53
8.866,0.351,-13.844,55
8.865,0.34,-13.843,162
8.865,0.328,-13.843,164
8.866,0.317,-13.844,161
8.866,0.305,-13.845,146
8.866,0.294,-13.845,53
8.866,0.282,-13.845,58
8.867,0.271,-13.847,55
8.866,0.259,-13.844,59
8.87,0.248,-13.85,122
8.869,0.236,-13.85,161
8.868,0.225,-13.847,165
8.87,0.213,-13.851,163
8.869,0.202,-13.849,154
8.869,0.19,-13.849,74
8.867,0.179,-13.846,57
8.87,0.168,-13.85,59
8.869,0.156,-13.849,52
8.872,0.144,-13.854,59
8.869,0.133,-13.849,161
8.872,0.122,-13.853,165
8.871,0.11,-13.852,171
8.872,0.098,-13.854,167
8.872,0.087,-13.853,163
8.874,0.075,-13.857,159
8.873,0.064,-13.856,164
8.875,0.053,-13.859,159
8.873,0.041,-13.856,161
8.875,0.03,-13.858,157
8.875,0.018,-13.859,163
8.875,0.007,-13.858,150
8.873,0.555,-13.84,30
8.871,0.543,-13.835,90
8.87,0.532,-13.835,154
8.872,0.521,-13.837,160
8.872,0.509,-13.838,156
8.872,0.498,-13.836,158
8.872,0.486,-13.838,156
8.873,0.474,-13.839,161
8.868,0.463,-13.831,162
8.873,0.452,-13.839,162
8.872,0.44,-13.837,158
8.873,0.428,-13.838,167
8.873,0.417,-13.838,162
8.872,0.405,-13.837,163
8.873,0.394,-13.839,165
8.875,0.383,-13.842,102
8.874,0.371,-13.84,53
8.872,0.359,-13.837,54
8.875,0.348,-13.842,65
8.875,0.337,-13.842,165
8.874,0.326,-13.84,162
8.874,0.314,-13.84,171
8.877,0.302,-13.844,60
8.876,0.291,-13.843,53
8.875,0.279,-13.842,55
8.875,0.268,-13.841,74
8.877,0.257,-13.844,165
8.875,0.245,-13.842,169
8.877,0.234,-13.845,165
8.876,0.222,-13.842,162
8.878,0.211,-13.847,164
8.877,0.199,-13.844,166
8.878,0.188,-13.847,166
8.88,0.176,-13.849,131
8.879,0.164,-13.847,57
8.88,0.154,-13.849,57
8.881,0.142,-13.85,55
8.88,0.13,-13.848,155
8.883,0.119,-13.854,162
8.88,0.107,-13.849,164
8.882,0.095,-13.852,166
8.881,0.084,-13.85,169
8.882,0.073,-13.852,166
8.882,0.061,-13.852,161
8.882,0.05,-13.852,154
8.883,0.038,-13.854,164
8.882,0.027,-13.851,158
8.884,0.015,-13.854,158
8.883,0.004,-13.854,153
8.88,0.548,-13.829,63
8.878,0.537,-13.827,136
8.88,0.525,-13.83,151
8.881,0.514,-13.831,154
8.88,0.502,-13.83,156
8.88,0.491,-13.83,155
8.881,0.479,-13.831,164
8.884,0.468,-13.835,161
8.882,0.456,-13.834,160
8.881,0.445,-13.832,158
8.884,0.434,-13.836,161
8.884,0.422,-13.836,164
8.883,0.41,-13.834,160
8.882,0.399,-13.833,162
8.885,0.387,-13.837,149
8.884,0.377,-13.836,58
8.882,0.365,-13.833,57
8.883,0.353,-13.835,52
8.882,0.342,-13.833,157
8.884,0.33,-13.835,157
8.884,0.319,-13.836,164
8.882,0.308,-13.833,138
8.885,0.296,-13.837,51
8.885,0.284,-13.838,47
8.884,0.273,-13.837,57
8.888,0.261,-13.842,159
8.885,0.25,-13.838,163
8.888,0.238,-13.842,163
8.887,0.227,-13.84,163
8.887,0.215,-13.841,159
8.886,0.204,-13.839,162
8.887,0.193,-13.84,160
8.887,0.181,-13.84,170
8.889,0.17,-13.844,91
8.889,0.158,-13.844,49
8.891,0.147,-13.846,55
8.888,0.135,-13.842,76
8.889,0.124,-13.843,166
8.889,0.112,-13.843,165
8.889,0.101,-13.844,161
8.892,0.089,-13.847,157
8.891,0.078,-13.847,164
8.891,0.067,-13.846,163
8.892,0.055,-13.849,157
8.892,0.043,-13.848,160
8.892,0.032,-13.849,161
8.892,0.02,-13.848,154
8.893,0.009,-13.849,155
8.892,0.552,-13.822,58
8.895,0.54,-13.827,132
8.894,0.529,-13.825,161
8.894,0.517,-13.826,161
8.894,0.506,-13.826,157
8.898,0.495,-13.831,159
8.895,0.483,-13.828,162
8.896,0.472,-13.828,163
8.896,0.46,-13.83,163
8.895,0.449,-13.827,161
8.895,0.437,-13.827,165
8.896,0.426,-13.828,156
8.896,0.414,-13.829,161
8.897,0.403,-13.83,162
8.896,0.391,-13.828,156
8.898,0.38,-13.832,58
8.897,0.368,-13.83,55
8.897,0.357,-13.83,54
8.896,0.345,-13.828,148
8.896,0.334,-13.828,161
8.898,0.322,-13.832,169
8.896,0.311,-13.829,161
8.899,0.299,-13.832,56
8.899,0.288,-13.833,55
8.899,0.277,-13.833,54
8.898,0.265,-13.831,76
8.899,0.254,-13.833,157
8.899,0.242,-13.833,163
8.901,0.231,-13.835,158
8.9,0.219,-13.835,162
8.901,0.208,-13.835,164
8.901,0.196,-13.835,160
8.899,0.184,-13.833,162
8.901,0.173,-13.835,79
8.901,0.162,-13.836,52
8.901,0.15,-13.837,50
8.901,0.139,-13.836,59
8.904,0.127,-13.84,163
8.903,0.116,-13.84,163
8.905,0.105,-13.842,162
8.905,0.093,-13.842,163
8.905,0.081,-13.841,160
8.905,0.07,-13.842,165
8.903,0.058,-13.839,165
8.905,0.047,-13.842,158
8.904,0.036,-13.841,157
8.905,0.024,-13.841,155
8.903,0.012,-13.84,155
8.905,0.001,-13.842,146
8.903,0.553,-13.822,69
8.903,0.541,-13.821,126
8.904,0.53,-13.823,163
8.901,0.518,-13.819,162
8.903,0.507,-13.823,161
8.903,0.495,-13.822,162
8.903,0.484,-13.822,154
8.906,0.472,-13.827,162
8.905,0.461,-13.825,163
8.906,0.45,-13.826,161
8.905,0.438,-13.824,166
8.904,0.426,-13.823,165
8.907,0.415,-13.828,158
8.905,0.403,-13.825,161
8.905,0.392,-13.825,167
8.906,0.381,-13.827,58
8.905,0.369,-13.825,57
8.906,0.357,-13.827,54
8.906,0.346,-13.827,144
8.905,0.334,-13.825,161
8.907,0.323,-13.827,164
8.906,0.312,-13.826,163
8.908,0.3,-13.83,92
8.908,0.289,-13.829,61
8.908,0.277,-13.83,54
8.908,0.266,-13.83,63
8.91,0.255,-13.833,59
8.909,0.243,-13.831,99
8.911,0.231,-13.835,135
8.909,0.22,-13.831,145
8.91,0.208,-13.832,155
8.907,0.197,-13.828,136
8.91,0.185,-13.832,65
8.91,0.174,-13.832,53
8.911,0.162,-13.833,51
8.911,0.151,-13.834,58
8.909,0.14,-13.831,76
8.912,0.128,-13.835,164
8.91,0.116,-13.833,162
8.913,0.105,-13.837,169
8.913,0.094,-13.836,163
8.915,0.082,-13.84,160
8.913,0.071,-13.837,164
8.914,0.059,-13.839,162
8.914,0.047,-13.838,158
8.913,0.036,-13.837,156
8.916,0.024,-13.842,154
8.913,0.013,-13.837,156
8.915,0.002,-13.84,152
8.912,0.555,-13.816,50
8.913,0.544,-13.819,122
8.912,0.532,-13.816,147
8.911,0.521,-13.815,157
8.913,0.509,-13.817,161
8.911,0.498,-13.816,161
8.913,0.486,-13.818,156
8.913,0.475,-13.817,163
8.913,0.463,-13.818,160
8.915,0.452,-13.82,160
8.914,0.44,-13.819,165
8.914,0.429,-13.819,157
8.914,0.418,-13.82,161
8.915,0.406,-13.821,164
8.915,0.394,-13.821,159
8.916,0.383,-13.822,70
8.915,0.371,-13.821,59
8.916,0.36,-13.823,65
8.916,0.349,-13.822,119
8.917,0.337,-13.823,161
8.914,0.326,-13.819,159
8.917,0.314,-13.823,161
8.916,0.303,-13.822,166
8.917,0.292,-13.823,75
8.916,0.28,-13.822,56
8.917,0.268,-13.824,60
8.918,0.257,-13.825,55
8.918,0.245,-13.826,57
8.919,0.234,-13.826,53
8.919,0.222,-13.827,53
8.918,0.211,-13.825,52
8.92,0.199,-13.828,57
8.918,0.188,-13.826,60
8.921,0.177,-13.829,57
8.92,0.165,-13.828,55
8.92,0.154,-13.828,55
8.92,0.142,-13.829,134
8.92,0.131,-13.828,162
8.92,0.119,-13.828,161
8.922,0.108,-13.831,166
8.922,0.096,-13.832,159
8.923,0.084,-13.833,162
8.923,0.073,-13.832,163
8.925,0.062,-13.835,163
8.923,0.05,-13.833,152
8.925,0.039,-13.835,153
8.924,0.027,-13.834,150
8.926,0.015,-13.837,157
8.923,0.004,-13.833,156
8.927,0.559,-13.811,47
8.927,0.548,-13.81,87
8.929,0.536,-13.814,156
8.927,0.525,-13.811,154
8.926,0.513,-13.809,160
8.929,0.502,-13.815,158
8.927,0.49,-13.811,161
8.927,0.479,-13.811,159
8.928,0.467,-13.813,158
8.929,0.456,-13.814,152
8.927,0.444,-13.81,159
8.929,0.433,-13.814,159
8.928,0.421,-13.812,163
8.929,0.41,-13.813,160
8.929,0.398,-13.814,161
8.93,0.387,-13.815,161
8.929,0.375,-13.814,166
8.929,0.363,-13.814,165
8.931,0.352,-13.817,160
8.929,0.341,-13.813,160
8.932,0.329,-13.818,162
8.932,0.318,-13.817,163
8.929,0.306,-13.814,162
8.931,0.295,-13.816,159
8.93,0.283,-13.815,149
8.931,0.272,-13.817,62
8.932,0.261,-13.818,58
8.931,0.249,-13.817,59
8.932,0.237,-13.818,56
8.932,0.226,-13.818,55
8.934,0.214,-13.822,61
8.933,0.203,-13.819,53
8.933,0.191,-13.82,53
8.934,0.18,-13.821,57
8.934,0.168,-13.822,58
8.937,0.157,-13.825,126
8.935,0.146,-13.822,165
8.937,0.134,-13.825,162
8.935,0.123,-13.823,161
8.938,0.111,-13.826,159
8.936,0.1,-13.824,161
8.935,0.088,-13.823,166
8.935,0.077,-13.822,161
8.935,0.065,-13.822,163
8.936,0.054,-13.824,162
8.937,0.042,-13.826,156
8.938,0.031,-13.827,152
8.937,0.019,-13.825,156
8.939,0.008,-13.829,152
8.936,0.559,-13.808,42
8.936,0.548,-13.809,86
8.934,0.536,-13.807,157
8.935,0.525,-13.807,161
8.934,0.513,-13.807,160
8.935,0.501,-13.807,164
8.934,0.49,-13.806,162
8.937,0.479,-13.811,166
8.936,0.467,-13.808,161
8.937,0.456,-13.811,158
8.937,0.444,-13.81,160
8.938,0.433,-13.811,160
8.937,0.421,-13.81,160
8.94,0.41,-13.814,160
8.937,0.398,-13.811,161
8.939,0.387,-13.813,160
8.938,0.375,-13.811,163
8.938,0.364,-13.812,161
8.938,0.352,-13.811,162
8.939,0.341,-13.813,164
8.938,0.329,-13.812,165
8.936,0.317,-13.809,168
8.939,0.306,-13.813,166
8.939,0.295,-13.813,166
8.94,0.283,-13.814,158
8.94,0.272,-13.814,164
8.942,0.26,-13.818,125
8.94,0.249,-13.814,67
8.942,0.238,-13.817,64
8.942,0.226,-13.818,65
8.941,0.214,-13.816,57
8.941,0.203,-13.816,60
8.941,0.192,-13.816,62
8.943,0.18,-13.819,76
8.942,0.169,-13.818,145
8.941,0.157,-13.816,168
8.943,0.146,-13.819,162
8.942,0.134,-13.818,159
8.943,0.123,-13.819,157
8.944,0.111,-13.821,159
8.943,0.1,-13.819,162
8.945,0.088,-13.821,164
8.944,0.076,-13.82,166
8.946,0.065,-13.824,169
8.946,0.054,-13.824,165
8.946,0.042,-13.824,156
8.947,0.031,-13.825,159
8.948,0.019,-13.827,151
8.946,0.008,-13.823,156
8.944,0.554,-13.802,78
8.945,0.542,-13.803,153
8.946,0.531,-13.805,156
8.944,0.52,-13.802,161
8.946,0.508,-13.804,163
8.944,0.496,-13.802,160
8.946,0.485,-13.804,163
8.946,0.474,-13.805,162
8.945,0.462,-13.803,162
8.945,0.451,-13.803,165
8.946,0.439,-13.804,163
8.948,0.428,-13.808,160
8.947,0.416,-13.806,160
8.948,0.405,-13.807,163
8.948,0.393,-13.807,163
8.95,0.382,-13.811,163
8.948,0.37,-13.807,166
8.948,0.359,-13.808,162
8.95,0.347,-13.81,161
8.948,0.336,-13.807,166
8.95,0.324,-13.809,164
8.948,0.313,-13.806,164
8.95,0.301,-13.811,159
8.949,0.29,-13.808,165
8.948,0.278,-13.808,160
8.948,0.267,-13.807,167
8.95,0.255,-13.809,156
8.95,0.244,-13.809,163
8.951,0.233,-13.812,159
8.952,0.221,-13.813,164
8.953,0.209,-13.815,161
8.951,0.198,-13.812,164
8.953,0.186,-13.815,161
8.956,0.175,-13.819,164
8.955,0.163,-13.818,163
8.954,0.152,-13.816,160
8.956,0.14,-13.819,165
8.953,0.129,-13.814,166
8.953,0.117,-13.815,162
8.953,0.106,-13.814,163
8.955,0.095,-13.817,162
8.955,0.083,-13.817,161
8.954,0.072,-13.816,165
8.956,0.06,-13.819,159
8.955,0.049,-13.817,154
8.957,0.037,-13.82,155
8.956,0.025,-13.82,156
8.958,0.014,-13.823,152
8.958,0.002,-13.821,157
8.959,0.558,-13.797,45
8.959,0.546,-13.798,121
8.959,0.534,-13.797,156
8.958,0.522,-13.795,157
8.958,0.512,-13.796,160
8.958,0.5,-13.795,152
8.96,0.488,-13.8,160
8.96,0.477,-13.799,167
8.96,0.465,-13.8,164
8.959,0.454,-13.797,163
8.96,0.442,-13.798,153
8.961,0.431,-13.8,161
8.96,0.419,-13.799,166
8.962,0.408,-13.801,158
8.96,0.396,-13.799,164
8.96,0.385,-13.799,168
8.959,0.373,-13.797,165
8.962,0.362,-13.802,143
8.963,0.35,-13.804,91
8.961,0.339,-13.8,63
8.962,0.328,-13.801,52
8.96,0.316,-13.8,52
8.965,0.305,-13.805,58
8.962,0.293,-13.801,58
8.962,0.282,-13.802,52
8.963,0.27,-13.803,52
8.963,0.259,-13.804,56
8.965,0.247,-13.807,71
8.965,0.236,-13.806,104
8.965,0.224,-13.806,138
8.964,0.213,-13.804,153
8.963,0.201,-13.803,163
8.965,0.19,-13.806,164
8.965,0.178,-13.806,166
8.964,0.167,-13.804,165
8.967,0.155,-13.809,167
8.966,0.144,-13.808,164
8.965,0.132,-13.807,162
8.965,0.121,-13.807,167
8.968,0.109,-13.81,153
8.969,0.098,-13.811,162
8.969,0.086,-13.813,166
8.968,0.075,-13.811,163
8.969,0.064,-13.811,161
8.968,0.052,-13.811,160
8.97,0.04,-13.814,152
8.969,0.029,-13.812,154
8.969,0.018,-13.813,156
8.968,0.006,-13.811,149
8.97,0.559,-13.797,55
8.968,0.548,-13.793,89
8.968,0.537,-13.794,164
8.969,0.525,-13.795,159
8.97,0.514,-13.796,161
8.969,0.502,-13.795,156
8.971,0.491,-13.798,160
8.971,0.479,-13.797,162
8.97,0.468,-13.797,159
8.968,0.456,-13.794,165
8.967,0.444,-13.792,160
8.969,0.433,-13.796,160
8.969,0.422,-13.795,162
8.971,0.41,-13.798,161
8.97,0.399,-13.797,161
8.97,0.387,-13.796,160
8.972,0.376,-13.8,100
8.97,0.364,-13.796,63
8.971,0.353,-13.798,59
8.972,0.341,-13.799,58
8.972,0.33,-13.8,53
8.972,0.318,-13.8,57
8.972,0.307,-13.799,60
8.974,0.296,-13.802,55
8.971,0.284,-13.798,49
8.972,0.272,-13.8,52
8.974,0.261,-13.802,58
8.974,0.249,-13.802,60
8.974,0.238,-13.802,51
8.973,0.227,-13.8,53
8.975,0.215,-13.804,52
8.974,0.203,-13.802,58
8.975,0.192,-13.804,72
8.973,0.181,-13.801,144
8.977,0.169,-13.807,161
8.977,0.157,-13.806,159
8.977,0.146,-13.807,162
8.977,0.134,-13.806,163
8.976,0.123,-13.805,158
8.977,0.112,-13.807,169
8.978,0.1,-13.808,164
8.978,0.089,-13.808,163
8.976,0.077,-13.806,162
8.977,0.065,-13.807,162
8.978,0.054,-13.808,163
8.978,0.043,-13.808,156
8.979,0.031,-13.809,152
8.976,0.02,-13.806,153
8.978,0.008,-13.808,152
8.976,0.552,-13.788,72
8.979,0.54,-13.792,156
8.978,0.529,-13.79,155
8.98,0.517,-13.793,156
8.979,0.506,-13.792,160
8.979,0.495,-13.792,162
8.979,0.483,-13.791,161
8.979,0.471,-13.792,156
8.976,0.46,-13.788,165
8.977,0.449,-13.789,160
8.978,0.437,-13.79,164
8.979,0.426,-13.791,160
8.98,0.414,-13.793,162
8.979,0.403,-13.792,161
8.981,0.391,-13.794,143
8.979,0.38,-13.792,59
8.98,0.368,-13.792,58
8.979,0.356,-13.792,53
8.982,0.345,-13.795,55
8.979,0.334,-13.792,53
8.983,0.322,-13.797,54
8.98,0.31,-13.792,56
8.981,0.299,-13.794,57
8.979,0.287,-13.791,60
8.983,0.276,-13.797,53
8.983,0.265,-13.798,58
8.982,0.253,-13.796,48
8.981,0.242,-13.795,57
8.984,0.23,-13.799,69
8.985,0.219,-13.8,68
8.983,0.207,-13.797,52
8.984,0.196,-13.798,58
8.984,0.184,-13.798,52
8.983,0.173,-13.798,64
8.984,0.162,-13.799,145
8.988,0.15,-13.804,163
8.988,0.139,-13.804,156
8.985,0.127,-13.8,172
8.988,0.115,-13.804,162
8.989,0.104,-13.806,159
8.986,0.093,-13.802,157
8.984,0.081,-13.799,166
8.986,0.069,-13.802,162
8.988,0.058,-13.804,163
8.987,0.046,-13.803,157
8.987,0.035,-13.804,154
8.988,0.023,-13.804,160
8.988,0.012,-13.805,154
8.99,0,-13.807,156
8.993,0.555,-13.786,46
8.991,0.543,-13.784,102
8.991,0.532,-13.783,159
8.992,0.52,-13.785,157
8.991,0.508,-13.783,152
8.991,0.497,-13.784,160
8.99,0.486,-13.783,160
8.991,0.474,-13.783,166
8.992,0.463,-13.785,160
8.992,0.451,-13.785,160
8.993,0.44,-13.786,159
8.993,0.428,-13.787,163
8.995,0.417,-13.79,166
8.993,0.405,-13.786,160
8.995,0.394,-13.79,96
8.995,0.382,-13.789,52
8.992,0.371,-13.785,54
8.995,0.359,-13.79,56
8.993,0.348,-13.786,64
8.995,0.336,-13.79,116
8.993,0.325,-13.785,136
8.995,0.313,-13.788,132
8.993,0.302,-13.785,142
8.995,0.29,-13.789,140
8.996,0.279,-13.79,131
8.995,0.267,-13.789,108
8.995,0.256,-13.79,80
8.997,0.244,-13.792,67
8.997,0.233,-13.792,57
8.998,0.221,-13.794,57
8.997,0.21,-13.792,53
8.997,0.199,-13.792,57
8.998,0.187,-13.794,50
8.999,0.176,-13.795,53
9,0.164,-13.796,55
8.999,0.153,-13.795,139
8.998,0.141,-13.794,162
8.997,0.13,-13.792,162
9.002,0.118,-13.799,162
8.999,0.106,-13.796,168
8.999,0.095,-13.795,162
8.998,0.083,-13.794,163
9,0.072,-13.797,166
9,0.061,-13.796,164
9.001,0.049,-13.798,157
9.002,0.038,-13.8,157
9.002,0.026,-13.8,149
9.002,0.015,-13.8,156
9.002,0.003,-13.8,150
9.002,0.552,-13.784,44
9,0.54,-13.781,105
8.998,0.529,-13.779,157
8.998,0.517,-13.778,158
8.998,0.505,-13.779,157
9,0.494,-13.781,154
8.998,0.482,-13.778,149
9,0.471,-13.78,164
9,0.46,-13.781,168
8.999,0.448,-13.779,160
9.001,0.437,-13.782,161
9.002,0.425,-13.783,158
9.001,0.414,-13.782,167
9.002,0.402,-13.785,165
8.999,0.391,-13.779,58
9.004,0.379,-13.786,51
9.003,0.368,-13.785,51
9.003,0.356,-13.785,107
9,0.345,-13.781,166
9.001,0.333,-13.782,165
9,0.322,-13.781,162
9.002,0.31,-13.783,163
9.003,0.298,-13.785,164
9.002,0.287,-13.783,162
9.003,0.276,-13.785,163
9.005,0.264,-13.788,154
9.003,0.252,-13.786,156
9.005,0.241,-13.788,160
9.004,0.23,-13.787,162
9.006,0.218,-13.79,152
9.007,0.207,-13.79,122
9.008,0.195,-13.792,58
9.005,0.184,-13.788,53
9.007,0.172,-13.791,50
9.005,0.161,-13.788,56
9.008,0.149,-13.793,89
9.007,0.138,-13.791,160
9.007,0.126,-13.792,161
9.007,0.115,-13.791,162
9.005,0.103,-13.788,161
9.007,0.092,-13.791,158
9.007,0.08,-13.79,157
9.009,0.069,-13.793,167
9.009,0.057,-13.793,162
9.005,0.046,-13.787,162
9.011,0.034,-13.797,148
9.011,0.023,-13.797,150
9.01,0.011,-13.795,153
9.011,0.555,-13.779,22
9.009,0.544,-13.775,90
9.01,0.532,-13.777,161
9.007,0.52,-13.774,155
9.008,0.509,-13.774,151
9.009,0.498,-13.776,152
9.009,0.486,-13.775,164
9.009,0.474,-13.776,157
9.01,0.463,-13.776,161
9.01,0.452,-13.778,164
9.01,0.44,-13.777,161
9.013,0.429,-13.782,164
9.012,0.417,-13.78,162
9.011,0.405,-13.779,154
9.01,0.394,-13.777,60
9.012,0.383,-13.781,55
9.01,0.371,-13.777,57
9.012,0.359,-13.779,116
9.009,0.348,-13.776,165
9.01,0.336,-13.778,158
9.009,0.325,-13.776,157
9.012,0.314,-13.779,164
9.011,0.302,-13.778,155
9.012,0.29,-13.779,161
9.014,0.279,-13.782,162
9.014,0.268,-13.783,159
9.014,0.256,-13.783,155
9.014,0.245,-13.783,156
9.015,0.233,-13.785,163
9.014,0.221,-13.783,161
9.015,0.21,-13.785,162
9.016,0.199,-13.786,161
9.016,0.187,-13.785,134
9.014,0.176,-13.784,63
9.014,0.164,-13.783,63
9.014,0.153,-13.783,55
9.016,0.141,-13.786,156
9.015,0.13,-13.784,155
9.015,0.118,-13.784,151
9.016,0.107,-13.786,161
9.016,0.095,-13.786,165
9.017,0.084,-13.786,159
9.019,0.072,-13.79,165
9.019,0.061,-13.791,164
9.021,0.049,-13.793,159
9.018,0.038,-13.788,152
9.021,0.026,-13.793,158
9.019,0.015,-13.791,155
9.021,0.003,-13.793,112
9.023,0.547,-13.771,55
9.023,0.535,-13.771,95
9.019,0.523,-13.764,157
9.021,0.512,-13.768,158
9.021,0.5,-13.768,148
9.024,0.489,-13.772,149
9.021,0.477,-13.767,157
9.023,0.466,-13.771,161
9.024,0.454,-13.772,165
9.026,0.443,-13.774,163
9.024,0.431,-13.771,155
9.024,0.42,-13.771,161
9.024,0.408,-13.772,157
9.028,0.397,-13.778,106
9.026,0.385,-13.774,51
9.024,0.374,-13.771,58
9.026,0.363,-13.775,53
9.026,0.351,-13.775,144
9.023,0.339,-13.77,159
9.024,0.328,-13.772,167
9.024,0.316,-13.771,157
9.025,0.305,-13.773,157
9.025,0.294,-13.773,164
9.026,0.282,-13.775,162
9.025,0.27,-13.773,166
9.027,0.259,-13.776,165
9.027,0.247,-13.776,162
9.031,0.236,-13.781,162
9.028,0.225,-13.778,162
9.028,0.213,-13.778,162
9.029,0.201,-13.778,167
9.028,0.19,-13.778,166
9.03,0.179,-13.78,65
9.028,0.167,-13.778,57
9.029,0.155,-13.78,55
9.028,0.144,-13.777,132
9.029,0.132,-13.779,162
9.028,0.121,-13.778,163
9.03,0.109,-13.781,156
9.029,0.098,-13.78,161
9.032,0.086,-13.784,163
9.031,0.075,-13.782,158
9.032,0.063,-13.783,153
9.033,0.052,-13.785,150
9.033,0.041,-13.786,153
9.032,0.029,-13.783,157
9.032,0.017,-13.783,155
9.033,0.006,-13.785,102
9.032,0.546,-13.767,52
9.031,0.534,-13.766,89
9.03,0.523,-13.764,160
9.031,0.511,-13.766,159
9.031,0.5,-13.766,161
9.031,0.488,-13.764,156
9.033,0.477,-13.767,161
9.032,0.465,-13.766,161
9.033,0.454,-13.769,155
9.033,0.442,-13.769,160
9.036,0.431,-13.772,152
9.034,0.419,-13.769,162
9.035,0.407,-13.771,163
9.033,0.396,-13.768,151
9.034,0.385,-13.769,54
9.034,0.373,-13.769,51
9.035,0.362,-13.771,51
9.034,0.35,-13.769,59
9.033,0.339,-13.768,56
9.034,0.327,-13.769,113
9.036,0.316,-13.772,142
9.035,0.304,-13.771,162
9.033,0.292,-13.768,162
9.035,0.281,-13.77,166
9.034,0.27,-13.769,164
9.036,0.259,-13.773,159
9.037,0.247,-13.774,162
9.04,0.235,-13.779,161
9.038,0.223,-13.775,162
9.037,0.213,-13.774,160
9.038,0.201,-13.776,152
9.039,0.19,-13.777,92
9.038,0.178,-13.775,55
9.038,0.166,-13.776,51
9.037,0.155,-13.773,58
9.038,0.144,-13.775,151
9.038,0.132,-13.774,161
9.04,0.12,-13.778,158
9.038,0.109,-13.775,161
9.04,0.097,-13.777,169
9.04,0.086,-13.777,163
9.04,0.075,-13.777,162
9.042,0.063,-13.78,153
9.042,0.051,-13.781,155
9.041,0.04,-13.779,156
9.042,0.029,-13.781,153
9.042,0.017,-13.78,156
9.045,0.005,-13.786,100
9.043,0.539,-13.763,59
9.043,0.527,-13.763,93
9.04,0.515,-13.759,153
9.043,0.504,-13.763,153
9.042,0.493,-13.761,159
9.041,0.481,-13.759,153
9.042,0.469,-13.762,157
9.042,0.458,-13.762,162
9.045,0.446,-13.765,162
9.044,0.435,-13.764,165
9.045,0.424,-13.766,156
9.045,0.412,-13.766,164
9.045,0.4,-13.766,163
9.044,0.389,-13.764,147
9.045,0.378,-13.766,53
9.044,0.366,-13.765,51
9.044,0.354,-13.765,54
9.043,0.343,-13.763,50
9.043,0.331,-13.764,57
9.042,0.32,-13.762,56
9.047,0.309,-13.769,57
9.045,0.297,-13.766,58
9.046,0.285,-13.767,54
9.045,0.274,-13.767,56
9.045,0.262,-13.767,58
9.045,0.251,-13.766,55
9.046,0.24,-13.767,60
9.046,0.228,-13.767,55
9.048,0.216,-13.77,54
9.049,0.205,-13.771,61
9.049,0.194,-13.771,55
9.047,0.182,-13.769,59
9.049,0.171,-13.772,55
9.048,0.159,-13.771,50
9.047,0.147,-13.768,154
9.047,0.136,-13.769,161
9.048,0.125,-13.77,158
9.049,0.113,-13.771,162
9.049,0.101,-13.771,157
9.05,0.09,-13.772,165
9.048,0.078,-13.77,160
9.05,0.067,-13.774,151
9.05,0.056,-13.774,162
9.051,0.044,-13.774,154
9.051,0.032,-13.775,149
9.051,0.021,-13.774,144
9.054,0.01,-13.779,100
9.058,0.532,-13.76,47
9.054,0.52,-13.754,92
9.056,0.508,-13.757,159
9.055,0.497,-13.755,151
9.055,0.485,-13.755,151
9.055,0.474,-13.755,154
9.054,0.463,-13.753,156
9.055,0.451,-13.755,158
9.056,0.439,-13.756,162
9.054,0.428,-13.755,157
9.055,0.417,-13.756,161
9.055,0.405,-13.756,162
9.056,0.394,-13.756,161
9.057,0.382,-13.757,162
9.059,0.37,-13.76,103
9.057,0.359,-13.757,53
9.058,0.347,-13.759,56
9.058,0.336,-13.76,54
9.057,0.324,-13.759,56
9.059,0.313,-13.761,51
9.056,0.301,-13.756,57
9.059,0.29,-13.76,57
9.058,0.278,-13.76,52
9.059,0.267,-13.76,50
9.059,0.255,-13.761,50
9.058,0.244,-13.759,52
9.059,0.233,-13.761,54
9.057,0.221,-13.759,53
9.059,0.209,-13.762,53
9.06,0.198,-13.762,54
9.061,0.186,-13.764,49
9.062,0.175,-13.765,52
9.061,0.164,-13.764,62
9.061,0.152,-13.763,166
9.063,0.14,-13.766,161
9.061,0.129,-13.764,164
9.063,0.117,-13.766,162
9.061,0.106,-13.763,166
9.063,0.094,-13.766,161
9.062,0.083,-13.765,159
9.062,0.071,-13.765,154
9.059,0.06,-13.761,154
9.062,0.049,-13.765,159
9.063,0.037,-13.766,145
9.063,0.025,-13.767,148
9.065,0.014,-13.77,82
9.067,0.002,-13.773,22
9.066,0.532,-13.754,14
9.065,0.52,-13.753,78
9.062,0.509,-13.749,148
9.066,0.498,-13.755,151
9.065,0.486,-13.753,159
9.066,0.474,-13.754,155
9.065,0.463,-13.753,158
9.066,0.452,-13.755,153
9.064,0.44,-13.752,164
9.067,0.428,-13.757,161
9.065,0.417,-13.753,163
9.066,0.405,-13.754,162
9.065,0.394,-13.753,160
9.066,0.382,-13.755,163
9.066,0.371,-13.753,157
9.066,0.359,-13.754,158
9.067,0.348,-13.755,137
9.065,0.336,-13.753,69
9.067,0.325,-13.756,61
9.067,0.313,-13.756,57
9.067,0.302,-13.756,57
9.068,0.29,-13.757,55
9.068,0.279,-13.757,56
9.068,0.268,-13.757,59
9.068,0.256,-13.758,58
9.066,0.244,-13.755,59
9.069,0.233,-13.759,56
9.067,0.221,-13.755,52
9.07,0.21,-13.761,49
9.069,0.199,-13.759,56
9.07,0.187,-13.76,57
9.071,0.176,-13.761,102
9.07,0.164,-13.76,161
9.069,0.152,-13.759,162
9.073,0.141,-13.764,162
9.07,0.13,-13.76,158
9.073,0.118,-13.765,156
9.073,0.106,-13.764,163
9.073,0.095,-13.764,159
9.074,0.084,-13.766,155
9.075,0.072,-13.768,150
9.072,0.06,-13.764,152
9.074,0.049,-13.766,151
9.072,0.037,-13.763,154
9.075,0.026,-13.767,106
9.072,0.014,-13.763,44
9.074,0.515,-13.747,71
9.076,0.503,-13.75,131
9.074,0.492,-13.747,152
9.073,0.481,-13.746,155
9.074,0.469,-13.747,155
9.074,0.458,-13.746,153
9.075,0.446,-13.748,160
9.074,0.434,-13.747,157
9.076,0.423,-13.749,157
9.075,0.412,-13.748,161
9.075,0.4,-13.748,164
9.078,0.389,-13.752,161
9.077,0.377,-13.751,165
9.078,0.366,-13.752,161
9.077,0.354,-13.75,159
9.077,0.343,-13.751,159
9.078,0.331,-13.753,162
9.076,0.319,-13.749,163
9.076,0.308,-13.75,165
9.078,0.297,-13.753,157
9.075,0.285,-13.748,146
9.08,0.273,-13.755,137
9.076,0.262,-13.749,142
9.08,0.25,-13.755,133
9.08,0.239,-13.754,127
9.081,0.228,-13.757,133
9.079,0.216,-13.753,146
9.081,0.205,-13.757,155
9.08,0.193,-13.756,159
9.082,0.182,-13.757,155
9.082,0.17,-13.757,163
9.08,0.159,-13.755,156
9.08,0.147,-13.755,164
9.079,0.135,-13.754,159
9.08,0.124,-13.754,161
9.083,0.113,-13.759,160
9.08,0.101,-13.755,154
9.08,0.09,-13.755,160
9.08,0.078,-13.755,157
9.082,0.066,-13.757,154
9.082,0.055,-13.758,150
9.081,0.044,-13.757,156
9.083,0.032,-13.76,91
9.086,0.021,-13.764,46
9.09,0.518,-13.747,22
9.088,0.507,-13.743,88
9.09,0.495,-13.745,147
9.088,0.484,-13.743,154
9.087,0.472,-13.742,153
9.087,0.461,-13.741,157
9.087,0.449,-13.741,148
9.086,0.438,-13.74,158
9.086,0.426,-13.74,155
9.086,0.414,-13.739,160
9.087,0.403,-13.741,156
9.087,0.391,-13.741,163
9.088,0.38,-13.743,162
9.087,0.368,-13.741,160
9.089,0.357,-13.744,156
9.088,0.346,-13.743,160
9.089,0.334,-13.744,160
9.088,0.322,-13.743,168
9.092,0.311,-13.748,159
9.09,0.299,-13.746,162
9.091,0.288,-13.747,164
9.091,0.277,-13.747,170
9.091,0.265,-13.747,156
9.09,0.254,-13.745,164
9.09,0.242,-13.745,163
9.09,0.23,-13.745,157
9.09,0.219,-13.746,159
9.092,0.207,-13.748,164
9.09,0.196,-13.746,165
9.093,0.184,-13.75,163
9.091,0.173,-13.747,162
9.092,0.162,-13.748,167
9.093,0.15,-13.75,163
9.094,0.139,-13.752,159
9.094,0.127,-13.752,162
9.093,0.115,-13.75,159
9.094,0.104,-13.752,157
9.094,0.093,-13.751,157
9.095,0.081,-13.754,153
9.094,0.069,-13.751,156
9.094,0.058,-13.752,153
9.093,0.046,-13.75,143
9.095,0.035,-13.753,94
9.098,0.023,-13.757,41
9.097,0.503,-13.738,45
9.098,0.493,-13.74,90
9.097,0.481,-13.737,156
9.099,0.469,-13.741,152
9.096,0.458,-13.736,150
9.099,0.446,-13.741,157
9.096,0.435,-13.736,155
9.099,0.423,-13.741,155
9.098,0.412,-13.739,159
9.098,0.4,-13.74,158
9.099,0.389,-13.741,162
9.096,0.377,-13.736,165
9.097,0.366,-13.737,162
9.099,0.354,-13.741,163
9.098,0.343,-13.739,163
9.097,0.331,-13.738,165
9.098,0.319,-13.74,158
9.1,0.308,-13.742,164
9.099,0.297,-13.74,163
9.1,0.285,-13.742,157
9.099,0.273,-13.74,163
9.101,0.262,-13.745,163
9.101,0.251,-13.743,166
9.102,0.239,-13.746,162
9.1,0.228,-13.742,165
9.101,0.216,-13.743,162
9.102,0.205,-13.746,159
9.102,0.193,-13.746,164
9.1,0.182,-13.743,165
9.102,0.17,-13.745,163
9.101,0.159,-13.744,162
9.101,0.147,-13.743,164
9.101,0.135,-13.743,169
9.1,0.124,-13.742,152
9.103,0.113,-13.746,160
9.102,0.101,-13.745,157
9.104,0.09,-13.748,153
9.105,0.078,-13.749,158
9.106,0.067,-13.75,150
9.104,0.055,-13.749,146
9.106,0.043,-13.751,110
9.108,0.032,-13.754,59
9.109,0.495,-13.737,50
9.109,0.483,-13.737,96
9.104,0.472,-13.73,153
9.108,0.461,-13.736,155
9.108,0.449,-13.735,154
9.108,0.437,-13.735,154
9.106,0.426,-13.733,159
9.105,0.414,-13.731,148
9.108,0.403,-13.736,153
9.106,0.391,-13.733,158
9.108,0.38,-13.735,158
9.106,0.368,-13.733,161
9.109,0.356,-13.736,159
9.107,0.345,-13.734,167
9.108,0.334,-13.735,162
9.108,0.322,-13.736,166
9.111,0.311,-13.739,161
9.111,0.299,-13.74,158
9.11,0.288,-13.739,157
9.112,0.276,-13.741,160
9.111,0.265,-13.739,162
9.111,0.253,-13.739,164
9.111,0.242,-13.74,161
9.11,0.23,-13.739,158
9.109,0.219,-13.738,160
9.112,0.207,-13.741,167
9.11,0.196,-13.738,157
9.111,0.184,-13.74,165
9.111,0.172,-13.739,168
9.111,0.161,-13.739,164
9.112,0.15,-13.741,158
9.111,0.138,-13.74,160
9.113,0.126,-13.743,154
9.114,0.115,-13.744,161
9.114,0.104,-13.744,151
9.114,0.092,-13.745,154
9.113,0.081,-13.743,153
9.115,0.069,-13.745,153
9.115,0.058,-13.745,108
9.114,0.046,-13.744,49
9.122,0.486,-13.732,49
9.121,0.474,-13.731,103
9.119,0.462,-13.729,153
9.119,0.451,-13.728,158
9.118,0.44,-13.726,153
9.118,0.428,-13.727,153
9.116,0.416,-13.724,155
9.118,0.405,-13.727,154
9.119,0.393,-13.727,145
9.119,0.382,-13.728,156
9.119,0.37,-13.727,166
9.118,0.359,-13.726,161
9.12,0.347,-13.729,159
9.12,0.336,-13.729,165
9.121,0.324,-13.731,162
9.122,0.313,-13.732,162
9.123,0.301,-13.734,157
9.123,0.29,-13.733,163
9.12,0.278,-13.73,164
9.12,0.267,-13.729,162
9.12,0.255,-13.73,164
9.123,0.244,-13.734,162
9.12,0.232,-13.73,158
9.122,0.221,-13.732,157
9.122,0.209,-13.733,165
9.121,0.198,-13.731,164
9.122,0.186,-13.732,164
9.124,0.175,-13.735,167
9.122,0.163,-13.732,155
9.125,0.152,-13.737,158
9.125,0.14,-13.737,155
9.125,0.129,-13.737,159
9.127,0.117,-13.739,155
9.126,0.106,-13.738,155
9.126,0.094,-13.738,156
9.125,0.083,-13.737,154
9.127,0.071,-13.74,134
9.126,0.06,-13.738,77
9.129,0.048,-13.743,34
9.13,0.472,-13.726,46
9.13,0.461,-13.726,101
9.13,0.449,-13.726,154
9.128,0.438,-13.724,152
9.129,0.426,-13.725,148
9.127,0.415,-13.722,160
9.129,0.403,-13.725,154
9.128,0.392,-13.724,153
9.128,0.38,-13.724,157
9.129,0.368,-13.725,158
9.13,0.357,-13.726,157
9.131,0.346,-13.727,161
9.129,0.334,-13.724,159
9.131,0.323,-13.727,163
9.131,0.311,-13.727,162
9.132,0.3,-13.729,163
9.132,0.289,-13.729,157
9.13,0.277,-13.727,163
9.132,0.265,-13.729,164
9.133,0.254,-13.73,161
9.133,0.242,-13.73,162
9.132,0.231,-13.729,166
9.132,0.219,-13.729,164
9.132,0.208,-13.729,169
9.13,0.196,-13.726,166
9.132,0.184,-13.729,162
9.133,0.173,-13.73,159
9.132,0.162,-13.729,153
9.134,0.15,-13.731,160
9.134,0.139,-13.731,159
9.137,0.127,-13.736,153
9.135,0.116,-13.733,155
9.137,0.104,-13.737,157
9.134,0.093,-13.732,163
9.137,0.081,-13.736,131
9.135,0.069,-13.734,68
9.139,0.058,-13.739,26
9.142,0.463,-13.724,45
9.139,0.452,-13.721,103
9.141,0.441,-13.724,126
9.141,0.429,-13.722,156
9.141,0.417,-13.723,153
9.141,0.406,-13.722,150
9.141,0.395,-13.722,147
9.14,0.383,-13.722,154
9.139,0.371,-13.72,159
9.138,0.36,-13.719,157
9.139,0.348,-13.72,149
9.139,0.337,-13.719,153
9.139,0.326,-13.721,155
9.14,0.314,-13.722,153
9.14,0.302,-13.722,154
9.14,0.291,-13.722,159
9.14,0.279,-13.721,159
9.141,0.268,-13.722,166
9.143,0.257,-13.726,161
9.143,0.245,-13.726,166
9.142,0.233,-13.724,161
9.143,0.222,-13.726,154
9.144,0.211,-13.727,156
9.143,0.199,-13.726,154
9.144,0.187,-13.727,157
9.142,0.176,-13.724,158
9.142,0.164,-13.724,156
9.143,0.153,-13.726,162
9.141,0.141,-13.723,153
9.143,0.13,-13.726,159
9.144,0.118,-13.727,156
9.142,0.107,-13.724,154
9.145,0.095,-13.729,132
9.145,0.084,-13.729,90
9.146,0.072,-13.73,53
9.155,0.454,-13.719,47
9.151,0.442,-13.714,69
9.154,0.431,-13.718,117
9.152,0.419,-13.715,142
9.15,0.407,-13.712,151
9.151,0.396,-13.714,151
9.152,0.384,-13.715,154
9.152,0.373,-13.715,158
9.151,0.361,-13.714,158
9.153,0.35,-13.715,153
9.153,0.338,-13.715,155
9.155,0.327,-13.719,151
9.153,0.315,-13.717,154
9.155,0.304,-13.719,152
9.156,0.292,-13.721,156
9.156,0.281,-13.72,154
9.154,0.269,-13.717,145
9.155,0.258,-13.719,152
9.156,0.247,-13.72,159
9.155,0.235,-13.719,153
9.156,0.223,-13.72,154
9.156,0.212,-13.72,153
9.154,0.2,-13.718,155
9.155,0.189,-13.719,155
9.155,0.177,-13.719,162
9.156,0.166,-13.721,151
9.155,0.154,-13.719,155
9.155,0.142,-13.719,153
9.16,0.131,-13.726,151
9.158,0.12,-13.724,152
9.158,0.108,-13.724,121
9.156,0.097,-13.721,57
9.158,0.085,-13.723,31
9.163,0.438,-13.714,54
9.162,0.427,-13.712,52
9.161,0.415,-13.711,114
9.163,0.404,-13.714,139
9.162,0.393,-13.712,150
9.161,0.381,-13.711,150
9.163,0.369,-13.713,153
9.164,0.357,-13.715,158
9.162,0.346,-13.712,154
9.166,0.335,-13.717,150
9.163,0.323,-13.714,155
9.163,0.312,-13.713,156
9.163,0.3,-13.712,153
9.164,0.288,-13.715,153
9.161,0.277,-13.71,153
9.162,0.266,-13.712,152
9.163,0.254,-13.713,152
9.164,0.243,-13.715,152
9.163,0.231,-13.713,154
9.166,0.22,-13.717,154
9.164,0.208,-13.715,146
9.164,0.197,-13.715,153
9.166,0.185,-13.717,154
9.166,0.173,-13.717,159
9.166,0.162,-13.717,157
9.167,0.15,-13.718,156
9.166,0.139,-13.717,159
9.166,0.127,-13.717,138
9.167,0.116,-13.719,103
9.167,0.104,-13.718,50
9.174,0.417,-13.71,54
9.172,0.406,-13.707,67
9.173,0.394,-13.709,112
9.174,0.383,-13.71,135
9.173,0.371,-13.708,158
9.173,0.36,-13.708,148
9.174,0.349,-13.709,154
9.17,0.337,-13.704,154
9.173,0.325,-13.708,155
9.171,0.314,-13.706,155
9.174,0.303,-13.709,149
9.173,0.291,-13.708,152
9.173,0.279,-13.708,148
9.175,0.268,-13.71,153
9.171,0.257,-13.705,156
9.174,0.245,-13.709,147
9.172,0.233,-13.707,155
9.175,0.222,-13.712,156
9.175,0.21,-13.711,152
9.176,0.199,-13.712,154
9.177,0.187,-13.714,156
9.176,0.176,-13.712,155
9.175,0.164,-13.711,158
9.177,0.153,-13.715,135
9.177,0.141,-13.714,115
9.176,0.13,-13.713,60
9.181,0.118,-13.719,18
9.189,0.397,-13.706,36
9.186,0.385,-13.703,42
9.185,0.373,-13.7,97
9.188,0.362,-13.705,131
9.183,0.351,-13.698,138
9.186,0.339,-13.703,147
9.187,0.328,-13.703,153
9.186,0.316,-13.701,154
9.187,0.305,-13.703,150
9.187,0.293,-13.703,153
9.188,0.282,-13.704,157
9.186,0.27,-13.702,153
9.188,0.259,-13.705,154
9.19,0.247,-13.708,149
9.188,0.236,-13.705,145
9.188,0.224,-13.705,162
9.189,0.213,-13.707,156
9.188,0.201,-13.705,146
9.184,0.189,-13.699,146
9.191,0.178,-13.71,126
9.188,0.167,-13.704,100
9.188,0.155,-13.705,56
9.208,0.273,-13.698,53
9.206,0.262,-13.694,50
9.208,0.25,-13.698,59
9.205,0.239,-13.693,79
9.209,0.227,-13.699,68
9.209,0.216,-13.699,56
9.208,0.204,-13.697,25
9.188,0.143,-13.705,43
9.199,0.372,-13.704,15
9.196,0.361,-13.699,43
9.196,0.349,-13.699,54
9.196,0.337,-13.698,104
9.2,0.326,-13.704,123
9.198,0.315,-13.702,135
9.198,0.303,-13.701,142
9.195,0.291,-13.698,154
9.197,0.28,-13.7,157
9.196,0.269,-13.699,157
9.195,0.257,-13.698,177
9.176,0.245,-13.669,207
9.182,0.233,-13.677,212
9.197,0.222,-13.701,191
9.199,0.211,-13.703,132
9.2,0.199,-13.705,108
9.198,0.188,-13.702,50
9.198,0.176,-13.703,70
9.202,0.165,-13.708,25
9.208,0.331,-13.697,22
9.21,0.319,-13.7,57
9.208,0.308,-13.698,68
9.206,0.296,-13.695,51
9.207,0.285,-13.696,53
12.906,0.929,-19.554,79
12.919,0.914,-19.573,38
12.908,0.932,-19.521,84
12.916,0.917,-19.534,82
12.93,0.901,-19.555,76
12.946,0.886,-19.579,32
12.917,0.928,-19.507,87
12.922,0.912,-19.516,92
12.931,0.896,-19.529,83
12.941,0.881,-19.544,79
12.957,0.865,-19.569,70
12.926,0.932,-19.496,92
12.931,0.915,-19.502,93
12.936,0.899,-19.51,86
12.941,0.883,-19.518,84
12.953,0.868,-19.535,81
12.961,0.852,-19.548,74
12.98,0.837,-19.576,71
12.939,0.934,-19.481,90
12.943,0.918,-19.487,89
12.947,0.902,-19.493,90
12.952,0.886,-19.5,89
12.96,0.87,-19.511,86
12.965,0.854,-19.52,79
12.976,0.838,-19.536,80
12.988,0.822,-19.554,76
13.006,0.808,-19.581,66
12.953,0.932,-19.476,96
12.956,0.916,-19.48,92
12.96,0.9,-19.485,91
12.962,0.883,-19.49,91
12.97,0.867,-19.501,90
12.974,0.852,-19.507,88
12.983,0.836,-19.52,84
12.991,0.82,-19.532,84
13.001,0.804,-19.548,81
13.018,0.789,-19.573,75
13.036,0.774,-19.6,54
12.967,0.936,-19.469,95
12.969,0.919,-19.472,89
12.973,0.904,-19.479,90
12.976,0.887,-19.483,92
12.979,0.871,-19.487,89
12.984,0.855,-19.494,87
12.991,0.839,-19.504,87
12.998,0.823,-19.515,91
13.004,0.808,-19.524,83
13.013,0.791,-19.538,87
13.028,0.776,-19.559,74
13.043,0.76,-19.583,75
13.059,0.745,-19.606,19
12.988,0.938,-19.465,89
12.988,0.922,-19.465,87
12.991,0.905,-19.47,97
12.993,0.889,-19.472,92
12.997,0.873,-19.478,88
12.999,0.857,-19.482,90
13.005,0.841,-19.49,92
13.011,0.825,-19.499,97
13.017,0.809,-19.508,88
13.024,0.794,-19.518,87
13.033,0.777,-19.532,84
13.043,0.762,-19.547,79
13.061,0.746,-19.574,77
13.08,0.73,-19.602,72
13.097,0.715,-19.628,21
13.006,0.933,-19.466,84
13.005,0.917,-19.465,85
13.007,0.901,-19.468,82
13.009,0.884,-19.471,81
13.012,0.868,-19.475,87
13.017,0.852,-19.482,86
13.02,0.836,-19.487,88
13.025,0.82,-19.495,93
13.03,0.804,-19.502,92
13.038,0.788,-19.514,91
13.044,0.771,-19.522,88
13.054,0.756,-19.538,84
13.063,0.74,-19.551,84
13.075,0.724,-19.569,75
13.094,0.709,-19.598,76
13.109,0.693,-19.621,64
13.025,0.937,-19.466,83
13.025,0.92,-19.467,86
13.024,0.904,-19.466,84
13.026,0.888,-19.469,88
13.028,0.872,-19.472,86
13.032,0.855,-19.478,93
13.035,0.839,-19.482,87
13.04,0.823,-19.488,93
13.041,0.807,-19.49,88
13.047,0.791,-19.499,87
13.052,0.775,-19.507,90
13.06,0.759,-19.519,84
13.068,0.743,-19.531,86
13.077,0.726,-19.544,84
13.086,0.711,-19.557,80
13.102,0.695,-19.581,80
13.107,0.679,-19.588,76
13.114,0.663,-19.599,85
13.124,0.647,-19.614,80
13.054,0.941,-19.474,83
13.053,0.924,-19.472,87
13.052,0.908,-19.471,87
13.051,0.891,-19.469,83
13.053,0.875,-19.472,82
13.053,0.859,-19.472,85
13.056,0.843,-19.476,88
13.057,0.826,-19.478,90
13.061,0.81,-19.483,88
13.064,0.794,-19.489,94
13.068,0.777,-19.494,91
13.075,0.762,-19.504,99
13.08,0.746,-19.513,94
13.088,0.73,-19.524,89
13.097,0.714,-19.537,85
13.104,0.697,-19.548,84
13.113,0.682,-19.561,83
13.118,0.666,-19.569,81
13.123,0.649,-19.576,84
13.134,0.633,-19.593,71
13.083,0.939,-19.492,74
13.077,0.922,-19.483,86
13.074,0.906,-19.479,87
13.071,0.89,-19.473,82
13.072,0.873,-19.475,89
13.071,0.857,-19.474,84
13.073,0.84,-19.476,83
13.075,0.824,-19.479,89
13.076,0.808,-19.482,94
13.08,0.792,-19.487,94
13.083,0.775,-19.492,90
13.089,0.759,-19.5,99
13.094,0.743,-19.507,88
13.099,0.727,-19.515,87
13.11,0.711,-19.531,89
13.113,0.695,-19.537,89
13.121,0.679,-19.548,91
13.125,0.663,-19.554,88
13.133,0.647,-19.566,82
13.146,0.631,-19.584,82
13.101,0.897,-19.49,81
13.097,0.881,-19.483,85
13.096,0.864,-19.483,78
13.092,0.848,-19.477,78
13.094,0.831,-19.48,89
13.093,0.815,-19.479,81
13.097,0.799,-19.483,84
13.098,0.783,-19.486,86
13.102,0.766,-19.491,95
13.104,0.75,-19.494,90
13.111,0.734,-19.505,90
13.116,0.717,-19.511,93
13.121,0.702,-19.52,88
13.127,0.686,-19.528,88
13.132,0.669,-19.536,89
13.139,0.653,-19.547,87
13.148,0.637,-19.56,86
13.166,0.621,-19.586,79
13.183,0.606,-19.611,42
14.535,1.088,-23.672,91
14.538,1.069,-23.677,93
14.54,1.05,-23.68,86
14.543,1.031,-23.684,94
14.545,1.011,-23.689,92
14.546,0.992,-23.69,91
14.55,0.973,-23.697,92
14.556,0.954,-23.706,95
14.555,0.934,-23.704,93
14.557,0.915,-23.707,92
14.557,0.895,-23.707,92
14.56,0.876,-23.712,96
14.562,0.857,-23.716,94
14.566,0.838,-23.723,91
14.568,0.818,-23.726,93
14.568,0.799,-23.726,91
14.582,0.78,-23.748,89
14.592,0.761,-23.764,94
14.54,1.101,-23.653,91
14.545,1.082,-23.661,90
14.546,1.062,-23.663,92
14.55,1.043,-23.67,90
14.551,1.023,-23.67,94
14.556,1.005,-23.679,93
14.556,0.985,-23.678,90
14.558,0.966,-23.682,94
14.563,0.947,-23.689,96
14.56,0.927,-23.684,88
14.561,0.908,-23.687,92
14.563,0.889,-23.689,91
14.563,0.869,-23.69,93
14.566,0.85,-23.694,91
14.568,0.83,-23.697,89
14.571,0.811,-23.704,96
14.578,0.793,-23.713,94
14.58,0.773,-23.718,98
14.584,0.753,-23.723,94
14.596,0.734,-23.744,95
14.605,0.715,-23.758,96
14.615,0.697,-23.773,96
14.615,0.677,-23.774,94
14.62,0.658,-23.783,90
14.629,0.639,-23.796,80
14.634,0.619,-23.806,60
14.558,1.105,-23.645,89
14.564,1.086,-23.654,86
14.561,1.067,-23.649,89
14.564,1.048,-23.653,87
14.566,1.028,-23.658,90
14.568,1.009,-23.66,92
14.57,0.99,-23.664,93
14.572,0.971,-23.666,94
14.572,0.951,-23.667,90
14.575,0.932,-23.671,92
14.577,0.913,-23.674,91
14.575,0.893,-23.671,88
14.576,0.873,-23.673,95
14.578,0.855,-23.677,92
14.582,0.836,-23.683,96
14.58,0.816,-23.68,90
14.581,0.796,-23.681,87
14.586,0.777,-23.689,92
14.586,0.758,-23.69,91
14.597,0.739,-23.707,93
14.606,0.72,-23.721,94
14.609,0.701,-23.727,95
14.615,0.681,-23.737,95
14.617,0.662,-23.74,94
14.625,0.643,-23.752,93
14.634,0.624,-23.766,92
14.653,0.605,-23.797,90
14.663,0.586,-23.814,72
14.684,0.567,-23.849,36
14.578,1.105,-23.63,89
14.581,1.086,-23.634,83
14.583,1.066,-23.638,90
14.587,1.047,-23.644,87
14.588,1.028,-23.645,88
14.592,1.009,-23.651,87
14.59,0.989,-23.649,86
14.592,0.97,-23.651,91
14.592,0.95,-23.652,88
14.59,0.93,-23.648,93
14.593,0.912,-23.653,82
14.591,0.892,-23.649,88
14.594,0.873,-23.654,93
14.592,0.853,-23.652,92
14.593,0.833,-23.653,89
14.594,0.815,-23.654,90
14.597,0.795,-23.66,92
14.601,0.776,-23.667,95
14.608,0.757,-23.678,93
14.608,0.737,-23.677,92
14.614,0.719,-23.688,94
14.615,0.699,-23.689,85
14.626,0.68,-23.706,91
14.634,0.661,-23.72,93
14.641,0.641,-23.73,97
14.643,0.622,-23.734,94
14.652,0.604,-23.749,93
14.66,0.584,-23.762,94
14.667,0.565,-23.774,92
14.676,0.545,-23.787,90
14.703,0.526,-23.832,88
14.724,0.508,-23.865,93
14.738,0.489,-23.887,87
14.731,0.469,-23.876,88
14.732,0.449,-23.878,87
14.725,0.43,-23.866,81
14.732,0.411,-23.878,61
14.597,1.101,-23.632,84
14.598,1.082,-23.632,92
14.599,1.063,-23.635,88
14.602,1.043,-23.64,84
14.604,1.024,-23.643,89
14.607,1.005,-23.646,88
14.604,0.985,-23.642,92
14.604,0.966,-23.642,87
14.607,0.947,-23.646,90
14.604,0.927,-23.643,90
14.606,0.907,-23.645,84
14.603,0.887,-23.64,91
14.603,0.869,-23.641,91
14.601,0.849,-23.637,90
14.603,0.83,-23.64,85
14.602,0.81,-23.639,88
14.606,0.791,-23.646,85
14.611,0.772,-23.653,88
14.611,0.752,-23.653,85
14.618,0.734,-23.665,87
14.624,0.714,-23.674,90
14.626,0.695,-23.677,91
14.631,0.675,-23.685,86
14.638,0.657,-23.697,89
14.646,0.637,-23.709,91
14.651,0.618,-23.719,91
14.657,0.599,-23.728,96
14.659,0.579,-23.731,90
14.666,0.561,-23.743,100
14.675,0.541,-23.756,92
14.679,0.522,-23.763,94
14.687,0.502,-23.775,96
14.697,0.483,-23.792,94
14.705,0.464,-23.805,91
14.714,0.445,-23.818,96
14.723,0.426,-23.833,99
14.727,0.406,-23.84,100
14.73,0.386,-23.845,99
14.734,0.367,-23.852,93
14.739,0.348,-23.859,84
14.747,0.328,-23.872,81
14.753,0.309,-23.882,57
14.762,0.289,-23.897,35
14.613,1.106,-23.626,90
14.615,1.087,-23.628,84
14.615,1.067,-23.628,91
14.619,1.048,-23.634,86
14.619,1.029,-23.635,86
14.62,1.01,-23.637,90
14.62,0.99,-23.637,89
14.621,0.97,-23.638,90
14.62,0.951,-23.636,88
14.619,0.932,-23.634,88
14.615,0.913,-23.628,96
14.616,0.893,-23.629,92
14.614,0.873,-23.626,91
14.614,0.854,-23.626,85
14.616,0.835,-23.629,87
14.618,0.816,-23.632,84
14.62,0.796,-23.635,85
14.623,0.777,-23.641,89
14.624,0.757,-23.642,85
14.633,0.738,-23.657,95
14.634,0.719,-23.658,91
14.64,0.7,-23.668,92
14.642,0.68,-23.67,87
14.649,0.661,-23.682,88
14.649,0.641,-23.682,88
14.66,0.623,-23.699,95
14.663,0.604,-23.705,94
14.668,0.584,-23.712,92
14.67,0.565,-23.715,89
14.68,0.545,-23.732,90
14.683,0.527,-23.737,86
14.688,0.507,-23.744,88
14.692,0.488,-23.752,92
14.7,0.468,-23.764,89
14.703,0.449,-23.77,93
14.71,0.429,-23.782,96
14.717,0.411,-23.791,95
14.721,0.391,-23.798,92
14.728,0.372,-23.809,93
14.733,0.352,-23.817,93
14.736,0.333,-23.823,95
14.745,0.314,-23.837,91
14.751,0.294,-23.846,94
14.754,0.275,-23.851,89
14.757,0.255,-23.856,89
14.762,0.235,-23.865,88
14.772,0.216,-23.881,85
14.774,0.197,-23.884,75
14.775,0.177,-23.885,64
14.78,0.157,-23.893,55
14.786,0.138,-23.903,31
14.639,1.094,-23.617,90
14.639,1.074,-23.619,90
14.642,1.055,-23.622,85
14.644,1.036,-23.626,92
14.646,1.016,-23.629,89
14.646,0.997,-23.629,91
14.642,0.978,-23.623,91
14.644,0.958,-23.625,90
14.642,0.938,-23.623,90
14.639,0.919,-23.618,92
14.638,0.9,-23.616,92
14.635,0.88,-23.611,94
14.63,0.86,-23.603,87
14.632,0.841,-23.606,91
14.634,0.821,-23.609,90
14.636,0.802,-23.612,93
14.645,0.784,-23.627,91
14.642,0.764,-23.622,86
14.647,0.744,-23.631,87
14.653,0.725,-23.64,90
14.658,0.706,-23.649,93
14.664,0.687,-23.657,88
14.67,0.668,-23.667,89
14.671,0.649,-23.669,86
14.675,0.629,-23.674,90
14.677,0.61,-23.679,92
14.683,0.591,-23.688,91
14.687,0.572,-23.695,90
14.693,0.552,-23.704,97
14.695,0.533,-23.708,91
14.701,0.513,-23.717,92
14.705,0.494,-23.724,93
14.707,0.475,-23.726,94
14.71,0.455,-23.732,86
14.717,0.436,-23.744,89
14.722,0.417,-23.751,90
14.725,0.397,-23.756,90
14.729,0.378,-23.762,90
14.731,0.359,-23.765,89
14.738,0.339,-23.775,93
14.741,0.319,-23.78,88
14.745,0.3,-23.787,91
14.751,0.281,-23.797,98
14.753,0.261,-23.8,92
14.759,0.242,-23.81,94
14.762,0.222,-23.815,93
14.766,0.202,-23.821,93
14.77,0.183,-23.828,97
14.774,0.164,-23.834,93
14.776,0.144,-23.838,95
14.782,0.124,-23.847,94
14.786,0.105,-23.854,91
14.792,0.085,-23.863,96
14.799,0.066,-23.875,89
14.803,0.046,-23.881,83
14.813,0.026,-23.896,73
14.818,0.007,-23.905,48
14.652,1.109,-23.611,92
14.655,1.09,-23.616,91
14.654,1.07,-23.615,96
14.658,1.052,-23.621,89
14.658,1.032,-23.621,89
14.66,1.013,-23.624,93
14.658,0.993,-23.621,96
14.658,0.974,-23.622,90
14.658,0.955,-23.622,92
14.656,0.935,-23.618,89
14.654,0.915,-23.614,96
14.65,0.896,-23.608,95
14.646,0.876,-23.602,92
14.644,0.856,-23.599,92
14.646,0.837,-23.602,92
14.641,0.817,-23.593,87
14.648,0.798,-23.604,95
14.651,0.779,-23.609,89
14.659,0.76,-23.622,91
14.665,0.741,-23.632,96
14.667,0.722,-23.635,93
14.67,0.702,-23.64,89
14.675,0.683,-23.647,91
14.679,0.664,-23.654,96
14.682,0.645,-23.659,91
14.684,0.626,-23.663,96
14.693,0.606,-23.677,91
14.694,0.587,-23.678,91
14.7,0.567,-23.688,96
14.703,0.548,-23.693,84
14.706,0.529,-23.698,88
14.709,0.51,-23.702,89
14.712,0.49,-23.707,92
14.715,0.47,-23.712,88
14.719,0.451,-23.719,89
14.723,0.432,-23.726,89
14.728,0.413,-23.733,93
14.732,0.393,-23.739,86
14.734,0.373,-23.744,91
14.738,0.354,-23.749,94
14.74,0.335,-23.752,86
14.744,0.316,-23.759,85
14.75,0.296,-23.769,92
14.753,0.276,-23.773,92
14.756,0.257,-23.778,93
14.762,0.237,-23.787,96
14.762,0.218,-23.788,99
14.766,0.199,-23.794,97
14.772,0.179,-23.803,93
14.774,0.16,-23.808,94
14.778,0.14,-23.814,93
14.781,0.121,-23.818,93
14.785,0.101,-23.825,91
14.789,0.082,-23.831,94
14.791,0.062,-23.834,90
14.802,0.042,-23.852,95
14.805,0.023,-23.858,93
14.814,0.004,-23.871,90
14.671,1.098,-23.609,89
14.669,1.079,-23.605,92
14.673,1.059,-23.612,86
14.675,1.04,-23.614,81
14.676,1.021,-23.617,88
14.675,1.002,-23.615,91
14.675,0.982,-23.615,87
14.675,0.962,-23.615,98
14.676,0.943,-23.616,97
14.674,0.923,-23.612,101
14.672,0.904,-23.61,90
14.673,0.885,-23.612,93
14.663,0.864,-23.595,90
14.66,0.845,-23.59,104
14.66,0.825,-23.59,89
14.665,0.807,-23.597,89
14.667,0.787,-23.601,83
14.67,0.768,-23.606,87
14.674,0.748,-23.613,90
14.679,0.729,-23.62,91
14.685,0.711,-23.63,91
14.686,0.691,-23.632,88
14.691,0.672,-23.64,89
14.696,0.652,-23.647,92
14.7,0.633,-23.655,104
14.706,0.614,-23.663,95
14.708,0.595,-23.668,93
14.712,0.576,-23.674,95
14.714,0.556,-23.677,89
14.717,0.536,-23.681,92
14.72,0.517,-23.686,101
14.722,0.498,-23.689,91
14.727,0.479,-23.698,87
14.73,0.459,-23.701,86
14.733,0.44,-23.706,87
14.734,0.42,-23.709,90
14.736,0.401,-23.712,85
14.743,0.382,-23.722,86
14.745,0.362,-23.726,94
14.748,0.343,-23.732,88
14.753,0.323,-23.739,92
14.756,0.303,-23.743,86
14.759,0.285,-23.748,89
14.762,0.265,-23.753,89
14.766,0.245,-23.76,91
14.766,0.226,-23.759,90
14.767,0.206,-23.761,87
14.771,0.187,-23.768,86
14.774,0.168,-23.772,88
14.778,0.148,-23.779,94
14.784,0.128,-23.788,95
14.786,0.109,-23.792,88
14.79,0.09,-23.798,90
14.79,0.07,-23.799,94
14.797,0.05,-23.81,91
14.799,0.031,-23.813,89
14.804,0.011,-23.82,90
14.694,1.103,-23.601,89
14.692,1.084,-23.597,85
14.696,1.065,-23.603,86
14.695,1.046,-23.602,89
14.696,1.026,-23.604,92
14.697,1.007,-23.605,88
14.698,0.987,-23.607,89
14.698,0.968,-23.608,86
14.699,0.949,-23.608,94
14.693,0.928,-23.598,103
14.696,0.909,-23.603,91
14.708,0.89,-23.623,93
14.686,0.87,-23.587,98
14.681,0.85,-23.579,99
14.679,0.831,-23.576,90
14.682,0.811,-23.581,88
14.687,0.792,-23.588,92
14.691,0.773,-23.595,86
14.697,0.754,-23.604,92
14.702,0.735,-23.612,89
14.705,0.715,-23.617,93
14.709,0.696,-23.624,87
14.715,0.677,-23.632,94
14.718,0.658,-23.638,98
14.722,0.638,-23.643,92
14.727,0.619,-23.653,98
14.728,0.6,-23.654,95
14.731,0.58,-23.659,94
14.733,0.561,-23.661,85
14.732,0.541,-23.66,89
14.736,0.522,-23.667,84
14.74,0.502,-23.672,77
14.739,0.483,-23.671,75
14.744,0.464,-23.68,77
14.748,0.445,-23.686,76
14.753,0.425,-23.694,75
14.755,0.405,-23.697,79
14.756,0.386,-23.699,77
14.76,0.366,-23.706,88
14.762,0.348,-23.709,86
14.768,0.328,-23.718,87
14.769,0.308,-23.721,87
14.774,0.289,-23.728,91
14.774,0.269,-23.726,88
14.777,0.25,-23.733,90
14.778,0.231,-23.734,83
14.781,0.211,-23.739,91
14.784,0.191,-23.743,98
14.788,0.172,-23.75,95
14.79,0.153,-23.752,90
14.794,0.133,-23.76,92
14.797,0.114,-23.764,90
14.799,0.094,-23.768,91
14.802,0.074,-23.772,90
14.805,0.055,-23.777,97
14.806,0.036,-23.778,93
14.809,0.016,-23.783,91
14.712,1.1,-23.596,85
14.711,1.08,-23.594,91
14.713,1.061,-23.597,92
14.712,1.041,-23.595,92
14.715,1.023,-23.601,87
14.715,1.003,-23.6,98
14.715,0.983,-23.601,97
14.716,0.964,-23.601,90
14.714,0.944,-23.598,91
14.708,0.925,-23.588,97
14.706,0.905,-23.585,92
14.7,0.885,-23.577,93
14.698,0.865,-23.572,91
14.695,0.846,-23.567,95
14.696,0.827,-23.57,92
14.705,0.808,-23.585,90
14.71,0.789,-23.593,88
14.714,0.769,-23.598,89
14.719,0.75,-23.606,91
14.724,0.73,-23.614,96
14.726,0.712,-23.617,98
14.729,0.692,-23.622,98
14.731,0.673,-23.626,91
14.735,0.654,-23.632,94
14.738,0.634,-23.637,97
14.743,0.615,-23.644,91
14.746,0.596,-23.649,82
14.745,0.576,-23.648,47
14.781,0.324,-23.705,58
14.78,0.305,-23.703,81
14.786,0.285,-23.712,89
14.785,0.266,-23.712,89
14.787,0.246,-23.715,86
14.788,0.227,-23.717,85
14.792,0.208,-23.723,93
14.795,0.188,-23.728,90
14.797,0.169,-23.73,89
14.797,0.149,-23.731,88
14.8,0.129,-23.736,90
14.806,0.109,-23.746,91
14.806,0.09,-23.746,89
14.809,0.071,-23.75,95
14.811,0.051,-23.754,90
14.814,0.032,-23.757,91
14.816,0.012,-23.76,92
14.733,1.103,-23.595,80
14.732,1.084,-23.593,82
14.732,1.065,-23.593,85
14.732,1.045,-23.593,79
14.733,1.026,-23.595,86
14.735,1.006,-23.598,90
14.735,0.988,-23.598,87
14.736,0.968,-23.599,95
14.728,0.948,-23.586,94
14.724,0.928,-23.579,91
14.717,0.908,-23.569,97
14.714,0.889,-23.565,105
14.714,0.869,-23.564,90
14.716,0.85,-23.567,87
14.718,0.831,-23.57,87
14.724,0.812,-23.58,90
14.734,0.792,-23.596,90
14.734,0.774,-23.596,89
14.741,0.754,-23.607,93
14.745,0.735,-23.614,96
14.747,0.715,-23.616,92
14.748,0.696,-23.618,98
14.75,0.677,-23.621,94
14.751,0.658,-23.624,82
14.749,0.638,-23.619,44
14.797,0.27,-23.696,51
14.798,0.25,-23.698,81
14.802,0.23,-23.704,87
14.804,0.211,-23.708,92
14.805,0.191,-23.709,91
14.806,0.171,-23.709,92
14.81,0.153,-23.717,90
14.813,0.133,-23.721,91
14.815,0.113,-23.725,87
14.816,0.094,-23.726,87
14.818,0.074,-23.729,99
14.821,0.055,-23.736,89
14.825,0.036,-23.74,88
14.825,0.016,-23.742,88
14.756,1.106,-23.589,79
14.753,1.086,-23.584,83
14.755,1.066,-23.586,79
14.76,1.048,-23.596,81
14.759,1.028,-23.593,86
14.742,1.008,-23.566,85
14.741,0.988,-23.565,86
14.744,0.969,-23.57,89
14.743,0.95,-23.566,91
14.751,0.93,-23.58,87
14.753,0.911,-23.584,89
14.75,0.891,-23.578,91
14.738,0.871,-23.559,90
14.743,0.852,-23.567,83
14.746,0.833,-23.573,82
14.752,0.814,-23.581,87
14.757,0.795,-23.59,89
14.758,0.775,-23.591,90
14.764,0.756,-23.601,88
14.766,0.737,-23.604,91
14.768,0.718,-23.608,91
14.771,0.698,-23.612,83
14.774,0.678,-23.617,26
14.818,0.231,-23.687,30
14.821,0.213,-23.692,86
14.821,0.193,-23.691,94
14.821,0.173,-23.691,92
14.825,0.154,-23.697,94
14.828,0.134,-23.702,89
14.83,0.115,-23.705,99
14.832,0.096,-23.708,93
14.834,0.076,-23.712,99
14.835,0.056,-23.713,91
14.838,0.036,-23.718,93
14.843,0.018,-23.726,91
14.781,1.102,-23.594,79
14.778,1.082,-23.59,79
14.765,1.061,-23.569,85
14.775,1.042,-23.585,81
14.778,1.023,-23.59,83
14.78,1.004,-23.592,79
14.779,0.985,-23.591,81
14.779,0.965,-23.591,87
14.775,0.945,-23.584,87
14.776,0.925,-23.586,89
14.774,0.906,-23.582,96
14.774,0.887,-23.583,89
14.774,0.868,-23.583,90
14.77,0.848,-23.576,87
14.773,0.828,-23.581,83
14.778,0.809,-23.589,88
14.78,0.79,-23.592,88
14.781,0.771,-23.594,87
14.786,0.751,-23.601,86
14.79,0.732,-23.607,77
14.835,0.188,-23.678,65
14.836,0.169,-23.681,97
14.838,0.149,-23.683,95
14.844,0.13,-23.692,93
14.845,0.11,-23.695,96
14.846,0.09,-23.697,94
14.847,0.071,-23.698,93
14.849,0.052,-23.701,93
14.851,0.032,-23.705,100
14.856,0.013,-23.712,88
14.805,1.112,-23.599,82
14.801,1.092,-23.592,80
14.807,1.074,-23.602,78
14.81,1.054,-23.606,76
14.806,1.035,-23.6,81
14.808,1.015,-23.604,80
14.802,0.995,-23.593,85
14.801,0.975,-23.592,83
14.79,0.956,-23.574,87
14.799,0.937,-23.588,84
14.795,0.917,-23.583,82
14.797,0.897,-23.586,83
14.793,0.878,-23.58,83
14.795,0.859,-23.582,86
14.796,0.84,-23.584,94
14.797,0.82,-23.586,87
14.802,0.8,-23.593,88
14.804,0.781,-23.597,92
14.806,0.762,-23.599,88
14.81,0.743,-23.605,25
14.855,0.159,-23.677,66
14.855,0.14,-23.677,92
14.855,0.121,-23.677,97
14.856,0.101,-23.679,97
14.858,0.081,-23.682,96
14.861,0.062,-23.687,97
14.863,0.042,-23.69,94
14.866,0.023,-23.695,95
14.869,0.004,-23.699,94
14.842,1.12,-23.612,76
14.831,1.1,-23.596,82
14.841,1.081,-23.611,81
14.844,1.062,-23.617,80
14.842,1.042,-23.612,78
14.846,1.023,-23.619,80
14.84,1.003,-23.609,86
14.833,0.983,-23.598,81
14.828,0.963,-23.59,86
14.828,0.943,-23.59,85
14.828,0.925,-23.59,87
14.824,0.905,-23.583,85
14.821,0.885,-23.579,85
14.823,0.865,-23.582,80
14.826,0.846,-23.587,81
14.826,0.827,-23.587,83
14.828,0.808,-23.59,88
14.828,0.788,-23.59,76
14.835,0.769,-23.601,16
14.875,0.126,-23.663,88
14.875,0.107,-23.664,96
14.879,0.088,-23.67,93
14.88,0.068,-23.672,93
14.884,0.049,-23.677,95
14.884,0.029,-23.678,94
14.885,0.009,-23.68,98
14.889,1.12,-23.659,79
14.888,1.1,-23.657,77
14.886,1.081,-23.654,77
14.88,1.061,-23.643,81
14.872,1.041,-23.632,79
14.867,1.021,-23.624,79
14.861,1,-23.614,83
14.857,0.982,-23.608,87
14.853,0.961,-23.602,84
14.852,0.942,-23.601,83
14.852,0.922,-23.6,86
14.849,0.902,-23.596,81
14.847,0.883,-23.592,84
14.847,0.864,-23.592,86
14.847,0.844,-23.592,83
14.847,0.825,-23.591,83
14.849,0.805,-23.594,77
14.891,0.105,-23.66,91
14.892,0.085,-23.663,92
14.894,0.065,-23.665,92
14.894,0.047,-23.666,93
14.898,0.027,-23.671,94
14.899,0.007,-23.672,95
14.918,1.048,-23.671,48
14.916,1.028,-23.667,73
14.909,1.008,-23.655,78
14.9,0.988,-23.642,77
14.891,0.968,-23.627,83
14.883,0.948,-23.614,81
14.88,0.929,-23.609,85
14.878,0.909,-23.607,78
14.877,0.889,-23.605,82
14.877,0.869,-23.604,85
14.875,0.85,-23.602,87
14.873,0.831,-23.597,77
14.909,0.091,-23.654,76
14.911,0.071,-23.657,91
14.91,0.052,-23.656,98
14.916,0.032,-23.665,93
14.917,0.013,-23.667,95
14.943,0.974,-23.666,47
14.936,0.954,-23.655,74
14.927,0.934,-23.64,77
14.922,0.914,-23.632,80
14.917,0.895,-23.624,79
14.914,0.875,-23.62,84
14.915,0.855,-23.621,78
14.913,0.836,-23.617,47
14.931,0.075,-23.646,84
14.933,0.056,-23.649,92
14.932,0.036,-23.648,90
14.936,0.016,-23.653,89
14.958,0.906,-23.658,44
14.951,0.886,-23.647,66
14.951,0.867,-23.648,74
14.943,0.847,-23.635,18
14.952,0.066,-23.648,36
14.952,0.046,-23.647,90
14.956,0.027,-23.654,96
14.956,0.008,-23.655,89
14.973,0.052,-23.647,26
14.974,0.032,-23.649,86
14.973,0.012,-23.646,85
14.998,0.035,-23.642,56
15.001,0.015,-23.646,84
15.017,0.01,-23.64,87
15.045,0,-23.647,81
15.073,0.007,-23.646,27
24.589,1.373,-36.854,17
24.577,1.342,-36.836,67
24.642,1.925,-39.102,51
25.139,1.964,-39.889,36
25.321,1.946,-40.178,40
24.731,1.867,-39.243,46
25.296,1.91,-40.14,18
24.76,1.837,-39.287,43
24.604,1.926,-38.968,47
25.383,1.987,-40.202,44
24.704,1.902,-39.126,20
25.406,1.956,-40.24,72
24.829,1.878,-39.325,51
25.409,1.923,-40.243,64
24.8,1.845,-39.28,53
25.396,1.889,-40.224,48
25.282,1.781,-40.043,22
24.988,1.662,-39.576,34
24.759,1.615,-39.214,49
24.712,1.918,-39.09,50
25.308,1.965,-40.032,45
24.729,1.888,-39.117,59
25.38,1.937,-40.147,32
24.832,1.83,-39.278,32
25.253,1.762,-39.944,58
25.27,1.73,-39.972,66
25.194,1.691,-39.851,71
24.711,1.627,-39.087,64
25.175,1.624,-39.82,67
24.688,1.561,-39.05,62
24.824,1.537,-39.265,62
24.664,1.495,-39.014,56
24.598,1.459,-38.908,30
24.728,1.925,-39.056,24
25.434,1.98,-40.172,58
24.733,1.893,-39.066,47
25.414,1.945,-40.14,39
24.762,1.864,-39.111,62
25.356,1.842,-40.049,53
25.291,1.77,-39.946,41
25.294,1.739,-39.951,74
25.291,1.705,-39.946,78
25.314,1.673,-39.982,65
25.192,1.632,-39.79,69
24.668,1.566,-38.962,62
24.64,1.532,-38.918,69
24.651,1.501,-38.935,74
24.669,1.47,-38.963,44
24.804,1.445,-39.177,44
24.779,1.933,-39.065,52
25.399,1.981,-40.042,28
24.76,1.898,-39.034,57
24.759,1.866,-39.033,23
24.685,1.764,-38.916,29
25.333,1.744,-39.937,36
25.367,1.679,-39.991,46
24.724,1.605,-38.977,11
25.337,1.645,-39.944,60
25.26,1.607,-39.822,65
24.704,1.539,-38.945,66
25.239,1.539,-39.789,42
24.777,1.479,-39.06,49
24.769,1.921,-38.997,56
25.66,1.99,-40.399,20
24.844,1.895,-39.116,41
25.465,1.943,-40.092,54
24.712,1.788,-38.907,29
25.334,1.766,-39.886,60
25.316,1.733,-39.858,78
25.316,1.7,-39.858,62
25.413,1.673,-40.011,60
24.741,1.596,-38.952,43
25.372,1.637,-39.945,56
25.253,1.596,-39.758,53
24.716,1.531,-38.913,55
25.308,1.568,-39.844,29
24.759,1.501,-38.98,53
24.801,1.904,-38.987,33
24.795,1.871,-38.977,61
25.538,1.928,-40.147,24
25.362,1.749,-39.869,62
25.345,1.714,-39.841,66
25.375,1.685,-39.888,36
25.303,1.547,-39.775,45
24.784,1.911,-38.888,83
24.777,1.878,-38.876,59
24.779,1.846,-38.879,49
25.455,1.798,-39.94,46
25.565,1.772,-40.113,78
25.418,1.729,-39.882,72
25.393,1.694,-39.842,39
24.813,1.935,-38.884,61
24.81,1.87,-38.878,51
25.763,1.942,-40.372,26
25.485,1.788,-39.936,23
25.434,1.752,-39.856,30
24.862,1.916,-38.9,43
26.062,2.009,-40.778,40
24.858,1.883,-38.892,73
24.842,1.849,-38.868,32
25.73,1.816,-40.257,21
24.892,1.921,-38.876,27
25.98,1.973,-40.576,27
24.887,1.857,-38.869,50
25.792,1.891,-40.283,43
24.905,1.913,-38.849,34
24.853,1.781,-38.767,41
24.577,1.403,-36.903,65
30.514,1.957,-47.878,29
30.47,1.914,-47.809,38
30.456,2.098,-47.726,63
30.449,2.059,-47.716,62
30.646,2.032,-48.025,65
30.55,1.986,-47.873,51
30.543,1.945,-47.862,61
30.483,1.901,-47.767,60
30.496,1.862,-47.788,32
30.749,2.13,-48.111,29
30.444,2.069,-47.634,61
30.608,2.04,-47.89,61
30.612,2,-47.896,50
30.549,1.958,-47.797,55
30.537,1.917,-47.778,36
30.706,2.334,-47.83,24
30.695,2.293,-47.814,31
30.664,2.299,-47.675,18
30.807,2.272,-47.898,47
30.568,2.056,-47.526,39
30.682,2.024,-47.703,42
30.915,1.999,-48.065,59
30.902,1.958,-48.045,57
30.534,2.093,-47.412,51
30.542,2.055,-47.425,32
31.048,2.089,-48.21,43
31.138,2.054,-48.35,26
31.086,2.01,-48.268,55
31.004,1.966,-48.142,30
31.441,2.401,-48.429,25
31.118,2.296,-47.931,36
31.277,2.267,-48.177,26
31.268,2.433,-48.101,56
31.477,2.408,-48.423,21
30.564,2.35,-46.954,37
31.345,2.41,-48.153,32
31.469,2.177,-48.343,64
31.48,2.137,-48.36,39
31.333,2.455,-48.043,33
31.344,2.415,-48.06,54
30.559,2.317,-46.855,49
31.411,2.382,-48.163,34
31.459,1.982,-48.236,27
31.423,2.408,-48.123,16
31.597,2.381,-48.39,47
31.475,2.01,-48.202,24
30.695,2.4,-46.944,60
31.486,1.94,-48.152,29
31.558,2.435,-48.17,56
31.521,2.353,-48.114,46
31.521,2.312,-48.113,48
31.082,2.24,-47.443,44
31.563,2.275,-48.178,54
31.042,2.197,-47.382,76
31.08,2.16,-47.44,15
31.566,2.472,-48.122,62
31.668,2.439,-48.276,41
31.697,2.401,-48.321,44
31.513,2.346,-48.04,58
31.559,2.309,-48.11,44
31.604,2.272,-48.178,55
31.639,2.236,-48.231,46
31.598,2.192,-48.169,79
31.636,2.448,-48.157,59
31.657,2.409,-48.189,76
31.554,2.362,-48.032,40
31.615,2.326,-48.126,35
31.644,2.287,-48.169,51
31.64,2.247,-48.163,75
31.671,2.208,-48.21,22
31.685,2.384,-48.141,28
31.683,2.343,-48.138,54
31.652,2.302,-48.09,70
31.671,2.262,-48.119,83
31.7,2.224,-48.164,36
31.712,2.304,-48.12,7
31.706,2.263,-48.112,69
31.677,2.222,-48.067,60
31.78,2.207,-48.153,30
25.784,1.857,-42.281,40
25.8,1.824,-42.307,29
27.134,2.049,-43.056,20
27.122,2.012,-43.035,32
26.751,1.99,-42.37,35
26.753,1.884,-42.372,46
26.759,1.849,-42.382,70
26.76,2.007,-42.329,43
26.841,1.838,-42.456,46
27.19,1.684,-43.008,25
26.078,2.03,-41.19,39
26.815,1.948,-42.354,20
27.334,1.879,-43.174,34
27.216,1.799,-42.988,62
26.695,1.591,-42.164,40
27.216,1.622,-42.986,60
26.64,1.552,-42.076,19
27.369,2.063,-43.148,41
27.343,1.99,-43.106,78
27.338,1.954,-43.099,50
27.332,1.882,-43.09,54
27.322,1.845,-43.073,83
27.315,1.809,-43.063,79
27.266,1.771,-42.985,44
27.248,1.662,-42.957,76
27.252,1.627,-42.963,44
26.06,2.021,-41.03,26
26.082,1.99,-41.064,25
26.067,1.954,-41.041,49
27.351,1.979,-43.062,86
27.351,1.943,-43.061,72
27.334,1.836,-43.035,69
27.331,1.799,-43.03,76
27.322,1.763,-43.015,53
27.308,1.726,-42.993,70
27.296,1.691,-42.976,60
27.292,1.655,-42.968,51
27.287,1.619,-42.96,44
26.113,2.005,-41.05,35
27.386,2.103,-43.051,46
27.379,1.996,-43.039,57
27.363,1.851,-43.014,36
27.363,1.817,-43.014,82
27.361,1.781,-43.011,92
27.355,1.745,-43.001,89
27.351,1.708,-42.994,87
27.335,1.671,-42.97,58
26.128,1.981,-40.996,44
27.417,1.865,-43.019,38
27.414,1.829,-43.013,83
27.409,1.792,-43.005,89
27.408,1.758,-43.005,75
27.412,1.722,-43.011,81
27.406,1.686,-43.001,70
27.455,2.141,-43.024,36
27.456,2.105,-43.025,86
27.453,2.069,-43.021,46
27.452,1.784,-43.019,44
27.833,2.145,-43.549,52
27.789,1.961,-43.479,16
27.777,1.924,-43.46,21
27.725,1.811,-43.379,18
27.662,1.737,-43.279,69
27.875,2.151,-43.536,27
27.821,2.04,-43.451,36
27.765,1.892,-43.365,74
27.753,1.855,-43.345,84
27.739,1.818,-43.323,83
27.72,1.78,-43.294,81
27.697,1.743,-43.258,80
27.86,2.067,-43.459,63
27.854,2.03,-43.449,24
27.792,1.882,-43.353,15
27.767,1.844,-43.313,90
27.753,1.809,-43.291,82
27.739,1.771,-43.27,81
27.728,1.735,-43.252,67
27.808,1.861,-43.315,45
27.799,1.824,-43.302,76
27.786,1.787,-43.282,76
27.772,1.752,-43.261,70
27.817,2.122,-43.248,26
27.831,2.087,-43.271,65
27.833,2.052,-43.273,34
27.852,2.162,-43.248,27
27.838,2.125,-43.227,75
27.829,2.088,-43.213,51
27.818,2.05,-43.195,82
27.83,2.015,-43.214,86
27.26,1.729,-42.328,23
27.87,2.132,-43.215,27
27.857,2.096,-43.194,80
27.855,2.06,-43.192,46
27.843,2.022,-43.173,55
27.858,1.915,-43.196,22
27.261,1.84,-42.27,49
27.254,1.804,-42.258,76
27.245,1.768,-42.245,89
27.255,1.733,-42.26,76
27.258,2.129,-42.178,50
27.286,1.885,-42.221,34
27.276,1.849,-42.204,51
27.28,1.814,-42.21,92
27.283,1.78,-42.216,92
27.29,1.745,-42.226,92
27.271,2.127,-42.148,86
27.274,2.092,-42.153,92
27.291,1.989,-42.179,19
27.3,1.849,-42.194,79
27.305,1.814,-42.2,76
27.311,1.779,-42.209,86
27.315,1.744,-42.215,84
27.299,2.112,-42.132,90
27.304,2.077,-42.139,84
27.308,2.008,-42.145,60
27.335,1.868,-42.186,42
27.341,1.834,-42.195,82
27.351,1.8,-42.211,79
27.897,1.836,-43.053,60
27.358,1.765,-42.222,80
27.873,1.798,-43.017,65
27.89,1.763,-43.044,68
27.35,2.124,-42.128,83
27.357,2.089,-42.138,81
27.373,2.055,-42.163,66
27.37,2.019,-42.158,38
27.891,1.744,-42.322,74
27.867,1.707,-42.285,81
27.853,1.67,-42.264,88
27.845,1.634,-42.252,70
27.938,1.87,-42.331,50
27.929,1.834,-42.317,76
27.913,1.797,-42.292,77
27.902,1.761,-42.276,87
27.892,1.724,-42.262,92
27.882,1.69,-42.245,89
27.878,1.654,-42.24,92
27.875,1.618,-42.235,73
27.973,1.914,-42.309,70
27.963,1.878,-42.293,84
27.949,1.841,-42.271,88
27.941,1.806,-42.259,84
27.931,1.77,-42.245,89
27.927,1.734,-42.238,89
27.923,1.699,-42.232,86
27.919,1.663,-42.225,86
27.914,1.628,-42.218,83
27.916,1.592,-42.221,68
27.98,1.869,-42.262,44
27.975,1.833,-42.253,84
27.971,1.797,-42.247,85
27.964,1.761,-42.237,86
27.96,1.726,-42.23,87
27.964,1.691,-42.237,82
27.963,1.655,-42.235,86
27.974,1.62,-42.251,81
27.985,1.585,-42.268,80
28.01,1.806,-42.249,41
28.013,1.77,-42.251,77
28.013,1.735,-42.252,62
28.023,1.699,-42.268,49
28.45,2.186,-45.144,26
24.55,1.307,-36.862,76
24.542,1.276,-36.849,70
24.535,1.244,-36.838,23
24.362,0.193,-36.577,60
24.358,0.162,-36.571,72
24.353,0.131,-36.564,74
24.347,0.1,-36.555,71
24.343,0.07,-36.549,62
24.324,0.04,-36.521,40
24.572,1.311,-36.828,74
24.561,1.28,-36.812,73
24.552,1.248,-36.798,72
24.543,1.217,-36.784,48
24.383,0.227,-36.543,67
24.372,0.196,-36.527,74
24.361,0.166,-36.51,74
24.347,0.135,-36.49,77
24.334,0.104,-36.47,76
24.325,0.073,-36.456,75
24.309,0.042,-36.433,74
24.298,0.013,-36.415,72
24.416,0.278,-36.544,44
24.406,0.248,-36.529,73
24.393,0.217,-36.511,75
24.382,0.186,-36.493,72
24.371,0.155,-36.476,75
24.354,0.124,-36.451,76
24.341,0.094,-36.431,74
24.324,0.064,-36.407,74
24.31,0.033,-36.385,75
24.295,0.002,-36.363,76
24.226,1.646,-39.647,54
24.222,1.613,-39.643,53
24.4,1.526,-39.934,39
24.46,1.497,-40.032,35
24.323,1.457,-39.807,12
24.254,1.419,-39.694,71
24.232,1.385,-39.658,73
24.461,1.365,-40.032,14
24.489,1.334,-40.078,35
24.285,1.259,-39.745,17
24.412,1.29,-39.9,43
24.334,1.253,-39.772,79
24.327,1.222,-39.761,71
24.286,1.187,-39.694,72
24.341,1.156,-39.784,55
24.166,1.083,-39.498,28
24.281,1.056,-39.687,47
24.373,1.202,-39.775,57
24.343,1.167,-39.726,78
24.361,1.137,-39.757,65
24.337,1.103,-39.716,37
24.348,1.071,-39.735,71
24.327,1.037,-39.7,57
24.327,0.973,-39.701,68
24.318,0.939,-39.685,74
24.346,0.908,-39.731,63
24.383,1.141,-39.711,66
24.53,1.115,-39.951,72
24.427,1.079,-39.783,50
24.411,1.046,-39.757,60
24.373,1.011,-39.695,76
24.383,0.979,-39.712,63
24.365,0.945,-39.681,63
24.347,0.913,-39.653,72
24.427,0.883,-39.783,25
24.396,0.85,-39.733,34
24.405,0.817,-39.747,74
24.36,0.783,-39.673,73
24.432,0.752,-39.791,79
24.441,0.721,-39.806,48
24.508,1.07,-39.869,39
24.465,1.035,-39.798,57
24.394,1.001,-39.683,62
24.371,0.967,-39.646,68
24.39,0.935,-39.677,62
24.544,0.908,-39.928,28
24.52,0.874,-39.889,43
24.419,0.838,-39.723,63
24.381,0.805,-39.661,74
24.416,0.774,-39.718,82
24.455,0.742,-39.781,72
24.396,0.975,-39.624,62
24.399,0.942,-39.627,72
24.395,0.91,-39.621,79
24.398,0.878,-39.625,66
24.481,0.848,-39.761,40
24.434,0.814,-39.685,71
24.418,0.78,-39.658,75
24.406,0.748,-39.639,79
24.413,0.716,-39.651,49
24.447,0.713,-39.626,20
24.57,1.396,-36.945,12
24.572,1.365,-36.948,26
24.552,1.332,-36.917,33
24.548,1.302,-36.911,31
24.566,1.371,-36.886,74
24.556,1.339,-36.872,77
32.531,1.772,-53.241,52
32.464,1.727,-53.131,43
32.568,1.809,-53.232,51
32.54,1.764,-53.187,49
32.414,1.713,-52.98,54
32.476,1.732,-53.001,14
32.426,1.686,-52.918,47
32.559,1.605,-53.136,22
32.596,1.57,-53.09,47
32.275,2.432,-50.883,12
32.425,2.276,-50.812,25
32.548,2.297,-50.925,34
32.513,2.252,-50.871,54
32.705,2.096,-51.171,36
32.762,2.49,-51.034,51
32.392,2.179,-50.361,50
32.425,2.139,-50.413,38
32.406,2.095,-50.383,50
32.444,2.182,-50.378,57
32.441,2.14,-50.373,55
32.47,2.099,-50.418,17
32.645,2.205,-50.218,47
32.694,2.167,-50.294,48
32.598,2.213,-50.078,46
32.608,2.171,-50.093,47
32.688,2.227,-50.121,46
32.628,2.056,-50.028,51
32.721,2.089,-50.111,60
32.661,2.043,-50.019,59
32.618,2.176,-49.884,59
32.632,2.093,-49.906,41
32.708,2.058,-50.023,34
32.631,2.011,-49.904,40
32.74,2.233,-49.974,69
32.637,2.186,-49.817,72
32.611,2.142,-49.778,70
32.698,2.106,-49.91,75
32.693,2.063,-49.901,75
32.636,2.018,-49.814,70
32.761,2.106,-49.941,73
32.766,2.064,-49.949,75
32.646,2.015,-49.766,78
32.717,1.977,-49.874,40
32.746,2.283,-49.847,60
32.755,2.201,-49.86,23
32.695,2.032,-49.768,76
32.69,2.085,-49.667,53
32.729,2.046,-49.726,72
32.767,2.006,-49.784,72
32.754,1.964,-49.764,40
32.757,2.298,-49.706,36
32.756,2.089,-49.705,56
32.737,2.047,-49.676,53
32.476,2.374,-53.332,54
32.619,1.955,-53.489,12
32.583,2.17,-53.327,27
32.648,1.955,-53.433,59
32.539,1.817,-53.254,55
32.708,1.99,-49.789,76
32.749,2.297,-49.757,48
32.723,2.129,-49.718,76
55.57,1.925,-90.258,48
41.272,0.6,-66.9,25
41.279,0.7,-66.828,53
41.28,0.645,-66.83,58
41.282,0.59,-66.832,67
41.299,0.535,-66.86,37
41.284,0.479,-66.836,80
41.313,0.427,-66.882,44
41.299,0.316,-66.861,43
51.85,0.134,-78.419,63
61.899,1.816,-100.54,46
