6.152,-0.003,-14.597,114
6.151,-0.014,-14.594,106
6.151,-0.025,-14.595,85
6.15,-0.036,-14.592,85
6.149,-0.047,-14.59,96
6.151,-0.058,-14.594,106
6.149,-0.07,-14.591,113
6.149,-0.081,-14.59,111
6.148,-0.091,-14.586,93
6.148,-0.102,-14.587,110
6.148,-0.114,-14.587,109
6.161,-0.001,-14.594,100
6.161,-0.012,-14.594,99
6.159,-0.023,-14.59,94
6.159,-0.034,-14.59,95
6.159,-0.045,-14.589,114
6.159,-0.056,-14.59,123
6.159,-0.067,-14.59,110
6.159,-0.078,-14.588,113
6.157,-0.09,-14.586,87
6.157,-0.101,-14.584,109
6.157,-0.111,-14.586,111
6.173,-0.009,-14.586,104
6.173,-0.02,-14.583,112
6.172,-0.031,-14.583,115
6.172,-0.043,-14.582,110
6.172,-0.054,-14.582,115
6.172,-0.065,-14.583,109
6.17,-0.075,-14.578,88
6.169,-0.086,-14.577,90
6.169,-0.098,-14.575,107
6.168,-0.109,-14.574,104
6.168,-0.12,-14.573,30
6.181,-0.002,-14.581,93
6.179,-0.013,-14.576,95
6.18,-0.024,-14.579,94
6.177,-0.035,-14.573,84
6.179,-0.046,-14.575,88
6.177,-0.057,-14.573,91
6.176,-0.068,-14.569,100
6.177,-0.079,-14.572,106
6.176,-0.09,-14.569,102
6.175,-0.101,-14.568,82
6.174,-0.112,-14.565,88
6.188,-0.007,-14.573,118
6.188,-0.018,-14.573,102
6.187,-0.029,-14.569,97
6.187,-0.041,-14.569,107
6.187,-0.052,-14.57,103
6.186,-0.063,-14.568,121
6.186,-0.073,-14.567,106
6.185,-0.084,-14.566,110
6.185,-0.096,-14.564,107
6.183,-0.107,-14.561,87
6.183,-0.118,-14.561,71
6.202,-0.005,-14.568,109
6.201,-0.016,-14.566,101
6.201,-0.027,-14.566,111
6.2,-0.038,-14.563,112
6.201,-0.049,-14.565,103
6.2,-0.06,-14.562,108
6.199,-0.072,-14.561,92
6.198,-0.083,-14.559,111
6.198,-0.093,-14.56,98
6.198,-0.105,-14.558,95
6.199,-0.116,-14.56,86
6.211,-0.009,-14.564,113
6.211,-0.02,-14.564,104
6.208,-0.032,-14.559,97
6.21,-0.043,-14.562,99
6.209,-0.054,-14.561,109
6.21,-0.064,-14.563,103
6.209,-0.075,-14.561,109
6.208,-0.086,-14.558,113
6.207,-0.098,-14.557,105
6.207,-0.109,-14.554,100
6.207,-0.12,-14.556,72
6.219,-0.007,-14.557,88
6.22,-0.018,-14.56,85
6.218,-0.029,-14.555,86
6.218,-0.04,-14.557,87
6.217,-0.051,-14.553,99
6.218,-0.062,-14.554,112
6.216,-0.073,-14.55,92
6.217,-0.084,-14.554,97
6.216,-0.095,-14.552,93
6.217,-0.106,-14.553,97
6.215,-0.117,-14.549,90
6.233,-0.003,-14.555,99
6.234,-0.014,-14.557,104
6.234,-0.025,-14.558,120
6.235,-0.036,-14.561,127
6.232,-0.048,-14.553,109
6.23,-0.058,-14.55,95
6.23,-0.069,-14.549,78
6.229,-0.08,-14.546,76
6.228,-0.092,-14.543,67
6.228,-0.103,-14.545,62
6.228,-0.113,-14.545,57
6.243,-0.003,-14.555,177
6.244,-0.014,-14.556,174
6.242,-0.025,-14.554,176
6.244,-0.036,-14.556,173
6.244,-0.047,-14.558,128
6.247,-0.059,-14.565,29
6.253,-0.009,-14.552,176
6.254,-0.02,-14.554,171
6.253,-0.031,-14.554,172
6.254,-0.043,-14.555,120
6.254,-0.053,-14.556,61
6.263,-0.005,-14.543,174
6.264,-0.016,-14.545,174
6.264,-0.027,-14.545,180
6.266,-0.038,-14.549,171
6.266,-0.049,-14.55,132
6.276,-0.061,-14.574,53
6.275,-0.072,-14.571,54
6.277,-0.083,-14.575,54
6.277,-0.094,-14.576,63
6.276,-0.105,-14.574,50
6.277,-0.116,-14.575,50
6.273,-0.008,-14.541,176
6.274,-0.02,-14.542,174
6.274,-0.031,-14.542,181
6.277,-0.041,-14.549,151
6.275,-0.052,-14.545,76
6.281,-0.064,-14.56,70
6.281,-0.075,-14.558,76
6.283,-0.086,-14.564,76
6.282,-0.097,-14.561,68
6.284,-0.108,-14.565,68
6.283,-0.119,-14.563,71
6.281,-0.007,-14.535,178
6.281,-0.018,-14.535,175
6.282,-0.029,-14.538,179
6.281,-0.04,-14.535,158
6.283,-0.051,-14.54,105
6.289,-0.063,-14.554,130
6.289,-0.073,-14.554,121
6.29,-0.084,-14.556,123
6.29,-0.095,-14.556,115
6.29,-0.107,-14.556,113
6.29,-0.118,-14.557,115
6.294,-0.004,-14.531,169
6.294,-0.015,-14.531,179
6.295,-0.026,-14.534,179
6.293,-0.037,-14.529,174
6.297,-0.048,-14.538,157
6.303,-0.06,-14.551,104
6.302,-0.071,-14.549,111
6.302,-0.082,-14.55,115
6.303,-0.093,-14.552,118
6.302,-0.104,-14.55,124
6.302,-0.115,-14.55,122
6.304,-0.003,-14.53,176
6.302,-0.014,-14.527,177
6.303,-0.026,-14.53,178
6.302,-0.037,-14.528,171
6.305,-0.048,-14.533,130
6.311,-0.058,-14.547,73
6.311,-0.07,-14.547,74
6.312,-0.081,-14.55,76
6.312,-0.092,-14.549,78
6.313,-0.103,-14.551,82
6.312,-0.115,-14.55,71
6.313,-0.011,-14.523,171
6.312,-0.022,-14.521,168
6.313,-0.032,-14.525,176
6.313,-0.044,-14.524,134
6.315,-0.055,-14.53,68
6.325,-0.066,-14.551,48
6.327,-0.077,-14.556,54
6.326,-0.088,-14.555,55
6.325,-0.099,-14.552,49
6.326,-0.11,-14.554,49
6.323,-0.008,-14.514,176
6.323,-0.019,-14.512,175
6.325,-0.03,-14.517,176
6.326,-0.041,-14.519,130
6.327,-0.052,-14.521,84
6.332,-0.009,-14.51,182
6.332,-0.02,-14.51,179
6.333,-0.032,-14.513,180
6.334,-0.043,-14.515,128
6.336,-0.054,-14.52,55
6.341,-0.007,-14.506,174
6.34,-0.018,-14.504,171
6.342,-0.029,-14.507,163
6.342,-0.04,-14.507,129
6.353,-0.006,-14.497,181
6.355,-0.017,-14.5,178
6.356,-0.028,-14.502,135
6.355,-0.039,-14.5,68
6.361,-0.005,-14.494,185
6.363,-0.016,-14.498,179
6.363,-0.027,-14.498,118
6.363,-0.038,-14.499,46
6.372,-0.003,-14.494,179
6.371,-0.014,-14.491,176
6.371,-0.025,-14.491,129
6.372,-0.036,-14.494,63
6.383,-0.001,-14.483,174
6.382,-0.012,-14.481,162
6.384,-0.023,-14.487,129
6.386,-0.034,-14.49,60
6.391,-0.001,-14.479,173
6.392,-0.012,-14.482,115
6.393,-0.023,-14.484,50
6.4,-0.008,-14.476,123
6.402,-0.019,-14.48,61
6.414,-0.007,-14.474,108
6.417,-0.019,-14.481,24
6.42,-0.001,-14.464,94
6.425,-0.012,-14.474,29
6.059,-0.005,-14.656,33
6.06,-0.016,-14.658,40
6.065,-0.008,-14.651,113
6.067,-0.019,-14.654,109
6.067,-0.03,-14.654,95
6.068,-0.041,-14.657,96
6.07,-0.052,-14.661,94
6.07,-0.063,-14.661,96
6.071,-0.075,-14.663,83
6.071,-0.086,-14.665,76
6.072,-0.097,-14.666,67
6.072,-0.108,-14.666,47
6.073,-0.002,-14.641,89
6.073,-0.014,-14.64,95
6.073,-0.024,-14.641,93
6.075,-0.036,-14.646,112
6.076,-0.047,-14.648,110
6.078,-0.058,-14.653,109
6.077,-0.069,-14.65,77
6.078,-0.08,-14.653,77
6.079,-0.091,-14.656,73
6.08,-0.102,-14.657,77
6.081,-0.113,-14.66,64
6.082,-0.001,-14.627,84
6.083,-0.012,-14.63,82
6.083,-0.023,-14.629,85
6.085,-0.034,-14.634,78
6.085,-0.045,-14.634,79
6.087,-0.056,-14.639,89
6.087,-0.067,-14.638,81
6.087,-0.078,-14.639,91
6.088,-0.089,-14.64,94
6.088,-0.1,-14.64,103
6.088,-0.111,-14.642,100
6.091,-0.002,-14.624,108
6.09,-0.013,-14.623,96
6.091,-0.024,-14.624,97
6.091,-0.035,-14.625,103
6.09,-0.046,-14.623,84
6.091,-0.057,-14.623,80
6.092,-0.068,-14.625,85
6.093,-0.079,-14.628,95
6.094,-0.09,-14.63,103
6.093,-0.101,-14.628,98
6.094,-0.112,-14.63,87
6.1,-0.009,-14.619,119
6.1,-0.02,-14.617,103
6.1,-0.031,-14.617,98
6.1,-0.042,-14.617,98
6.099,-0.053,-14.616,93
6.1,-0.064,-14.618,98
6.101,-0.075,-14.62,100
6.101,-0.086,-14.62,113
6.099,-0.097,-14.616,92
6.102,-0.108,-14.622,102
6.103,-0.119,-14.627,30
6.112,-0.005,-14.611,105
6.111,-0.016,-14.609,109
6.111,-0.027,-14.61,107
6.11,-0.038,-14.608,105
6.113,-0.049,-14.614,96
6.112,-0.06,-14.613,105
6.114,-0.072,-14.616,114
6.113,-0.083,-14.615,108
6.112,-0.094,-14.611,94
6.114,-0.105,-14.616,87
6.113,-0.116,-14.614,72
6.122,-0.009,-14.608,104
6.121,-0.021,-14.606,115
6.121,-0.032,-14.607,101
6.12,-0.043,-14.604,105
6.121,-0.054,-14.606,108
6.121,-0.065,-14.607,107
6.122,-0.076,-14.61,105
6.122,-0.087,-14.609,110
6.122,-0.098,-14.609,91
6.121,-0.109,-14.607,90
6.124,-0.12,-14.614,13
6.13,-0.003,-14.604,102
6.129,-0.014,-14.601,108
6.13,-0.025,-14.603,106
6.128,-0.036,-14.599,112
6.128,-0.047,-14.6,100
6.128,-0.058,-14.6,84
6.128,-0.069,-14.598,80
6.128,-0.08,-14.6,101
6.127,-0.091,-14.597,101
6.128,-0.102,-14.598,96
6.128,-0.113,-14.598,96
6.142,0,-14.597,89
6.142,-0.011,-14.596,99
6.141,-0.023,-14.595,98
6.141,-0.034,-14.594,108
6.141,-0.045,-14.594,96
6.141,-0.056,-14.593,106
6.141,-0.067,-14.593,103
6.14,-0.078,-14.592,110
6.14,-0.089,-14.59,110
6.14,-0.1,-14.591,110
6.14,-0.111,-14.592,119
20.52,-0.052,-50.858,26
20.522,-0.091,-50.861,29
20.521,-0.166,-50.859,27
20.54,-0.029,-50.821,35
20.548,-0.105,-50.84,20
20.536,-0.182,-50.812,22
20.548,-0.027,-50.748,24
20.579,-0.065,-50.7,41
20.608,-0.036,-50.689,19
20.61,-0.02,-50.593,43
20.625,-0.097,-50.629,17
20.61,-0.174,-50.593,19
20.646,-0.011,-50.552,22
20.653,-0.086,-50.57,17
20.656,-0.163,-50.577,18
21.649,-0.019,-52.918,98
21.65,-0.059,-52.922,93
21.647,-0.099,-52.916,91
20.661,-0.132,-50.505,38
21.649,-0.139,-52.918,97
21.649,-0.179,-52.917,96
21.688,-0.004,-52.916,71
21.691,-0.044,-52.921,65
21.689,-0.083,-52.917,76
21.69,-0.123,-52.919,71
21.689,-0.163,-52.917,68
21.646,-0.001,-52.686,44
21.675,-0.041,-52.755,44
20.7,-0.078,-50.382,50
21.648,-0.082,-52.688,45
21.663,-0.122,-52.727,31
20.708,-0.153,-50.402,34
21.669,-0.16,-52.74,28
20.703,-0.006,-50.311,30
21.572,-0.007,-52.422,46
21.515,-0.046,-52.285,50
21.613,-0.085,-52.521,32
20.718,-0.119,-50.347,38
21.563,-0.124,-52.399,40
21.587,-0.164,-52.46,41
20.729,-0.03,-50.283,84
20.727,-0.068,-50.276,89
21.479,-0.071,-52.101,40
20.73,-0.106,-50.284,73
21.472,-0.11,-52.085,42
20.728,-0.143,-50.278,68
21.475,-0.148,-52.09,53
20.77,-0.016,-50.254,74
20.771,-0.054,-50.255,82
20.768,-0.093,-50.248,86
20.77,-0.131,-50.251,73
20.77,-0.169,-50.252,96
14.352,-0.039,-35.083,62
14.345,-0.065,-35.063,58
14.352,-0.119,-35.081,57
14.346,-0.144,-35.067,46
14.38,-0.002,-35.083,25
14.367,-0.029,-35.05,53
14.386,-0.081,-35.097,21
14.371,-0.108,-35.06,46
14.398,-0.001,-35.043,53
14.408,-0.027,-35.068,40
14.401,-0.081,-35.049,39
14.404,-0.106,-35.056,32
14.426,-0.031,-35.055,22
14.42,-0.056,-35.04,40
14.431,-0.11,-35.066,30
14.422,-0.137,-35.047,21
14.439,-0.021,-35.022,24
14.448,-0.074,-35.043,47
14.45,-0.153,-35.049,40
14.486,-0.091,-35.046,19
14.208,-0.046,-35.151,45
14.198,-0.072,-35.129,55
14.205,-0.126,-35.146,36
14.223,-0.045,-35.125,39
14.226,-0.072,-35.132,50
14.222,-0.124,-35.123,37
14.23,-0.151,-35.142,40
14.253,-0.019,-35.113,49
14.253,-0.098,-35.113,58
14.269,-0.078,-35.095,51
14.273,-0.157,-35.104,55
14.294,-0.041,-35.086,58
14.297,-0.067,-35.096,58
14.294,-0.12,-35.086,59
14.298,-0.146,-35.096,53
14.326,-0.008,-35.078,40
14.329,-0.087,-35.083,51
26.948,-0.038,-66.677,93
26.955,-0.087,-66.696,81
26.95,-0.138,-66.683,76
26.952,-0.188,-66.688,93
26.986,-0.035,-66.648,123
26.987,-0.086,-66.651,109
26.985,-0.137,-66.645,125
26.985,-0.185,-66.644,136
27.053,-0.035,-66.651,64
27.052,-0.086,-66.648,81
27.049,-0.136,-66.641,101
27.054,-0.187,-66.653,66
27.708,-0.182,-68.019,21
6.145,0.166,-14.603,182
6.144,0.122,-14.602,98
6.144,0.111,-14.601,95
6.146,0.099,-14.606,91
6.145,0.088,-14.604,97
6.146,0.077,-14.605,111
6.147,0.066,-14.607,118
6.146,0.055,-14.606,124
6.145,0.044,-14.604,113
6.145,0.033,-14.603,110
6.147,0.494,-14.584,75
6.145,0.483,-14.58,122
6.145,0.472,-14.58,170
6.144,0.461,-14.579,181
6.146,0.449,-14.583,179
6.145,0.439,-14.581,184
6.145,0.428,-14.58,189
6.147,0.417,-14.584,162
6.146,0.405,-14.582,183
6.147,0.394,-14.585,182
6.147,0.384,-14.585,180
6.146,0.373,-14.583,183
6.147,0.361,-14.585,182
6.147,0.35,-14.584,179
6.147,0.339,-14.585,190
6.146,0.328,-14.582,180
6.147,0.317,-14.585,182
6.146,0.306,-14.581,194
6.148,0.295,-14.588,190
6.148,0.284,-14.587,191
6.148,0.273,-14.587,193
6.149,0.262,-14.59,186
6.148,0.251,-14.589,194
6.152,0.24,-14.596,147
6.148,0.229,-14.589,155
6.151,0.218,-14.594,155
6.149,0.207,-14.59,186
6.15,0.196,-14.591,188
6.149,0.185,-14.591,187
6.15,0.174,-14.593,188
6.15,0.162,-14.592,161
6.151,0.152,-14.594,90
6.15,0.14,-14.592,87
6.153,0.13,-14.598,97
6.151,0.118,-14.595,98
6.153,0.107,-14.597,94
6.153,0.096,-14.598,95
6.152,0.085,-14.597,89
6.153,0.074,-14.599,111
6.154,0.063,-14.601,120
6.154,0.052,-14.601,121
6.153,0.041,-14.599,121
6.154,0.03,-14.601,102
6.153,0.019,-14.599,92
6.152,0.008,-14.597,90
6.154,0.496,-14.578,67
6.154,0.485,-14.579,111
6.152,0.474,-14.574,181
6.154,0.463,-14.578,183
6.154,0.452,-14.579,182
6.157,0.441,-14.585,182
6.154,0.43,-14.578,192
6.155,0.419,-14.58,180
6.154,0.408,-14.578,187
6.154,0.397,-14.578,187
6.154,0.386,-14.579,183
6.154,0.375,-14.578,185
6.155,0.363,-14.581,180
6.155,0.353,-14.58,170
6.155,0.342,-14.581,88
6.156,0.331,-14.583,84
6.156,0.319,-14.583,93
6.156,0.308,-14.584,103
6.155,0.298,-14.581,109
6.158,0.287,-14.587,116
6.158,0.275,-14.587,121
6.157,0.264,-14.585,125
6.157,0.253,-14.585,133
6.158,0.242,-14.587,111
6.158,0.231,-14.588,121
6.158,0.22,-14.587,118
6.158,0.209,-14.588,113
6.158,0.198,-14.589,99
6.159,0.187,-14.59,150
6.159,0.176,-14.59,174
6.157,0.165,-14.585,174
6.159,0.154,-14.59,93
6.158,0.142,-14.587,90
6.159,0.132,-14.59,99
6.159,0.121,-14.589,111
6.161,0.109,-14.594,102
6.16,0.098,-14.592,95
6.161,0.087,-14.594,84
6.162,0.076,-14.596,113
6.161,0.065,-14.595,105
6.163,0.054,-14.599,109
6.162,0.043,-14.597,117
6.162,0.032,-14.597,114
6.161,0.021,-14.594,100
6.161,0.01,-14.594,96
6.164,0.499,-14.565,77
6.167,0.488,-14.572,126
6.167,0.477,-14.571,178
6.168,0.466,-14.574,181
6.168,0.455,-14.573,180
6.166,0.444,-14.57,178
6.168,0.433,-14.573,177
6.167,0.422,-14.572,181
6.168,0.41,-14.573,181
6.167,0.399,-14.57,180
6.168,0.389,-14.575,180
6.167,0.377,-14.571,186
6.168,0.366,-14.573,183
6.169,0.355,-14.576,170
6.169,0.344,-14.575,83
6.17,0.333,-14.578,83
6.168,0.322,-14.574,80
6.169,0.311,-14.577,79
6.17,0.3,-14.578,81
6.17,0.289,-14.579,77
6.171,0.278,-14.58,81
6.17,0.267,-14.578,76
6.171,0.256,-14.581,84
6.17,0.245,-14.578,115
6.171,0.234,-14.58,113
6.171,0.223,-14.58,103
6.171,0.212,-14.581,103
6.17,0.201,-14.579,98
6.173,0.19,-14.584,118
6.172,0.178,-14.583,117
6.173,0.168,-14.584,120
6.171,0.157,-14.581,92
6.171,0.146,-14.58,91
6.172,0.134,-14.583,90
6.172,0.123,-14.582,104
6.174,0.112,-14.587,108
6.174,0.101,-14.587,100
6.173,0.09,-14.586,94
6.174,0.079,-14.586,104
6.175,0.068,-14.59,111
6.174,0.057,-14.589,104
6.174,0.046,-14.587,109
6.175,0.035,-14.589,118
6.174,0.024,-14.588,94
6.174,0.013,-14.587,91
6.173,0.002,-14.585,100
6.176,0.507,-14.571,90
6.174,0.495,-14.566,133
6.174,0.484,-14.565,186
6.174,0.473,-14.565,179
6.174,0.462,-14.566,178
6.175,0.451,-14.568,180
6.175,0.44,-14.567,188
6.175,0.429,-14.568,181
6.177,0.418,-14.572,189
6.175,0.407,-14.568,185
6.176,0.396,-14.57,182
6.176,0.385,-14.57,185
6.176,0.374,-14.57,184
6.178,0.363,-14.575,184
6.177,0.352,-14.573,145
6.177,0.341,-14.573,84
6.178,0.33,-14.575,89
6.177,0.319,-14.572,77
6.179,0.308,-14.575,79
6.177,0.297,-14.573,84
6.179,0.286,-14.576,84
6.179,0.275,-14.575,82
6.178,0.263,-14.575,82
6.179,0.252,-14.577,117
6.18,0.242,-14.579,139
6.18,0.23,-14.578,149
6.18,0.219,-14.578,138
6.179,0.208,-14.577,136
6.181,0.197,-14.58,119
6.181,0.186,-14.58,121
6.181,0.175,-14.581,124
6.18,0.164,-14.58,117
6.179,0.153,-14.576,91
6.179,0.142,-14.576,85
6.18,0.131,-14.579,87
6.18,0.12,-14.578,101
6.18,0.109,-14.579,86
6.181,0.098,-14.581,94
6.18,0.086,-14.579,88
6.182,0.075,-14.585,111
6.181,0.065,-14.581,95
6.182,0.054,-14.584,112
6.183,0.043,-14.586,105
6.183,0.031,-14.586,104
6.182,0.02,-14.584,109
6.182,0.009,-14.583,101
6.186,0.512,-14.567,117
6.184,0.501,-14.564,124
6.182,0.49,-14.56,172
6.183,0.479,-14.562,184
6.183,0.467,-14.561,185
6.185,0.457,-14.564,183
6.182,0.445,-14.559,181
6.182,0.435,-14.559,180
6.183,0.423,-14.561,188
6.183,0.412,-14.561,183
6.183,0.401,-14.561,183
6.182,0.39,-14.559,185
6.184,0.379,-14.563,185
6.185,0.368,-14.564,185
6.185,0.357,-14.566,185
6.185,0.346,-14.566,78
6.187,0.336,-14.571,85
6.185,0.324,-14.566,86
6.187,0.313,-14.569,88
6.187,0.302,-14.57,83
6.187,0.291,-14.569,81
6.188,0.28,-14.571,86
6.186,0.269,-14.567,84
6.188,0.258,-14.571,109
6.188,0.247,-14.571,119
6.187,0.235,-14.571,122
6.187,0.225,-14.57,129
6.188,0.214,-14.573,123
6.188,0.203,-14.572,115
6.189,0.191,-14.575,119
6.189,0.18,-14.575,114
6.19,0.169,-14.576,110
6.187,0.159,-14.569,93
6.187,0.147,-14.57,88
6.188,0.136,-14.571,85
6.188,0.125,-14.572,80
6.188,0.114,-14.571,102
6.188,0.103,-14.573,86
6.188,0.092,-14.571,88
6.189,0.081,-14.574,82
6.189,0.07,-14.575,84
6.189,0.059,-14.575,104
6.19,0.048,-14.577,109
6.19,0.037,-14.577,109
6.19,0.026,-14.578,105
6.19,0.015,-14.576,107
6.189,0.004,-14.575,106
6.198,0.514,-14.559,86
6.196,0.503,-14.555,123
6.195,0.492,-14.552,182
6.196,0.481,-14.556,173
6.195,0.47,-14.553,182
6.196,0.459,-14.556,181
6.196,0.448,-14.554,184
6.196,0.437,-14.556,181
6.196,0.426,-14.556,182
6.196,0.415,-14.555,184
6.197,0.404,-14.557,178
6.198,0.393,-14.56,187
6.196,0.381,-14.555,192
6.199,0.371,-14.563,189
6.197,0.359,-14.557,194
6.199,0.349,-14.561,88
6.198,0.337,-14.56,85
6.199,0.326,-14.561,83
6.199,0.315,-14.562,113
6.199,0.304,-14.561,188
6.199,0.293,-14.561,188
6.199,0.282,-14.562,187
6.2,0.271,-14.564,89
6.199,0.26,-14.562,114
6.201,0.249,-14.566,125
6.199,0.238,-14.562,131
6.201,0.227,-14.566,137
6.201,0.216,-14.566,138
6.202,0.205,-14.568,127
6.201,0.194,-14.567,127
6.202,0.183,-14.568,118
6.202,0.172,-14.57,102
6.199,0.161,-14.561,118
6.199,0.149,-14.562,103
6.2,0.139,-14.564,85
6.2,0.127,-14.563,83
6.2,0.116,-14.563,113
6.2,0.105,-14.564,92
6.199,0.094,-14.562,95
6.201,0.083,-14.566,77
6.201,0.072,-14.566,84
6.202,0.061,-14.568,95
6.202,0.05,-14.569,114
6.203,0.039,-14.572,98
6.203,0.028,-14.57,105
6.203,0.017,-14.57,104
6.202,0.006,-14.569,103
6.205,0.521,-14.551,85
6.206,0.51,-14.553,143
6.205,0.499,-14.552,171
6.205,0.488,-14.552,180
6.205,0.477,-14.552,187
6.209,0.466,-14.562,179
6.205,0.454,-14.552,177
6.205,0.444,-14.551,187
6.205,0.432,-14.551,178
6.205,0.421,-14.552,189
6.205,0.41,-14.55,184
6.206,0.4,-14.554,182
6.206,0.388,-14.553,182
6.206,0.377,-14.553,188
6.206,0.366,-14.554,188
6.206,0.355,-14.553,176
6.207,0.344,-14.556,86
6.209,0.333,-14.561,90
6.207,0.322,-14.556,86
6.207,0.311,-14.556,175
6.208,0.3,-14.559,188
6.208,0.289,-14.558,187
6.209,0.278,-14.56,172
6.208,0.267,-14.56,105
6.209,0.256,-14.56,121
6.209,0.245,-14.562,122
6.21,0.234,-14.562,145
6.21,0.223,-14.563,124
6.21,0.212,-14.564,119
6.209,0.2,-14.561,127
6.21,0.19,-14.564,124
6.21,0.178,-14.563,122
6.211,0.168,-14.566,124
6.209,0.156,-14.561,93
6.207,0.145,-14.557,126
6.209,0.134,-14.561,156
6.209,0.123,-14.562,117
6.21,0.112,-14.563,121
6.209,0.101,-14.561,88
6.209,0.09,-14.56,87
6.209,0.079,-14.561,88
6.208,0.068,-14.558,85
6.21,0.057,-14.563,107
6.21,0.046,-14.564,98
6.21,0.035,-14.564,119
6.212,0.024,-14.567,113
6.211,0.013,-14.565,105
6.211,0.002,-14.565,104
6.213,0.524,-14.545,70
6.214,0.512,-14.547,128
6.212,0.501,-14.543,180
6.213,0.491,-14.545,181
6.213,0.479,-14.545,178
6.215,0.468,-14.55,182
6.214,0.457,-14.548,179
6.214,0.446,-14.548,184
6.214,0.435,-14.548,186
6.214,0.424,-14.549,182
6.214,0.413,-14.547,186
6.214,0.402,-14.547,184
6.216,0.391,-14.552,187
6.216,0.38,-14.551,187
6.215,0.369,-14.55,187
6.217,0.358,-14.555,180
6.214,0.347,-14.549,87
6.218,0.336,-14.556,87
6.215,0.324,-14.55,83
6.218,0.314,-14.556,154
6.216,0.303,-14.551,189
6.216,0.292,-14.551,186
6.218,0.28,-14.556,181
6.217,0.269,-14.554,123
6.218,0.259,-14.556,113
6.218,0.248,-14.557,116
6.219,0.236,-14.559,122
6.219,0.225,-14.558,125
6.22,0.214,-14.559,126
6.219,0.204,-14.558,125
6.22,0.192,-14.561,124
6.22,0.181,-14.561,115
6.22,0.17,-14.561,122
6.22,0.159,-14.56,95
6.217,0.148,-14.554,92
6.218,0.137,-14.555,91
6.216,0.126,-14.552,124
6.218,0.115,-14.555,161
6.218,0.104,-14.555,141
6.218,0.093,-14.555,99
6.218,0.082,-14.555,85
6.217,0.071,-14.554,94
6.219,0.06,-14.558,89
6.217,0.049,-14.554,93
6.22,0.037,-14.561,99
6.219,0.026,-14.558,101
6.219,0.015,-14.557,95
6.22,0.004,-14.561,99
6.226,0.527,-14.54,52
6.225,0.516,-14.538,124
6.226,0.505,-14.541,165
6.225,0.494,-14.537,181
6.227,0.483,-14.542,183
6.226,0.472,-14.541,182
6.228,0.461,-14.545,184
6.229,0.45,-14.547,179
6.227,0.438,-14.542,181
6.228,0.428,-14.546,188
6.227,0.417,-14.542,184
6.227,0.405,-14.543,180
6.226,0.394,-14.54,187
6.227,0.383,-14.544,179
6.227,0.372,-14.542,185
6.227,0.361,-14.543,185
6.228,0.35,-14.546,93
6.228,0.339,-14.545,86
6.228,0.328,-14.546,85
6.229,0.317,-14.547,103
6.228,0.306,-14.545,190
6.229,0.295,-14.547,185
6.229,0.284,-14.548,188
6.23,0.273,-14.55,123
6.231,0.262,-14.552,114
6.231,0.251,-14.552,134
6.231,0.24,-14.552,130
6.231,0.229,-14.552,124
6.231,0.218,-14.551,140
6.231,0.207,-14.552,134
6.231,0.196,-14.551,124
6.232,0.184,-14.554,126
6.233,0.174,-14.556,117
6.233,0.162,-14.556,117
6.231,0.151,-14.551,84
6.232,0.14,-14.553,91
6.23,0.129,-14.549,88
6.231,0.119,-14.551,88
6.231,0.107,-14.55,100
6.231,0.096,-14.552,134
6.226,0.085,-14.54,158
6.231,0.074,-14.551,117
6.23,0.063,-14.55,100
6.23,0.052,-14.55,96
6.232,0.041,-14.553,104
6.231,0.03,-14.552,103
6.232,0.019,-14.554,96
6.232,0.007,-14.553,100
6.235,0.527,-14.537,85
6.235,0.516,-14.538,138
6.234,0.505,-14.535,173
6.233,0.494,-14.532,185
6.235,0.483,-14.538,179
6.234,0.472,-14.535,182
6.234,0.46,-14.535,188
6.235,0.449,-14.538,181
6.235,0.438,-14.537,193
6.236,0.428,-14.539,183
6.236,0.416,-14.538,181
6.236,0.405,-14.54,183
6.236,0.394,-14.54,186
6.236,0.384,-14.54,185
6.235,0.372,-14.538,186
6.237,0.361,-14.54,183
6.236,0.35,-14.54,87
6.238,0.339,-14.543,87
6.237,0.328,-14.542,87
6.238,0.317,-14.543,104
6.235,0.306,-14.538,187
6.238,0.295,-14.543,187
6.238,0.284,-14.543,183
6.239,0.273,-14.545,139
6.239,0.262,-14.546,113
6.24,0.251,-14.547,119
6.24,0.24,-14.549,131
6.24,0.229,-14.549,131
6.241,0.218,-14.55,129
6.24,0.207,-14.547,130
6.241,0.196,-14.551,124
6.24,0.184,-14.549,126
6.241,0.173,-14.551,124
6.241,0.162,-14.55,120
6.241,0.152,-14.55,118
6.241,0.14,-14.55,129
6.242,0.129,-14.552,124
6.241,0.118,-14.551,90
6.241,0.107,-14.551,153
6.241,0.096,-14.552,186
6.242,0.085,-14.552,193
6.242,0.074,-14.552,188
6.241,0.063,-14.55,188
6.242,0.052,-14.553,185
6.243,0.041,-14.555,183
6.242,0.03,-14.553,187
6.244,0.019,-14.556,187
6.245,0.008,-14.559,172
6.244,0.521,-14.533,66
6.243,0.51,-14.531,144
6.243,0.499,-14.531,179
6.244,0.488,-14.532,181
6.243,0.477,-14.53,186
6.244,0.466,-14.533,189
6.243,0.455,-14.531,183
6.244,0.444,-14.533,184
6.244,0.433,-14.531,182
6.244,0.422,-14.532,179
6.244,0.411,-14.533,180
6.246,0.4,-14.538,186
6.245,0.389,-14.535,186
6.247,0.377,-14.54,186
6.246,0.367,-14.535,184
6.248,0.356,-14.542,157
6.247,0.345,-14.539,87
6.246,0.333,-14.536,83
6.247,0.322,-14.539,91
6.246,0.311,-14.537,186
6.247,0.3,-14.538,183
6.246,0.289,-14.538,196
6.247,0.278,-14.54,117
6.247,0.267,-14.54,135
6.248,0.256,-14.542,115
6.247,0.245,-14.54,124
6.249,0.234,-14.543,122
6.248,0.223,-14.542,119
6.249,0.212,-14.543,132
6.251,0.201,-14.548,130
6.25,0.19,-14.545,121
6.25,0.179,-14.546,116
6.25,0.168,-14.546,121
6.251,0.156,-14.547,121
6.251,0.146,-14.547,119
6.25,0.134,-14.546,129
6.251,0.124,-14.548,108
6.25,0.112,-14.547,181
6.249,0.101,-14.544,184
6.251,0.09,-14.547,187
6.25,0.079,-14.547,188
6.251,0.068,-14.549,186
6.25,0.057,-14.545,182
6.252,0.046,-14.549,187
6.252,0.035,-14.551,182
6.253,0.024,-14.552,185
6.253,0.013,-14.552,179
6.254,0.002,-14.556,178
6.255,0.525,-14.526,78
6.255,0.514,-14.527,119
6.251,0.503,-14.516,184
6.256,0.492,-14.528,185
6.255,0.481,-14.527,183
6.256,0.47,-14.529,180
6.257,0.459,-14.53,183
6.257,0.448,-14.529,178
6.256,0.437,-14.528,183
6.257,0.426,-14.53,182
6.255,0.414,-14.525,182
6.258,0.404,-14.531,188
6.255,0.393,-14.526,188
6.256,0.382,-14.528,182
6.257,0.37,-14.529,188
6.256,0.359,-14.528,184
6.257,0.348,-14.529,187
6.257,0.338,-14.53,187
6.258,0.326,-14.532,189
6.257,0.315,-14.529,183
6.259,0.304,-14.534,183
6.26,0.293,-14.535,187
6.26,0.282,-14.536,132
6.259,0.271,-14.535,121
6.26,0.26,-14.537,124
6.26,0.249,-14.536,121
6.26,0.238,-14.536,138
6.259,0.227,-14.533,131
6.26,0.216,-14.536,127
6.26,0.205,-14.535,126
6.261,0.194,-14.538,149
6.261,0.183,-14.54,123
6.26,0.171,-14.538,133
6.262,0.161,-14.542,121
6.262,0.149,-14.54,120
6.262,0.139,-14.541,126
6.261,0.127,-14.539,132
6.262,0.116,-14.54,186
6.261,0.105,-14.539,188
6.263,0.094,-14.544,184
6.263,0.083,-14.543,187
6.264,0.072,-14.544,181
6.263,0.061,-14.542,188
6.264,0.05,-14.545,181
6.263,0.039,-14.543,183
6.265,0.028,-14.547,183
6.263,0.017,-14.543,185
6.265,0.006,-14.547,175
6.266,0.522,-14.525,95
6.266,0.511,-14.524,155
6.264,0.5,-14.521,180
6.265,0.489,-14.521,187
6.265,0.477,-14.522,185
6.265,0.467,-14.522,184
6.265,0.456,-14.521,179
6.265,0.444,-14.522,186
6.266,0.433,-14.524,182
6.265,0.423,-14.521,184
6.266,0.412,-14.524,185
6.266,0.4,-14.524,183
6.267,0.389,-14.527,185
6.266,0.378,-14.526,185
6.267,0.368,-14.527,189
6.266,0.356,-14.526,187
6.267,0.345,-14.528,189
6.265,0.334,-14.523,179
6.266,0.323,-14.524,184
6.266,0.312,-14.524,184
6.268,0.301,-14.528,184
6.267,0.29,-14.526,160
6.268,0.279,-14.529,127
6.268,0.268,-14.53,153
6.269,0.257,-14.533,122
6.269,0.246,-14.532,123
6.269,0.235,-14.531,129
6.27,0.224,-14.534,132
6.27,0.213,-14.533,127
6.27,0.201,-14.534,119
6.27,0.191,-14.534,119
6.271,0.179,-14.535,121
6.271,0.169,-14.535,124
6.271,0.157,-14.535,123
6.272,0.146,-14.538,131
6.271,0.135,-14.536,123
6.271,0.124,-14.536,181
6.272,0.113,-14.537,183
6.27,0.102,-14.534,186
6.272,0.091,-14.537,191
6.272,0.08,-14.538,180
6.272,0.069,-14.537,181
6.272,0.058,-14.537,179
6.273,0.047,-14.541,185
6.273,0.036,-14.539,187
6.274,0.025,-14.544,186
6.273,0.014,-14.541,179
6.273,0.003,-14.541,173
6.274,0.523,-14.52,75
6.273,0.512,-14.518,130
6.272,0.501,-14.516,180
6.273,0.49,-14.518,178
6.273,0.479,-14.517,179
6.273,0.468,-14.519,180
6.272,0.457,-14.516,179
6.272,0.446,-14.517,183
6.273,0.435,-14.517,184
6.274,0.424,-14.519,188
6.274,0.412,-14.52,194
6.273,0.402,-14.519,186
6.274,0.391,-14.52,189
6.275,0.38,-14.523,180
6.275,0.368,-14.522,180
6.273,0.357,-14.519,185
6.276,0.347,-14.524,193
6.274,0.336,-14.521,185
6.274,0.324,-14.52,187
6.274,0.313,-14.521,184
6.274,0.302,-14.521,191
6.277,0.291,-14.526,133
6.275,0.28,-14.524,140
6.275,0.269,-14.523,130
6.276,0.258,-14.525,102
6.278,0.247,-14.529,132
6.277,0.236,-14.526,122
6.281,0.225,-14.535,140
6.279,0.214,-14.53,141
6.279,0.203,-14.53,118
6.278,0.192,-14.528,129
6.28,0.181,-14.535,146
6.279,0.17,-14.531,122
6.279,0.159,-14.53,120
6.279,0.148,-14.531,123
6.28,0.137,-14.532,128
6.278,0.125,-14.528,191
6.278,0.114,-14.53,186
6.279,0.104,-14.531,187
6.279,0.093,-14.53,179
6.279,0.081,-14.531,193
6.28,0.07,-14.533,183
6.28,0.059,-14.532,189
6.281,0.049,-14.537,190
6.28,0.037,-14.534,186
6.282,0.026,-14.539,184
6.281,0.015,-14.535,183
6.282,0.004,-14.538,180
6.287,0.526,-14.516,73
6.286,0.515,-14.514,116
6.285,0.504,-14.511,183
6.286,0.493,-14.513,185
6.287,0.482,-14.516,182
6.286,0.471,-14.512,178
6.286,0.46,-14.513,179
6.285,0.449,-14.511,186
6.286,0.438,-14.512,188
6.285,0.426,-14.512,182
6.287,0.415,-14.515,189
6.285,0.404,-14.511,180
6.287,0.393,-14.515,188
6.286,0.382,-14.513,185
6.287,0.371,-14.514,186
6.287,0.36,-14.517,185
6.286,0.349,-14.514,188
6.287,0.338,-14.516,190
6.287,0.327,-14.515,192
6.29,0.316,-14.521,177
6.29,0.305,-14.523,140
6.289,0.294,-14.52,132
6.29,0.283,-14.522,138
6.289,0.272,-14.521,111
6.289,0.261,-14.52,135
6.287,0.25,-14.517,156
6.291,0.239,-14.524,126
6.289,0.228,-14.52,126
6.289,0.216,-14.52,116
6.289,0.206,-14.52,125
6.29,0.195,-14.521,125
6.291,0.184,-14.524,120
6.292,0.172,-14.526,120
6.292,0.162,-14.526,118
6.291,0.15,-14.525,118
6.292,0.14,-14.526,138
6.292,0.128,-14.527,182
6.292,0.117,-14.526,185
6.294,0.106,-14.53,189
6.292,0.095,-14.525,183
6.293,0.084,-14.529,181
6.291,0.073,-14.524,185
6.292,0.062,-14.526,188
6.293,0.051,-14.527,188
6.293,0.04,-14.528,186
6.292,0.029,-14.526,185
6.294,0.018,-14.531,184
6.293,0.007,-14.528,177
6.296,0.527,-14.513,63
6.295,0.516,-14.511,144
6.293,0.504,-14.507,188
6.292,0.493,-14.504,188
6.294,0.482,-14.509,187
6.294,0.472,-14.509,181
6.293,0.46,-14.508,185
6.294,0.449,-14.51,188
6.294,0.438,-14.51,188
6.294,0.427,-14.51,186
6.294,0.416,-14.509,185
6.293,0.405,-14.507,181
6.294,0.394,-14.509,184
6.295,0.383,-14.511,181
6.296,0.372,-14.514,185
6.296,0.361,-14.513,180
6.295,0.35,-14.512,185
6.298,0.339,-14.517,178
6.298,0.328,-14.517,101
6.297,0.317,-14.514,76
6.297,0.306,-14.515,83
6.298,0.295,-14.517,122
6.299,0.284,-14.519,135
6.297,0.273,-14.514,147
6.298,0.262,-14.517,132
6.298,0.25,-14.517,129
6.298,0.239,-14.517,142
6.299,0.229,-14.52,136
6.296,0.218,-14.513,157
6.299,0.206,-14.521,133
6.299,0.195,-14.521,135
6.3,0.184,-14.522,121
6.301,0.174,-14.524,139
6.3,0.162,-14.523,132
6.301,0.151,-14.524,118
6.3,0.14,-14.522,127
6.3,0.129,-14.523,186
6.3,0.118,-14.522,180
6.3,0.107,-14.523,188
6.299,0.096,-14.52,181
6.302,0.085,-14.526,185
6.3,0.074,-14.523,183
6.3,0.063,-14.522,190
6.3,0.052,-14.523,181
6.301,0.041,-14.524,185
6.301,0.03,-14.524,186
6.301,0.019,-14.525,184
6.302,0.007,-14.528,181
6.304,0.519,-14.503,68
6.304,0.508,-14.503,147
6.304,0.498,-14.503,179
6.303,0.486,-14.501,178
6.304,0.475,-14.503,180
6.303,0.464,-14.501,187
6.304,0.453,-14.503,183
6.304,0.442,-14.503,183
6.304,0.431,-14.504,185
6.303,0.42,-14.502,193
6.303,0.409,-14.502,184
6.304,0.398,-14.504,187
6.305,0.387,-14.506,187
6.305,0.376,-14.507,181
6.305,0.365,-14.506,182
6.305,0.354,-14.507,187
6.306,0.343,-14.509,91
6.306,0.332,-14.508,77
6.306,0.321,-14.509,82
6.307,0.31,-14.512,79
6.307,0.299,-14.511,122
6.307,0.287,-14.512,111
6.306,0.276,-14.508,119
6.307,0.266,-14.511,125
6.308,0.255,-14.513,126
6.308,0.243,-14.512,139
6.307,0.232,-14.512,128
6.307,0.221,-14.512,131
6.31,0.211,-14.516,128
6.309,0.199,-14.516,133
6.31,0.188,-14.516,121
6.31,0.177,-14.517,126
6.31,0.166,-14.517,126
6.31,0.155,-14.517,121
6.311,0.144,-14.519,109
6.309,0.133,-14.515,81
6.307,0.122,-14.51,163
6.31,0.111,-14.517,187
6.309,0.1,-14.516,183
6.31,0.089,-14.517,185
6.309,0.078,-14.516,188
6.31,0.067,-14.517,180
6.309,0.056,-14.515,186
6.311,0.045,-14.519,184
6.309,0.034,-14.515,193
6.312,0.023,-14.522,188
6.311,0.012,-14.52,178
6.311,0,-14.52,173
6.317,0.522,-14.5,69
6.316,0.511,-14.498,127
6.317,0.5,-14.498,182
6.318,0.489,-14.501,179
6.317,0.479,-14.499,180
6.316,0.467,-14.498,183
6.317,0.456,-14.499,186
6.314,0.445,-14.493,189
6.316,0.434,-14.497,185
6.316,0.423,-14.497,184
6.316,0.412,-14.497,188
6.315,0.401,-14.495,184
6.316,0.39,-14.498,190
6.316,0.379,-14.497,191
6.317,0.368,-14.499,183
6.315,0.357,-14.496,157
6.318,0.346,-14.502,77
6.319,0.335,-14.505,87
6.319,0.324,-14.505,85
6.319,0.313,-14.505,86
6.319,0.302,-14.504,121
6.32,0.291,-14.507,157
6.319,0.28,-14.505,139
6.319,0.268,-14.503,117
6.319,0.257,-14.504,101
6.319,0.247,-14.505,128
6.321,0.235,-14.509,134
6.319,0.224,-14.505,132
6.321,0.213,-14.508,131
6.32,0.202,-14.507,132
6.321,0.191,-14.509,120
6.321,0.18,-14.51,120
6.321,0.169,-14.509,133
6.321,0.158,-14.509,114
6.321,0.147,-14.509,79
6.323,0.136,-14.512,83
6.323,0.125,-14.511,74
6.323,0.114,-14.513,140
6.322,0.103,-14.51,191
6.321,0.091,-14.509,187
6.321,0.08,-14.509,187
6.323,0.07,-14.512,182
6.322,0.058,-14.51,185
6.323,0.047,-14.511,189
6.323,0.036,-14.513,181
6.323,0.025,-14.511,193
6.323,0.014,-14.513,173
6.322,0.004,-14.511,175
6.325,0.521,-14.495,76
6.324,0.51,-14.494,150
6.325,0.499,-14.495,177
6.324,0.488,-14.494,182
6.326,0.477,-14.499,180
6.326,0.465,-14.498,181
6.326,0.455,-14.497,181
6.325,0.444,-14.496,186
6.325,0.433,-14.496,185
6.324,0.421,-14.493,194
6.324,0.41,-14.494,179
6.325,0.399,-14.495,184
6.325,0.388,-14.495,189
6.325,0.377,-14.496,187
6.325,0.366,-14.495,183
6.328,0.355,-14.502,94
6.325,0.344,-14.496,86
6.327,0.333,-14.5,82
6.327,0.322,-14.5,90
6.328,0.311,-14.502,158
6.326,0.3,-14.498,179
6.328,0.289,-14.502,181
6.327,0.278,-14.5,183
6.329,0.267,-14.503,175
6.326,0.256,-14.497,160
6.328,0.245,-14.503,124
6.329,0.234,-14.504,108
6.328,0.222,-14.502,127
6.328,0.212,-14.503,125
6.328,0.2,-14.503,134
6.33,0.19,-14.505,132
6.329,0.178,-14.505,134
6.33,0.167,-14.505,114
6.33,0.156,-14.506,110
6.33,0.146,-14.507,78
6.332,0.134,-14.512,81
6.331,0.123,-14.509,76
6.331,0.112,-14.507,88
6.331,0.101,-14.508,188
6.332,0.09,-14.511,186
6.332,0.079,-14.51,188
6.329,0.068,-14.505,187
6.332,0.057,-14.511,187
6.332,0.046,-14.511,183
6.33,0.035,-14.507,187
6.33,0.024,-14.507,180
6.331,0.013,-14.509,180
6.331,0.002,-14.509,172
6.332,0.512,-14.484,90
6.333,0.501,-14.487,158
6.334,0.49,-14.489,183
6.333,0.479,-14.489,183
6.333,0.468,-14.488,180
6.334,0.456,-14.489,179
6.335,0.445,-14.491,174
6.333,0.434,-14.487,184
6.334,0.424,-14.49,184
6.334,0.412,-14.489,180
6.334,0.401,-14.49,185
6.336,0.39,-14.493,185
6.335,0.379,-14.491,182
6.335,0.368,-14.493,183
6.337,0.357,-14.495,93
6.335,0.346,-14.493,88
6.336,0.335,-14.494,98
6.335,0.324,-14.493,94
6.336,0.313,-14.494,184
6.336,0.302,-14.494,192
6.336,0.291,-14.493,183
6.336,0.28,-14.493,185
6.337,0.269,-14.495,184
6.337,0.258,-14.495,182
6.337,0.247,-14.495,184
6.337,0.236,-14.497,182
6.335,0.225,-14.493,160
6.339,0.214,-14.5,102
6.339,0.203,-14.501,106
6.339,0.192,-14.5,120
6.339,0.181,-14.501,114
6.338,0.17,-14.499,131
6.338,0.159,-14.498,168
6.34,0.147,-14.504,145
6.34,0.137,-14.502,83
6.339,0.126,-14.501,77
6.34,0.115,-14.502,77
6.339,0.103,-14.5,171
6.34,0.092,-14.503,189
6.339,0.081,-14.501,186
6.339,0.07,-14.501,186
6.341,0.059,-14.504,183
6.341,0.048,-14.505,184
6.342,0.037,-14.508,183
6.342,0.026,-14.508,175
6.341,0.015,-14.506,172
6.343,0.004,-14.508,178
6.349,0.514,-14.488,80
6.348,0.502,-14.486,131
6.348,0.491,-14.485,179
6.346,0.48,-14.482,180
6.348,0.469,-14.486,180
6.346,0.458,-14.481,171
6.347,0.447,-14.484,178
6.346,0.436,-14.481,185
6.347,0.425,-14.483,174
6.346,0.414,-14.482,184
6.347,0.403,-14.483,184
6.347,0.392,-14.483,178
6.348,0.381,-14.484,192
6.347,0.37,-14.483,184
6.35,0.359,-14.488,124
6.348,0.347,-14.486,88
6.349,0.337,-14.488,120
6.349,0.326,-14.488,127
6.351,0.315,-14.491,114
6.35,0.303,-14.49,111
6.351,0.292,-14.491,137
6.35,0.282,-14.489,147
6.35,0.271,-14.49,116
6.351,0.259,-14.491,112
6.351,0.248,-14.491,112
6.35,0.237,-14.49,129
6.35,0.226,-14.489,146
6.349,0.215,-14.487,161
6.347,0.204,-14.483,163
6.351,0.193,-14.491,162
6.352,0.182,-14.495,96
6.353,0.171,-14.496,127
6.351,0.16,-14.491,171
6.352,0.149,-14.495,182
6.353,0.138,-14.497,82
6.352,0.126,-14.495,77
6.353,0.116,-14.496,85
6.352,0.105,-14.493,167
6.352,0.094,-14.494,187
6.352,0.083,-14.493,185
6.353,0.072,-14.496,185
6.352,0.06,-14.495,188
6.352,0.05,-14.495,189
6.353,0.038,-14.496,184
6.353,0.027,-14.497,169
6.353,0.016,-14.496,179
6.353,0.005,-14.496,177
6.356,0.514,-14.484,40
6.355,0.503,-14.481,150
6.355,0.492,-14.481,174
6.355,0.481,-14.481,182
6.354,0.47,-14.479,177
6.354,0.458,-14.479,179
6.353,0.447,-14.477,175
6.353,0.437,-14.478,184
6.353,0.426,-14.477,186
6.355,0.414,-14.481,188
6.355,0.403,-14.481,179
6.357,0.392,-14.486,181
6.355,0.381,-14.481,183
6.356,0.37,-14.483,188
6.356,0.359,-14.484,169
6.355,0.348,-14.482,99
6.356,0.337,-14.484,109
6.357,0.326,-14.484,115
6.357,0.315,-14.485,120
6.357,0.304,-14.485,125
6.357,0.293,-14.486,128
6.357,0.282,-14.485,153
6.356,0.271,-14.484,159
6.357,0.26,-14.486,153
6.358,0.249,-14.486,151
6.358,0.238,-14.488,126
6.359,0.227,-14.489,135
6.358,0.216,-14.488,133
6.359,0.205,-14.49,109
6.36,0.194,-14.493,119
6.359,0.183,-14.49,121
6.358,0.171,-14.488,125
6.359,0.161,-14.491,119
6.359,0.149,-14.491,127
6.359,0.139,-14.491,104
6.36,0.128,-14.493,101
6.359,0.116,-14.49,90
6.36,0.105,-14.492,132
6.359,0.094,-14.491,173
6.359,0.083,-14.49,179
6.359,0.072,-14.49,181
6.361,0.061,-14.495,179
6.36,0.05,-14.493,189
6.362,0.039,-14.496,188
6.361,0.028,-14.494,178
6.361,0.017,-14.495,174
6.362,0.006,-14.497,182
6.363,0.505,-14.476,76
6.364,0.494,-14.477,154
6.363,0.483,-14.476,184
6.364,0.472,-14.476,178
6.364,0.461,-14.476,180
6.364,0.45,-14.478,176
6.363,0.438,-14.476,181
6.364,0.428,-14.477,172
6.365,0.417,-14.479,187
6.364,0.406,-14.476,189
6.365,0.394,-14.479,188
6.364,0.384,-14.476,189
6.365,0.373,-14.478,188
6.365,0.361,-14.479,183
6.365,0.351,-14.48,115
6.365,0.34,-14.478,115
6.365,0.328,-14.479,107
6.366,0.317,-14.481,102
6.365,0.306,-14.48,112
6.365,0.296,-14.479,125
6.366,0.284,-14.482,129
6.368,0.273,-14.486,145
6.367,0.262,-14.484,141
6.367,0.251,-14.483,130
6.367,0.24,-14.483,146
6.367,0.229,-14.484,127
6.368,0.218,-14.486,154
6.367,0.207,-14.484,130
6.368,0.196,-14.485,101
6.366,0.184,-14.483,114
6.368,0.174,-14.486,136
6.368,0.163,-14.486,130
6.368,0.152,-14.486,108
6.37,0.14,-14.489,144
6.369,0.13,-14.487,108
6.368,0.118,-14.486,115
6.367,0.108,-14.484,113
6.368,0.097,-14.486,98
6.367,0.086,-14.484,84
6.367,0.074,-14.484,89
6.37,0.063,-14.489,160
6.37,0.052,-14.491,183
6.37,0.041,-14.489,178
6.371,0.03,-14.491,168
6.37,0.019,-14.491,172
6.371,0.008,-14.493,175
6.375,0.496,-14.467,118
6.376,0.485,-14.469,141
6.376,0.474,-14.468,181
6.376,0.463,-14.468,181
6.377,0.452,-14.472,180
6.376,0.441,-14.469,178
6.377,0.43,-14.47,180
6.378,0.419,-14.472,175
6.378,0.408,-14.472,188
6.376,0.396,-14.468,192
6.377,0.386,-14.47,180
6.378,0.375,-14.472,182
6.376,0.363,-14.469,186
6.377,0.352,-14.472,189
6.378,0.341,-14.472,109
6.377,0.33,-14.472,115
6.378,0.319,-14.472,96
6.378,0.308,-14.473,98
6.378,0.297,-14.474,114
6.38,0.286,-14.478,126
6.38,0.275,-14.477,134
6.38,0.264,-14.477,148
6.38,0.253,-14.477,124
6.38,0.242,-14.477,132
6.38,0.231,-14.477,139
6.38,0.22,-14.478,124
6.382,0.209,-14.481,107
6.381,0.198,-14.479,125
6.381,0.187,-14.479,106
6.38,0.176,-14.478,117
6.381,0.165,-14.481,127
6.38,0.154,-14.477,157
6.382,0.143,-14.481,100
6.381,0.132,-14.48,128
6.381,0.121,-14.48,126
6.381,0.109,-14.481,108
6.381,0.098,-14.479,101
6.381,0.088,-14.479,96
6.381,0.077,-14.48,97
6.383,0.065,-14.484,161
6.383,0.054,-14.483,190
6.383,0.043,-14.483,178
6.383,0.032,-14.485,179
6.383,0.021,-14.483,172
6.384,0.01,-14.486,183
6.387,0.496,-14.471,81
6.384,0.485,-14.464,157
6.384,0.474,-14.464,184
6.384,0.463,-14.465,176
6.385,0.452,-14.467,181
6.384,0.44,-14.464,174
6.384,0.43,-14.464,180
6.384,0.419,-14.465,180
6.384,0.408,-14.465,186
6.383,0.396,-14.463,186
6.384,0.386,-14.464,186
6.385,0.374,-14.466,186
6.385,0.363,-14.466,189
6.388,0.353,-14.474,183
6.386,0.342,-14.469,144
6.386,0.331,-14.469,119
6.387,0.319,-14.47,101
6.387,0.308,-14.471,97
6.388,0.298,-14.474,108
6.387,0.286,-14.47,130
6.388,0.275,-14.473,125
6.387,0.264,-14.471,140
6.387,0.253,-14.472,126
6.39,0.243,-14.478,112
6.388,0.231,-14.472,129
6.387,0.22,-14.472,135
6.388,0.209,-14.473,109
6.389,0.198,-14.476,137
6.389,0.187,-14.474,136
6.389,0.176,-14.476,100
6.388,0.165,-14.473,103
6.39,0.154,-14.477,110
6.39,0.143,-14.477,116
6.391,0.132,-14.481,113
6.391,0.121,-14.478,113
6.391,0.11,-14.478,112
6.391,0.099,-14.479,144
6.39,0.087,-14.476,142
6.389,0.076,-14.475,129
6.387,0.066,-14.471,173
6.39,0.054,-14.476,181
6.39,0.043,-14.478,176
6.39,0.032,-14.477,173
6.391,0.021,-14.479,178
6.39,0.01,-14.478,183
6.394,0.488,-14.462,76
6.393,0.477,-14.461,123
6.393,0.466,-14.46,176
6.391,0.455,-14.457,180
6.392,0.444,-14.459,176
6.393,0.433,-14.46,179
6.394,0.422,-14.463,184
6.393,0.411,-14.46,179
6.394,0.4,-14.464,183
6.395,0.389,-14.464,185
6.393,0.378,-14.46,182
6.394,0.367,-14.462,180
6.393,0.356,-14.462,186
6.395,0.345,-14.465,143
6.394,0.334,-14.464,131
6.394,0.323,-14.464,130
6.394,0.312,-14.464,104
6.394,0.301,-14.463,105
6.395,0.29,-14.465,89
6.396,0.279,-14.467,132
6.396,0.268,-14.467,138
6.396,0.257,-14.466,145
6.398,0.246,-14.47,130
6.397,0.235,-14.468,138
6.398,0.223,-14.472,152
6.397,0.213,-14.469,135
6.398,0.202,-14.47,118
6.398,0.191,-14.472,123
6.398,0.179,-14.47,129
6.398,0.168,-14.471,128
6.399,0.158,-14.473,146
6.397,0.147,-14.47,144
6.399,0.135,-14.474,106
6.398,0.124,-14.471,125
6.398,0.113,-14.471,137
6.399,0.102,-14.473,147
6.398,0.091,-14.472,147
6.398,0.08,-14.472,154
6.399,0.069,-14.473,128
6.399,0.058,-14.474,178
6.4,0.047,-14.476,183
6.399,0.036,-14.473,173
6.4,0.025,-14.476,176
6.401,0.014,-14.477,181
6.4,0.003,-14.476,178
6.405,0.479,-14.455,110
6.406,0.468,-14.457,139
6.405,0.456,-14.454,184
6.405,0.445,-14.455,182
6.405,0.434,-14.454,176
6.407,0.424,-14.459,175
6.404,0.412,-14.453,172
6.405,0.401,-14.455,186
6.406,0.39,-14.458,188
6.405,0.379,-14.455,190
6.406,0.368,-14.457,186
6.406,0.357,-14.457,187
6.406,0.346,-14.458,132
6.407,0.335,-14.459,121
6.408,0.324,-14.46,103
6.408,0.313,-14.461,112
6.408,0.302,-14.461,112
6.407,0.291,-14.46,87
6.407,0.28,-14.46,103
6.408,0.269,-14.462,145
6.408,0.257,-14.462,154
6.409,0.247,-14.462,131
6.408,0.235,-14.462,152
6.409,0.225,-14.464,134
6.409,0.213,-14.464,148
6.409,0.202,-14.463,96
6.409,0.191,-14.463,99
6.41,0.181,-14.465,104
6.41,0.169,-14.464,122
6.41,0.158,-14.465,132
6.413,0.147,-14.472,137
6.411,0.136,-14.469,120
6.411,0.125,-14.468,146
6.41,0.114,-14.465,150
6.411,0.103,-14.468,156
6.409,0.092,-14.463,154
6.411,0.081,-14.467,158
6.408,0.07,-14.46,158
6.41,0.059,-14.465,184
6.411,0.048,-14.467,178
6.411,0.037,-14.468,177
6.411,0.025,-14.466,184
6.412,0.015,-14.469,171
6.413,0.004,-14.472,137
6.416,0.474,-14.455,77
6.416,0.463,-14.454,125
6.415,0.452,-14.452,178
6.414,0.441,-14.45,175
6.416,0.43,-14.455,178
6.414,0.419,-14.45,184
6.416,0.407,-14.454,174
6.416,0.397,-14.454,182
6.415,0.386,-14.452,179
6.415,0.375,-14.452,186
6.416,0.363,-14.454,186
6.415,0.352,-14.453,186
6.415,0.341,-14.452,124
6.416,0.331,-14.454,124
6.416,0.319,-14.454,104
6.417,0.308,-14.456,109
6.415,0.297,-14.453,95
6.417,0.286,-14.458,89
6.417,0.275,-14.457,97
6.418,0.264,-14.46,125
6.418,0.253,-14.46,129
6.419,0.242,-14.461,134
6.418,0.231,-14.459,122
6.419,0.22,-14.461,116
6.419,0.209,-14.462,110
6.418,0.198,-14.46,125
6.419,0.187,-14.461,109
6.418,0.176,-14.459,115
6.419,0.165,-14.462,105
6.419,0.154,-14.462,109
6.42,0.143,-14.464,110
6.421,0.132,-14.466,107
6.419,0.12,-14.461,109
6.419,0.109,-14.462,108
6.419,0.099,-14.462,110
6.42,0.088,-14.465,106
6.419,0.076,-14.462,97
6.421,0.065,-14.466,172
6.42,0.054,-14.464,172
6.423,0.044,-14.47,177
6.42,0.032,-14.465,177
6.421,0.022,-14.466,180
6.422,0.01,-14.469,146
6.424,0.464,-14.448,87
6.425,0.453,-14.451,120
6.423,0.442,-14.445,177
6.423,0.431,-14.445,178
6.422,0.42,-14.443,182
6.424,0.409,-14.448,178
6.422,0.398,-14.444,185
6.424,0.387,-14.448,172
6.423,0.375,-14.445,180
6.424,0.365,-14.448,185
6.423,0.354,-14.445,172
6.423,0.343,-14.446,108
6.425,0.331,-14.45,118
6.425,0.32,-14.45,124
6.425,0.31,-14.45,115
6.425,0.299,-14.45,104
6.426,0.287,-14.451,94
6.426,0.276,-14.452,110
6.426,0.265,-14.453,145
6.426,0.254,-14.452,131
6.427,0.243,-14.454,132
6.426,0.233,-14.451,123
6.427,0.221,-14.454,118
6.427,0.21,-14.455,121
6.427,0.199,-14.456,126
6.427,0.189,-14.453,128
6.427,0.177,-14.455,118
6.427,0.166,-14.455,122
6.428,0.155,-14.457,111
6.429,0.144,-14.457,114
6.429,0.133,-14.458,115
6.429,0.122,-14.459,131
6.429,0.111,-14.458,103
6.429,0.1,-14.459,124
6.428,0.089,-14.457,121
6.427,0.078,-14.455,109
6.429,0.067,-14.458,174
6.427,0.056,-14.455,185
6.429,0.045,-14.459,174
6.429,0.034,-14.458,174
6.431,0.022,-14.462,174
6.429,0.012,-14.458,142
6.431,0.001,-14.462,61
6.438,0.457,-14.444,85
6.437,0.446,-14.441,145
6.437,0.435,-14.441,183
6.436,0.424,-14.439,179
6.435,0.412,-14.438,178
6.436,0.402,-14.439,178
6.437,0.391,-14.441,180
6.436,0.38,-14.44,178
6.437,0.368,-14.441,172
6.437,0.357,-14.441,177
6.437,0.347,-14.441,106
6.437,0.336,-14.44,119
6.437,0.324,-14.441,103
6.438,0.313,-14.443,103
6.438,0.302,-14.443,100
6.438,0.291,-14.444,93
6.438,0.28,-14.445,94
6.439,0.269,-14.447,109
6.439,0.258,-14.445,116
6.441,0.247,-14.45,134
6.439,0.236,-14.446,135
6.439,0.225,-14.446,143
6.439,0.214,-14.447,134
6.44,0.203,-14.449,140
6.441,0.192,-14.45,126
6.44,0.181,-14.449,130
6.441,0.17,-14.45,139
6.441,0.159,-14.45,137
6.441,0.148,-14.451,121
6.443,0.137,-14.454,153
6.442,0.125,-14.453,151
6.441,0.114,-14.451,153
6.442,0.104,-14.452,136
6.441,0.093,-14.45,156
6.441,0.081,-14.451,139
6.441,0.07,-14.45,157
6.443,0.059,-14.453,176
6.441,0.049,-14.45,179
6.442,0.037,-14.451,173
6.442,0.026,-14.453,131
6.444,0.015,-14.457,52
6.447,0.456,-14.443,24
6.445,0.445,-14.439,86
6.445,0.434,-14.439,124
6.447,0.423,-14.443,179
6.446,0.412,-14.439,174
6.447,0.401,-14.443,174
6.447,0.389,-14.442,175
6.445,0.379,-14.439,190
6.445,0.368,-14.438,177
6.445,0.356,-14.437,177
6.445,0.345,-14.437,124
6.444,0.334,-14.435,125
6.446,0.323,-14.44,121
6.445,0.313,-14.438,107
6.446,0.301,-14.44,111
6.446,0.29,-14.439,102
6.447,0.279,-14.441,99
6.446,0.268,-14.44,114
6.446,0.257,-14.441,99
6.448,0.246,-14.444,117
6.448,0.235,-14.444,106
6.45,0.224,-14.447,119
6.449,0.213,-14.446,122
6.449,0.202,-14.446,101
6.45,0.191,-14.448,97
6.448,0.18,-14.443,96
6.451,0.169,-14.45,118
6.448,0.158,-14.444,114
6.45,0.147,-14.448,145
6.45,0.136,-14.448,130
6.45,0.125,-14.448,124
6.448,0.114,-14.444,124
6.45,0.102,-14.448,157
6.449,0.091,-14.446,156
6.449,0.081,-14.446,158
6.45,0.07,-14.448,182
6.451,0.058,-14.452,180
6.451,0.047,-14.451,178
6.452,0.036,-14.454,132
6.45,0.025,-14.449,77
6.453,0.014,-14.456,25
6.455,0.438,-14.435,70
6.456,0.426,-14.438,137
6.454,0.415,-14.433,162
6.455,0.405,-14.436,178
6.456,0.394,-14.438,179
6.453,0.382,-14.432,173
6.455,0.371,-14.435,180
6.455,0.36,-14.434,183
6.453,0.35,-14.432,102
6.455,0.338,-14.434,123
6.454,0.327,-14.433,122
6.455,0.316,-14.434,122
6.453,0.305,-14.431,112
6.453,0.294,-14.431,100
6.454,0.283,-14.433,93
6.455,0.272,-14.434,94
6.455,0.261,-14.435,104
6.457,0.25,-14.44,93
6.456,0.239,-14.436,109
6.457,0.228,-14.439,102
6.456,0.217,-14.437,84
6.456,0.206,-14.438,91
6.457,0.195,-14.439,90
6.457,0.184,-14.439,97
6.458,0.173,-14.441,94
6.457,0.162,-14.44,94
6.459,0.151,-14.444,86
6.457,0.14,-14.441,97
6.457,0.128,-14.441,103
6.458,0.118,-14.443,111
6.457,0.107,-14.44,104
6.459,0.095,-14.444,98
6.459,0.084,-14.444,115
6.46,0.073,-14.447,150
6.46,0.062,-14.446,178
6.458,0.052,-14.441,165
6.461,0.041,-14.448,140
6.46,0.029,-14.446,59
6.47,0.428,-14.432,65
6.468,0.417,-14.427,146
6.469,0.406,-14.429,119
6.467,0.395,-14.426,181
6.468,0.384,-14.427,182
6.465,0.373,-14.422,221
6.468,0.362,-14.427,183
6.466,0.351,-14.423,128
6.467,0.34,-14.426,126
6.467,0.329,-14.426,108
6.467,0.318,-14.427,117
6.468,0.307,-14.427,129
6.467,0.296,-14.426,136
6.469,0.285,-14.429,133
6.468,0.273,-14.428,117
6.467,0.263,-14.426,113
6.466,0.252,-14.424,115
6.468,0.241,-14.427,109
6.468,0.229,-14.428,117
6.468,0.218,-14.428,92
6.468,0.207,-14.428,99
6.469,0.197,-14.43,93
6.469,0.185,-14.429,97
6.469,0.174,-14.429,97
6.469,0.163,-14.429,110
6.471,0.153,-14.434,117
6.471,0.141,-14.434,107
6.471,0.13,-14.436,103
6.47,0.119,-14.433,106
6.471,0.108,-14.436,98
6.47,0.097,-14.434,100
6.47,0.086,-14.433,100
6.474,0.075,-14.441,135
6.471,0.064,-14.436,129
6.473,0.053,-14.438,122
6.474,0.042,-14.441,62
6.476,0.415,-14.426,75
6.477,0.404,-14.429,153
6.476,0.392,-14.426,126
6.475,0.381,-14.425,186
6.475,0.37,-14.425,214
6.476,0.359,-14.426,186
6.474,0.348,-14.422,142
6.475,0.337,-14.424,126
6.475,0.326,-14.423,145
6.476,0.315,-14.425,105
6.475,0.304,-14.424,96
6.474,0.293,-14.421,90
6.474,0.282,-14.422,99
6.476,0.271,-14.425,122
6.475,0.26,-14.423,130
6.476,0.249,-14.427,138
6.475,0.238,-14.422,144
6.475,0.227,-14.424,126
6.475,0.215,-14.423,133
6.476,0.205,-14.425,121
6.475,0.193,-14.424,111
6.475,0.182,-14.423,91
6.476,0.172,-14.425,103
6.477,0.161,-14.427,111
6.477,0.149,-14.428,115
6.476,0.138,-14.426,119
6.476,0.127,-14.426,113
6.476,0.116,-14.427,109
6.476,0.105,-14.426,77
6.477,0.094,-14.428,103
6.477,0.083,-14.428,100
6.48,0.072,-14.435,124
6.48,0.061,-14.435,88
6.482,0.05,-14.438,44
6.485,0.406,-14.422,52
6.486,0.395,-14.425,67
6.486,0.384,-14.426,147
6.485,0.373,-14.424,154
6.484,0.362,-14.42,178
6.484,0.35,-14.42,127
6.483,0.34,-14.418,110
6.485,0.329,-14.422,96
6.484,0.318,-14.42,101
6.484,0.306,-14.42,114
6.484,0.296,-14.42,90
6.483,0.284,-14.418,94
6.485,0.274,-14.423,87
6.483,0.262,-14.418,98
6.485,0.252,-14.423,124
6.484,0.24,-14.42,110
6.485,0.229,-14.423,125
6.484,0.218,-14.422,121
6.485,0.207,-14.422,121
6.484,0.196,-14.421,119
6.485,0.185,-14.422,120
6.484,0.174,-14.42,119
6.484,0.163,-14.42,86
6.484,0.152,-14.42,117
6.485,0.141,-14.423,155
6.484,0.13,-14.42,135
6.484,0.119,-14.42,130
6.484,0.108,-14.421,114
6.485,0.097,-14.422,105
6.485,0.086,-14.423,102
6.486,0.075,-14.425,74
6.49,0.064,-14.434,31
6.497,0.386,-14.415,58
6.497,0.375,-14.415,64
6.497,0.364,-14.415,158
6.498,0.353,-14.416,135
6.498,0.342,-14.416,119
6.498,0.331,-14.417,153
6.497,0.319,-14.415,132
6.499,0.309,-14.42,143
6.497,0.298,-14.414,119
6.499,0.287,-14.418,121
6.498,0.275,-14.416,98
6.498,0.264,-14.416,103
6.499,0.253,-14.419,121
6.497,0.242,-14.414,113
6.497,0.231,-14.414,106
6.497,0.22,-14.415,109
6.498,0.209,-14.416,109
6.498,0.198,-14.417,101
6.498,0.187,-14.417,103
6.498,0.176,-14.416,102
6.498,0.165,-14.416,111
6.498,0.154,-14.415,109
6.498,0.143,-14.417,109
6.498,0.132,-14.416,120
6.497,0.121,-14.415,101
6.498,0.11,-14.416,100
6.498,0.098,-14.415,102
6.497,0.087,-14.413,81
6.499,0.076,-14.417,76
6.507,0.363,-14.414,77
6.505,0.351,-14.411,126
6.505,0.34,-14.411,146
6.505,0.329,-14.411,148
6.503,0.318,-14.407,155
6.505,0.307,-14.411,160
6.503,0.296,-14.406,155
6.507,0.285,-14.415,139
6.505,0.274,-14.41,117
6.505,0.263,-14.411,102
6.506,0.252,-14.412,115
6.506,0.241,-14.411,105
6.506,0.23,-14.413,114
6.507,0.219,-14.415,128
6.507,0.208,-14.414,126
6.507,0.197,-14.414,114
6.506,0.186,-14.413,117
6.507,0.175,-14.414,101
6.508,0.163,-14.415,110
6.507,0.153,-14.414,107
6.506,0.142,-14.411,101
6.507,0.131,-14.413,103
6.508,0.119,-14.415,112
6.507,0.108,-14.414,105
6.507,0.097,-14.414,108
6.506,0.086,-14.413,98
6.508,0.075,-14.416,63
6.515,0.357,-14.409,123
6.515,0.345,-14.408,127
6.515,0.335,-14.409,140
6.516,0.323,-14.409,150
6.512,0.313,-14.402,168
6.514,0.301,-14.405,155
6.513,0.29,-14.403,172
6.515,0.279,-14.407,159
6.516,0.268,-14.409,155
6.515,0.257,-14.407,156
6.516,0.246,-14.409,143
6.516,0.235,-14.411,128
6.516,0.224,-14.411,122
6.516,0.213,-14.411,112
6.515,0.202,-14.408,111
6.515,0.191,-14.408,102
6.517,0.18,-14.411,111
6.516,0.169,-14.41,99
6.516,0.158,-14.41,98
6.517,0.147,-14.413,102
6.516,0.136,-14.41,110
6.516,0.125,-14.411,109
6.517,0.114,-14.412,125
6.516,0.103,-14.41,121
6.516,0.091,-14.41,126
6.516,0.081,-14.41,123
6.526,0.359,-14.401,51
6.526,0.348,-14.4,71
6.527,0.337,-14.401,112
6.527,0.326,-14.402,131
6.527,0.315,-14.402,143
6.527,0.303,-14.401,146
6.528,0.292,-14.405,148
6.528,0.282,-14.403,148
6.529,0.271,-14.405,158
6.528,0.259,-14.403,159
6.528,0.248,-14.403,134
6.53,0.237,-14.408,145
6.527,0.227,-14.402,147
6.529,0.215,-14.405,118
6.529,0.204,-14.406,123
6.528,0.193,-14.403,129
6.529,0.182,-14.405,109
6.528,0.171,-14.405,113
6.53,0.16,-14.407,105
6.529,0.149,-14.406,130
6.529,0.138,-14.405,151
6.529,0.127,-14.405,153
6.529,0.116,-14.405,156
6.529,0.105,-14.406,149
6.529,0.094,-14.405,155
6.529,0.083,-14.406,145
6.537,0.204,-14.399,13
6.536,0.192,-14.397,85
6.537,0.182,-14.4,78
6.539,0.17,-14.402,131
6.538,0.159,-14.4,139
6.539,0.148,-14.402,104
6.538,0.138,-14.401,108
6.538,0.126,-14.401,105
6.538,0.115,-14.401,108
6.539,0.104,-14.403,97
6.537,0.093,-14.399,82
6.538,0.082,-14.4,78
6.036,0.378,-14.639,48
6.038,0.367,-14.643,88
6.036,0.356,-14.637,113
6.038,0.345,-14.644,139
6.037,0.334,-14.641,135
6.037,0.323,-14.641,171
6.036,0.312,-14.639,171
6.037,0.301,-14.641,180
6.039,0.29,-14.645,179
6.038,0.279,-14.644,178
6.038,0.268,-14.644,174
6.038,0.257,-14.645,178
6.038,0.246,-14.644,182
6.041,0.235,-14.649,179
6.04,0.223,-14.646,179
6.039,0.212,-14.645,178
6.04,0.201,-14.647,181
6.04,0.191,-14.647,181
6.049,0.393,-14.635,95
6.048,0.382,-14.63,101
6.049,0.371,-14.634,154
6.049,0.36,-14.633,137
6.049,0.349,-14.633,171
6.049,0.338,-14.634,184
6.049,0.327,-14.634,182
6.049,0.316,-14.634,179
6.051,0.305,-14.638,182
6.049,0.294,-14.634,174
6.051,0.283,-14.638,179
6.051,0.272,-14.637,178
6.052,0.261,-14.641,184
6.052,0.25,-14.641,176
6.051,0.238,-14.639,188
6.052,0.228,-14.641,182
6.053,0.216,-14.642,172
6.052,0.205,-14.639,172
6.054,0.194,-14.644,181
6.052,0.183,-14.641,181
6.052,0.172,-14.64,186
6.052,0.161,-14.641,162
6.053,0.15,-14.642,164
6.054,0.139,-14.643,164
6.052,0.128,-14.641,161
6.054,0.117,-14.645,182
6.052,0.106,-14.641,158
6.055,0.095,-14.648,116
6.056,0.083,-14.649,127
6.057,0.072,-14.652,131
6.056,0.061,-14.648,76
6.055,0.051,-14.646,68
6.056,0.04,-14.649,67
6.057,0.029,-14.651,52
6.057,0.017,-14.652,48
6.058,0.006,-14.656,44
6.057,0.412,-14.63,62
6.057,0.401,-14.63,76
6.057,0.39,-14.631,133
6.057,0.379,-14.63,142
6.056,0.368,-14.629,179
6.055,0.357,-14.627,181
6.057,0.346,-14.63,186
6.057,0.335,-14.631,171
6.057,0.324,-14.631,178
6.057,0.313,-14.631,178
6.058,0.302,-14.633,183
6.058,0.29,-14.632,177
6.059,0.279,-14.636,180
6.058,0.268,-14.634,186
6.058,0.257,-14.634,181
6.059,0.247,-14.635,182
6.059,0.235,-14.635,180
6.06,0.224,-14.637,179
6.06,0.213,-14.637,177
6.059,0.202,-14.634,184
6.061,0.191,-14.64,179
6.059,0.18,-14.635,186
6.061,0.169,-14.639,178
6.062,0.158,-14.642,98
6.062,0.147,-14.642,100
6.063,0.136,-14.646,103
6.061,0.125,-14.641,88
6.063,0.114,-14.644,90
6.064,0.102,-14.646,93
6.064,0.091,-14.648,109
6.064,0.081,-14.648,127
6.063,0.069,-14.644,97
6.063,0.058,-14.644,87
6.062,0.047,-14.642,93
6.063,0.036,-14.646,87
6.063,0.025,-14.644,84
6.063,0.014,-14.645,91
6.064,0.003,-14.648,99
6.066,0.418,-14.625,68
6.066,0.407,-14.626,144
6.066,0.396,-14.625,144
6.064,0.384,-14.621,178
6.065,0.373,-14.623,183
6.065,0.362,-14.623,187
6.066,0.352,-14.625,176
6.065,0.34,-14.624,180
6.067,0.329,-14.626,184
6.067,0.318,-14.626,179
6.068,0.307,-14.63,186
6.068,0.296,-14.629,180
6.069,0.285,-14.631,178
6.069,0.274,-14.633,180
6.067,0.263,-14.627,188
6.069,0.252,-14.632,179
6.068,0.241,-14.629,178
6.068,0.23,-14.628,185
6.068,0.219,-14.63,181
6.068,0.207,-14.63,188
6.069,0.197,-14.631,183
6.069,0.185,-14.632,181
6.069,0.175,-14.632,186
6.069,0.163,-14.632,159
6.071,0.153,-14.636,117
6.071,0.141,-14.637,118
6.07,0.13,-14.635,104
6.072,0.119,-14.639,112
6.073,0.108,-14.64,106
6.073,0.097,-14.642,101
6.073,0.086,-14.641,109
6.074,0.075,-14.644,122
6.072,0.064,-14.639,92
6.071,0.053,-14.636,85
6.071,0.042,-14.637,85
6.07,0.031,-14.634,88
6.072,0.02,-14.639,88
6.07,0.009,-14.635,90
6.077,0.431,-14.617,64
6.077,0.419,-14.616,143
6.077,0.408,-14.617,159
6.076,0.397,-14.615,182
6.076,0.387,-14.613,172
6.077,0.375,-14.616,182
6.077,0.364,-14.616,181
6.078,0.353,-14.618,181
6.078,0.342,-14.618,177
6.08,0.331,-14.623,184
6.078,0.32,-14.618,178
6.08,0.309,-14.622,180
6.08,0.298,-14.621,180
6.081,0.287,-14.626,179
6.079,0.276,-14.62,185
6.08,0.265,-14.623,187
6.08,0.254,-14.623,185
6.079,0.243,-14.621,191
6.081,0.232,-14.625,186
6.078,0.221,-14.619,191
6.081,0.21,-14.625,187
6.08,0.199,-14.623,186
6.082,0.188,-14.626,180
6.081,0.176,-14.624,184
6.082,0.165,-14.627,161
6.083,0.155,-14.629,119
6.084,0.144,-14.632,100
6.084,0.132,-14.632,105
6.085,0.121,-14.634,117
6.085,0.11,-14.634,118
6.086,0.099,-14.637,131
6.085,0.088,-14.635,121
6.087,0.077,-14.639,137
6.084,0.066,-14.632,115
6.084,0.055,-14.633,115
6.083,0.043,-14.63,119
6.082,0.033,-14.627,90
6.082,0.022,-14.628,101
6.082,0.011,-14.628,84
6.088,0.44,-14.616,68
6.086,0.429,-14.612,124
6.085,0.419,-14.61,163
6.085,0.407,-14.611,183
6.085,0.396,-14.611,182
6.085,0.385,-14.611,183
6.088,0.374,-14.618,179
6.086,0.363,-14.613,182
6.087,0.352,-14.615,188
6.088,0.341,-14.617,179
6.087,0.33,-14.614,182
6.087,0.319,-14.615,181
6.087,0.308,-14.615,188
6.087,0.297,-14.613,194
6.088,0.286,-14.616,182
6.088,0.275,-14.617,188
6.089,0.264,-14.619,189
6.088,0.252,-14.618,176
6.088,0.242,-14.617,190
6.089,0.231,-14.62,191
6.089,0.22,-14.62,192
6.089,0.208,-14.62,183
6.092,0.197,-14.626,193
6.09,0.186,-14.622,200
6.09,0.176,-14.623,182
6.091,0.164,-14.625,182
6.091,0.153,-14.625,104
6.092,0.142,-14.626,95
6.093,0.131,-14.628,100
6.093,0.12,-14.629,112
6.093,0.109,-14.63,118
6.094,0.098,-14.63,100
6.093,0.087,-14.629,120
6.093,0.075,-14.629,129
6.094,0.065,-14.631,99
6.093,0.054,-14.628,110
6.091,0.043,-14.625,112
6.091,0.032,-14.625,99
6.091,0.021,-14.625,120
6.091,0.01,-14.625,118
6.095,0.456,-14.608,59
6.095,0.444,-14.608,143
6.096,0.433,-14.609,146
6.095,0.422,-14.606,175
6.095,0.411,-14.607,182
6.095,0.4,-14.608,185
6.096,0.389,-14.609,184
6.097,0.378,-14.613,182
6.095,0.367,-14.608,174
6.096,0.356,-14.611,182
6.097,0.345,-14.612,180
6.096,0.334,-14.611,188
6.097,0.323,-14.612,188
6.096,0.312,-14.611,185
6.096,0.301,-14.609,188
6.098,0.289,-14.614,183
6.097,0.279,-14.613,183
6.098,0.268,-14.615,193
6.097,0.257,-14.611,182
6.097,0.245,-14.613,188
6.098,0.234,-14.613,186
6.098,0.223,-14.615,182
6.098,0.213,-14.615,182
6.101,0.201,-14.62,187
6.099,0.19,-14.616,189
6.102,0.179,-14.622,182
6.1,0.168,-14.62,180
6.101,0.157,-14.621,115
6.102,0.146,-14.624,100
6.1,0.135,-14.618,88
6.102,0.124,-14.623,92
6.103,0.113,-14.626,115
6.102,0.102,-14.624,105
6.103,0.091,-14.626,97
6.103,0.08,-14.625,109
6.102,0.068,-14.625,114
6.102,0.058,-14.624,116
6.102,0.047,-14.623,113
6.102,0.036,-14.622,117
6.102,0.024,-14.623,93
6.1,0.013,-14.618,113
6.101,0.002,-14.621,113
6.11,0.47,-14.609,21
6.105,0.459,-14.597,65
6.108,0.448,-14.603,115
6.107,0.437,-14.601,180
6.108,0.426,-14.602,180
6.108,0.415,-14.604,180
6.108,0.404,-14.602,180
6.109,0.393,-14.604,179
6.109,0.382,-14.604,179
6.108,0.37,-14.604,180
6.109,0.359,-14.605,178
6.108,0.348,-14.602,187
6.108,0.337,-14.603,188
6.108,0.326,-14.603,186
6.11,0.315,-14.609,189
6.108,0.304,-14.604,188
6.109,0.293,-14.606,184
6.109,0.282,-14.606,184
6.11,0.271,-14.608,180
6.11,0.26,-14.608,185
6.11,0.249,-14.608,184
6.111,0.238,-14.61,190
6.11,0.227,-14.609,191
6.112,0.216,-14.613,185
6.109,0.205,-14.606,192
6.111,0.194,-14.61,188
6.112,0.183,-14.613,188
6.112,0.171,-14.613,188
6.113,0.161,-14.614,115
6.114,0.149,-14.616,105
6.114,0.139,-14.616,101
6.114,0.127,-14.616,130
6.114,0.116,-14.617,110
6.115,0.105,-14.618,100
6.114,0.094,-14.618,110
6.115,0.083,-14.618,92
6.115,0.072,-14.619,115
6.115,0.061,-14.62,118
6.116,0.05,-14.621,105
6.115,0.039,-14.618,113
6.115,0.028,-14.62,97
6.113,0.017,-14.613,97
6.112,0.006,-14.613,118
6.117,0.477,-14.598,42
6.116,0.465,-14.596,128
6.118,0.455,-14.6,135
6.117,0.444,-14.598,185
6.117,0.433,-14.598,183
6.117,0.421,-14.598,182
6.116,0.41,-14.596,181
6.116,0.399,-14.596,181
6.116,0.388,-14.597,187
6.118,0.377,-14.6,178
6.116,0.366,-14.595,183
6.118,0.355,-14.599,190
6.117,0.344,-14.598,186
6.117,0.333,-14.598,188
6.117,0.322,-14.597,185
6.118,0.311,-14.6,193
6.118,0.3,-14.6,188
6.12,0.289,-14.603,180
6.119,0.278,-14.603,193
6.12,0.267,-14.604,188
6.12,0.255,-14.606,192
6.119,0.244,-14.602,187
6.122,0.234,-14.61,186
6.12,0.223,-14.604,182
6.12,0.212,-14.605,185
6.12,0.2,-14.605,189
6.12,0.189,-14.605,184
6.121,0.178,-14.606,191
6.121,0.168,-14.606,185
6.122,0.156,-14.609,110
6.123,0.145,-14.611,97
6.123,0.134,-14.611,97
6.123,0.123,-14.611,104
6.123,0.112,-14.613,105
6.124,0.101,-14.614,102
6.124,0.09,-14.615,96
6.124,0.079,-14.614,103
6.125,0.068,-14.617,118
6.126,0.056,-14.618,128
6.125,0.046,-14.616,112
6.123,0.035,-14.613,116
6.122,0.023,-14.61,101
6.122,0.012,-14.608,92
6.122,0.001,-14.609,107
6.126,0.484,-14.595,32
6.126,0.472,-14.594,113
6.124,0.461,-14.592,141
6.124,0.45,-14.591,178
6.126,0.251,-14.595,181
6.128,0.24,-14.598,182
6.127,0.229,-14.597,194
6.128,0.218,-14.599,185
6.129,0.207,-14.601,182
6.128,0.196,-14.6,195
6.129,0.185,-14.601,181
6.13,0.174,-14.605,187
6.13,0.163,-14.604,161
6.132,0.152,-14.609,90
6.13,0.141,-14.604,90
6.132,0.13,-14.608,110
6.132,0.119,-14.608,117
6.131,0.108,-14.607,107
6.132,0.097,-14.609,121
6.133,0.086,-14.611,123
6.132,0.075,-14.609,117
6.132,0.064,-14.609,139
6.133,0.052,-14.611,130
6.133,0.041,-14.61,117
6.132,0.031,-14.609,117
6.13,0.019,-14.605,111
6.131,0.008,-14.606,112
6.139,0.486,-14.589,74
6.136,0.475,-14.584,123
6.137,0.464,-14.585,174
6.138,0.453,-14.587,178
6.138,0.442,-14.587,182
6.138,0.431,-14.587,179
6.138,0.419,-14.587,179
6.138,0.409,-14.587,188
6.137,0.398,-14.586,186
6.137,0.387,-14.585,176
6.139,0.375,-14.589,188
6.138,0.364,-14.587,185
6.137,0.354,-14.585,184
6.137,0.342,-14.585,186
6.14,0.331,-14.591,182
6.139,0.32,-14.589,188
6.139,0.309,-14.59,184
6.14,0.298,-14.591,185
6.14,0.287,-14.592,181
6.141,0.276,-14.595,179
6.14,0.265,-14.592,184
6.141,0.254,-14.594,185
6.141,0.243,-14.595,176
6.14,0.232,-14.591,184
6.141,0.221,-14.593,183
6.141,0.21,-14.595,188
6.14,0.199,-14.592,185
6.141,0.188,-14.594,183
6.141,0.177,-14.595,190
6.142,0.154,-14.597,92
6.143,0.144,-14.599,85
6.143,0.132,-14.599,96
6.143,0.022,-14.599,87
6.142,0.01,-14.597,87
6.123,0.439,-14.589,183
6.124,0.428,-14.591,180
6.124,0.417,-14.59,186
6.126,0.406,-14.594,184
6.125,0.395,-14.592,180
6.127,0.384,-14.596,182
6.125,0.373,-14.593,182
6.127,0.362,-14.597,185
6.124,0.35,-14.591,187
6.127,0.34,-14.596,181
6.126,0.328,-14.594,187
6.126,0.318,-14.595,184
6.126,0.306,-14.594,189
6.127,0.296,-14.596,184
6.127,0.284,-14.596,181
6.127,0.273,-14.596,183
6.126,0.262,-14.595,175
20.854,1.914,-49.124,67
20.844,1.875,-49.098,72
20.919,1.885,-49.152,64
20.898,1.847,-49.103,74
20.917,1.811,-49.148,80
20.933,1.907,-49.102,71
20.923,1.869,-49.078,82
20.987,1.918,-49.144,71
20.987,1.881,-49.144,83
20.945,1.84,-49.046,79
21.024,1.93,-49.112,59
21.019,1.892,-49.099,80
21.016,1.854,-49.092,77
21.027,1.817,-49.118,53
21.014,1.924,-49.003,84
21.028,1.89,-49.036,86
21.071,1.946,-49.053,86
21.045,1.906,-48.992,90
21.052,1.869,-49.009,92
21.115,1.961,-49.043,73
21.09,1.921,-48.986,90
21.113,1.885,-49.039,75
21.143,1.85,-49.109,81
21.182,2.063,-49.112,64
21.152,2.024,-49.043,73
21.172,1.988,-49.088,78
21.134,1.91,-49,84
21.117,1.871,-48.959,33
21.107,1.834,-48.936,77
21.189,2.029,-49.05,73
21.205,1.992,-49.086,74
21.23,1.921,-49.144,43
21.129,1.874,-48.911,85
21.274,2.081,-49.131,80
21.241,2.04,-49.053,86
21.212,2,-48.986,86
21.299,2.082,-49.11,69
21.282,2.043,-49.071,46
21.255,2.002,-49.008,68
21.287,2.016,-48.987,83
21.339,1.983,-49.108,66
21.387,1.957,-49.102,49
21.395,1.919,-49.118,26
21.425,1.989,-49.113,43
21.413,1.95,-49.086,84
21.434,1.916,-49.134,21
21.444,1.996,-49.067,73
21.428,1.957,-49.03,78
21.438,1.92,-49.052,92
21.448,1.883,-49.075,73
21.486,2,-49.039,64
21.473,1.962,-49.01,81
21.491,1.926,-49.051,39
21.515,2.003,-49.039,53
21.525,1.928,-49.061,41
21.039,1.628,-47.41,32
21.041,1.592,-47.415,28
21.054,1.63,-47.362,25
21.056,1.595,-47.365,59
21.065,1.559,-47.386,45
21.103,1.824,-47.355,41
21.123,1.789,-47.401,29
21.103,1.643,-47.355,53
21.09,1.606,-47.327,65
21.111,1.571,-47.374,24
21.094,1.533,-47.335,46
21.127,1.857,-47.337,48
21.138,1.823,-47.362,76
21.112,1.784,-47.305,58
21.132,1.749,-47.35,45
21.103,1.637,-47.283,66
21.135,1.605,-47.355,38
21.146,1.569,-47.381,71
21.122,1.531,-47.326,73
17.728,1.579,-44.205,19
17.721,1.545,-44.186,67
17.719,1.513,-44.183,73
17.721,1.48,-44.187,75
17.723,1.446,-44.192,73
17.768,1.071,-44.223,23
17.75,1.003,-44.178,46
17.753,0.97,-44.185,64
17.756,0.937,-44.191,44
17.753,0.904,-44.185,75
17.751,0.871,-44.18,87
17.754,0.837,-44.187,68
17.75,0.803,-44.176,107
17.748,0.77,-44.173,134
17.782,0.547,-44.187,13
17.778,0.513,-44.176,47
17.779,0.481,-44.178,48
17.779,0.447,-44.178,65
17.778,0.414,-44.174,84
17.777,0.38,-44.172,103
17.779,0.347,-44.178,79
17.778,0.315,-44.174,82
17.777,0.281,-44.171,118
17.779,0.248,-44.178,88
17.778,0.214,-44.176,87
20.483,1.013,-50.898,58
20.482,0.898,-50.895,20
20.628,1.835,-51.127,28
20.493,1.707,-50.793,80
20.503,1.059,-50.817,60
20.507,1.02,-50.827,77
20.499,0.981,-50.807,41
20.501,0.904,-50.81,25
20.521,0.752,-50.859,19
20.512,0.676,-50.838,38
20.51,0.599,-50.834,27
20.507,0.521,-50.824,38
20.51,0.446,-50.834,38
20.507,0.369,-50.825,40
20.527,0.292,-50.874,17
20.514,0.178,-50.841,18
20.522,0.025,-50.862,25
20.554,1.809,-50.859,55
20.503,1.768,-50.733,76
20.535,1.694,-50.811,60
20.533,1.081,-50.805,19
20.518,1.041,-50.769,81
20.522,1.003,-50.779,65
20.518,0.928,-50.768,40
20.524,0.775,-50.782,36
20.523,0.698,-50.779,29
20.52,0.468,-50.772,24
20.518,0.43,-50.768,21
20.529,0.316,-50.796,30
20.534,0.239,-50.805,31
20.541,0.048,-50.823,30
20.565,1.848,-50.791,70
20.498,1.804,-50.626,80
20.507,1.728,-50.65,73
20.584,1.697,-50.84,62
20.538,1.082,-50.723,55
20.535,1.043,-50.717,72
20.535,1.005,-50.717,52
20.532,0.928,-50.71,14
20.536,0.852,-50.718,19
20.538,0.814,-50.724,26
20.542,0.737,-50.731,38
20.508,0.583,-50.65,15
20.541,0.507,-50.729,17
20.541,0.393,-50.729,28
20.541,0.316,-50.73,27
20.552,0.278,-50.758,23
20.554,0.203,-50.761,41
20.552,0.05,-50.756,36
20.636,1.927,-50.844,21
20.615,1.887,-50.792,66
20.626,1.849,-50.82,75
20.593,1.809,-50.738,64
20.563,1.768,-50.663,74
20.607,1.733,-50.771,89
20.736,1.705,-51.09,57
20.659,1.66,-50.9,49
20.573,1.08,-50.689,34
20.563,1.041,-50.661,82
20.572,1.003,-50.685,41
20.566,0.966,-50.671,43
20.564,0.812,-50.665,45
20.564,0.737,-50.664,40
20.565,0.392,-50.666,21
20.584,0.278,-50.712,18
20.586,0.164,-50.717,19
20.573,0.126,-50.687,26
20.584,0.01,-50.714,35
20.656,2.033,-50.81,52
20.665,1.995,-50.833,46
20.654,1.955,-50.806,48
20.658,1.919,-50.815,63
20.642,1.879,-50.774,61
20.626,1.839,-50.735,73
20.612,1.799,-50.701,84
20.659,1.764,-50.815,74
20.666,1.726,-50.834,91
20.652,1.688,-50.8,80
20.658,1.65,-50.814,76
20.583,1.072,-50.628,53
20.577,1.033,-50.613,87
20.584,0.995,-50.631,29
20.573,0.917,-50.604,29
20.583,0.804,-50.629,17
20.58,0.766,-50.619,40
20.583,0.69,-50.628,36
20.582,0.536,-50.625,34
20.58,0.461,-50.62,28
20.593,0.346,-50.652,26
20.594,0.193,-50.654,20
20.601,0.116,-50.669,20
20.592,0.08,-50.65,26
20.614,0.041,-50.702,21
20.602,0.003,-50.674,33
20.717,2.049,-50.859,41
20.735,2.014,-50.904,43
20.672,1.969,-50.75,71
20.678,1.931,-50.763,74
20.678,1.893,-50.762,64
20.676,1.854,-50.758,81
20.649,1.815,-50.692,38
21.536,1.893,-52.87,54
20.898,1.798,-51.302,40
21.532,1.852,-52.86,72
21.569,1.815,-52.95,77
21.574,1.775,-52.961,43
20.704,1.665,-50.826,93
20.707,1.628,-50.833,47
20.598,1.084,-50.565,67
20.598,1.046,-50.565,59
20.601,1.01,-50.572,39
20.591,0.855,-50.548,53
20.602,0.78,-50.574,25
20.605,0.513,-50.582,21
20.612,0.322,-50.598,18
20.614,0.171,-50.603,22
20.626,0.056,-50.632,17
20.699,2.055,-50.688,47
20.776,2.023,-50.876,20
21.103,2.056,-51.676,28
20.917,1.998,-51.222,71
20.758,1.946,-50.831,74
20.759,1.907,-50.834,62
21.642,1.949,-52.998,60
21.507,1.896,-52.667,83
21.688,1.872,-53.109,44
20.958,1.771,-51.322,54
21.523,1.819,-52.705,70
21.512,1.778,-52.678,63
20.621,1.094,-50.493,30
20.621,1.056,-50.493,78
20.628,1.018,-50.51,69
21.617,1.026,-52.933,65
20.622,0.941,-50.498,37
21.619,0.986,-52.939,62
21.621,0.947,-52.943,83
20.621,0.865,-50.493,21
21.625,0.908,-52.951,64
21.623,0.867,-52.947,62
21.625,0.827,-52.953,67
20.631,0.751,-50.518,23
21.624,0.786,-52.951,64
21.625,0.748,-52.952,61
20.63,0.675,-50.516,23
21.622,0.707,-52.944,66
21.626,0.668,-52.954,69
21.623,0.627,-52.946,51
21.624,0.587,-52.949,66
20.639,0.523,-50.536,24
21.625,0.548,-52.952,46
21.624,0.508,-52.95,46
20.646,0.447,-50.555,15
21.628,0.468,-52.958,52
20.628,0.408,-50.511,18
21.627,0.428,-52.956,38
21.635,0.387,-52.976,34
21.629,0.347,-52.96,46
20.646,0.294,-50.554,26
21.631,0.308,-52.965,38
21.633,0.269,-52.971,27
20.643,0.218,-50.546,25
21.629,0.228,-52.96,39
21.628,0.188,-52.96,17
20.631,0.141,-50.516,42
21.629,0.147,-52.962,29
21.628,0.109,-52.959,32
20.637,0.066,-50.532,34
21.633,0.029,-52.97,16
20.76,2.012,-50.751,41
21.135,2.048,-51.667,32
20.968,1.993,-51.257,45
20.927,1.95,-51.159,78
20.799,1.9,-50.846,76
20.778,1.86,-50.795,81
20.774,1.821,-50.784,45
21.563,1.89,-52.712,56
21.587,1.852,-52.771,58
21.585,1.812,-52.766,74
21.52,1.767,-52.608,81
21.536,1.728,-52.647,77
21.663,1.699,-52.956,43
20.64,1.085,-50.454,51
20.642,1.047,-50.458,86
20.65,1.01,-50.479,54
21.576,1.056,-52.743,15
20.639,0.971,-50.451,37
21.63,1.018,-52.875,59
21.649,0.979,-52.92,94
20.64,0.895,-50.454,38
21.651,0.938,-52.924,86
21.649,0.898,-52.919,78
20.639,0.82,-50.451,36
21.652,0.86,-52.926,83
21.648,0.82,-52.918,92
20.638,0.743,-50.449,22
21.65,0.78,-52.922,63
21.649,0.739,-52.919,92
20.638,0.666,-50.449,20
21.649,0.699,-52.92,101
21.652,0.66,-52.926,73
21.648,0.62,-52.918,107
20.65,0.553,-50.478,31
21.65,0.58,-52.922,87
21.649,0.54,-52.921,78
20.647,0.476,-50.472,35
21.649,0.5,-52.921,83
21.649,0.459,-52.919,96
21.65,0.421,-52.922,68
21.648,0.38,-52.918,102
20.659,0.324,-50.5,28
21.648,0.34,-52.917,97
21.65,0.3,-52.922,76
20.66,0.248,-50.501,28
21.647,0.259,-52.916,101
20.653,0.211,-50.483,18
21.649,0.221,-52.919,100
21.649,0.181,-52.92,84
20.663,0.134,-50.508,19
21.65,0.14,-52.922,95
20.66,0.096,-50.503,31
21.647,0.101,-52.915,96
21.648,0.06,-52.917,83
21.649,0.022,-52.92,94
21.184,2.024,-51.687,65
21.107,1.98,-51.5,60
21.177,1.947,-51.673,91
20.858,1.879,-50.892,54
21.232,1.913,-51.804,65
20.854,1.839,-50.882,50
21.56,1.862,-52.605,70
21.03,1.779,-51.313,26
21.569,1.824,-52.628,57
21.534,1.781,-52.542,55
21.531,1.741,-52.535,75
21.705,1.715,-52.959,50
21.74,1.678,-53.044,21
20.653,1.062,-50.391,68
20.664,1.024,-50.418,36
21.549,1.028,-52.576,40
21.688,0.996,-52.916,39
21.698,0.716,-52.941,22
21.692,0.675,-52.926,43
21.689,0.635,-52.918,54
21.695,0.595,-52.933,46
21.687,0.556,-52.911,62
20.663,0.492,-50.414,22
21.692,0.516,-52.925,57
21.701,0.477,-52.946,38
20.661,0.415,-50.409,19
21.689,0.435,-52.917,65
20.667,0.377,-50.424,22
21.688,0.396,-52.913,62
20.688,0.34,-50.474,30
21.687,0.357,-52.911,50
21.69,0.317,-52.919,69
20.673,0.264,-50.437,46
21.69,0.276,-52.919,62
21.69,0.236,-52.918,77
20.673,0.187,-50.437,25
21.688,0.196,-52.913,58
21.69,0.156,-52.918,72
20.675,0.112,-50.443,40
21.691,0.117,-52.921,58
21.691,0.077,-52.921,66
20.667,0.035,-50.423,37
21.688,0.037,-52.916,64
21.205,2.026,-51.615,64
21.208,1.987,-51.623,62
21.216,1.948,-51.642,68
21.252,1.913,-51.73,58
21.263,1.875,-51.757,96
20.773,1.793,-50.563,24
21.128,1.824,-51.428,33
21.248,1.795,-51.72,64
21.718,1.834,-52.864,55
21.649,1.789,-52.697,83
21.714,1.755,-52.854,49
21.779,1.72,-53.013,81
21.682,0.516,-52.772,22
21.667,0.477,-52.736,32
21.674,0.437,-52.754,26
21.666,0.397,-52.733,51
20.698,0.341,-50.377,25
21.654,0.357,-52.704,44
20.702,0.302,-50.388,27
21.666,0.317,-52.735,39
20.697,0.264,-50.375,22
21.66,0.276,-52.718,52
21.653,0.238,-52.702,50
21.666,0.198,-52.734,43
20.708,0.15,-50.403,17
21.657,0.157,-52.71,50
21.658,0.117,-52.714,37
20.705,0.074,-50.396,23
21.663,0.077,-52.726,29
21.66,0.039,-52.717,56
21.25,2.023,-51.644,33
21.284,1.987,-51.727,75
20.773,1.901,-50.484,31
21.232,1.943,-51.601,84
20.761,1.861,-50.455,50
20.772,1.824,-50.481,41
21.324,1.872,-51.824,48
20.77,1.785,-50.476,68
20.815,1.752,-50.586,23
21.739,1.83,-52.832,43
21.76,1.791,-52.883,60
21.656,1.743,-52.63,82
21.601,1.698,-52.495,84
21.486,0.387,-52.212,42
20.704,0.337,-50.313,46
21.468,0.349,-52.169,51
20.719,0.299,-50.349,17
21.5,0.31,-52.248,43
20.713,0.26,-50.334,22
21.49,0.27,-52.223,37
20.707,0.222,-50.32,50
21.479,0.23,-52.197,55
21.486,0.191,-52.213,52
20.728,0.147,-50.37,20
21.466,0.152,-52.165,36
21.519,0.113,-52.294,54
20.718,0.071,-50.347,26
21.58,0.073,-52.441,43
21.526,0.034,-52.311,29
20.753,1.985,-50.344,68
20.86,1.957,-50.602,54
20.857,1.918,-50.594,78
21.309,1.96,-51.693,61
20.798,1.876,-50.452,24
21.311,1.922,-51.695,63
21.164,1.87,-51.34,63
20.816,1.801,-50.494,75
20.824,1.763,-50.515,59
20.806,1.723,-50.472,50
21.818,1.807,-52.926,22
20.83,1.688,-50.529,29
21.812,1.768,-52.911,82
20.878,1.653,-50.646,33
21.733,1.721,-52.719,40
21.643,1.674,-52.502,61
20.787,1.531,-50.424,47
20.782,1.494,-50.414,56
21.368,1.378,-51.835,38
20.729,0.349,-50.281,27
20.727,0.311,-50.277,79
20.728,0.275,-50.278,92
20.728,0.236,-50.278,81
20.726,0.198,-50.274,79
20.728,0.16,-50.279,93
20.726,0.122,-50.273,77
20.733,0.083,-50.29,60
20.727,0.047,-50.277,86
20.729,0.008,-50.282,74
20.808,1.963,-50.349,79
20.843,1.928,-50.434,44
21.295,1.97,-51.528,63
20.797,1.885,-50.321,66
21.239,1.925,-51.39,40
20.795,1.847,-50.317,77
20.871,1.816,-50.501,65
20.85,1.776,-50.448,67
20.858,1.738,-50.469,88
20.84,1.699,-50.426,67
20.808,1.582,-50.347,28
20.778,0.249,-50.272,43
20.777,0.211,-50.269,34
20.773,0.174,-50.26,58
20.771,0.135,-50.256,64
20.774,0.097,-50.263,53
20.769,0.059,-50.25,69
20.771,0.021,-50.256,73
20.963,1.937,-50.346,47
21.709,2.006,-52.136,50
20.961,1.898,-50.339,65
20.931,1.859,-50.267,89
20.935,1.821,-50.278,81
20.944,1.783,-50.3,61
21.655,1.844,-52.007,47
20.979,1.748,-50.382,56
21.662,1.804,-52.022,20
20.995,1.711,-50.421,81
20.723,1.651,-49.768,45
21.753,2.021,-52.144,53
21.003,1.913,-50.348,63
21.763,1.982,-52.168,19
20.986,1.873,-50.305,36
21.601,1.928,-51.78,70
20.964,1.832,-50.254,54
21.622,1.89,-51.83,48
20.983,1.796,-50.298,64
21.636,1.852,-51.865,70
20.988,1.76,-50.311,91
20.963,1.719,-50.251,81
21.026,1.686,-50.401,77
20.728,1.624,-49.687,53
21.567,1.69,-51.699,41
21.072,1.612,-50.512,37
21.077,1.966,-50.403,21
22.188,2.07,-53.06,54
21.058,1.926,-50.357,56
21.822,1.996,-52.185,33
21.036,1.887,-50.306,64
21.78,1.954,-52.085,50
20.987,1.844,-50.188,81
21.006,1.808,-50.232,82
21,1.769,-50.219,87
21.067,1.735,-50.379,68
21.486,1.77,-51.38,35
20.774,1.675,-49.678,54
21.061,1.699,-50.364,74
20.756,1.636,-49.634,61
20.816,1.603,-49.777,28
21.068,2.099,-50.29,33
21.45,2.138,-51.2,21
21.043,2.059,-50.23,23
21.059,1.985,-50.266,66
22.19,2.051,-52.966,71
21.872,1.982,-52.208,82
21.784,1.934,-51.997,82
21.026,1.829,-50.189,74
21.015,1.791,-50.162,83
21.047,1.755,-50.237,80
20.739,1.692,-49.504,74
20.781,1.657,-49.604,67
20.804,1.621,-49.659,60
22.213,2.195,-52.934,56
21.095,2.046,-50.27,61
20.806,1.98,-49.58,80
20.839,1.945,-49.659,57
21.991,2.014,-52.405,67
22.192,2.033,-52.884,70
21.907,1.967,-52.205,72
20.899,1.838,-49.802,42
21.936,1.929,-52.274,73
21.054,1.814,-50.171,64
21.922,1.888,-52.241,67
21.064,1.776,-50.195,73
20.855,1.721,-49.698,63
21.045,1.736,-50.149,64
21.836,1.801,-52.034,35
20.77,1.677,-49.493,64
20.837,1.645,-49.653,27
21.002,2.079,-49.925,55
20.832,2.025,-49.521,53
22.268,2.164,-52.933,43
20.876,1.993,-49.624,73
20.86,1.953,-49.585,75
20.968,1.925,-49.842,57
22.306,2.048,-53.023,40
20.895,1.88,-49.669,66
20.888,1.842,-49.652,63
21.9,1.931,-52.058,46
20.899,1.806,-49.68,36
21.878,1.891,-52.006,47
22.281,1.926,-52.966,32
20.842,1.764,-49.543,85
20.826,1.724,-49.505,78
20.826,1.687,-49.505,53
21.1,2.115,-50.076,35
21.645,2.17,-51.371,63
20.771,2.045,-49.295,63
20.824,2.012,-49.423,74
20.882,1.98,-49.56,62
21.119,1.964,-50.121,74
20.896,1.906,-49.592,66
20.833,1.863,-49.443,72
20.836,1.826,-49.45,71
21.128,1.813,-50.142,52
20.858,1.752,-49.5,81
20.89,1.718,-49.577,83
20.829,1.675,-49.431,37
21.682,2.177,-51.376,57
20.843,2.055,-49.386,62
20.895,2.024,-49.51,64
20.878,1.985,-49.469,89
20.937,1.952,-49.609,65
20.886,1.91,-49.489,81
20.828,1.867,-49.352,80
20.826,1.829,-49.347,80
20.79,1.789,-49.261,71
21.164,1.821,-50.148,38
20.8,1.753,-49.284,87
20.831,1.717,-49.359,69
20.907,2.068,-49.411,66
20.923,2.031,-49.448,67
20.884,1.99,-49.357,89
20.936,1.957,-49.479,78
20.965,1.923,-49.549,78
20.915,1.881,-49.429,89
20.83,1.836,-49.229,83
20.881,1.802,-49.348,78
20.842,1.761,-49.257,88
20.911,1.731,-49.42,43
20.906,2.089,-49.333,67
20.88,2.049,-49.27,68
20.975,2.022,-49.495,59
21.983,2.119,-51.875,29
20.964,1.983,-49.469,65
20.924,1.942,-49.375,80
20.903,1.902,-49.324,77
20.869,1.861,-49.243,70
20.95,1.832,-49.436,81
20.923,1.792,-49.37,85
20.873,1.75,-49.253,82
21.008,2.078,-49.487,66
20.895,2.029,-49.22,73
20.989,2,-49.442,66
20.88,1.954,-49.184,84
20.98,1.85,-49.421,71
20.881,1.803,-49.186,73
20.907,1.768,-49.248,77
20.986,2.08,-49.308,72
20.99,2.043,-49.319,63
21.87,2.128,-51.387,45
20.968,2.003,-49.268,60
20.968,1.965,-49.266,78
20.969,1.928,-49.269,37
22.013,2.023,-51.723,39
20.959,1.777,-49.245,69
21.037,2.066,-49.346,83
21.071,2.032,-49.426,82
21.012,1.988,-49.288,72
21.177,1.968,-49.675,38
22.076,2.051,-51.784,68
20.972,1.836,-49.194,87
20.991,1.8,-49.239,73
21.976,1.884,-51.548,28
21.048,1.768,-49.372,21
21.98,1.846,-51.559,29
21.021,2.072,-49.224,76
21.019,2.033,-49.217,77
21.126,2.006,-49.468,62
21.928,2.082,-51.347,47
21.24,1.979,-49.735,75
22.007,2.05,-51.533,52
21.02,1.809,-49.219,43
21.991,1.893,-51.494,80
21.998,1.854,-51.51,60
21.129,2.089,-49.358,73
21.071,2.046,-49.221,63
22.001,2.136,-51.394,19
21.187,2.02,-49.493,51
22.006,2.099,-51.407,51
21.116,1.976,-49.327,57
21.983,2.057,-51.353,30
21.948,2.014,-51.269,33
22.069,1.907,-51.553,51
22.038,1.867,-51.48,65
21.223,2.096,-49.492,43
21.121,2.048,-49.254,65
22.029,2.136,-51.372,25
21.128,2.01,-49.272,59
22.097,2.103,-51.53,47
21.101,1.97,-49.206,65
21.988,2.053,-51.276,23
21.115,1.86,-49.239,71
21.313,1.839,-49.702,47
22.07,1.905,-51.467,68
21.352,1.804,-49.792,16
22.059,1.864,-51.441,37
21.251,2.112,-49.471,78
21.188,2.069,-49.324,64
21.198,2.033,-49.349,67
22.146,2.124,-51.556,24
21.156,1.991,-49.249,53
22.228,2.092,-51.746,54
22.112,1.885,-51.477,33
21.266,2.087,-49.395,80
21.184,2.041,-49.205,69
21.206,2.006,-49.257,73
22.159,2.057,-51.467,53
21.235,1.821,-49.321,52
22.152,1.899,-51.451,19
21.26,1.959,-49.291,59
22.186,2.045,-51.439,59
22.298,2.214,-51.617,64
21.291,2.076,-49.286,76
22.226,2.05,-51.45,28
22.246,2.013,-51.495,44
21.255,1.848,-49.202,44
21.257,1.81,-49.205,17
21.312,1.972,-49.216,34
21.319,1.934,-49.233,80
21.327,1.899,-49.251,98
21.337,1.974,-49.197,27
21.339,1.936,-49.2,57
21.367,1.901,-49.265,22
21.384,2.101,-49.211,39
21.374,1.949,-49.187,53
21.366,1.912,-49.169,62
21.404,1.877,-49.257,28
21.443,1.812,-49.229,26
23.521,2.002,-53.094,41
23.536,1.962,-53.126,37
23.527,1.88,-53.107,43
23.559,2.026,-53.09,22
23.576,1.986,-53.128,24
23.608,1.948,-53.2,28
23.556,1.903,-53.082,71
23.542,1.862,-53.052,77
23.583,2.029,-53.051,36
23.616,1.992,-53.125,63
23.614,1.951,-53.12,48
23.667,1.914,-53.239,53
23.638,1.871,-53.175,59
23.598,1.747,-53.085,22
23.708,1.967,-53.201,42
23.642,1.923,-53.055,68
23.656,1.883,-53.084,72
23.674,1.762,-53.125,44
23.501,2.009,-54.271,28
23.545,2.011,-54.287,19
23.55,1.972,-54.298,46
23.568,2.026,-54.237,33
23.513,1.942,-53.799,38
23.556,1.842,-53.292,21
23.639,1.829,-53.268,16
20.454,1.042,-50.908,47
20.47,1.004,-50.948,18
20.373,1.771,-50.626,67
20.406,1.735,-50.708,57
20.474,1.051,-50.877,62
20.473,0.975,-50.874,41
20.476,0.629,-50.88,31
20.475,0.554,-50.878,28
20.452,1.781,-50.692,44
20.448,1.742,-50.682,82
20.472,1.727,-50.657,80
20.474,1.763,-50.566,92
14.339,1.396,-35.111,45
14.337,1.317,-35.106,55
14.357,1.365,-35.097,48
14.359,1.286,-35.1,30
14.35,1.178,-35.077,41
14.346,1.099,-35.069,44
14.347,1.019,-35.071,51
14.344,0.939,-35.064,76
14.345,0.861,-35.065,50
14.354,0.835,-35.087,19
14.344,0.781,-35.062,43
14.355,0.754,-35.089,18
14.354,0.702,-35.086,14
14.35,0.675,-35.077,32
14.345,0.595,-35.065,34
14.347,0.516,-35.07,36
14.346,0.438,-35.068,46
14.348,0.357,-35.071,49
14.346,0.278,-35.067,52
14.348,0.199,-35.071,52
14.349,0.12,-35.075,54
14.345,0.093,-35.063,30
14.348,0.04,-35.072,51
14.345,0.014,-35.064,44
14.385,1.349,-35.098,38
14.379,1.295,-35.083,35
14.376,1.268,-35.076,56
14.374,1.216,-35.07,52
14.38,1.189,-35.084,53
14.371,1.135,-35.062,61
14.377,1.109,-35.076,60
14.372,1.056,-35.066,47
14.375,1.03,-35.073,46
14.37,0.976,-35.059,46
14.375,0.95,-35.073,53
14.369,0.897,-35.057,40
14.373,0.871,-35.067,55
14.37,0.817,-35.059,27
14.368,0.792,-35.055,57
14.368,0.712,-35.056,49
14.367,0.394,-35.051,35
14.37,0.315,-35.06,37
14.373,0.236,-35.065,22
14.372,0.21,-35.064,24
14.375,0.156,-35.072,21
14.368,0.13,-35.053,52
14.375,0.078,-35.07,39
14.37,0.051,-35.058,57
14.404,1.349,-35.059,36
14.407,1.323,-35.068,50
14.402,1.243,-35.055,50
14.401,1.164,-35.051,57
14.402,1.084,-35.054,57
14.404,1.005,-35.058,57
14.4,0.925,-35.049,52
14.4,0.846,-35.048,49
14.396,0.343,-35.037,29
14.403,0.29,-35.053,43
14.4,0.264,-35.048,25
14.401,0.21,-35.05,51
14.401,0.132,-35.05,46
14.399,0.078,-35.045,32
14.404,0.052,-35.057,41
14.428,1.373,-35.063,45
14.426,1.293,-35.058,45
14.422,1.266,-35.048,33
14.427,1.214,-35.06,47
14.42,1.187,-35.044,51
14.427,1.134,-35.06,33
14.416,1.107,-35.033,60
14.429,1.055,-35.064,33
14.417,1.028,-35.036,65
14.43,0.975,-35.067,25
14.417,0.949,-35.035,53
14.423,0.896,-35.049,48
14.413,0.868,-35.025,19
14.425,0.287,-35.052,22
14.422,0.26,-35.047,34
14.424,0.208,-35.05,30
14.42,0.181,-35.04,40
14.424,0.128,-35.051,20
14.424,0.102,-35.05,48
14.429,0.049,-35.063,17
14.42,0.023,-35.04,56
14.453,1.356,-35.06,40
14.453,1.304,-35.058,30
14.45,1.276,-35.051,36
14.443,1.222,-35.033,42
14.45,1.196,-35.05,40
14.44,1.143,-35.028,58
14.448,1.117,-35.047,40
14.441,1.064,-35.03,46
14.443,1.038,-35.034,41
14.438,0.984,-35.023,37
14.446,0.958,-35.04,44
14.442,0.217,-35.03,40
14.446,0.165,-35.041,50
14.439,0.138,-35.022,55
14.449,0.085,-35.046,48
14.439,0.058,-35.024,42
14.153,1.204,-35.169,51
14.155,1.177,-35.172,34
14.151,1.123,-35.164,23
14.154,1.098,-35.171,19
14.186,1.235,-35.16,40
14.185,1.156,-35.158,35
14.185,1.13,-35.158,15
14.189,1.076,-35.167,14
14.177,0.891,-35.137,53
14.184,0.838,-35.154,19
14.177,0.811,-35.136,58
14.186,0.758,-35.159,14
14.175,0.732,-35.132,61
14.176,0.651,-35.134,61
14.186,0.625,-35.16,15
14.189,0.6,-35.167,19
14.175,0.572,-35.132,60
14.184,0.546,-35.154,23
14.177,0.493,-35.136,36
14.185,0.441,-35.154,30
14.175,0.414,-35.13,16
14.182,0.387,-35.149,16
14.205,1.25,-35.149,32
14.21,1.225,-35.159,23
14.202,1.171,-35.139,68
14.21,1.145,-35.159,30
14.199,1.092,-35.132,62
14.203,1.066,-35.143,34
14.206,0.907,-35.15,37
14.201,0.853,-35.137,20
14.201,0.826,-35.138,54
14.201,0.774,-35.138,14
14.2,0.748,-35.133,59
14.2,0.669,-35.134,58
14.2,0.589,-35.132,54
14.2,0.51,-35.135,55
14.202,0.43,-35.138,53
14.2,0.351,-35.133,45
14.2,0.271,-35.134,45
14.204,0.192,-35.144,39
14.198,0.165,-35.128,37
14.203,0.113,-35.14,41
14.198,0.086,-35.128,59
14.207,0.033,-35.15,35
14.197,0.006,-35.125,64
14.235,1.28,-35.157,15
14.224,1.198,-35.13,53
14.222,1.12,-35.126,56
14.226,1.039,-35.133,34
14.224,0.882,-35.128,47
14.22,0.854,-35.119,26
14.226,0.801,-35.133,43
14.225,0.775,-35.132,29
14.225,0.723,-35.13,46
14.219,0.696,-35.115,50
14.225,0.642,-35.13,47
14.219,0.615,-35.116,59
14.224,0.563,-35.128,53
14.217,0.536,-35.111,54
14.224,0.484,-35.128,53
14.219,0.458,-35.115,63
14.223,0.405,-35.125,56
14.216,0.378,-35.109,49
14.222,0.326,-35.121,58
14.222,0.299,-35.121,33
14.226,0.246,-35.132,60
14.219,0.219,-35.117,17
14.223,0.167,-35.126,76
14.223,0.113,-35.124,24
14.227,0.087,-35.134,62
14.222,0.035,-35.121,45
14.228,0.008,-35.137,55
14.264,1.305,-35.142,24
14.257,1.253,-35.125,52
14.256,1.226,-35.123,47
14.26,1.173,-35.133,31
14.252,1.145,-35.114,59
14.259,1.094,-35.13,43
14.252,1.066,-35.114,56
14.259,1.013,-35.131,34
14.253,0.986,-35.117,39
14.256,0.934,-35.123,46
14.249,0.907,-35.104,38
14.255,0.854,-35.12,51
14.25,0.828,-35.108,37
14.255,0.775,-35.119,56
14.249,0.748,-35.106,25
14.254,0.695,-35.117,58
14.257,0.67,-35.125,12
14.254,0.643,-35.117,27
14.255,0.616,-35.12,50
14.247,0.563,-35.1,34
14.252,0.537,-35.111,67
14.248,0.484,-35.102,49
14.253,0.457,-35.115,57
14.249,0.405,-35.105,60
14.254,0.378,-35.117,61
14.248,0.325,-35.103,67
14.253,0.298,-35.113,63
14.248,0.246,-35.1,54
14.255,0.22,-35.118,53
14.248,0.166,-35.102,35
14.255,0.14,-35.12,51
14.255,0.087,-35.117,14
14.255,0.06,-35.118,51
14.288,1.352,-35.144,19
14.283,1.3,-35.133,33
14.274,1.273,-35.11,30
14.278,1.219,-35.12,54
14.273,1.166,-35.108,37
14.28,1.14,-35.124,55
14.277,1.087,-35.116,50
14.275,1.06,-35.111,66
14.274,1.008,-35.108,41
14.276,0.981,-35.116,59
14.269,0.927,-35.098,44
14.275,0.902,-35.112,62
14.269,0.848,-35.097,49
14.273,0.822,-35.105,62
14.269,0.768,-35.095,54
14.275,0.743,-35.111,60
14.269,0.689,-35.097,42
14.273,0.663,-35.105,45
14.266,0.61,-35.089,45
14.271,0.584,-35.1,57
14.27,0.531,-35.099,20
14.27,0.504,-35.098,42
14.269,0.425,-35.094,54
14.271,0.345,-35.099,43
14.269,0.266,-35.096,53
14.268,0.187,-35.093,50
14.269,0.107,-35.096,32
14.279,0.029,-35.12,14
14.269,0.002,-35.096,50
14.309,1.416,-35.127,37
14.31,1.39,-35.128,13
14.313,1.337,-35.137,41
14.305,1.257,-35.116,31
14.3,1.203,-35.104,29
14.306,1.177,-35.117,43
14.298,1.124,-35.099,52
14.299,1.044,-35.1,50
14.299,0.965,-35.101,38
14.307,0.939,-35.121,12
14.296,0.885,-35.093,51
14.296,0.806,-35.092,43
14.3,0.78,-35.104,12
14.295,0.726,-35.091,34
14.295,0.701,-35.091,41
14.297,0.647,-35.096,49
14.294,0.62,-35.087,40
14.299,0.567,-35.101,48
14.29,0.541,-35.077,44
14.299,0.488,-35.098,49
14.292,0.461,-35.082,54
14.298,0.41,-35.097,59
14.295,0.382,-35.088,55
14.3,0.329,-35.101,56
14.292,0.303,-35.081,40
14.298,0.25,-35.097,59
14.294,0.224,-35.087,29
14.298,0.17,-35.096,61
14.299,0.092,-35.098,61
14.298,0.038,-35.097,27
14.3,0.012,-35.103,63
14.332,1.423,-35.094,31
14.336,1.344,-35.104,11
14.33,1.237,-35.09,51
14.331,1.158,-35.09,51
14.327,1.077,-35.082,41
14.326,0.998,-35.079,36
14.329,0.919,-35.085,33
14.328,0.839,-35.083,25
14.335,0.761,-35.099,18
14.321,0.733,-35.067,58
14.333,0.68,-35.096,15
14.323,0.653,-35.071,41
14.323,0.574,-35.071,53
14.322,0.495,-35.068,59
14.321,0.415,-35.066,60
14.323,0.336,-35.071,56
14.333,0.283,-35.095,27
14.323,0.257,-35.07,49
14.332,0.204,-35.092,30
14.325,0.178,-35.076,23
14.334,0.151,-35.096,14
14.334,0.124,-35.097,20
14.324,0.072,-35.072,25
14.493,1.332,-35.014,78
14.495,1.305,-35.019,77
14.493,1.278,-35.016,75
14.495,1.251,-35.019,78
14.492,1.224,-35.012,71
14.494,1.198,-35.017,71
14.495,1.173,-35.02,65
14.497,1.146,-35.024,81
14.497,1.119,-35.023,78
14.502,1.093,-35.036,89
14.5,1.066,-35.03,93
14.499,1.04,-35.029,84
14.504,1.014,-35.04,81
14.503,0.987,-35.04,73
14.502,1.369,-34.972,37
14.501,1.342,-34.969,92
14.5,1.316,-34.965,95
14.5,1.289,-34.966,89
14.499,1.263,-34.964,93
14.5,1.237,-34.967,89
14.5,1.21,-34.965,88
14.501,1.184,-34.968,85
14.502,1.157,-34.971,88
14.5,1.131,-34.965,87
14.501,1.105,-34.969,87
14.501,1.078,-34.969,86
14.502,1.051,-34.969,82
14.501,1.025,-34.968,74
14.533,1.348,-34.961,75
14.531,1.321,-34.956,80
14.533,1.295,-34.96,81
14.532,1.268,-34.956,80
14.532,1.242,-34.957,87
14.531,1.216,-34.953,82
14.532,1.189,-34.957,86
14.533,1.163,-34.958,89
14.531,1.136,-34.954,83
14.531,1.109,-34.954,82
14.532,1.084,-34.956,82
14.53,1.057,-34.952,74
14.573,1.161,-34.998,19
14.588,1.136,-35.033,58
14.599,1.11,-35.057,41
14.614,1.084,-35.095,37
14.644,1.12,-35.1,16
14.688,1.039,-32.908,22
14.689,1.047,-32.855,17
14.688,1.048,-32.769,51
15.539,1.124,-37.597,22
15.518,1.094,-37.547,29
14.445,0.006,-35.037,69
14.484,1.313,-35.046,49
14.484,1.234,-35.045,48
14.474,1.179,-35.02,57
14.487,1.154,-35.051,55
14.564,1.134,-35.239,54
14.524,1.104,-35.14,62
14.53,1.078,-35.157,71
14.579,1.054,-35.274,53
14.524,1.024,-35.142,68
14.518,0.997,-35.127,62
14.574,0.975,-35.263,36
14.494,1.357,-35.018,67
32.837,1.237,-80.904,34
32.89,1.179,-81.036,32
32.838,1.985,-80.412,49
32.94,1.809,-80.662,59
33.06,1.761,-80.664,38
32.778,2.346,-79.786,53
32.791,2.338,-79.692,38
33.951,3.428,-78.72,34
34.398,3.438,-79.163,34
34.421,3.321,-79.216,54
34.482,3.396,-79.17,33
34.495,3.336,-79.2,41
34.472,3.444,-79.023,38
34.009,3.277,-77.963,44
34.053,3.044,-78.062,31
34.106,3.352,-78.04,37
34.058,3.287,-77.932,47
34.185,3.422,-78.027,52
34.125,3.356,-77.889,55
34.227,3.306,-78.122,58
34.262,3.249,-78.202,68
34.226,3.424,-78.011,45
34.222,3.364,-78.002,50
34.245,3.309,-78.056,64
34.321,3.256,-78.229,44
34.314,3.441,-78.081,74
34.23,3.372,-77.89,62
34.299,3.318,-78.045,56
34.343,3.202,-78.146,56
34.632,2.871,-78.802,31
34.411,3.394,-78.11,71
34.685,3.362,-78.732,29
34.648,2.998,-78.645,57
34.651,2.938,-78.651,48
34.552,3.404,-78.305,97
34.575,3.345,-78.358,78
34.424,3.271,-78.015,34
34.647,3.174,-78.52,56
34.692,3.117,-78.623,50
34.708,3.058,-78.657,66
34.592,3.421,-78.266,96
34.613,3.365,-78.313,69
34.706,3.313,-78.521,39
34.729,3.255,-78.575,45
34.765,3.198,-78.656,48
34.771,3.138,-78.668,60
34.776,3.081,-78.679,55
34.708,3.014,-78.526,39
34.652,3.427,-78.221,96
34.664,3.367,-78.247,91
34.805,3.262,-78.566,60
34.831,3.204,-78.625,68
34.849,3.145,-78.665,68
34.805,3.081,-78.565,69
34.802,3.02,-78.56,62
34.86,2.967,-78.69,38
34.868,2.907,-78.708,58
34.89,2.848,-78.757,41
34.658,3.457,-78.105,71
34.681,3.401,-78.155,86
34.712,3.344,-78.225,92
34.867,3.299,-78.575,59
34.891,3.24,-78.628,80
34.893,3.18,-78.632,58
34.877,3.12,-78.599,54
34.942,3.248,-78.607,42
34.901,3.123,-78.514,78
34.948,3.067,-78.619,63
41.57,3.619,-96.776,53
41.656,3.691,-96.586,71
41.871,3.563,-97.084,60
41.811,3.858,-96.789,67
41.763,3.631,-96.678,63
41.912,3.569,-97.023,46
42.078,3.893,-97.175,54
41.873,3.654,-96.701,82
41.998,3.591,-96.99,50
42.132,4.193,-97.149,39
42.112,3.967,-97.1,72
42.122,3.897,-97.123,76
41.925,3.73,-96.669,40
42.238,3.758,-97.392,57
41.932,3.656,-96.685,87
42.086,3.595,-97.04,62
42.174,4.215,-97.06,43
42.248,3.927,-97.228,43
41.986,3.828,-96.626,54
42.244,3.78,-97.22,41
41.982,3.682,-96.615,73
41.991,3.609,-96.635,65
42.292,4.24,-97.101,56
42.301,4.166,-97.123,79
42.275,4.017,-97.061,66
42.25,3.94,-97.006,84
42.277,3.868,-97.065,41
42.291,3.795,-97.096,88
42.117,3.705,-96.696,74
42.128,3.632,-96.724,79
42.273,3.572,-97.055,65
42.131,4.208,-96.581,54
42.331,4.154,-97.041,77
41.958,3.895,-96.184,43
41.946,3.75,-96.158,63
42.39,3.789,-97.175,51
42.269,3.704,-96.897,100
42.298,3.632,-96.963,88
42.303,3.558,-96.976,66
42.114,4.213,-96.365,65
42.417,4.023,-97.058,59
42.209,3.635,-96.582,81
42.153,3.556,-96.454,49
42.207,4.151,-96.338,50
42.461,3.806,-96.917,64
42.408,3.727,-96.796,84
42.482,3.659,-96.965,85
42.502,3.586,-97.009,95
42.509,3.511,-97.026,58
42.233,4.225,-96.264,74
42.264,4.155,-96.336,59
42.554,4.037,-96.995,83
42.534,3.737,-96.949,88
42.468,3.659,-96.797,90
42.549,3.592,-96.984,96
42.563,3.517,-97.015,76
42.602,3.752,-96.939,76
42.6,3.678,-96.935,83
42.586,3.602,-96.902,61
42.44,3.518,-96.57,59
42.712,4.213,-96.953,47
42.432,4.04,-96.316,43
42.431,3.965,-96.315,69
42.493,3.529,-96.454,62
42.482,3.453,-96.427,84
42.521,3.382,-96.516,62
42.48,4.036,-96.275,62
42.482,3.965,-96.278,71
42.56,3.601,-96.453,53
42.544,3.529,-96.416,79
42.553,3.455,-96.436,90
42.587,3.384,-96.515,79
42.595,3.773,-96.371,45
42.623,3.553,-96.434,83
42.667,3.483,-96.533,70
42.645,3.409,-96.482,85
42.651,3.336,-96.495,50
42.667,3.702,-96.314,64
42.703,3.634,-96.396,40
42.641,3.555,-96.256,43
42.732,3.488,-96.461,69
42.732,3.339,-96.459,62
42.724,3.822,-96.282,46
42.716,3.747,-96.263,55
42.705,3.672,-96.239,66
42.736,3.601,-96.307,46
42.77,3.53,-96.384,48
42.812,3.313,-96.479,61
41.517,0.025,-93.161,54
38.63,3.543,-87.685,90
38.785,3.635,-87.752,32
38.768,3.567,-87.712,52
38.887,3.51,-87.782,45
38.968,3.687,-87.817,51
38.935,3.616,-87.742,51
49.196,4.896,-113.44,46
49.313,4.769,-113.22,50
49.417,4.762,-113.28,53
49.371,4.671,-113.18,45
49.6,4.531,-113.06,67
49.575,4.441,-113,48
49.658,4.547,-113,71
49.604,4.456,-112.87,63
50.472,4.54,-114.57,68
49.669,4.385,-112.74,64
49.714,4.293,-112.67,73
49.759,4.235,-112.58,55
52.008,3.214,-128.14,56
51.552,0.235,-126.55,60
45.897,3.872,-105.02,70
45.984,3.72,-104.81,46
46.081,3.739,-104.86,60
46.514,3.796,-105.24,62
43.389,1.349,-107.54,44
43.946,3.206,-108.28,48
44.652,3.01,-110.02,47
43.921,3.426,-108.04,91
44.759,2.993,-110.1,71
44.722,2.907,-110.01,48
44.58,2.734,-109.66,60
44.817,2.942,-110.02,58
44.643,2.847,-109.6,65
44.215,3.407,-108.28,47
44.887,3.295,-109.92,47
44.813,3.206,-109.74,44
44.756,3.119,-109.6,50
44.922,2.962,-110,63
44.87,2.795,-109.88,45
45.415,2.66,-111.21,51
43.94,2.492,-107.6,48
44.89,3.272,-109.74,62
45.385,3.142,-110.95,48
45.017,2.949,-110.05,55
44.91,2.859,-109.79,71
44.963,2.779,-109.92,54
44.016,2.641,-107.6,53
43.996,2.559,-107.55,78
43.988,2.476,-107.53,96
44.006,2.395,-107.58,57
44.38,3.098,-108.29,64
44.319,2.93,-108.14,48
44.083,2.836,-107.56,83
44.077,2.753,-107.55,80
44.068,2.671,-107.52,68
44.061,2.589,-107.51,85
44.076,2.508,-107.54,64
44.221,3.165,-107.64,66
44.177,3.002,-107.53,91
44.172,2.92,-107.52,95
44.173,2.838,-107.52,78
44.172,2.756,-107.52,67
44.24,3.236,-107.52,54
44.257,3.155,-107.56,65
44.242,3.072,-107.52,95
44.243,2.99,-107.53,87
44.261,2.913,-107.57,60
45.672,2.753,-111,52
44.362,3.106,-107.62,51
48.847,4.845,-113.26,70
26.772,1.714,-66.634,49
26.759,1.613,-66.601,43
26.75,1.563,-66.58,95
26.749,1.512,-66.576,106
26.751,1.462,-66.58,100
26.749,1.411,-66.577,74
26.785,1.314,-66.666,20
26.755,1.262,-66.59,59
26.753,1.211,-66.585,67
26.753,1.161,-66.586,51
26.762,1.113,-66.608,37
26.837,1.679,-66.689,62
26.824,1.627,-66.657,49
26.782,1.574,-66.552,118
26.785,1.526,-66.561,108
26.784,1.476,-66.558,107
26.785,1.425,-66.561,119
26.795,1.324,-66.584,44
26.787,1.276,-66.564,104
26.784,1.225,-66.557,107
26.785,1.175,-66.561,106
26.783,1.124,-66.554,117
26.787,1.074,-66.565,93
26.902,2.241,-66.679,21
26.909,2.193,-66.698,103
26.909,2.143,-66.697,109
26.909,2.092,-66.698,111
26.911,2.042,-66.703,87
26.911,1.991,-66.701,90
26.911,1.691,-66.701,94
26.912,1.64,-66.703,108
26.841,1.585,-66.527,115
26.844,1.535,-66.536,107
26.844,1.485,-66.535,121
26.844,1.434,-66.534,119
26.843,1.285,-66.532,102
26.843,1.234,-66.531,106
26.847,1.184,-66.539,107
26.843,1.135,-66.531,115
26.847,1.084,-66.54,95
26.916,1.037,-66.712,82
26.921,0.986,-66.724,63
26.923,0.936,-66.728,53
26.921,0.887,-66.725,57
26.918,0.837,-66.715,47
26.922,0.786,-66.726,33
26.922,0.736,-66.727,29
26.925,0.685,-66.733,25
27.507,0.648,-68.176,27
27.503,0.546,-68.164,21
27.497,0.391,-68.15,36
27.513,0.238,-68.19,19
27.488,0.085,-68.128,30
26.953,2.223,-66.693,69
26.949,2.172,-66.684,104
26.949,2.121,-66.683,111
26.951,2.072,-66.689,93
26.949,2.022,-66.684,95
26.949,1.972,-66.685,88
26.952,1.72,-66.69,89
26.949,1.67,-66.683,113
26.937,1.618,-66.652,107
26.882,1.564,-66.517,101
26.881,1.516,-66.515,118
26.882,1.465,-66.515,118
26.883,1.415,-66.519,99
26.882,1.314,-66.515,83
26.882,1.265,-66.516,95
26.881,1.215,-66.513,110
26.882,1.165,-66.516,124
26.883,1.114,-66.519,98
26.91,1.065,-66.583,131
26.929,1.017,-66.632,96
26.948,0.967,-66.68,83
26.947,0.916,-66.674,103
26.947,0.866,-66.675,119
26.951,0.815,-66.686,88
26.947,0.765,-66.675,114
26.947,0.716,-66.675,112
26.949,0.666,-66.68,88
26.95,0.615,-66.682,107
26.948,0.564,-66.678,105
26.951,0.514,-66.685,93
26.948,0.465,-66.679,107
26.949,0.415,-66.68,105
26.951,0.364,-66.686,92
26.948,0.314,-66.679,95
26.951,0.263,-66.684,102
26.951,0.215,-66.685,78
26.952,0.164,-66.687,91
26.95,0.113,-66.683,94
26.95,0.063,-66.682,84
26.953,0.012,-66.689,88
27.003,2.075,-66.691,92
27,2.023,-66.684,102
26.999,1.673,-66.682,23
26.934,1.619,-66.522,75
26.924,1.568,-66.496,114
26.924,1.517,-66.495,97
26.923,1.467,-66.494,119
26.926,1.418,-66.501,97
26.923,1.317,-66.494,87
26.924,1.267,-66.496,115
26.926,1.216,-66.5,95
26.926,1.166,-66.5,111
26.924,1.117,-66.495,118
26.954,1.068,-66.57,83
26.995,1.019,-66.671,90
26.998,0.969,-66.679,89
26.992,0.918,-66.663,95
26.994,0.869,-66.669,85
26.992,0.818,-66.662,109
26.993,0.768,-66.664,78
26.993,0.717,-66.667,98
26.991,0.667,-66.661,103
26.99,0.618,-66.658,94
26.99,0.568,-66.656,102
26.991,0.517,-66.66,108
26.988,0.466,-66.652,109
26.989,0.415,-66.657,109
26.988,0.365,-66.654,110
26.987,0.317,-66.652,126
26.987,0.266,-66.65,110
26.988,0.215,-66.651,116
26.987,0.165,-66.65,114
26.986,0.114,-66.648,132
26.988,0.066,-66.652,102
26.987,0.015,-66.65,115
27.062,2.076,-66.676,80
27.057,2.024,-66.665,88
26.98,1.617,-66.475,77
26.98,1.568,-66.474,108
26.98,1.518,-66.475,119
26.979,1.467,-66.473,122
26.98,1.417,-66.476,91
26.98,1.316,-66.475,77
26.981,1.268,-66.476,108
26.979,1.217,-66.471,115
26.981,1.167,-66.476,107
26.979,1.116,-66.473,115
26.987,1.066,-66.491,56
27.625,0.835,-68.062,26
27.048,0.516,-66.639,24
27.071,0.468,-66.696,23
27.06,0.366,-66.669,39
27.066,0.315,-66.683,46
27.06,0.265,-66.669,39
27.052,0.216,-66.649,66
27.058,0.166,-66.663,69
27.062,0.115,-66.673,49
27.053,0.064,-66.651,90
27.055,0.014,-66.656,67
27.095,2.063,-66.648,101
27.101,2.013,-66.662,79
27.018,1.607,-66.457,98
27.019,1.556,-66.46,101
27.018,1.505,-66.457,117
27.017,1.455,-66.456,109
27.024,1.407,-66.471,41
27.018,1.306,-66.457,96
27.018,1.255,-66.457,102
27.017,1.204,-66.454,112
27.02,1.156,-66.462,103
27.019,1.106,-66.46,103
27.043,1.056,-66.519,18
27.683,1.081,-68.093,27
27.636,0.976,-67.979,52
27.653,0.876,-68.021,26
27.679,0.772,-68.081,19
27.671,0.62,-68.064,37
27.69,0.568,-68.109,18
27.645,0.516,-67.999,18
27.673,0.465,-68.067,38
27.677,0.413,-68.076,29
27.687,0.208,-68.1,22
27.677,0.107,-68.076,38
27.149,2.084,-66.65,92
27.143,2.033,-66.633,113
27.067,1.625,-66.447,69
27.066,1.577,-66.444,104
27.07,1.526,-66.455,67
27.069,1.476,-66.453,82
27.067,1.425,-66.447,82
27.065,1.326,-66.441,83
27.066,1.276,-66.444,108
27.071,1.225,-66.455,92
27.069,1.175,-66.451,112
27.067,1.125,-66.447,108
27.069,1.074,-66.45,81
27.727,1.051,-68.066,22
27.725,0.999,-68.061,51
27.726,0.843,-68.065,25
27.733,0.691,-68.079,24
27.675,0.637,-67.938,44
27.722,0.587,-68.052,21
27.712,0.537,-68.029,37
27.711,0.229,-68.024,18
27.698,0.178,-67.993,20
27.701,0.075,-67.999,42
27.215,2.097,-66.644,44
27.202,2.046,-66.613,96
27.785,0.242,-68.036,31
27.247,2.087,-66.608,84
27.243,2.036,-66.6,113
27.295,2.106,-66.6,73
27.288,2.057,-66.583,115
27.3,2.007,-66.611,65
27.347,2.059,-66.565,91
27.367,2.01,-66.615,73
27.405,2.104,-66.602,56
27.385,2.053,-66.552,117
27.431,2.071,-66.543,105
27.437,2.02,-66.557,47
27.495,2.141,-66.529,19
31.758,2.687,-79.048,42
31.92,2.641,-79.45,45
31.513,2.55,-78.437,47
32.029,1.989,-79.719,40
32.224,1.943,-80.205,28
31.518,2.621,-78.324,30
31.517,2.561,-78.321,64
31.995,2.54,-79.509,28
31.7,1.211,-78.773,51
31.644,1.152,-78.635,35
31.626,1.092,-78.59,37
31.592,1.031,-78.506,58
31.64,0.913,-78.625,48
31.698,1.161,-78.564,48
31.534,0.743,-78.156,71
31.793,0.452,-78.798,26
31.632,2.549,-78.126,72
31.674,2.493,-78.232,51
31.623,2.43,-78.105,51
32.125,2.109,-79.343,49
32.403,1.764,-79.211,61
32.338,1.7,-79.053,31
31.951,2.466,-77.959,46
32.741,2.346,-79.887,42
32.414,1.904,-79.089,44
32.408,1.844,-79.073,46
32.013,2.469,-77.924,96
32.422,2.023,-78.919,46
32.488,1.969,-79.077,66
32.478,1.908,-79.053,41
32.521,2.141,-79.036,42
32.486,2.078,-78.949,61
32.528,2.02,-79.052,60
32.601,2.283,-79.085,76
32.599,2.223,-79.08,73
31.772,2.553,-78.283,30
31.805,2.497,-78.364,81
32.26,2.293,-79.485,65
32.2,2.228,-79.338,31
31.942,1.085,-78.7,27
31.692,0.957,-78.082,41
31.748,0.784,-78.221,52
31.777,0.725,-78.293,29
32.292,2.34,-79.432,82
32.718,1.278,-80.48,36
31.797,0.887,-78.212,57
31.786,0.712,-78.185,58
31.818,0.653,-78.263,62
32.594,2.319,-80.016,45
31.844,1.147,-78.172,62
31.853,1.028,-78.195,37
31.861,0.969,-78.216,45
31.858,0.794,-78.206,25
31.828,0.674,-78.133,31
31.832,0.617,-78.143,52
31.826,0.558,-78.129,29
32.625,2.334,-79.893,56
31.905,2.738,-77.997,77
32.655,2.319,-79.83,35
32.369,1.882,-79.129,48
