6.284,-0.008,-14.804,30
6.289,-0.001,-14.796,143
6.288,-0.012,-14.793,46
6.296,-0.009,-14.782,146
6.296,-0.02,-14.782,44
6.299,-0.031,-14.788,16
6.302,-0.007,-14.762,150
6.305,-0.019,-14.768,136
6.306,-0.03,-14.769,23
6.31,-0.007,-14.755,149
6.31,-0.018,-14.757,145
6.311,-0.03,-14.758,56
6.313,-0.041,-14.764,34
6.315,-0.002,-14.741,152
6.317,-0.013,-14.746,149
6.318,-0.024,-14.748,147
6.318,-0.035,-14.747,25
6.322,-0.046,-14.757,15
6.325,-0.01,-14.727,147
6.325,-0.022,-14.727,148
6.328,-0.033,-14.736,75
6.328,-0.044,-14.734,19
6.331,-0.002,-14.719,147
6.328,-0.014,-14.714,145
6.331,-0.024,-14.719,149
6.332,-0.036,-14.722,83
6.334,-0.047,-14.726,34
6.339,-0.011,-14.713,146
6.338,-0.022,-14.71,142
6.337,-0.033,-14.708,144
6.339,-0.045,-14.714,25
6.345,-0.011,-14.69,146
6.35,-0.022,-14.701,144
6.35,-0.033,-14.701,141
6.349,-0.045,-14.7,24
6.35,-0.056,-14.7,36
6.352,-0.001,-14.686,146
6.352,-0.012,-14.684,141
6.353,-0.023,-14.687,147
6.352,-0.034,-14.684,146
6.353,-0.045,-14.688,24
6.356,-0.057,-14.693,21
6.357,-0.005,-14.67,149
6.357,-0.017,-14.672,147
6.356,-0.028,-14.668,148
6.359,-0.04,-14.676,118
6.36,-0.051,-14.679,22
6.37,-0.073,-14.702,11
6.369,-0.001,-14.661,143
6.37,-0.012,-14.664,142
6.365,-0.023,-14.653,145
6.368,-0.034,-14.66,145
6.369,-0.045,-14.66,32
6.376,-0.056,-14.677,48
6.377,-0.068,-14.679,52
6.377,-0.079,-14.681,53
6.376,-0.09,-14.678,54
6.378,-0.101,-14.681,48
6.376,-0.112,-14.677,50
6.378,-0.123,-14.682,50
6.372,-0.005,-14.644,144
6.373,-0.016,-14.648,145
6.371,-0.027,-14.644,140
6.376,-0.038,-14.654,102
6.375,-0.05,-14.653,32
6.382,-0.061,-14.668,72
6.382,-0.072,-14.668,68
6.382,-0.083,-14.668,70
6.383,-0.094,-14.67,73
6.383,-0.106,-14.67,68
6.382,-0.116,-14.668,69
6.382,-0.128,-14.669,72
6.377,-0.001,-14.632,147
6.378,-0.012,-14.633,146
6.376,-0.023,-14.629,147
6.381,-0.034,-14.641,136
6.382,-0.045,-14.643,26
6.39,-0.056,-14.66,160
6.389,-0.068,-14.658,159
6.39,-0.079,-14.66,150
6.391,-0.09,-14.665,135
6.39,-0.101,-14.661,132
6.392,-0.112,-14.666,133
6.391,-0.123,-14.664,124
6.389,-0.01,-14.623,142
6.389,-0.021,-14.622,140
6.391,-0.032,-14.626,105
6.391,-0.044,-14.628,23
6.404,-0.054,-14.656,83
6.405,-0.066,-14.658,99
6.405,-0.077,-14.658,94
6.405,-0.088,-14.659,100
6.404,-0.1,-14.656,99
6.404,-0.111,-14.656,101
6.404,-0.122,-14.658,101
6.393,-0.002,-14.61,146
6.396,-0.014,-14.616,143
6.393,-0.024,-14.608,141
6.395,-0.036,-14.613,40
6.409,-0.047,-14.646,50
6.415,-0.058,-14.659,58
6.414,-0.069,-14.657,57
6.413,-0.08,-14.655,56
6.414,-0.091,-14.657,63
6.413,-0.103,-14.655,61
6.414,-0.114,-14.656,63
6.415,-0.125,-14.658,65
6.403,-0.011,-14.605,140
6.401,-0.022,-14.601,143
6.401,-0.033,-14.601,26
6.417,-0.044,-14.638,44
6.429,-0.056,-14.663,45
6.429,-0.067,-14.664,51
6.428,-0.078,-14.663,43
6.427,-0.089,-14.661,37
6.427,-0.1,-14.661,44
6.427,-0.111,-14.661,50
6.427,-0.123,-14.661,58
6.41,-0.007,-14.587,145
6.411,-0.019,-14.591,122
6.41,-0.03,-14.589,21
6.415,-0.007,-14.576,146
6.416,-0.019,-14.578,28
6.415,-0.03,-14.576,22
6.422,-0.01,-14.566,56
6.422,-0.021,-14.567,22
6.429,-0.007,-14.551,27
6.43,-0.018,-14.552,36
6.438,-0.011,-14.546,27
20.579,-0.002,-50.769,17
20.581,-0.116,-50.774,15
20.576,-0.194,-50.761,39
20.577,-0.026,-50.678,36
20.591,-0.103,-50.711,23
20.594,-0.18,-50.72,19
20.592,-0.217,-50.714,17
20.624,-0.134,-50.657,14
20.617,-0.211,-50.638,19
20.623,-0.056,-50.572,28
20.645,-0.133,-50.626,16
20.625,-0.208,-50.575,26
20.647,-0.036,-50.536,27
21.626,-0.037,-52.932,63
20.639,-0.074,-50.516,18
21.628,-0.078,-52.937,65
20.649,-0.112,-50.539,19
21.623,-0.117,-52.924,51
21.628,-0.158,-52.938,55
20.651,-0.189,-50.544,28
21.628,-0.198,-52.937,54
21.676,-0.032,-52.913,82
21.678,-0.072,-52.918,71
21.674,-0.112,-52.909,83
21.674,-0.151,-52.909,87
21.674,-0.191,-52.909,70
21.694,-0.036,-52.878,46
21.696,-0.077,-52.882,63
20.673,-0.112,-50.389,16
21.696,-0.117,-52.883,32
21.698,-0.157,-52.887,40
20.684,-0.189,-50.415,18
21.694,-0.198,-52.876,56
20.696,-0.025,-50.353,29
21.617,-0.026,-52.592,31
21.625,-0.067,-52.611,32
21.631,-0.105,-52.628,31
20.706,-0.139,-50.377,31
21.632,-0.145,-52.629,30
21.636,-0.185,-52.639,29
21.642,-0.225,-52.653,31
20.722,-0.021,-50.292,68
21.46,-0.022,-52.085,73
20.72,-0.059,-50.289,51
21.463,-0.062,-52.093,59
20.725,-0.098,-50.299,44
21.463,-0.101,-52.092,55
20.723,-0.136,-50.295,31
21.463,-0.141,-52.091,78
20.729,-0.173,-50.31,34
21.464,-0.179,-52.094,54
20.726,-0.211,-50.303,17
21.463,-0.219,-52.092,65
20.745,-0.027,-50.266,80
20.743,-0.065,-50.263,92
20.743,-0.102,-50.262,89
20.746,-0.14,-50.268,71
20.745,-0.178,-50.265,83
20.745,-0.216,-50.266,92
20.779,-0.017,-50.257,71
20.777,-0.055,-50.253,67
20.779,-0.094,-50.257,70
20.78,-0.132,-50.258,78
20.777,-0.169,-50.251,71
20.779,-0.207,-50.257,78
14.337,-0.025,-35.088,31
14.337,-0.105,-35.09,35
14.364,-0.048,-35.062,38
14.368,-0.075,-35.074,31
14.364,-0.127,-35.062,42
14.381,-0.024,-35.051,47
14.386,-0.078,-35.063,40
14.38,-0.104,-35.049,60
14.39,-0.156,-35.074,36
14.384,-0.183,-35.057,38
14.408,-0.044,-35.054,21
14.405,-0.07,-35.046,44
14.403,-0.15,-35.041,48
14.433,-0.041,-35.028,46
14.437,-0.068,-35.039,51
14.436,-0.12,-35.036,44
14.438,-0.147,-35.041,36
14.458,-0.019,-35.03,48
14.458,-0.098,-35.03,43
14.459,-0.178,-35.033,39
14.485,-0.038,-35.033,40
14.476,-0.065,-35.01,49
14.483,-0.117,-35.028,39
14.474,-0.144,-35.007,47
14.532,-0.007,-35.062,62
14.524,-0.033,-35.043,64
14.538,-0.06,-35.075,66
14.543,-0.086,-35.088,60
14.53,-0.113,-35.055,63
14.546,-0.14,-35.096,62
14.543,-0.165,-35.087,54
14.519,-0.01,-34.972,78
14.519,-0.037,-34.972,80
14.519,-0.064,-34.97,78
14.518,-0.089,-34.969,77
14.52,-0.116,-34.974,79
14.521,-0.142,-34.974,80
14.52,-0.169,-34.973,74
14.537,-0.003,-34.952,97
14.536,-0.029,-34.951,100
14.537,-0.056,-34.952,101
14.536,-0.082,-34.951,97
14.537,-0.109,-34.954,103
14.537,-0.135,-34.952,104
14.538,-0.161,-34.956,101
14.577,-0.023,-34.96,58
14.575,-0.049,-34.955,61
14.574,-0.075,-34.953,58
14.575,-0.102,-34.954,64
14.575,-0.128,-34.955,72
14.574,-0.155,-34.952,71
14.29,-0.041,-35.098,30
14.295,-0.067,-35.111,49
14.293,-0.12,-35.105,24
14.288,-0.146,-35.093,45
14.315,-0.013,-35.101,29
14.315,-0.093,-35.103,18
14.307,-0.118,-35.081,49
14.318,-0.171,-35.111,20
14.327,-0.078,-35.065,43
14.33,-0.157,-35.074,55
14.333,-0.183,-35.081,45
26.972,-0.04,-66.652,112
26.973,-0.091,-66.655,81
26.972,-0.141,-66.65,107
26.972,-0.192,-66.653,97
26.974,-0.243,-66.656,91
27.016,-0.003,-66.65,85
27.015,-0.054,-66.647,87
27.014,-0.105,-66.645,101
27.014,-0.153,-66.646,90
27.011,-0.204,-66.639,97
27.013,-0.255,-66.642,99
27.07,-0.135,-66.67,33
27.068,-0.237,-66.663,47
27.729,-0.181,-68.108,19
27.738,-0.127,-68.021,29
66.341,-0.377,-158.86,63
66.379,-0.239,-158.64,69
66.437,-0.361,-158.78,67
66.66,-0.343,-158.94,61
66.695,-0.208,-158.76,62
66.872,-0.15,-158.89,59
66.916,-0.272,-159,57
66.977,-0.389,-159.14,64
67.079,-0.345,-159,66
60.155,-0.2,-143.43,60
6.207,0.303,-14.922,44
6.208,0.292,-14.925,45
6.208,0.281,-14.926,43
6.208,0.27,-14.925,53
6.207,0.258,-14.922,45
6.206,0.247,-14.92,35
6.208,0.236,-14.925,35
6.208,0.225,-14.924,41
6.21,0.213,-14.929,44
6.209,0.202,-14.926,30
6.208,0.191,-14.925,37
6.209,0.179,-14.927,21
6.216,0.351,-14.906,52
6.217,0.34,-14.908,39
6.215,0.329,-14.903,39
6.215,0.317,-14.905,45
6.216,0.306,-14.905,64
6.215,0.295,-14.905,102
6.216,0.283,-14.907,128
6.217,0.273,-14.907,135
6.215,0.261,-14.905,148
6.217,0.25,-14.908,150
6.219,0.238,-14.913,140
6.218,0.227,-14.91,136
6.218,0.216,-14.911,144
6.218,0.205,-14.91,134
6.218,0.193,-14.91,119
6.216,0.182,-14.907,81
6.216,0.171,-14.906,39
6.219,0.16,-14.913,27
6.219,0.148,-14.911,43
6.22,0.137,-14.916,71
6.222,0.382,-14.897,29
6.223,0.37,-14.899,51
6.221,0.359,-14.894,35
6.221,0.348,-14.893,56
6.221,0.336,-14.894,135
6.222,0.325,-14.895,147
6.22,0.314,-14.892,151
6.221,0.303,-14.894,144
6.222,0.292,-14.895,156
6.223,0.28,-14.898,148
6.22,0.269,-14.892,147
6.22,0.257,-14.891,147
6.222,0.246,-14.895,147
6.22,0.235,-14.892,145
6.222,0.224,-14.895,147
6.22,0.213,-14.892,143
6.224,0.201,-14.901,148
6.221,0.19,-14.894,147
6.222,0.179,-14.897,147
6.224,0.168,-14.901,153
6.224,0.156,-14.901,140
6.225,0.145,-14.903,117
6.225,0.133,-14.902,45
6.224,0.123,-14.901,30
6.227,0.111,-14.906,37
6.228,0.405,-14.881,41
6.228,0.394,-14.881,41
6.228,0.383,-14.882,43
6.226,0.371,-14.877,114
6.227,0.36,-14.878,150
6.226,0.349,-14.875,145
6.227,0.338,-14.879,149
6.225,0.326,-14.873,152
6.228,0.315,-14.882,148
6.228,0.304,-14.882,147
6.227,0.292,-14.878,146
6.227,0.281,-14.879,148
6.229,0.27,-14.883,149
6.229,0.259,-14.883,147
6.229,0.248,-14.884,147
6.229,0.236,-14.884,148
6.23,0.225,-14.886,142
6.227,0.214,-14.88,145
6.231,0.203,-14.888,148
6.229,0.191,-14.885,145
6.229,0.18,-14.884,150
6.227,0.169,-14.88,147
6.231,0.158,-14.888,138
6.229,0.147,-14.884,148
6.228,0.135,-14.882,148
6.23,0.124,-14.887,147
6.232,0.112,-14.891,118
6.231,0.101,-14.888,36
6.232,0.09,-14.891,25
6.239,0.419,-14.873,32
6.236,0.407,-14.866,48
6.237,0.396,-14.867,110
6.236,0.384,-14.865,148
6.237,0.373,-14.868,144
6.235,0.362,-14.863,154
6.238,0.351,-14.868,147
6.234,0.339,-14.859,145
6.236,0.328,-14.866,147
6.238,0.317,-14.87,143
6.237,0.306,-14.867,146
6.236,0.294,-14.865,149
6.238,0.283,-14.869,147
6.236,0.272,-14.865,148
6.24,0.261,-14.873,148
6.239,0.25,-14.873,146
6.239,0.238,-14.872,146
6.239,0.227,-14.872,146
6.236,0.215,-14.866,148
6.241,0.205,-14.877,146
6.235,0.193,-14.863,144
6.239,0.182,-14.873,147
6.238,0.171,-14.869,151
6.239,0.159,-14.872,148
6.238,0.148,-14.868,150
6.24,0.137,-14.874,142
6.239,0.126,-14.872,149
6.238,0.115,-14.87,146
6.241,0.103,-14.877,145
6.242,0.092,-14.88,137
6.241,0.08,-14.877,43
6.241,0.069,-14.878,26
6.244,0.058,-14.882,21
6.242,0.43,-14.856,31
6.243,0.419,-14.857,42
6.243,0.407,-14.858,140
6.24,0.396,-14.849,142
6.242,0.385,-14.856,148
6.241,0.374,-14.853,149
6.241,0.363,-14.854,152
6.241,0.351,-14.853,149
6.242,0.34,-14.855,148
6.241,0.329,-14.853,147
6.241,0.317,-14.853,147
6.244,0.306,-14.859,147
6.243,0.284,-14.858,149
6.244,0.273,-14.859,148
6.243,0.262,-14.857,154
6.243,0.25,-14.857,147
6.244,0.239,-14.859,147
6.242,0.228,-14.856,148
6.24,0.216,-14.851,143
6.244,0.205,-14.861,147
6.243,0.194,-14.857,146
6.246,0.183,-14.863,148
6.243,0.171,-14.857,147
6.244,0.161,-14.859,144
6.244,0.149,-14.859,146
6.242,0.138,-14.856,145
6.245,0.126,-14.861,148
6.246,0.115,-14.863,148
6.246,0.104,-14.864,146
6.246,0.093,-14.864,149
6.247,0.082,-14.866,147
6.249,0.07,-14.871,125
6.247,0.059,-14.868,43
6.248,0.047,-14.869,35
6.251,0.447,-14.849,28
6.249,0.436,-14.845,33
6.247,0.424,-14.84,144
6.249,0.413,-14.846,147
6.247,0.402,-14.839,146
6.248,0.391,-14.843,150
6.246,0.38,-14.838,147
6.248,0.368,-14.844,146
6.248,0.357,-14.842,151
6.247,0.345,-14.839,148
6.249,0.334,-14.845,148
6.25,0.324,-14.847,148
6.248,0.312,-14.844,149
6.251,0.301,-14.849,145
6.251,0.289,-14.849,144
6.248,0.278,-14.842,146
6.249,0.267,-14.846,147
6.249,0.256,-14.846,145
6.25,0.244,-14.847,153
6.249,0.233,-14.845,159
6.249,0.222,-14.844,150
6.25,0.211,-14.847,147
6.248,0.199,-14.844,148
6.248,0.188,-14.842,151
6.252,0.177,-14.852,153
6.251,0.166,-14.849,150
6.254,0.154,-14.857,146
6.25,0.144,-14.847,144
6.253,0.132,-14.853,151
6.253,0.121,-14.855,142
6.251,0.109,-14.849,148
6.25,0.098,-14.848,148
6.252,0.087,-14.852,148
6.252,0.076,-14.851,148
6.251,0.065,-14.85,149
6.253,0.053,-14.854,137
6.253,0.042,-14.854,33
6.256,0.031,-14.862,28
6.259,0.463,-14.833,29
6.259,0.451,-14.832,42
6.26,0.44,-14.834,134
6.256,0.428,-14.825,148
6.258,0.417,-14.83,154
6.256,0.406,-14.826,148
6.257,0.395,-14.828,147
6.256,0.384,-14.826,147
6.258,0.372,-14.829,147
6.258,0.361,-14.83,146
6.258,0.35,-14.83,157
6.26,0.339,-14.835,153
6.258,0.327,-14.829,149
6.259,0.316,-14.831,157
6.259,0.305,-14.833,154
6.261,0.294,-14.837,150
6.258,0.283,-14.83,142
6.259,0.271,-14.833,148
6.259,0.26,-14.831,148
6.259,0.249,-14.832,149
6.258,0.238,-14.829,149
6.26,0.227,-14.833,152
6.258,0.215,-14.83,153
6.26,0.204,-14.835,141
6.258,0.192,-14.83,148
6.26,0.182,-14.834,149
6.26,0.17,-14.833,155
6.26,0.159,-14.835,147
6.261,0.148,-14.836,149
6.262,0.137,-14.839,151
6.26,0.125,-14.835,148
6.261,0.114,-14.837,151
6.262,0.103,-14.84,147
6.261,0.091,-14.837,151
6.261,0.08,-14.837,149
6.262,0.069,-14.839,152
6.263,0.058,-14.841,147
6.26,0.047,-14.833,142
6.264,0.035,-14.842,125
6.264,0.024,-14.844,33
6.264,0.472,-14.823,29
6.263,0.461,-14.821,38
6.264,0.45,-14.823,129
6.264,0.439,-14.823,150
6.262,0.427,-14.818,159
6.263,0.416,-14.821,146
6.262,0.405,-14.821,150
6.262,0.393,-14.818,152
6.261,0.382,-14.816,146
6.262,0.371,-14.819,148
6.262,0.36,-14.819,154
6.264,0.349,-14.822,156
6.261,0.337,-14.816,157
6.264,0.326,-14.823,151
6.263,0.315,-14.821,147
6.262,0.304,-14.82,148
6.264,0.292,-14.823,148
6.263,0.281,-14.821,148
6.265,0.27,-14.825,149
6.266,0.259,-14.827,151
6.263,0.248,-14.822,147
6.266,0.236,-14.828,147
6.264,0.225,-14.822,147
6.266,0.214,-14.828,145
6.263,0.203,-14.821,148
6.264,0.191,-14.824,148
6.265,0.18,-14.825,148
6.264,0.169,-14.823,145
6.264,0.157,-14.822,147
6.264,0.147,-14.824,154
6.266,0.135,-14.828,148
6.265,0.124,-14.825,148
6.268,0.113,-14.833,147
6.266,0.101,-14.829,144
6.267,0.09,-14.83,148
6.267,0.079,-14.829,145
6.266,0.068,-14.829,145
6.265,0.056,-14.826,148
6.266,0.045,-14.829,147
6.267,0.034,-14.831,148
6.268,0.023,-14.833,89
6.27,0.012,-14.837,25
6.268,0.474,-14.805,49
6.269,0.463,-14.808,104
6.27,0.452,-14.809,152
6.268,0.44,-14.805,151
6.268,0.429,-14.805,148
6.267,0.418,-14.802,154
6.27,0.407,-14.809,155
6.268,0.396,-14.804,147
6.269,0.384,-14.806,157
6.269,0.373,-14.806,148
6.268,0.362,-14.804,153
6.268,0.351,-14.804,149
6.268,0.34,-14.805,149
6.27,0.328,-14.808,153
6.271,0.317,-14.81,148
6.268,0.306,-14.805,148
6.271,0.295,-14.811,151
6.27,0.283,-14.808,145
6.272,0.272,-14.812,146
6.272,0.261,-14.812,144
6.271,0.25,-14.811,149
6.268,0.238,-14.804,148
6.271,0.227,-14.809,144
6.27,0.216,-14.808,147
6.272,0.205,-14.812,143
6.271,0.193,-14.81,147
6.268,0.182,-14.804,144
6.27,0.171,-14.808,148
6.27,0.16,-14.809,146
6.271,0.148,-14.811,148
6.272,0.137,-14.812,147
6.272,0.126,-14.812,145
6.274,0.115,-14.818,146
6.272,0.104,-14.812,144
6.274,0.093,-14.818,153
6.273,0.081,-14.816,148
6.273,0.07,-14.816,151
6.275,0.059,-14.819,143
6.272,0.048,-14.813,148
6.274,0.036,-14.819,147
6.272,0.025,-14.811,152
6.274,0.014,-14.818,121
6.275,0.003,-14.819,31
6.279,0.486,-14.795,38
6.278,0.474,-14.792,91
6.277,0.463,-14.789,151
6.279,0.452,-14.793,154
6.277,0.441,-14.789,145
6.277,0.43,-14.79,153
6.279,0.419,-14.795,139
6.278,0.407,-14.793,157
6.278,0.396,-14.791,147
6.279,0.385,-14.793,154
6.278,0.373,-14.791,149
6.279,0.362,-14.795,149
6.277,0.351,-14.79,150
6.28,0.34,-14.797,157
6.28,0.329,-14.796,148
6.279,0.317,-14.795,150
6.279,0.306,-14.794,149
6.279,0.295,-14.794,148
6.278,0.283,-14.79,146
6.279,0.273,-14.793,147
6.28,0.261,-14.795,149
6.279,0.25,-14.794,148
6.277,0.239,-14.789,148
6.278,0.227,-14.792,152
6.28,0.216,-14.796,147
6.279,0.205,-14.793,146
6.281,0.194,-14.799,147
6.279,0.183,-14.793,148
6.281,0.171,-14.798,148
6.282,0.161,-14.801,145
6.282,0.149,-14.801,152
6.281,0.138,-14.798,151
6.281,0.126,-14.799,146
6.28,0.115,-14.796,146
6.281,0.104,-14.798,148
6.281,0.093,-14.799,148
6.281,0.082,-14.8,146
6.282,0.071,-14.801,150
6.281,0.059,-14.799,147
6.281,0.048,-14.8,146
6.283,0.037,-14.803,146
6.282,0.026,-14.8,145
6.282,0.014,-14.8,146
6.285,0.003,-14.807,113
6.282,0.493,-14.78,31
6.283,0.482,-14.782,69
6.284,0.471,-14.783,149
6.284,0.459,-14.784,156
6.284,0.448,-14.784,156
6.283,0.437,-14.783,154
6.282,0.426,-14.78,151
6.284,0.414,-14.783,146
6.283,0.403,-14.783,154
6.283,0.392,-14.782,149
6.283,0.38,-14.782,148
6.285,0.37,-14.785,148
6.285,0.359,-14.786,149
6.286,0.347,-14.788,117
6.287,0.336,-14.792,122
6.286,0.324,-14.789,137
6.287,0.313,-14.791,138
6.284,0.302,-14.784,147
6.284,0.291,-14.783,148
6.284,0.28,-14.783,148
6.286,0.269,-14.788,147
6.285,0.257,-14.786,149
6.285,0.246,-14.785,152
6.285,0.235,-14.787,152
6.285,0.224,-14.785,148
6.286,0.213,-14.79,144
6.285,0.201,-14.786,147
6.288,0.191,-14.794,142
6.286,0.179,-14.789,146
6.287,0.168,-14.79,147
6.286,0.156,-14.79,149
6.286,0.145,-14.79,157
6.286,0.134,-14.79,148
6.286,0.123,-14.789,148
6.286,0.112,-14.789,147
6.286,0.1,-14.788,152
6.286,0.089,-14.79,149
6.289,0.078,-14.795,143
6.287,0.067,-14.791,149
6.287,0.056,-14.791,147
6.287,0.044,-14.791,145
6.287,0.033,-14.791,146
6.287,0.022,-14.792,145
6.289,0.011,-14.796,147
6.295,0.507,-14.779,25
6.292,0.495,-14.772,47
6.289,0.484,-14.765,144
6.291,0.473,-14.771,149
6.291,0.462,-14.769,161
6.289,0.451,-14.766,157
6.288,0.439,-14.765,157
6.292,0.428,-14.772,160
6.29,0.417,-14.767,147
6.29,0.405,-14.769,158
6.291,0.395,-14.77,146
6.291,0.384,-14.771,149
6.291,0.372,-14.769,149
6.292,0.361,-14.773,150
6.292,0.35,-14.773,36
6.293,0.339,-14.774,28
6.293,0.327,-14.774,22
6.292,0.316,-14.773,24
6.294,0.305,-14.777,19
6.292,0.294,-14.772,13
6.294,0.283,-14.777,17
6.293,0.271,-14.776,21
6.293,0.26,-14.774,22
6.298,0.249,-14.785,21
6.293,0.237,-14.774,17
6.295,0.226,-14.779,15
6.293,0.215,-14.774,134
6.293,0.204,-14.774,143
6.292,0.193,-14.772,150
6.293,0.182,-14.775,149
6.293,0.17,-14.773,149
6.295,0.16,-14.78,84
6.295,0.148,-14.78,23
6.295,0.137,-14.78,90
6.296,0.125,-14.781,145
6.293,0.114,-14.776,151
6.291,0.103,-14.771,143
6.295,0.092,-14.779,147
6.293,0.081,-14.775,148
6.295,0.069,-14.779,147
6.293,0.058,-14.774,144
6.294,0.047,-14.777,147
6.295,0.036,-14.779,146
6.294,0.025,-14.777,148
6.296,0.014,-14.781,146
6.297,0.002,-14.783,146
6.302,0.508,-14.762,23
6.301,0.497,-14.759,55
6.3,0.486,-14.757,152
6.3,0.475,-14.757,149
6.298,0.463,-14.752,147
6.3,0.452,-14.758,161
6.299,0.44,-14.756,155
6.301,0.43,-14.76,148
6.3,0.419,-14.757,156
6.3,0.407,-14.758,154
6.299,0.396,-14.755,149
6.3,0.385,-14.757,147
6.3,0.374,-14.757,148
6.298,0.363,-14.752,146
6.3,0.351,-14.757,48
6.301,0.34,-14.759,22
6.303,0.329,-14.764,25
6.301,0.318,-14.76,21
6.302,0.306,-14.761,18
6.303,0.295,-14.762,30
6.303,0.284,-14.762,29
6.304,0.273,-14.765,23
6.302,0.262,-14.761,16
6.303,0.25,-14.763,18
6.304,0.239,-14.765,24
6.302,0.228,-14.761,25
6.302,0.217,-14.762,139
6.301,0.206,-14.759,149
6.304,0.194,-14.764,143
6.3,0.183,-14.756,149
6.302,0.172,-14.76,154
6.304,0.161,-14.766,29
6.304,0.149,-14.765,13
6.302,0.139,-14.761,19
6.304,0.127,-14.766,25
6.306,0.116,-14.769,133
6.301,0.105,-14.759,148
6.304,0.094,-14.764,149
6.303,0.082,-14.762,149
6.306,0.071,-14.769,145
6.305,0.06,-14.767,149
6.304,0.049,-14.765,151
6.305,0.038,-14.768,146
6.304,0.026,-14.766,153
6.306,0.015,-14.769,143
6.305,0.004,-14.766,145
6.307,0.52,-14.751,13
6.307,0.508,-14.749,30
6.302,0.496,-14.74,146
6.305,0.486,-14.744,148
6.304,0.474,-14.742,147
6.305,0.463,-14.745,149
6.305,0.452,-14.745,152
6.306,0.441,-14.747,153
6.305,0.43,-14.745,151
6.307,0.418,-14.75,155
6.306,0.407,-14.747,151
6.307,0.396,-14.749,156
6.306,0.385,-14.746,156
6.306,0.373,-14.748,152
6.304,0.362,-14.743,147
6.306,0.351,-14.748,43
6.308,0.34,-14.751,23
6.308,0.329,-14.753,28
6.306,0.317,-14.749,52
6.307,0.306,-14.75,136
6.306,0.295,-14.746,125
6.307,0.284,-14.75,124
6.308,0.273,-14.751,50
6.308,0.262,-14.752,21
6.307,0.25,-14.751,20
6.309,0.239,-14.754,23
6.306,0.228,-14.748,28
6.308,0.217,-14.752,137
6.308,0.206,-14.752,142
6.307,0.194,-14.748,148
6.309,0.183,-14.754,146
6.309,0.172,-14.753,135
6.308,0.161,-14.752,42
6.31,0.15,-14.756,24
6.309,0.139,-14.754,19
6.313,0.127,-14.762,13
6.31,0.116,-14.755,23
6.306,0.105,-14.748,147
6.31,0.094,-14.755,148
6.306,0.083,-14.746,144
6.309,0.071,-14.755,148
6.308,0.06,-14.752,148
6.31,0.049,-14.755,147
6.31,0.038,-14.757,145
6.311,0.026,-14.758,145
6.31,0.015,-14.757,153
6.312,0.004,-14.759,155
6.312,0.513,-14.735,42
6.314,0.502,-14.74,128
6.313,0.491,-14.736,154
6.312,0.48,-14.734,149
6.311,0.468,-14.733,148
6.312,0.457,-14.734,147
6.31,0.446,-14.729,143
6.312,0.435,-14.736,157
6.308,0.424,-14.725,144
6.313,0.412,-14.738,147
6.31,0.401,-14.731,146
6.311,0.39,-14.731,147
6.313,0.379,-14.737,153
6.311,0.368,-14.732,149
6.315,0.357,-14.741,141
6.314,0.345,-14.74,20
6.313,0.334,-14.738,24
6.313,0.323,-14.737,27
6.313,0.312,-14.736,150
6.313,0.301,-14.736,152
6.313,0.289,-14.738,146
6.315,0.278,-14.741,128
6.315,0.267,-14.741,23
6.315,0.256,-14.742,18
6.314,0.245,-14.738,24
6.312,0.234,-14.735,136
6.314,0.222,-14.74,151
6.312,0.211,-14.734,150
6.313,0.2,-14.737,149
6.312,0.189,-14.733,148
6.313,0.177,-14.738,148
6.314,0.166,-14.738,148
6.314,0.155,-14.738,146
6.315,0.144,-14.742,85
6.317,0.133,-14.746,23
6.316,0.122,-14.743,18
6.317,0.11,-14.746,23
6.315,0.099,-14.743,150
6.314,0.088,-14.74,147
6.315,0.077,-14.742,147
6.313,0.066,-14.737,148
6.317,0.054,-14.745,146
6.316,0.043,-14.743,151
6.316,0.032,-14.743,145
6.316,0.021,-14.744,145
6.317,0.01,-14.746,151
6.324,0.527,-14.727,24
6.321,0.516,-14.721,42
6.322,0.504,-14.722,142
6.321,0.493,-14.721,158
6.32,0.482,-14.716,148
6.321,0.471,-14.719,147
6.322,0.46,-14.722,157
6.321,0.448,-14.719,150
6.323,0.437,-14.723,153
6.321,0.426,-14.72,149
6.322,0.415,-14.722,148
6.321,0.404,-14.719,147
6.321,0.393,-14.721,146
6.321,0.381,-14.72,153
6.321,0.37,-14.72,147
6.323,0.359,-14.724,141
6.324,0.348,-14.725,28
6.324,0.337,-14.726,26
6.324,0.325,-14.725,22
6.324,0.314,-14.726,137
6.323,0.303,-14.723,149
6.321,0.292,-14.72,152
6.323,0.281,-14.724,144
6.323,0.269,-14.724,23
6.325,0.258,-14.727,21
6.324,0.247,-14.725,21
6.324,0.236,-14.727,130
6.324,0.225,-14.726,149
6.323,0.213,-14.724,147
6.323,0.202,-14.724,146
6.321,0.191,-14.719,146
6.323,0.18,-14.723,147
6.321,0.169,-14.72,151
6.324,0.157,-14.727,146
6.322,0.146,-14.722,144
6.326,0.135,-14.731,21
6.325,0.124,-14.729,23
6.325,0.113,-14.727,19
6.325,0.102,-14.728,133
6.326,0.09,-14.73,145
6.326,0.079,-14.729,153
6.324,0.068,-14.726,151
6.326,0.057,-14.731,149
6.325,0.046,-14.727,148
6.327,0.034,-14.732,150
6.326,0.023,-14.73,146
6.326,0.012,-14.73,147
6.327,0.001,-14.733,142
6.33,0.523,-14.718,46
6.326,0.512,-14.708,50
6.326,0.501,-14.71,146
6.327,0.49,-14.713,156
6.328,0.479,-14.714,152
6.327,0.467,-14.71,163
6.328,0.456,-14.714,152
6.326,0.445,-14.709,148
6.329,0.434,-14.715,145
6.326,0.423,-14.71,148
6.327,0.411,-14.712,148
6.326,0.4,-14.71,148
6.326,0.389,-14.71,150
6.326,0.378,-14.709,147
6.326,0.367,-14.709,151
6.329,0.356,-14.716,117
6.329,0.344,-14.716,27
6.33,0.333,-14.718,18
6.328,0.322,-14.715,33
6.328,0.311,-14.714,149
6.328,0.299,-14.714,155
6.328,0.288,-14.713,152
6.329,0.277,-14.715,146
6.33,0.266,-14.718,26
6.33,0.255,-14.719,20
6.331,0.244,-14.719,26
6.329,0.233,-14.715,30
6.33,0.221,-14.718,126
6.327,0.21,-14.712,145
6.326,0.199,-14.708,150
6.328,0.188,-14.712,151
6.327,0.176,-14.71,153
6.327,0.165,-14.71,145
6.331,0.154,-14.719,140
6.332,0.143,-14.722,22
6.332,0.132,-14.722,20
6.331,0.121,-14.719,23
6.331,0.109,-14.719,28
6.329,0.098,-14.716,151
6.327,0.087,-14.712,147
6.331,0.076,-14.72,150
6.329,0.065,-14.716,153
6.33,0.054,-14.718,148
6.33,0.042,-14.717,147
6.33,0.032,-14.717,149
6.33,0.02,-14.717,152
6.33,0.009,-14.717,145
6.336,0.526,-14.707,42
6.333,0.515,-14.7,51
6.333,0.503,-14.699,154
6.333,0.492,-14.7,148
6.333,0.481,-14.7,150
6.332,0.47,-14.698,147
6.332,0.458,-14.698,157
6.332,0.447,-14.696,146
6.332,0.436,-14.697,158
6.333,0.425,-14.7,152
6.333,0.414,-14.699,147
6.335,0.403,-14.703,152
6.334,0.392,-14.702,151
6.334,0.38,-14.702,150
6.333,0.37,-14.699,147
6.335,0.358,-14.703,137
6.334,0.347,-14.703,24
6.336,0.336,-14.705,25
6.334,0.324,-14.701,25
6.332,0.313,-14.697,148
6.332,0.302,-14.698,150
6.334,0.291,-14.702,150
6.334,0.28,-14.703,145
6.334,0.269,-14.701,132
6.335,0.257,-14.705,24
6.335,0.247,-14.705,23
6.336,0.235,-14.706,22
6.335,0.224,-14.704,21
6.337,0.213,-14.707,24
6.336,0.201,-14.707,31
6.336,0.191,-14.705,30
6.335,0.179,-14.704,31
6.337,0.168,-14.708,25
6.336,0.157,-14.706,27
6.336,0.146,-14.707,19
6.338,0.134,-14.71,17
6.337,0.124,-14.707,18
6.335,0.112,-14.703,68
6.334,0.101,-14.702,148
6.336,0.09,-14.705,148
6.335,0.079,-14.703,152
6.333,0.068,-14.7,148
6.336,0.056,-14.707,149
6.335,0.045,-14.703,145
6.338,0.034,-14.71,155
6.335,0.023,-14.704,147
6.338,0.012,-14.711,142
6.338,0.001,-14.71,145
6.344,0.525,-14.688,41
6.343,0.514,-14.686,99
6.343,0.503,-14.686,148
6.343,0.492,-14.686,152
6.344,0.481,-14.689,149
6.344,0.469,-14.688,148
6.344,0.458,-14.687,156
6.341,0.447,-14.682,151
6.343,0.436,-14.686,154
6.34,0.424,-14.679,150
6.343,0.413,-14.686,157
6.342,0.403,-14.683,151
6.342,0.391,-14.684,148
6.341,0.38,-14.682,149
6.34,0.368,-14.68,148
6.343,0.357,-14.686,146
6.341,0.346,-14.681,145
6.345,0.336,-14.691,144
6.341,0.324,-14.683,148
6.344,0.313,-14.688,148
6.345,0.302,-14.69,148
6.345,0.29,-14.689,152
6.344,0.28,-14.689,154
6.345,0.268,-14.689,158
6.345,0.257,-14.691,143
6.344,0.246,-14.688,50
6.345,0.235,-14.691,24
6.344,0.224,-14.688,23
6.346,0.213,-14.693,21
6.345,0.201,-14.69,16
6.346,0.19,-14.693,23
6.346,0.179,-14.692,23
6.348,0.168,-14.697,22
6.346,0.157,-14.693,18
6.346,0.146,-14.693,22
6.345,0.134,-14.691,25
6.346,0.123,-14.694,121
6.347,0.112,-14.694,145
6.346,0.101,-14.692,153
6.345,0.09,-14.691,151
6.346,0.079,-14.693,149
6.345,0.067,-14.689,148
6.347,0.056,-14.696,143
6.345,0.045,-14.69,151
6.346,0.034,-14.693,149
6.345,0.023,-14.691,149
6.346,0.011,-14.693,147
6.346,0,-14.693,147
6.348,0.524,-14.676,38
6.351,0.513,-14.683,130
6.346,0.501,-14.671,158
6.348,0.491,-14.677,149
6.346,0.479,-14.671,150
6.349,0.468,-14.677,160
6.348,0.457,-14.676,153
6.348,0.445,-14.677,150
6.349,0.434,-14.677,153
6.347,0.424,-14.675,155
6.349,0.412,-14.677,148
6.349,0.401,-14.678,147
6.347,0.389,-14.675,151
6.35,0.379,-14.679,149
6.349,0.368,-14.679,146
6.349,0.356,-14.679,156
6.348,0.345,-14.676,163
6.348,0.334,-14.675,153
6.348,0.323,-14.677,152
6.348,0.312,-14.675,153
6.348,0.301,-14.675,148
6.348,0.289,-14.675,149
6.349,0.278,-14.679,147
6.347,0.267,-14.674,148
6.348,0.255,-14.677,154
6.348,0.245,-14.677,150
6.35,0.234,-14.681,137
6.35,0.222,-14.679,69
6.349,0.211,-14.677,40
6.35,0.2,-14.68,30
6.35,0.189,-14.681,31
6.348,0.178,-14.675,25
6.352,0.167,-14.683,25
6.349,0.155,-14.677,43
6.35,0.144,-14.679,104
6.35,0.133,-14.681,147
6.349,0.122,-14.678,148
6.35,0.111,-14.679,150
6.352,0.1,-14.684,158
6.351,0.088,-14.682,151
6.351,0.077,-14.682,147
6.351,0.066,-14.682,147
6.351,0.055,-14.682,155
6.35,0.044,-14.679,147
6.352,0.032,-14.685,154
6.351,0.021,-14.681,147
6.352,0.01,-14.685,147
6.358,0.53,-14.674,36
6.353,0.519,-14.665,45
6.353,0.507,-14.663,152
6.353,0.496,-14.663,156
6.353,0.485,-14.663,144
6.352,0.474,-14.662,149
6.355,0.463,-14.667,155
6.354,0.452,-14.665,148
6.354,0.44,-14.667,147
6.353,0.429,-14.663,148
6.354,0.418,-14.665,147
6.354,0.407,-14.665,149
6.354,0.396,-14.666,150
6.354,0.385,-14.665,149
6.352,0.373,-14.661,151
6.354,0.362,-14.665,153
6.353,0.352,-14.664,150
6.355,0.34,-14.667,153
6.353,0.329,-14.663,146
6.353,0.318,-14.663,149
6.353,0.306,-14.663,146
6.354,0.295,-14.666,156
6.355,0.285,-14.667,153
6.354,0.273,-14.666,149
6.355,0.262,-14.667,151
6.356,0.251,-14.668,147
6.356,0.24,-14.67,148
6.356,0.229,-14.669,149
6.356,0.218,-14.669,155
6.355,0.206,-14.667,153
6.355,0.195,-14.667,159
6.354,0.184,-14.665,148
6.354,0.173,-14.666,149
6.354,0.162,-14.665,150
6.355,0.15,-14.667,147
6.354,0.139,-14.667,150
6.356,0.128,-14.669,149
6.355,0.117,-14.667,147
6.356,0.106,-14.668,150
6.357,0.095,-14.673,146
6.358,0.083,-14.674,147
6.358,0.072,-14.673,146
6.358,0.061,-14.674,144
6.357,0.05,-14.672,145
6.356,0.039,-14.67,149
6.357,0.028,-14.672,148
6.355,0.016,-14.667,147
6.357,0.005,-14.671,148
6.365,0.524,-14.655,41
6.364,0.512,-14.651,117
6.364,0.502,-14.651,149
6.36,0.49,-14.643,148
6.365,0.479,-14.653,144
6.364,0.468,-14.65,157
6.363,0.456,-14.648,147
6.364,0.446,-14.65,154
6.363,0.435,-14.648,151
6.364,0.423,-14.65,146
6.364,0.412,-14.651,157
6.365,0.401,-14.652,147
6.363,0.39,-14.649,149
6.364,0.379,-14.65,147
6.363,0.368,-14.649,150
6.364,0.356,-14.651,156
6.364,0.345,-14.65,148
6.363,0.334,-14.648,145
6.366,0.323,-14.655,104
6.366,0.312,-14.655,36
6.366,0.301,-14.656,20
6.364,0.289,-14.651,23
6.365,0.278,-14.654,24
6.367,0.268,-14.658,18
6.367,0.256,-14.658,25
6.367,0.245,-14.657,21
6.366,0.234,-14.655,15
6.368,0.222,-14.66,21
6.367,0.212,-14.657,24
6.368,0.2,-14.66,23
6.366,0.189,-14.655,42
6.367,0.178,-14.657,83
6.368,0.167,-14.66,135
6.364,0.155,-14.651,146
6.365,0.145,-14.654,147
6.364,0.133,-14.651,146
6.365,0.122,-14.653,149
6.365,0.111,-14.653,146
6.365,0.1,-14.653,156
6.366,0.089,-14.655,146
6.364,0.078,-14.649,143
6.366,0.067,-14.655,148
6.364,0.055,-14.65,148
6.368,0.044,-14.66,145
6.367,0.033,-14.658,147
6.366,0.022,-14.655,144
6.369,0.011,-14.662,145
6.372,0.53,-14.646,33
6.369,0.519,-14.639,59
6.369,0.508,-14.639,150
6.369,0.496,-14.639,148
6.37,0.485,-14.641,152
6.369,0.475,-14.64,145
6.371,0.463,-14.643,156
6.368,0.452,-14.637,147
6.371,0.441,-14.644,153
6.369,0.43,-14.64,152
6.37,0.419,-14.642,152
6.371,0.407,-14.643,144
6.37,0.396,-14.642,150
6.37,0.385,-14.641,145
6.371,0.374,-14.643,145
6.368,0.363,-14.637,150
6.369,0.352,-14.639,147
6.372,0.341,-14.646,32
6.372,0.329,-14.646,28
6.372,0.318,-14.647,23
6.37,0.307,-14.641,27
6.371,0.296,-14.644,23
6.371,0.285,-14.643,24
6.373,0.274,-14.648,24
6.372,0.262,-14.647,26
6.373,0.251,-14.648,21
6.372,0.24,-14.645,24
6.371,0.229,-14.643,22
6.372,0.218,-14.646,22
6.372,0.207,-14.646,20
6.371,0.195,-14.644,23
6.371,0.184,-14.643,23
6.373,0.174,-14.648,25
6.373,0.162,-14.649,22
6.372,0.151,-14.647,25
6.373,0.14,-14.648,100
6.371,0.128,-14.643,148
6.372,0.118,-14.646,147
6.371,0.106,-14.644,146
6.371,0.095,-14.644,145
6.373,0.084,-14.647,149
6.375,0.073,-14.653,145
6.373,0.062,-14.648,149
6.373,0.051,-14.647,152
6.373,0.04,-14.649,148
6.373,0.028,-14.648,147
6.372,0.017,-14.645,150
6.373,0.006,-14.649,144
6.377,0.523,-14.633,44
6.378,0.512,-14.633,42
6.375,0.501,-14.627,147
6.376,0.49,-14.629,146
6.376,0.479,-14.63,155
6.375,0.467,-14.628,150
6.375,0.456,-14.628,149
6.374,0.445,-14.626,146
6.376,0.434,-14.63,150
6.377,0.423,-14.631,152
6.378,0.412,-14.634,147
6.377,0.4,-14.632,147
6.377,0.39,-14.632,153
6.377,0.379,-14.631,154
6.376,0.367,-14.628,147
6.378,0.356,-14.635,85
6.377,0.345,-14.632,26
6.38,0.334,-14.639,21
6.377,0.323,-14.632,26
6.377,0.312,-14.632,23
6.375,0.3,-14.628,30
6.376,0.289,-14.629,28
6.377,0.278,-14.631,36
6.375,0.267,-14.627,30
6.377,0.256,-14.631,30
6.374,0.244,-14.626,32
6.377,0.234,-14.632,29
6.376,0.222,-14.628,28
6.378,0.212,-14.634,25
6.378,0.2,-14.633,22
6.378,0.189,-14.634,21
6.38,0.178,-14.638,22
6.378,0.167,-14.634,16
6.379,0.156,-14.636,21
6.379,0.145,-14.637,20
6.378,0.133,-14.634,26
6.378,0.122,-14.634,89
6.378,0.111,-14.633,149
6.377,0.1,-14.632,153
6.377,0.089,-14.63,146
6.376,0.078,-14.63,147
6.378,0.067,-14.634,147
6.378,0.055,-14.635,147
6.38,0.044,-14.638,147
6.378,0.033,-14.635,150
6.381,0.022,-14.641,141
6.38,0.011,-14.637,142
6.388,0.525,-14.621,28
6.387,0.514,-14.618,53
6.387,0.502,-14.618,146
6.384,0.491,-14.612,148
6.386,0.48,-14.618,148
6.386,0.469,-14.616,143
6.388,0.458,-14.62,155
6.385,0.447,-14.613,149
6.384,0.435,-14.613,146
6.385,0.424,-14.615,153
6.384,0.413,-14.611,146
6.385,0.402,-14.614,147
6.385,0.391,-14.613,151
6.385,0.38,-14.615,151
6.385,0.369,-14.613,153
6.387,0.358,-14.618,31
6.387,0.347,-14.619,21
6.389,0.336,-14.623,24
6.384,0.324,-14.612,43
6.386,0.313,-14.617,155
6.387,0.302,-14.618,148
6.386,0.291,-14.616,153
6.385,0.28,-14.614,148
6.386,0.269,-14.616,147
6.382,0.257,-14.607,150
6.385,0.247,-14.615,153
6.385,0.235,-14.613,154
6.386,0.224,-14.617,157
6.386,0.213,-14.616,143
6.385,0.201,-14.615,149
6.384,0.191,-14.612,148
6.387,0.179,-14.618,142
6.387,0.168,-14.618,123
6.389,0.157,-14.623,37
6.39,0.146,-14.623,23
6.391,0.124,-14.626,21
6.389,0.113,-14.623,103
6.387,0.101,-14.618,148
6.387,0.09,-14.618,148
6.388,0.079,-14.62,143
6.386,0.068,-14.617,147
6.388,0.057,-14.62,154
6.388,0.046,-14.62,147
6.386,0.034,-14.616,146
6.388,0.023,-14.62,139
6.388,0.013,-14.621,145
6.387,0.001,-14.617,144
6.394,0.521,-14.611,36
6.392,0.51,-14.608,44
6.39,0.498,-14.602,153
6.391,0.487,-14.605,154
6.389,0.476,-14.601,149
6.391,0.465,-14.604,146
6.391,0.454,-14.604,157
6.391,0.443,-14.606,150
6.39,0.431,-14.602,148
6.39,0.421,-14.603,146
6.39,0.409,-14.602,150
6.391,0.398,-14.606,147
6.39,0.387,-14.603,151
6.392,0.376,-14.606,146
6.393,0.365,-14.609,133
6.394,0.354,-14.611,29
6.391,0.342,-14.605,25
6.394,0.332,-14.611,27
6.39,0.32,-14.603,148
6.391,0.309,-14.604,152
6.391,0.298,-14.603,149
6.39,0.287,-14.603,148
6.39,0.276,-14.602,149
6.392,0.265,-14.606,156
6.391,0.254,-14.604,154
6.392,0.243,-14.607,154
6.391,0.231,-14.603,146
6.393,0.221,-14.61,153
6.392,0.209,-14.607,148
6.392,0.198,-14.608,155
6.392,0.187,-14.608,145
6.391,0.176,-14.606,148
6.393,0.164,-14.609,144
6.39,0.154,-14.601,143
6.394,0.142,-14.611,19
6.395,0.131,-14.613,22
6.395,0.12,-14.614,20
6.393,0.109,-14.609,121
6.391,0.098,-14.605,149
6.393,0.087,-14.608,152
6.392,0.075,-14.608,151
6.394,0.064,-14.611,146
6.393,0.053,-14.608,150
6.393,0.042,-14.61,149
6.392,0.031,-14.606,144
6.394,0.02,-14.612,153
6.395,0.009,-14.613,144
6.399,0.512,-14.598,39
6.397,0.501,-14.593,68
6.395,0.49,-14.588,146
6.398,0.479,-14.595,147
6.396,0.468,-14.591,151
6.398,0.456,-14.595,148
6.396,0.445,-14.59,146
6.396,0.434,-14.591,146
6.397,0.423,-14.592,150
6.397,0.412,-14.593,151
6.398,0.401,-14.594,145
6.395,0.389,-14.588,147
6.398,0.379,-14.595,151
6.397,0.368,-14.593,147
6.401,0.356,-14.602,33
6.399,0.345,-14.597,24
6.4,0.334,-14.6,21
6.397,0.323,-14.592,26
6.398,0.312,-14.594,133
6.396,0.301,-14.59,149
6.396,0.289,-14.59,149
6.397,0.278,-14.593,148
6.397,0.267,-14.591,152
6.398,0.257,-14.594,155
6.397,0.245,-14.593,158
6.397,0.234,-14.593,147
6.397,0.223,-14.593,150
6.394,0.212,-14.586,146
6.396,0.2,-14.591,149
6.399,0.19,-14.596,147
6.398,0.178,-14.594,146
6.4,0.167,-14.599,146
6.399,0.156,-14.597,146
6.4,0.145,-14.6,22
6.398,0.134,-14.595,17
6.399,0.123,-14.597,21
6.399,0.112,-14.597,50
6.398,0.101,-14.596,147
6.397,0.089,-14.592,146
6.398,0.079,-14.593,143
6.399,0.067,-14.598,151
6.399,0.056,-14.597,150
6.401,0.045,-14.601,146
6.4,0.034,-14.599,143
6.401,0.022,-14.601,146
6.398,0.012,-14.596,147
6.4,0.001,-14.6,148
6.406,0.504,-14.58,41
6.408,0.493,-14.585,123
6.407,0.481,-14.582,147
6.406,0.471,-14.579,150
6.406,0.46,-14.58,148
6.406,0.448,-14.581,153
6.405,0.437,-14.578,152
6.406,0.426,-14.581,150
6.406,0.415,-14.58,148
6.405,0.404,-14.578,151
6.405,0.393,-14.578,148
6.407,0.382,-14.582,158
6.405,0.37,-14.578,150
6.409,0.359,-14.585,140
6.405,0.348,-14.579,28
6.407,0.337,-14.583,22
6.407,0.326,-14.583,20
6.409,0.315,-14.585,20
6.407,0.303,-14.583,24
6.408,0.293,-14.585,30
6.407,0.282,-14.582,46
6.409,0.271,-14.587,87
6.409,0.259,-14.585,92
6.407,0.248,-14.582,108
6.409,0.237,-14.585,120
6.409,0.226,-14.586,132
6.408,0.215,-14.585,128
6.408,0.204,-14.584,128
6.408,0.192,-14.584,112
6.409,0.181,-14.586,97
6.409,0.17,-14.586,51
6.41,0.159,-14.588,21
6.408,0.148,-14.584,25
6.41,0.137,-14.587,22
6.41,0.126,-14.587,23
6.407,0.115,-14.582,57
6.407,0.104,-14.582,147
6.407,0.093,-14.582,146
6.407,0.081,-14.581,149
6.409,0.07,-14.585,145
6.406,0.059,-14.58,145
6.409,0.048,-14.587,145
6.406,0.037,-14.58,150
6.41,0.026,-14.587,146
6.409,0.014,-14.585,144
6.408,0.003,-14.584,145
6.414,0.504,-14.576,52
6.413,0.493,-14.573,43
6.412,0.481,-14.57,151
6.411,0.47,-14.568,151
6.412,0.459,-14.57,155
6.411,0.448,-14.568,148
6.411,0.437,-14.569,152
6.412,0.426,-14.57,153
6.411,0.415,-14.568,157
6.413,0.404,-14.572,155
6.413,0.393,-14.572,152
6.411,0.382,-14.569,147
6.413,0.37,-14.573,149
6.412,0.359,-14.569,154
6.413,0.348,-14.573,124
6.413,0.337,-14.574,29
6.414,0.326,-14.574,20
6.413,0.315,-14.573,24
6.413,0.304,-14.573,22
6.415,0.293,-14.577,23
6.415,0.281,-14.576,24
6.415,0.27,-14.575,19
6.413,0.259,-14.573,23
6.414,0.248,-14.575,24
6.415,0.237,-14.577,27
6.414,0.226,-14.575,22
6.414,0.215,-14.574,32
6.414,0.204,-14.574,22
6.414,0.193,-14.574,22
6.416,0.182,-14.578,15
6.416,0.17,-14.578,21
6.416,0.159,-14.579,21
6.415,0.148,-14.577,19
6.415,0.137,-14.575,14
6.413,0.126,-14.573,26
6.414,0.115,-14.573,143
6.412,0.104,-14.57,157
6.414,0.093,-14.575,152
6.412,0.082,-14.569,147
6.413,0.071,-14.573,147
6.414,0.059,-14.575,142
6.415,0.048,-14.575,149
6.414,0.037,-14.574,146
6.416,0.026,-14.578,150
6.414,0.015,-14.575,149
6.414,0.004,-14.574,150
6.422,0.501,-14.568,42
6.418,0.489,-14.56,31
6.419,0.479,-14.561,136
6.419,0.468,-14.561,147
6.417,0.456,-14.556,145
6.417,0.445,-14.555,147
6.419,0.434,-14.562,156
6.419,0.423,-14.56,152
6.417,0.412,-14.557,150
6.418,0.401,-14.559,154
6.418,0.39,-14.56,147
6.418,0.378,-14.558,150
6.418,0.367,-14.56,148
6.417,0.356,-14.557,152
6.415,0.345,-14.552,147
6.419,0.334,-14.561,137
6.417,0.323,-14.556,104
6.416,0.312,-14.554,34
6.419,0.301,-14.561,29
6.419,0.29,-14.561,27
6.419,0.279,-14.561,27
6.421,0.268,-14.564,23
6.418,0.256,-14.559,24
6.423,0.246,-14.57,21
6.418,0.234,-14.559,23
6.42,0.223,-14.563,22
6.419,0.212,-14.56,23
6.419,0.201,-14.562,20
6.42,0.19,-14.562,20
6.419,0.179,-14.561,21
6.419,0.168,-14.561,27
6.419,0.156,-14.561,28
6.418,0.145,-14.559,30
6.418,0.134,-14.558,110
6.418,0.123,-14.558,149
6.418,0.112,-14.558,147
6.419,0.101,-14.561,153
6.418,0.09,-14.559,146
6.42,0.079,-14.563,151
6.418,0.068,-14.557,147
6.421,0.056,-14.565,145
6.418,0.045,-14.559,145
6.421,0.034,-14.565,145
6.42,0.023,-14.563,145
6.42,0.012,-14.564,150
6.419,0.001,-14.561,146
6.427,0.493,-14.549,44
6.429,0.481,-14.551,39
6.429,0.47,-14.552,134
6.427,0.46,-14.547,153
6.427,0.448,-14.547,144
6.426,0.437,-14.545,145
6.427,0.426,-14.547,153
6.426,0.414,-14.545,157
6.425,0.403,-14.542,146
6.425,0.393,-14.543,147
6.428,0.382,-14.549,146
6.426,0.37,-14.545,149
6.427,0.359,-14.547,156
6.427,0.348,-14.546,147
6.426,0.337,-14.545,147
6.427,0.326,-14.546,146
6.427,0.315,-14.546,151
6.427,0.303,-14.546,142
6.426,0.292,-14.545,154
6.429,0.282,-14.551,143
6.426,0.271,-14.546,124
6.426,0.259,-14.545,122
6.427,0.248,-14.546,109
6.427,0.237,-14.547,94
6.425,0.226,-14.542,93
6.427,0.215,-14.547,94
6.429,0.204,-14.551,100
6.427,0.192,-14.547,100
6.427,0.182,-14.547,120
6.427,0.17,-14.547,143
6.427,0.16,-14.548,150
6.429,0.148,-14.55,147
6.428,0.137,-14.549,147
6.427,0.126,-14.547,150
6.429,0.115,-14.551,147
6.427,0.104,-14.547,146
6.428,0.093,-14.549,147
6.426,0.082,-14.544,153
6.428,0.071,-14.548,149
6.428,0.059,-14.549,147
6.426,0.048,-14.544,145
6.428,0.038,-14.549,147
6.427,0.026,-14.547,151
6.427,0.015,-14.546,148
6.432,0.004,-14.557,141
6.435,0.478,-14.539,42
6.435,0.467,-14.54,64
6.433,0.455,-14.536,147
6.433,0.444,-14.534,148
6.432,0.433,-14.533,148
6.433,0.422,-14.536,156
6.431,0.411,-14.532,146
6.432,0.4,-14.533,146
6.431,0.389,-14.531,149
6.432,0.377,-14.532,150
6.433,0.367,-14.536,147
6.433,0.356,-14.535,158
6.432,0.344,-14.534,148
6.432,0.333,-14.533,146
6.433,0.322,-14.535,154
6.433,0.311,-14.535,152
6.433,0.3,-14.536,158
6.433,0.289,-14.535,147
6.433,0.278,-14.535,149
6.432,0.266,-14.533,147
6.434,0.255,-14.536,150
6.433,0.244,-14.535,157
6.434,0.233,-14.536,153
6.433,0.222,-14.535,153
6.432,0.211,-14.534,147
6.432,0.2,-14.533,152
6.433,0.189,-14.535,155
6.434,0.178,-14.536,147
6.432,0.167,-14.533,151
6.433,0.155,-14.536,146
6.432,0.144,-14.532,144
6.433,0.134,-14.534,151
6.435,0.123,-14.538,149
6.435,0.111,-14.538,150
6.435,0.1,-14.538,149
6.434,0.089,-14.537,148
6.436,0.078,-14.54,146
6.433,0.067,-14.535,143
6.434,0.056,-14.536,150
6.433,0.045,-14.536,144
6.435,0.034,-14.538,144
6.433,0.022,-14.535,144
6.436,0.012,-14.54,129
6.436,0,-14.541,36
6.443,0.477,-14.532,35
6.44,0.466,-14.526,44
6.442,0.455,-14.53,110
6.437,0.444,-14.52,148
6.439,0.433,-14.525,148
6.438,0.421,-14.521,146
6.44,0.41,-14.526,151
6.438,0.4,-14.521,146
6.439,0.389,-14.525,147
6.438,0.377,-14.521,148
6.44,0.366,-14.526,147
6.438,0.355,-14.523,150
6.438,0.344,-14.521,148
6.439,0.333,-14.524,148
6.437,0.322,-14.518,147
6.439,0.31,-14.524,151
6.438,0.299,-14.523,155
6.439,0.288,-14.523,151
6.438,0.278,-14.521,150
6.438,0.266,-14.52,154
6.439,0.255,-14.524,159
6.438,0.244,-14.521,148
6.439,0.233,-14.524,147
6.436,0.222,-14.517,147
6.44,0.211,-14.526,146
6.439,0.2,-14.524,153
6.44,0.189,-14.525,147
6.44,0.177,-14.526,150
6.441,0.166,-14.528,147
6.439,0.155,-14.523,144
6.44,0.144,-14.527,148
6.439,0.133,-14.523,146
6.44,0.122,-14.525,154
6.438,0.111,-14.522,148
6.438,0.1,-14.523,147
6.442,0.089,-14.529,144
6.438,0.078,-14.521,148
6.439,0.067,-14.524,147
6.439,0.055,-14.523,146
6.439,0.045,-14.523,143
6.44,0.034,-14.526,149
6.442,0.022,-14.529,140
6.44,0.011,-14.526,37
6.444,0,-14.533,33
6.452,0.468,-14.521,30
6.45,0.456,-14.515,30
6.45,0.445,-14.515,68
6.446,0.434,-14.506,150
6.45,0.423,-14.515,150
6.447,0.412,-14.509,146
6.449,0.401,-14.512,143
6.446,0.389,-14.507,147
6.445,0.378,-14.505,150
6.447,0.368,-14.508,151
6.446,0.356,-14.507,148
6.448,0.345,-14.509,148
6.448,0.334,-14.509,145
6.447,0.323,-14.508,145
6.446,0.312,-14.506,149
6.449,0.301,-14.512,143
6.447,0.29,-14.509,150
6.447,0.279,-14.509,153
6.448,0.268,-14.51,147
6.449,0.257,-14.512,158
6.448,0.246,-14.511,146
6.447,0.235,-14.508,148
6.448,0.223,-14.511,158
6.447,0.212,-14.507,160
6.446,0.201,-14.506,151
6.447,0.19,-14.507,147
6.448,0.179,-14.509,152
6.448,0.168,-14.509,151
6.447,0.157,-14.509,146
6.447,0.146,-14.508,152
6.448,0.135,-14.509,146
6.447,0.124,-14.508,148
6.448,0.113,-14.509,147
6.448,0.101,-14.51,146
6.448,0.09,-14.51,150
6.449,0.079,-14.512,145
6.45,0.068,-14.514,146
6.448,0.057,-14.51,147
6.45,0.046,-14.514,146
6.451,0.035,-14.517,137
6.451,0.024,-14.516,25
6.451,0.013,-14.517,37
6.458,0.453,-14.51,51
6.455,0.442,-14.503,42
6.456,0.43,-14.505,119
6.453,0.419,-14.5,150
6.454,0.408,-14.502,153
6.452,0.397,-14.497,147
6.454,0.386,-14.502,148
6.453,0.375,-14.499,153
6.457,0.364,-14.507,148
6.453,0.352,-14.498,155
6.453,0.342,-14.498,150
6.453,0.331,-14.5,148
6.453,0.319,-14.499,153
6.453,0.308,-14.498,149
6.453,0.297,-14.498,148
6.453,0.287,-14.5,158
6.453,0.275,-14.498,150
6.455,0.264,-14.503,147
6.454,0.253,-14.5,147
6.456,0.242,-14.505,150
6.454,0.23,-14.5,149
6.455,0.22,-14.502,147
6.454,0.209,-14.501,146
6.453,0.198,-14.5,144
6.454,0.186,-14.501,151
6.454,0.175,-14.501,155
6.454,0.164,-14.5,158
6.452,0.153,-14.497,145
6.453,0.142,-14.498,149
6.455,0.131,-14.502,151
6.452,0.12,-14.497,143
6.455,0.109,-14.503,146
6.452,0.098,-14.496,144
6.455,0.087,-14.502,145
6.453,0.075,-14.499,145
6.456,0.064,-14.505,151
6.456,0.053,-14.505,148
6.457,0.043,-14.506,112
6.456,0.032,-14.503,34
6.458,0.02,-14.509,30
6.463,0.437,-14.494,49
6.462,0.426,-14.491,32
6.463,0.414,-14.493,98
6.462,0.403,-14.491,150
6.462,0.392,-14.492,145
6.46,0.381,-14.487,149
6.463,0.37,-14.493,143
6.46,0.359,-14.488,153
6.459,0.348,-14.485,149
6.46,0.337,-14.488,147
6.461,0.326,-14.49,146
6.459,0.315,-14.486,144
6.459,0.304,-14.486,146
6.459,0.292,-14.485,150
6.46,0.282,-14.488,147
6.46,0.27,-14.487,156
6.459,0.259,-14.484,144
6.461,0.248,-14.489,153
6.461,0.237,-14.489,152
6.46,0.226,-14.488,159
6.463,0.215,-14.494,153
6.459,0.204,-14.485,150
6.463,0.193,-14.493,147
6.46,0.182,-14.487,146
6.46,0.171,-14.487,152
6.461,0.16,-14.489,142
6.461,0.149,-14.488,147
6.46,0.138,-14.486,150
6.461,0.126,-14.488,147
6.461,0.115,-14.489,147
6.459,0.104,-14.485,145
6.459,0.093,-14.485,148
6.461,0.082,-14.488,150
6.462,0.071,-14.491,145
6.464,0.06,-14.495,117
6.463,0.049,-14.492,37
6.462,0.038,-14.492,36
6.472,0.418,-14.48,50
6.471,0.407,-14.477,57
6.47,0.396,-14.476,90
6.469,0.384,-14.472,144
6.47,0.373,-14.474,150
6.468,0.362,-14.472,146
6.47,0.351,-14.475,144
6.47,0.34,-14.476,145
6.468,0.329,-14.471,150
6.47,0.317,-14.475,151
6.469,0.306,-14.474,148
6.469,0.296,-14.472,147
6.467,0.285,-14.468,143
6.47,0.273,-14.474,147
6.469,0.262,-14.473,149
6.469,0.251,-14.473,147
6.469,0.24,-14.473,153
6.468,0.229,-14.47,150
6.468,0.218,-14.47,147
6.467,0.207,-14.468,147
6.47,0.196,-14.475,147
6.469,0.184,-14.473,147
6.471,0.174,-14.477,147
6.47,0.163,-14.474,146
6.473,0.152,-14.481,147
6.469,0.14,-14.472,146
6.471,0.129,-14.478,151
6.47,0.119,-14.475,145
6.469,0.107,-14.471,143
6.47,0.096,-14.475,146
6.471,0.085,-14.478,142
6.471,0.074,-14.478,51
6.47,0.063,-14.475,27
6.475,0.052,-14.486,20
6.477,0.404,-14.47,53
6.476,0.393,-14.467,55
6.476,0.382,-14.467,58
6.477,0.371,-14.471,133
6.476,0.36,-14.468,146
6.474,0.349,-14.464,159
6.475,0.338,-14.465,154
6.474,0.327,-14.463,151
6.474,0.315,-14.462,147
6.475,0.304,-14.465,147
6.473,0.293,-14.461,144
6.473,0.282,-14.46,147
6.474,0.271,-14.462,156
6.472,0.26,-14.459,147
6.476,0.249,-14.466,144
6.475,0.238,-14.465,146
6.474,0.227,-14.463,145
6.475,0.215,-14.464,150
6.492,0.176,-14.444,131
6.492,0.166,-14.444,99
6.491,0.154,-14.442,52
6.491,0.143,-14.443,60
6.493,0.132,-14.445,61
6.493,0.121,-14.446,74
6.499,0.329,-14.439,47
6.499,0.318,-14.439,76
6.497,0.307,-14.433,65
6.498,0.296,-14.435,82
6.496,0.285,-14.431,91
6.496,0.274,-14.432,65
6.496,0.263,-14.432,60
6.495,0.252,-14.43,61
6.497,0.241,-14.433,67
6.495,0.23,-14.429,76
6.497,0.219,-14.434,73
6.495,0.207,-14.429,75
6.497,0.197,-14.435,77
6.497,0.186,-14.434,73
6.497,0.175,-14.433,76
6.498,0.163,-14.436,86
6.498,0.152,-14.436,79
6.499,0.141,-14.438,49
6.508,0.289,-14.432,18
6.504,0.277,-14.425,50
6.505,0.266,-14.426,77
6.504,0.255,-14.425,100
6.505,0.244,-14.426,106
6.503,0.233,-14.421,149
6.504,0.222,-14.425,132
6.504,0.211,-14.425,127
6.506,0.2,-14.428,78
6.505,0.189,-14.426,50
6.491,0.331,-14.441,59
6.49,0.32,-14.441,68
6.492,0.309,-14.444,88
6.493,0.298,-14.446,127
6.491,0.287,-14.443,141
6.492,0.276,-14.444,144
6.49,0.265,-14.439,147
6.49,0.254,-14.44,150
6.49,0.243,-14.44,144
6.491,0.231,-14.442,142
6.49,0.221,-14.44,149
6.488,0.209,-14.436,148
6.491,0.199,-14.441,146
6.49,0.187,-14.44,142
6.476,0.205,-14.467,153
6.477,0.194,-14.47,149
6.476,0.183,-14.466,155
6.478,0.172,-14.473,143
6.474,0.16,-14.463,146
6.475,0.15,-14.464,146
6.474,0.139,-14.462,147
6.475,0.127,-14.465,146
6.476,0.116,-14.467,148
6.476,0.105,-14.467,142
6.477,0.094,-14.469,77
6.476,0.083,-14.467,46
6.478,0.072,-14.471,40
6.484,0.384,-14.461,61
6.483,0.373,-14.458,53
6.483,0.362,-14.457,60
6.484,0.351,-14.459,87
6.483,0.34,-14.458,134
6.481,0.329,-14.454,151
6.48,0.318,-14.451,147
6.481,0.307,-14.455,147
6.48,0.296,-14.452,147
6.48,0.285,-14.451,147
6.482,0.273,-14.455,146
6.479,0.262,-14.45,148
6.481,0.251,-14.454,147
6.48,0.241,-14.451,150
6.482,0.229,-14.455,151
6.482,0.218,-14.456,144
6.48,0.207,-14.451,143
6.484,0.196,-14.46,143
6.481,0.185,-14.453,145
6.485,0.174,-14.462,147
6.482,0.163,-14.454,142
6.482,0.152,-14.457,146
6.481,0.141,-14.453,144
6.483,0.13,-14.459,134
6.481,0.119,-14.453,77
6.483,0.108,-14.458,42
6.481,0.097,-14.452,48
6.486,0.086,-14.465,15
6.492,0.353,-14.444,67
6.492,0.343,-14.444,64
16.427,1.61,-39.968,39
16.433,1.58,-39.981,33
16.465,1.614,-39.963,72
16.479,1.607,-39.931,55
16.604,1.073,-40.234,27
16.509,1.586,-39.932,63
20.854,1.838,-49.147,71
20.879,1.9,-49.133,72
20.872,1.861,-49.117,76
20.883,1.826,-49.144,73
20.869,1.675,-49.11,41
20.899,1.87,-49.078,67
20.918,1.686,-49.123,33
20.969,1.953,-49.126,55
20.963,1.915,-49.114,64
20.958,1.877,-49.1,74
20.945,1.84,-49.07,57
20.982,1.953,-49.08,64
20.986,1.916,-49.09,73
21.007,1.88,-49.14,26
21.028,1.972,-49.1,74
20.982,1.93,-48.991,75
20.994,1.895,-49.019,85
21.067,1.98,-49.069,68
21.045,1.941,-49.016,79
21.039,1.903,-49.004,73
21.079,1.869,-49.096,60
21.126,2.047,-49.132,64
21.09,2.006,-49.048,79
21.088,1.969,-49.044,71
21.07,1.929,-49.001,79
21.073,1.893,-49.009,54
21.057,1.854,-48.972,73
21.118,1.784,-49.112,14
21.133,2.053,-49.062,73
21.14,2.018,-49.08,70
21.11,1.94,-49.008,18
21.076,1.899,-48.93,74
21.218,2.095,-49.139,55
21.187,2.054,-49.067,76
21.153,2.013,-48.987,75
21.243,2.09,-49.123,75
21.242,2.052,-49.12,72
21.197,2.012,-49.015,81
21.249,2.071,-49.056,56
21.235,2.032,-49.023,71
21.269,1.998,-49.102,27
21.287,2.014,-49.018,43
21.367,2.004,-49.124,24
21.357,1.965,-49.1,66
21.353,1.928,-49.092,59
21.372,1.979,-49.049,47
21.379,1.941,-49.066,80
21.383,1.906,-49.074,72
21.453,2.026,-49.113,52
21.426,1.986,-49.05,61
21.413,1.947,-49.021,77
21.424,1.911,-49.047,28
21.448,2.01,-49.025,62
21.455,1.973,-49.041,69
21.457,1.937,-49.046,61
20.224,1.158,-49.005,18
20.158,1.117,-48.846,50
20.131,1.08,-48.779,20
19.423,0.233,-46.977,44
19.438,0.125,-47.012,25
19.448,0.09,-47.037,21
20.55,1.954,-50.912,61
20.528,1.914,-50.856,71
20.533,1.877,-50.871,69
20.531,1.722,-50.864,59
20.616,2.004,-50.948,37
20.573,1.961,-50.842,27
20.584,1.923,-50.869,72
20.56,1.883,-50.811,76
20.546,1.842,-50.775,47
20.528,1.804,-50.729,78
20.542,1.766,-50.765,76
20.598,1.733,-50.904,55
20.673,1.7,-51.088,57
20.538,1.077,-50.752,47
20.535,1.038,-50.744,74
20.54,1.002,-50.758,39
20.538,0.963,-50.752,35
20.529,0.886,-50.73,20
20.53,0.81,-50.732,20
20.545,0.543,-50.769,17
20.535,0.465,-50.746,23
20.727,2.194,-51.139,28
20.638,2.031,-50.917,60
20.594,1.988,-50.81,58
20.586,1.949,-50.79,67
20.584,1.911,-50.785,65
20.584,1.873,-50.785,63
20.545,1.831,-50.688,82
20.581,1.795,-50.778,76
20.597,1.758,-50.816,77
20.6,1.721,-50.823,70
20.603,1.683,-50.83,78
20.612,1.645,-50.853,41
20.55,1.067,-50.699,63
20.548,1.028,-50.694,62
20.548,0.99,-50.694,20
20.542,0.951,-50.678,31
20.554,0.876,-50.708,18
20.562,0.838,-50.729,15
20.551,0.761,-50.7,35
20.546,0.608,-50.689,37
20.552,0.531,-50.705,19
20.556,0.265,-50.714,34
20.57,0.188,-50.748,18
20.578,0.036,-50.767,21
20.682,2.047,-50.939,44
20.615,2.002,-50.776,68
20.621,1.964,-50.79,65
20.624,1.926,-50.797,61
20.616,1.886,-50.776,57
20.577,1.846,-50.681,80
20.579,1.808,-50.685,60
21.437,1.883,-52.797,31
20.829,1.791,-51.3,25
21.444,1.844,-52.816,59
20.66,1.737,-50.883,20
21.454,1.804,-52.841,47
20.623,1.696,-50.794,67
20.64,1.658,-50.835,56
20.563,1.041,-50.644,74
20.565,1.004,-50.648,55
20.568,0.928,-50.656,31
20.559,0.737,-50.633,16
20.56,0.66,-50.637,16
20.562,0.585,-50.641,25
20.561,0.507,-50.639,20
20.569,0.431,-50.659,29
20.579,0.317,-50.681,19
20.58,0.278,-50.683,25
20.583,0.203,-50.692,26
20.573,0.126,-50.668,24
20.574,0.049,-50.67,38
20.675,2.048,-50.787,55
20.676,2.01,-50.79,54
20.682,1.973,-50.803,63
20.658,1.933,-50.744,84
20.678,1.896,-50.795,65
20.66,1.855,-50.749,44
20.677,1.818,-50.791,28
21.524,1.893,-52.872,54
20.879,1.797,-51.287,65
21.547,1.854,-52.927,57
21.52,1.814,-52.86,33
20.609,1.087,-50.621,26
20.59,1.048,-50.575,56
20.601,1.01,-50.603,44
20.603,0.971,-50.607,13
20.593,0.819,-50.581,22
20.598,0.744,-50.594,31
20.597,0.667,-50.592,25
20.603,0.515,-50.605,18
20.576,0.324,-50.539,14
20.608,0.209,-50.618,28
20.664,2.046,-50.677,30
21.074,2.047,-51.682,42
20.923,1.993,-51.312,57
21.662,2.064,-53.125,46
20.785,1.942,-50.974,70
20.743,1.899,-50.868,51
20.704,1.859,-50.773,57
21.477,1.928,-52.671,61
21.492,1.889,-52.707,71
21.621,1.86,-53.023,57
21.482,1.808,-52.682,71
21.471,1.767,-52.654,44
21.631,1.741,-53.048,42
20.611,1.086,-50.544,71
20.606,1.049,-50.533,57
20.613,1.011,-50.55,41
20.602,0.972,-50.522,45
20.605,0.895,-50.529,18
20.615,0.63,-50.552,33
20.617,0.401,-50.556,18
20.621,0.286,-50.566,23
20.615,0.249,-50.554,25
20.627,0.172,-50.582,36
20.628,0.095,-50.585,28
20.625,0.021,-50.578,38
20.701,2.027,-50.671,58
21.105,2.067,-51.661,35
20.943,1.975,-51.264,67
20.781,1.921,-50.867,43
21.147,1.954,-51.763,23
21.711,2.007,-53.144,27
20.767,1.881,-50.834,73
20.778,1.843,-50.86,68
21.533,1.872,-52.708,57
20.962,1.783,-51.308,53
21.52,1.83,-52.675,52
21.476,1.786,-52.568,73
21.592,1.756,-52.852,53
21.599,1.716,-52.869,29
20.624,1.067,-50.48,55
20.626,1.03,-50.487,74
21.59,1.039,-52.846,34
21.623,1,-52.926,83
21.625,0.96,-52.931,93
20.628,0.878,-50.49,13
21.628,0.92,-52.938,74
21.624,0.88,-52.927,77
20.631,0.801,-50.496,27
21.626,0.84,-52.933,83
21.625,0.801,-52.931,77
21.626,0.761,-52.932,72
20.624,0.687,-50.48,17
21.625,0.72,-52.93,85
21.625,0.68,-52.93,77
21.625,0.64,-52.93,76
20.643,0.574,-50.527,19
21.626,0.602,-52.933,85
20.646,0.536,-50.534,17
21.627,0.561,-52.936,75
20.643,0.498,-50.527,15
21.626,0.521,-52.934,68
21.626,0.481,-52.933,82
20.64,0.421,-50.519,22
21.628,0.441,-52.936,70
21.625,0.402,-52.929,67
20.635,0.345,-50.506,35
21.627,0.362,-52.934,71
21.627,0.322,-52.935,74
20.633,0.269,-50.503,28
21.629,0.282,-52.94,59
21.627,0.241,-52.933,80
20.639,0.192,-50.515,21
21.628,0.201,-52.937,66
21.626,0.162,-52.932,77
20.653,0.117,-50.551,17
21.629,0.122,-52.938,63
21.625,0.082,-52.929,72
21.629,0.042,-52.939,72
21.628,0.002,-52.936,68
20.729,2.033,-50.606,68
21.192,2.078,-51.736,38
21.228,2.042,-51.825,43
21.17,1.997,-51.683,48
21.152,1.957,-51.638,72
21.178,1.921,-51.702,62
21.183,1.882,-51.713,48
21.593,1.878,-52.715,43
21.011,1.788,-51.295,65
21.528,1.832,-52.555,36
21.539,1.793,-52.582,56
21.186,1.726,-51.721,56
21.602,1.76,-52.736,59
21.714,1.729,-53.01,72
20.652,1.074,-50.416,68
20.655,1.035,-50.422,58
21.529,1.039,-52.556,46
20.647,0.959,-50.402,41
21.669,1.006,-52.898,56
21.68,0.966,-52.924,52
20.656,0.884,-50.424,22
21.681,0.928,-52.926,62
21.68,0.887,-52.923,60
21.681,0.847,-52.925,58
21.679,0.807,-52.923,57
20.653,0.73,-50.418,15
21.683,0.767,-52.931,60
21.68,0.728,-52.924,52
21.684,0.688,-52.933,54
20.656,0.617,-50.424,14
21.679,0.647,-52.922,59
20.659,0.578,-50.43,32
21.681,0.607,-52.928,52
21.676,0.567,-52.913,48
20.662,0.502,-50.438,29
21.678,0.526,-52.919,64
21.68,0.488,-52.924,56
21.681,0.448,-52.926,52
21.68,0.407,-52.925,76
20.663,0.35,-50.441,23
21.677,0.367,-52.918,61
21.678,0.327,-52.918,59
20.667,0.275,-50.45,19
21.679,0.289,-52.921,68
21.675,0.248,-52.912,65
21.677,0.208,-52.916,74
21.677,0.168,-52.915,69
21.677,0.127,-52.917,80
20.673,0.084,-50.464,19
21.678,0.089,-52.918,72
21.677,0.049,-52.916,76
21.676,0.008,-52.912,72
20.7,2.022,-50.457,25
20.673,1.981,-50.391,33
21.188,2.03,-51.648,71
21.166,1.989,-51.594,73
21.215,1.954,-51.712,45
20.697,1.868,-50.451,46
21.206,1.914,-51.691,46
20.709,1.831,-50.479,55
21.222,1.876,-51.729,53
20.732,1.796,-50.535,48
21.763,1.885,-53.048,32
21.575,1.829,-52.591,43
21.214,1.759,-51.709,56
21.635,1.794,-52.736,56
21.606,1.752,-52.666,68
21.727,1.721,-52.96,62
20.667,1.066,-50.375,60
20.67,1.028,-50.383,72
20.669,0.992,-50.379,38
21.503,1.032,-52.412,36
21.659,0.999,-52.794,52
20.671,0.915,-50.386,35
21.652,0.959,-52.776,40
21.66,0.919,-52.796,52
20.667,0.838,-50.374,36
21.664,0.878,-52.805,29
21.654,0.84,-52.782,47
20.669,0.763,-50.378,32
21.67,0.8,-52.819,30
21.667,0.76,-52.811,35
20.67,0.687,-50.382,24
21.669,0.72,-52.816,29
20.681,0.649,-50.407,21
21.667,0.68,-52.813,42
20.681,0.61,-50.408,18
21.677,0.64,-52.835,34
21.667,0.601,-52.812,33
20.677,0.535,-50.397,23
21.68,0.561,-52.843,37
20.667,0.497,-50.376,22
21.677,0.521,-52.835,51
21.669,0.481,-52.818,21
21.676,0.44,-52.833,50
20.677,0.384,-50.397,43
21.678,0.402,-52.839,49
21.68,0.362,-52.842,28
20.68,0.307,-50.404,38
21.682,0.322,-52.848,41
21.678,0.282,-52.839,54
21.687,0.241,-52.86,27
21.675,0.203,-52.831,55
20.676,0.155,-50.395,25
21.684,0.163,-52.852,47
21.679,0.122,-52.84,31
21.686,0.083,-52.858,46
21.69,0.042,-52.867,54
21.691,0.002,-52.87,42
20.708,2.029,-50.384,54
20.714,1.992,-50.399,52
20.813,1.962,-50.642,63
20.729,1.918,-50.437,65
20.719,1.879,-50.411,30
21.228,1.925,-51.65,44
20.73,1.841,-50.438,50
21.388,1.899,-52.039,38
20.758,1.805,-50.506,70
20.76,1.767,-50.51,40
21.247,1.808,-51.697,29
20.746,1.729,-50.477,41
21.736,1.811,-52.887,51
20.806,1.695,-50.624,44
21.729,1.77,-52.87,35
21.571,1.718,-52.485,59
20.703,1.571,-50.372,30
20.72,1.536,-50.414,60
20.684,1.077,-50.326,32
20.68,1.038,-50.316,62
20.681,1,-50.316,53
21.462,1.038,-52.218,17
20.672,0.962,-50.296,36
20.677,0.925,-50.307,55
21.609,0.967,-52.575,27
20.682,0.887,-50.319,47
21.59,0.926,-52.529,17
20.678,0.849,-50.309,29
20.679,0.81,-50.312,45
21.548,0.845,-52.426,24
20.691,0.772,-50.341,34
21.607,0.807,-52.57,27
20.685,0.734,-50.326,25
20.691,0.697,-50.34,36
21.605,0.728,-52.565,33
20.69,0.66,-50.339,23
21.633,0.689,-52.633,27
20.686,0.621,-50.329,27
21.623,0.609,-52.608,38
20.689,0.544,-50.335,38
21.614,0.568,-52.587,25
20.687,0.469,-50.329,46
21.609,0.49,-52.574,30
21.598,0.45,-52.549,30
20.699,0.355,-50.359,15
21.611,0.37,-52.578,32
21.626,0.332,-52.616,37
20.699,0.28,-50.36,26
21.619,0.292,-52.599,15
21.624,0.252,-52.61,36
20.699,0.203,-50.36,33
21.618,0.212,-52.596,26
21.625,0.172,-52.613,26
20.7,0.126,-50.363,37
21.621,0.094,-52.604,40
20.706,0.051,-50.378,29
21.619,0.054,-52.598,23
21.61,0.014,-52.576,20
20.75,1.995,-50.365,48
20.819,1.964,-50.534,54
20.755,1.919,-50.377,45
21.292,1.969,-51.681,77
20.737,1.88,-50.333,63
20.8,1.848,-50.486,42
20.806,1.81,-50.503,67
20.795,1.771,-50.475,71
20.767,1.73,-50.405,59
20.839,1.697,-50.581,49
21.794,1.775,-52.899,58
20.837,1.66,-50.576,41
21.766,1.734,-52.831,54
20.75,1.615,-50.366,39
20.757,1.577,-50.382,67
20.749,1.538,-50.361,62
20.759,1.501,-50.386,37
20.761,1.462,-50.391,19
20.758,1.425,-50.383,28
21.352,1.466,-51.825,45
21.312,1.424,-51.728,29
21.311,1.385,-51.726,71
21.305,1.345,-51.71,64
20.712,1.079,-50.272,69
20.713,1.043,-50.275,71
20.712,1.004,-50.271,93
20.712,0.966,-50.272,99
20.715,0.928,-50.278,69
20.708,0.889,-50.261,71
20.713,0.851,-50.275,87
20.715,0.814,-50.278,79
20.714,0.776,-50.276,84
20.713,0.738,-50.272,88
20.715,0.7,-50.278,76
20.714,0.661,-50.276,76
20.714,0.625,-50.275,89
20.716,0.586,-50.28,80
20.717,0.548,-50.282,73
20.718,0.51,-50.285,84
20.716,0.472,-50.281,74
20.719,0.435,-50.286,77
20.716,0.397,-50.279,64
20.715,0.359,-50.276,59
20.717,0.32,-50.283,77
20.718,0.282,-50.284,76
20.719,0.244,-50.286,64
21.472,0.252,-52.115,31
20.718,0.207,-50.283,68
21.464,0.214,-52.094,48
20.72,0.169,-50.288,74
21.466,0.175,-52.099,45
20.719,0.131,-50.285,56
21.463,0.135,-52.092,48
20.719,0.092,-50.286,55
21.462,0.095,-52.089,60
20.719,0.054,-50.286,47
21.462,0.056,-52.088,65
20.717,0.017,-50.281,52
21.464,0.018,-52.095,55
20.761,1.987,-50.31,72
20.775,1.952,-50.344,81
20.767,1.913,-50.325,53
20.753,1.873,-50.289,74
20.826,1.841,-50.465,64
21.425,1.894,-51.918,33
20.804,1.801,-50.413,47
20.791,1.762,-50.382,70
20.86,1.73,-50.548,69
20.843,1.69,-50.507,63
20.823,1.65,-50.458,52
20.81,1.611,-50.428,81
20.77,1.569,-50.33,58
20.767,1.532,-50.322,61
20.796,1.496,-50.393,52
20.776,1.456,-50.343,52
20.774,1.418,-50.339,36
21.347,1.457,-51.727,27
21.337,1.417,-51.704,39
21.325,1.378,-51.674,51
21.349,1.34,-51.733,46
21.384,1.303,-51.816,39
20.741,1.074,-50.258,48
20.745,1.036,-50.267,63
20.744,0.998,-50.266,62
20.746,0.96,-50.27,72
20.727,0.922,-50.224,75
20.724,0.884,-50.217,70
20.728,0.846,-50.225,90
20.743,0.808,-50.262,73
20.744,0.77,-50.266,79
20.743,0.733,-50.264,84
20.744,0.695,-50.266,82
20.745,0.656,-50.268,80
20.743,0.618,-50.263,90
20.744,0.58,-50.266,77
20.742,0.542,-50.26,83
20.743,0.505,-50.262,92
20.743,0.467,-50.261,81
20.743,0.429,-50.263,91
20.743,0.391,-50.262,104
20.745,0.352,-50.267,82
20.742,0.316,-50.259,99
20.743,0.277,-50.261,106
20.744,0.239,-50.264,96
20.742,0.201,-50.259,96
20.743,0.163,-50.262,107
20.742,0.126,-50.26,98
20.743,0.088,-50.263,86
20.743,0.049,-50.26,110
20.743,0.011,-50.261,102
20.781,1.958,-50.267,54
20.81,1.922,-50.336,60
20.813,1.884,-50.342,38
20.811,1.847,-50.338,29
21.387,1.898,-51.731,35
20.828,1.81,-50.379,22
21.561,1.874,-52.153,51
20.813,1.77,-50.343,43
20.873,1.737,-50.487,66
20.893,1.7,-50.537,25
20.79,0.401,-50.285,15
20.786,0.286,-50.275,17
20.767,0.249,-50.229,13
20.788,0.211,-50.281,40
20.785,0.172,-50.272,36
20.791,0.134,-50.285,39
20.782,0.096,-50.265,58
20.782,0.058,-50.266,57
20.781,0.021,-50.263,51
20.938,2.205,-50.349,39
21.048,2.222,-50.487,48
21.272,2.246,-51.025,40
20.975,2.175,-50.31,37
21.036,1.991,-50.456,44
21.061,1.955,-50.516,21
21.751,2.019,-52.173,66
20.961,1.908,-50.276,54
21.734,1.979,-52.13,47
20.924,1.867,-50.186,71
20.949,1.831,-50.249,71
20.944,1.792,-50.236,79
20.998,1.758,-50.366,51
21.625,1.811,-51.869,52
21,1.722,-50.37,72
20.712,1.66,-49.68,43
21.57,1.729,-51.737,27
20.721,1.623,-49.699,36
20.741,1.548,-49.748,30
20.964,1.528,-50.283,63
20.979,1.491,-50.319,55
20.984,1.453,-50.331,85
20.961,1.413,-50.274,68
21.475,1.292,-51.507,43
21.023,2.205,-50.344,59
21.621,2.268,-51.776,17
20.995,2.164,-50.277,56
20.996,2.049,-50.278,71
21.004,2.013,-50.297,67
21.054,1.979,-50.418,38
22.169,2.084,-53.088,60
21.779,2.007,-52.153,52
22.121,2.039,-52.971,40
20.98,1.896,-50.241,25
21.764,1.967,-52.118,65
20.958,1.855,-50.187,62
21.674,1.919,-51.901,31
20.961,1.819,-50.193,74
20.96,1.781,-50.193,84
20.706,1.721,-49.583,40
21.009,1.746,-50.309,33
21.813,1.813,-52.236,55
20.723,1.684,-49.624,73
20.721,1.646,-49.618,73
20.751,1.613,-49.692,63
20.747,1.574,-49.682,67
21.027,1.557,-50.35,21
21.018,1.518,-50.33,40
21.016,1.441,-50.325,69
21.045,2.208,-50.299,81
21.096,2.175,-50.42,33
21.878,2.256,-52.289,61
21.1,2.138,-50.429,36
22.117,2.241,-52.861,26
21.039,2.094,-50.284,54
21.049,2.056,-50.308,67
20.774,1.992,-49.648,66
22.151,2.083,-52.942,53
21.073,1.945,-50.365,13
22.171,2.046,-52.989,61
21.843,1.976,-52.205,76
20.899,1.853,-49.949,29
21.721,1.926,-51.913,47
20.998,1.823,-50.186,73
21.017,1.786,-50.229,80
20.708,1.724,-49.491,60
20.714,1.686,-49.506,62
20.795,1.655,-49.699,68
20.779,1.616,-49.662,73
20.677,1.57,-49.418,57
21.061,1.561,-50.334,36
21.037,1.523,-50.276,65
21.502,2.259,-51.269,75
21.468,2.217,-51.188,81
21.061,2.136,-50.218,45
21.474,2.178,-51.201,27
22.2,2.211,-52.933,49
20.813,2.036,-49.627,58
20.795,1.997,-49.583,80
20.876,1.967,-49.777,59
21.013,1.941,-50.101,26
22.188,2.05,-52.905,64
20.848,1.888,-49.709,22
21.888,1.982,-52.189,67
20.84,1.849,-49.69,53
21.909,1.944,-52.238,51
20.784,1.808,-49.556,36
21.931,1.908,-52.292,74
20.775,1.77,-49.534,68
20.878,1.74,-49.779,59
20.991,1.75,-50.049,62
20.77,1.693,-49.523,72
20.729,1.652,-49.424,64
20.783,1.62,-49.553,71
20.736,1.579,-49.442,80
20.723,1.54,-49.409,62
21.064,1.527,-50.222,55
21.509,2.259,-51.203,74
21.512,2.221,-51.209,79
21.065,2.137,-50.145,45
20.788,2.071,-49.486,54
20.812,2.036,-49.542,49
22.233,2.174,-52.924,51
20.85,2.001,-49.632,66
20.837,1.962,-49.602,69
20.98,1.939,-49.943,46
22.271,2.058,-53.014,38
20.814,1.886,-49.548,66
20.858,1.852,-49.651,67
20.905,1.818,-49.763,60
21.916,1.906,-52.169,23
22.204,1.931,-52.855,38
20.803,1.771,-49.521,78
20.799,1.735,-49.512,73
20.76,1.694,-49.417,76
20.738,1.654,-49.366,77
20.742,1.617,-49.375,84
20.76,1.581,-49.417,56
20.81,1.548,-49.538,41
21.111,1.57,-50.254,72
20.738,1.505,-49.366,46
20.732,1.467,-49.349,51
21.566,2.281,-51.244,74
21.552,2.241,-51.21,56
21.186,2.164,-50.342,16
21.622,2.209,-51.379,33
20.73,2.08,-49.259,47
21.617,2.169,-51.366,19
20.793,2.05,-49.407,67
20.843,2.017,-49.526,66
20.836,1.979,-49.51,67
20.861,1.943,-49.57,68
20.831,1.903,-49.497,74
20.794,1.863,-49.409,68
20.78,1.824,-49.377,56
21.891,1.921,-52.017,18
20.76,1.785,-49.328,72
20.833,1.753,-49.502,70
20.85,1.717,-49.541,66
20.819,1.678,-49.469,69
20.806,1.639,-49.438,67
20.809,1.601,-49.444,69
20.787,1.562,-49.391,53
20.906,1.533,-49.675,24
21.166,1.552,-50.293,47
21.015,2.196,-49.814,36
21.679,2.266,-51.388,51
20.742,2.13,-49.165,35
20.917,2.11,-49.58,55
20.793,2.06,-49.286,62
20.858,2.029,-49.44,79
20.853,1.992,-49.429,76
20.894,1.958,-49.526,73
20.868,1.918,-49.464,85
20.838,1.877,-49.394,78
20.78,1.834,-49.254,62
20.792,1.799,-49.282,73
20.813,1.763,-49.333,72
20.938,1.736,-49.628,53
20.946,1.699,-49.647,63
20.823,1.651,-49.357,74
20.859,1.616,-49.441,69
20.822,1.577,-49.352,75
22.262,2.319,-52.695,63
20.809,2.13,-49.257,48
20.867,2.1,-49.394,67
20.809,2.056,-49.256,67
20.853,2.023,-49.359,69
20.902,1.99,-49.476,73
20.895,1.951,-49.459,73
20.889,1.913,-49.444,77
20.785,1.867,-49.199,82
20.853,1.835,-49.359,79
20.804,1.793,-49.243,81
20.853,1.76,-49.359,74
20.966,1.732,-49.628,47
21.807,1.801,-51.618,36
20.942,1.693,-49.57,61
20.926,1.654,-49.53,34
20.913,1.615,-49.5,29
20.875,1.574,-49.411,22
21.057,2.198,-49.745,30
22.271,2.325,-52.613,65
21.055,2.16,-49.74,31
22.32,2.29,-52.729,21
20.917,2.108,-49.414,61
20.852,2.063,-49.262,60
21.008,2.041,-49.629,52
21.944,2.132,-51.84,41
20.934,1.997,-49.453,75
20.865,1.954,-49.292,74
20.844,1.914,-49.24,70
20.846,1.876,-49.245,64
20.84,1.838,-49.232,74
20.866,1.804,-49.293,76
20.861,1.766,-49.28,71
20.952,1.736,-49.496,68
20.94,1.697,-49.467,45
21.836,1.77,-51.585,43
20.945,1.66,-49.481,28
21.828,1.73,-51.566,34
21.045,1.631,-49.716,16
21.052,2.194,-49.613,79
21.069,2.158,-49.654,69
20.942,2.109,-49.354,64
20.923,2.069,-49.309,72
20.971,2.036,-49.423,54
20.871,1.988,-49.187,60
20.91,1.954,-49.278,58
20.861,1.914,-49.163,57
20.948,1.884,-49.369,54
20.869,1.801,-49.181,76
20.907,1.767,-49.272,81
20.965,1.736,-49.407,75
20.912,1.694,-49.283,61
20.86,1.652,-49.16,32
21.885,1.733,-51.576,37
21.156,2.228,-49.786,58
21.1,2.184,-49.654,72
21.042,2.141,-49.519,30
20.94,2.092,-49.277,69
20.959,2.056,-49.323,52
21.858,2.145,-51.439,24
20.961,2.02,-49.326,56
21.837,2.105,-51.387,20
20.946,1.981,-49.291,72
21.077,1.956,-49.601,44
20.938,1.793,-49.272,74
20.99,1.76,-49.395,74
20.986,1.722,-49.384,70
21.142,2.193,-49.651,53
21.062,2.148,-49.461,64
20.953,2.1,-49.205,65
21.087,2.075,-49.52,78
21.124,2.041,-49.607,64
21.165,2.007,-49.704,72
21.101,1.963,-49.553,37
22.057,2.052,-51.798,57
20.931,1.911,-49.155,66
20.933,1.836,-49.157,80
21.013,1.805,-49.345,41
21.945,1.885,-51.535,73
21.949,1.846,-51.544,60
21.145,2.196,-49.541,60
21.07,2.15,-49.365,64
21.113,2.117,-49.464,54
21,2.068,-49.199,71
21.088,2.04,-49.407,48
21.094,2.003,-49.421,28
21.904,2.079,-51.318,67
22.037,2.053,-51.63,30
21.976,1.93,-51.485,50
21.063,1.812,-49.347,26
21.976,1.891,-51.488,76
21.055,1.774,-49.328,32
21.988,1.853,-51.514,53
21.927,1.808,-51.37,7
21.207,2.199,-49.606,69
22.031,2.284,-51.536,38
21.09,2.151,-49.333,59
21.062,2.11,-49.267,71
21.034,2.069,-49.202,46
21.128,2.041,-49.423,39
21.98,2.123,-51.416,24
21.076,1.998,-49.3,50
22.103,2.095,-51.703,21
21.069,1.847,-49.285,71
22.024,1.892,-51.516,80
22.034,1.855,-51.541,76
22.049,1.817,-51.576,30
21.12,2.205,-49.314,44
22.086,2.306,-51.569,32
21.162,2.172,-49.412,58
21.211,2.139,-49.527,51
21.147,2.096,-49.379,31
21.107,2.055,-49.284,61
22.006,2.142,-51.384,21
21.097,2.016,-49.26,66
21.08,1.865,-49.222,60
22.038,1.911,-51.458,51
21.313,1.809,-49.765,65
22.028,1.87,-51.435,56
21.189,2.218,-49.354,68
21.188,2.18,-49.35,70
21.223,2.145,-49.433,72
21.203,2.105,-49.386,68
21.16,2.063,-49.285,69
21.169,2.026,-49.306,75
22.072,2.075,-51.411,29
21.198,1.842,-49.372,32
21.174,1.803,-49.317,50
22.08,1.88,-51.427,45
21.113,1.76,-49.175,45
22.096,1.842,-51.464,34
21.236,2.208,-49.389,41
22.192,2.307,-51.611,20
21.233,2.17,-49.381,54
22.174,2.266,-51.569,53
21.246,2.133,-49.41,69
21.237,2.096,-49.391,67
21.157,1.825,-49.203,38
22.103,1.867,-51.403,72
22.222,2.317,-51.591,39
22.228,2.278,-51.606,73
21.179,2.095,-49.169,48
21.253,1.991,-49.34,47
22.16,2.076,-51.447,56
21.284,2.213,-49.292,23
22.259,2.315,-51.55,39
21.275,2.174,-49.271,26
22.25,2.274,-51.529,59
22.269,2.238,-51.572,59
22.205,2.074,-51.424,31
21.256,1.949,-49.226,78
21.237,1.91,-49.182,77
22.321,2.315,-51.617,35
21.333,2.174,-49.332,16
22.341,2.277,-51.664,54
21.308,2.134,-49.274,35
22.335,2.237,-51.648,69
21.295,1.983,-49.242,45
21.292,1.945,-49.236,78
21.3,1.908,-49.254,80
22.357,2.296,-51.613,51
21.316,1.966,-49.211,35
21.311,1.928,-49.198,69
22.373,2.313,-51.52,51
21.384,2.099,-49.241,22
21.384,1.836,-49.241,26
23.517,2.044,-54.29,17
23.503,2.001,-54.259,44
23.504,1.962,-54.261,18
23.626,1.984,-54.088,22
23.504,1.932,-53.809,19
20.458,1.831,-50.684,72
20.454,1.792,-50.675,65
20.471,1.755,-50.715,65
14.345,1.379,-35.113,59
14.343,1.299,-35.107,48
14.34,1.219,-35.099,44
14.339,1.139,-35.096,40
14.339,1.06,-35.095,24
14.337,0.98,-35.092,30
14.339,0.901,-35.095,15
14.354,1.434,-35.04,66
14.373,1.382,-35.086,43
14.377,1.356,-35.097,38
14.37,1.303,-35.081,34
14.373,1.276,-35.086,52
14.366,1.222,-35.069,19
14.369,1.196,-35.078,49
14.367,1.117,-35.072,53
14.366,1.038,-35.07,50
14.362,0.958,-35.061,50
14.365,0.879,-35.066,39
14.361,0.799,-35.058,39
14.363,0.72,-35.062,34
14.368,0.64,-35.072,26
14.37,0.615,-35.077,15
14.369,0.561,-35.076,27
14.359,0.534,-35.052,36
14.365,0.482,-35.066,30
14.359,0.456,-35.05,59
14.368,0.402,-35.073,27
14.358,0.375,-35.05,54
14.367,0.323,-35.071,29
14.359,0.296,-35.05,53
14.368,0.243,-35.071,23
14.358,0.216,-35.048,47
14.368,0.164,-35.072,32
14.362,0.138,-35.058,26
14.366,0.084,-35.069,41
14.371,0.005,-35.081,51
14.373,1.43,-35.035,64
14.395,1.406,-35.088,49
14.39,1.326,-35.075,50
14.389,1.247,-35.072,30
14.391,1.166,-35.078,16
14.381,1.139,-35.053,36
14.39,1.087,-35.075,26
14.382,1.06,-35.056,41
14.381,0.981,-35.053,48
14.392,0.928,-35.081,22
14.38,0.901,-35.049,51
14.379,0.822,-35.048,54
14.387,0.769,-35.067,18
14.381,0.742,-35.052,37
14.39,0.691,-35.073,24
14.382,0.663,-35.053,18
14.391,0.61,-35.075,15
14.38,0.583,-35.049,14
14.383,0.558,-35.057,20
14.386,0.531,-35.064,19
14.385,0.478,-35.061,26
14.396,0.451,-35.088,22
14.384,0.399,-35.057,27
14.389,0.373,-35.071,15
14.38,0.319,-35.05,50
14.391,0.292,-35.074,21
14.381,0.24,-35.052,47
14.38,0.16,-35.05,47
14.386,0.081,-35.063,38
14.385,0.055,-35.06,38
14.387,0.001,-35.065,38
14.394,1.437,-35.02,36
14.419,1.386,-35.082,39
14.413,1.359,-35.067,29
14.412,1.307,-35.064,46
14.408,1.226,-35.056,45
14.41,1.174,-35.061,24
14.41,1.148,-35.059,55
14.405,1.094,-35.048,52
14.41,1.068,-35.06,51
14.404,1.015,-35.044,45
14.409,0.988,-35.057,44
14.401,0.934,-35.039,40
14.408,0.909,-35.053,58
14.401,0.855,-35.036,52
14.407,0.829,-35.052,48
14.403,0.776,-35.041,40
14.406,0.75,-35.049,46
14.41,0.697,-35.06,17
14.405,0.67,-35.046,49
14.403,0.591,-35.041,50
14.4,0.511,-35.034,54
14.403,0.432,-35.04,53
14.401,0.353,-35.037,46
14.403,0.273,-35.042,36
14.408,0.194,-35.053,26
14.41,0.115,-35.057,17
14.402,0.088,-35.039,38
14.411,0.036,-35.06,28
14.402,0.009,-35.039,41
14.444,1.389,-35.059,44
14.446,1.362,-35.063,39
14.441,1.309,-35.052,37
14.441,1.283,-35.051,35
14.434,1.229,-35.033,24
14.438,1.202,-35.042,44
14.435,1.123,-35.035,46
14.434,1.043,-35.034,55
14.435,0.965,-35.035,47
14.436,0.885,-35.036,51
14.433,0.805,-35.03,51
14.434,0.726,-35.033,42
14.436,0.646,-35.038,34
14.432,0.62,-35.026,29
14.432,0.567,-35.027,38
14.432,0.541,-35.028,38
14.433,0.488,-35.03,39
14.432,0.461,-35.027,46
14.434,0.408,-35.031,45
14.429,0.382,-35.02,44
14.437,0.329,-35.039,35
14.43,0.303,-35.022,47
14.436,0.25,-35.037,51
14.432,0.223,-35.027,23
14.438,0.17,-35.041,54
14.442,0.091,-35.05,44
14.431,0.038,-35.022,25
14.438,0.012,-35.04,49
14.465,1.411,-35.053,48
14.462,1.332,-35.043,56
14.457,1.251,-35.031,57
14.458,1.173,-35.034,43
14.457,1.146,-35.032,20
14.459,1.092,-35.035,34
14.457,1.067,-35.03,43
14.458,1.013,-35.033,41
14.454,0.986,-35.024,59
14.46,0.934,-35.037,41
14.453,0.908,-35.022,46
14.46,0.854,-35.036,42
14.45,0.827,-35.013,47
14.458,0.775,-35.032,51
14.453,0.748,-35.021,29
14.456,0.695,-35.028,45
14.451,0.668,-35.015,18
14.455,0.616,-35.025,40
14.456,0.536,-35.027,43
14.45,0.484,-35.014,27
14.457,0.458,-35.03,49
14.451,0.404,-35.016,35
14.453,0.377,-35.021,50
14.451,0.325,-35.015,48
14.458,0.299,-35.032,36
14.453,0.245,-35.02,85
14.453,0.22,-35.021,61
14.454,0.167,-35.022,40
14.458,0.14,-35.032,39
14.458,0.088,-35.031,32
14.454,0.061,-35.022,42
14.46,0.008,-35.035,20
14.491,1.392,-35.051,46
14.484,1.365,-35.035,54
14.483,1.337,-35.03,37
14.486,1.311,-35.039,65
14.481,1.285,-35.027,55
14.481,1.258,-35.027,46
14.484,1.232,-35.034,63
14.478,1.205,-35.018,38
14.481,1.178,-35.027,51
14.504,1.155,-35.081,70
14.495,1.127,-35.058,72
14.502,1.101,-35.075,77
14.526,1.076,-35.134,82
14.526,1.049,-35.134,74
14.509,1.023,-35.093,71
14.512,0.996,-35.1,70
14.533,0.97,-35.152,59
14.513,0.942,-35.102,66
14.538,0.917,-35.161,62
14.547,0.891,-35.184,58
14.519,0.864,-35.115,64
14.548,0.839,-35.186,65
14.551,0.812,-35.193,53
14.54,0.785,-35.168,57
14.567,0.759,-35.233,59
14.558,0.733,-35.21,50
14.569,0.707,-35.237,53
14.576,0.68,-35.253,64
14.597,0.654,-35.304,49
14.606,0.628,-35.327,49
14.521,0.599,-35.12,58
14.651,0.577,-35.437,36
14.639,0.549,-35.407,35
14.507,0.518,-35.087,55
14.696,0.498,-35.544,34
14.686,0.47,-35.519,34
14.496,0.438,-35.061,55
14.717,0.418,-35.596,31
14.701,0.39,-35.555,16
14.485,0.358,-35.033,59
14.708,0.336,-35.572,29
14.731,0.311,-35.628,17
14.481,0.279,-35.022,48
14.485,0.252,-35.033,80
14.477,0.226,-35.015,106
14.474,0.199,-35.007,79
14.481,0.174,-35.023,36
14.478,0.147,-35.015,80
14.481,0.12,-35.022,51
14.488,0.094,-35.04,23
14.482,0.04,-35.026,37
14.476,0.015,-35.013,55
14.495,1.395,-34.975,80
14.493,1.369,-34.97,75
14.493,1.342,-34.97,78
14.495,1.316,-34.976,77
14.493,1.289,-34.971,73
14.495,1.262,-34.975,72
14.495,1.237,-34.973,70
14.496,1.21,-34.976,73
14.495,1.184,-34.974,68
14.494,1.157,-34.972,71
14.496,1.13,-34.976,72
14.495,1.105,-34.974,71
14.497,1.078,-34.978,72
14.495,1.051,-34.974,69
14.498,1.025,-34.981,72
14.497,0.998,-34.979,70
14.498,0.971,-34.982,67
14.498,0.946,-34.982,67
14.498,0.919,-34.98,68
14.499,0.892,-34.982,64
14.499,0.866,-34.982,67
14.5,0.839,-34.986,70
14.499,0.814,-34.983,69
14.5,0.787,-34.987,63
14.502,0.76,-34.991,66
14.502,0.734,-34.989,68
14.505,0.707,-34.997,69
14.505,0.682,-34.998,68
14.504,0.655,-34.995,73
14.503,0.628,-34.993,69
14.507,0.601,-35,66
14.508,0.575,-35.004,65
14.509,0.548,-35.007,67
14.512,0.523,-35.014,72
14.516,0.496,-35.023,66
14.516,0.47,-35.023,70
14.521,0.443,-35.035,71
14.523,0.417,-35.041,72
14.514,0.391,-35.02,70
14.527,0.364,-35.05,70
14.527,0.338,-35.05,74
14.51,0.31,-35.01,68
14.525,0.284,-35.045,59
14.535,0.259,-35.069,76
14.51,0.231,-35.01,78
14.514,0.205,-35.018,93
14.512,0.178,-35.014,90
14.513,0.152,-35.016,85
14.523,0.125,-35.039,73
14.521,0.1,-35.036,74
14.524,0.073,-35.043,64
14.527,0.046,-35.049,63
14.533,0.02,-35.065,62
14.514,1.391,-34.961,84
14.512,1.364,-34.957,89
14.514,1.337,-34.963,91
14.514,1.312,-34.96,91
14.513,1.285,-34.959,89
14.513,1.258,-34.958,90
14.513,1.232,-34.959,90
14.514,1.205,-34.96,91
14.512,1.179,-34.957,93
14.513,1.153,-34.959,97
14.512,1.126,-34.957,96
14.513,1.099,-34.958,98
14.513,1.073,-34.958,96
14.514,1.046,-34.959,93
14.514,1.02,-34.959,96
14.513,0.994,-34.958,100
14.514,0.967,-34.961,103
14.513,0.941,-34.958,95
14.514,0.914,-34.961,103
14.514,0.888,-34.96,97
14.513,0.862,-34.958,101
14.514,0.835,-34.961,94
14.514,0.808,-34.959,96
14.515,0.782,-34.963,91
14.514,0.757,-34.96,97
14.516,0.73,-34.964,97
14.514,0.703,-34.958,99
14.514,0.677,-34.961,93
14.514,0.65,-34.96,95
14.514,0.623,-34.958,91
14.516,0.598,-34.964,91
14.515,0.571,-34.961,90
14.516,0.544,-34.964,87
14.515,0.518,-34.961,92
14.515,0.491,-34.962,88
14.515,0.465,-34.962,87
14.516,0.439,-34.963,87
14.516,0.412,-34.965,89
14.515,0.386,-34.962,89
14.224,1.48,-35.091,57
14.218,1.452,-35.078,76
14.225,1.426,-35.096,59
14.251,1.402,-35.159,32
14.252,1.376,-35.161,21
14.247,1.323,-35.149,30
14.243,1.296,-35.14,28
14.245,1.242,-35.143,31
14.234,1.215,-35.118,51
14.245,1.163,-35.144,28
14.236,1.136,-35.123,56
14.248,1.489,-35.091,42
14.24,1.462,-35.072,83
14.24,1.435,-35.073,72
14.262,1.412,-35.126,39
14.27,1.386,-35.145,47
14.262,1.332,-35.127,54
14.267,1.305,-35.137,50
14.261,1.253,-35.123,35
14.26,1.226,-35.121,50
14.256,1.172,-35.111,26
14.263,1.146,-35.127,48
14.262,1.094,-35.124,21
14.26,1.067,-35.12,57
14.257,0.988,-35.113,51
14.256,0.908,-35.11,51
14.255,0.828,-35.107,47
14.254,0.748,-35.104,42
14.254,0.669,-35.104,34
14.272,1.467,-35.056,69
14.272,1.441,-35.057,78
14.298,1.416,-35.121,23
14.298,1.364,-35.12,33
14.303,1.338,-35.132,14
14.295,1.284,-35.112,48
14.292,1.204,-35.105,43
14.291,1.124,-35.103,54
14.292,1.045,-35.106,48
14.297,1.019,-35.117,14
14.292,0.965,-35.105,52
14.288,0.939,-35.095,37
14.289,0.886,-35.097,41
14.292,0.859,-35.103,31
14.29,0.806,-35.098,39
14.285,0.78,-35.087,38
14.292,0.727,-35.103,42
14.283,0.7,-35.081,56
14.288,0.648,-35.095,49
14.285,0.621,-35.085,44
14.288,0.568,-35.095,39
14.282,0.541,-35.078,46
14.291,0.489,-35.102,59
14.283,0.463,-35.083,33
14.291,0.409,-35.1,55
14.288,0.382,-35.092,19
14.29,0.357,-35.1,18
14.291,0.331,-35.1,55
14.293,0.277,-35.105,16
14.29,0.25,-35.098,54
14.285,0.198,-35.085,37
14.29,0.171,-35.098,45
14.287,0.118,-35.091,45
14.292,0.093,-35.104,47
14.286,0.039,-35.088,39
14.292,0.013,-35.103,47
14.293,1.442,-35.05,80
14.311,1.417,-35.094,37
14.32,1.391,-35.117,53
14.326,1.338,-35.131,26
14.314,1.31,-35.103,38
14.314,1.258,-35.101,50
14.315,1.232,-35.104,18
14.313,1.178,-35.1,50
14.312,1.152,-35.097,16
14.312,1.099,-35.097,40
14.309,1.045,-35.089,22
14.314,1.02,-35.102,46
14.309,0.966,-35.088,36
14.313,0.94,-35.098,54
14.304,0.886,-35.076,49
14.312,0.861,-35.097,48
14.304,0.807,-35.076,47
14.311,0.78,-35.095,51
14.304,0.728,-35.077,48
14.311,0.702,-35.095,40
14.303,0.648,-35.074,51
14.309,0.622,-35.087,51
14.305,0.569,-35.078,43
14.309,0.543,-35.087,54
14.306,0.489,-35.079,38
14.309,0.463,-35.089,51
14.304,0.41,-35.076,25
14.307,0.384,-35.083,56
14.307,0.305,-35.083,54
14.307,0.225,-35.082,55
14.307,0.146,-35.082,39
14.312,0.066,-35.095,36
14.322,1.429,-35.056,65
14.335,1.246,-35.088,13
14.331,1.166,-35.077,31
14.33,1.087,-35.074,41
14.332,1.007,-35.08,44
14.332,0.928,-35.079,43
14.33,0.847,-35.074,45
14.334,0.822,-35.083,27
14.331,0.769,-35.077,36
14.334,0.742,-35.083,35
14.33,0.689,-35.073,28
14.331,0.663,-35.076,38
14.332,0.61,-35.079,29
14.328,0.583,-35.068,49
14.33,0.531,-35.075,28
14.329,0.504,-35.07,52
14.331,0.451,-35.075,39
14.327,0.424,-35.065,50
14.335,0.372,-35.087,29
14.326,0.345,-35.065,49
14.333,0.292,-35.082,37
14.327,0.266,-35.066,38
14.335,0.213,-35.085,25
14.333,0.133,-35.081,43
14.332,0.081,-35.077,17
14.331,0.054,-35.074,38
14.331,0.001,-35.076,52
14.538,0.023,-34.956,98
14.649,1.147,-35.137,44
14.632,1.119,-35.093,57
14.657,1.094,-35.154,44
14.575,0.322,-34.957,22
14.582,0.295,-34.972,26
14.583,0.268,-34.975,26
14.578,0.242,-34.964,38
14.577,0.216,-34.961,43
14.578,0.19,-34.961,42
14.577,0.163,-34.961,45
14.576,0.136,-34.957,50
14.579,0.109,-34.965,48
14.575,0.083,-34.957,49
14.577,0.057,-34.96,54
14.576,0.031,-34.958,54
14.576,0.004,-34.958,60
14.633,1.084,-35.038,30
14.638,1.085,-34.982,55
14.643,1.063,-34.854,30
14.517,0.227,-34.966,84
14.517,0.2,-34.965,86
14.519,0.175,-34.97,82
14.519,0.148,-34.97,81
14.518,0.122,-34.968,85
14.517,0.095,-34.966,80
14.518,0.068,-34.968,79
14.518,0.043,-34.969,80
14.518,0.016,-34.968,77
14.542,1.4,-34.968,38
14.541,1.373,-34.966,56
14.542,1.346,-34.969,60
14.541,1.319,-34.966,57
14.542,1.293,-34.966,65
14.542,1.266,-34.966,65
14.54,1.24,-34.962,68
14.54,1.214,-34.961,67
14.54,1.187,-34.961,68
14.538,1.16,-34.958,73
14.541,1.134,-34.965,70
14.539,1.108,-34.96,68
14.54,1.082,-34.963,66
14.539,1.055,-34.959,70
14.54,1.028,-34.961,71
14.538,1.002,-34.958,68
14.54,0.976,-34.963,71
14.539,0.949,-34.958,69
14.539,0.923,-34.959,72
14.54,0.896,-34.961,78
14.538,0.869,-34.956,75
14.538,0.843,-34.957,77
14.537,0.817,-34.955,74
14.539,0.79,-34.959,72
14.538,0.764,-34.956,72
14.538,0.737,-34.957,69
14.537,0.711,-34.954,62
14.538,0.685,-34.955,51
14.541,0.659,-34.964,36
14.543,0.632,-34.969,15
14.542,0.553,-34.965,19
14.538,0.526,-34.955,21
14.538,0.5,-34.957,43
14.539,0.473,-34.958,46
14.536,0.446,-34.951,64
14.538,0.419,-34.955,71
14.538,0.394,-34.956,83
14.538,0.367,-34.954,86
14.537,0.341,-34.953,90
14.538,0.314,-34.956,94
14.538,0.288,-34.955,93
14.538,0.262,-34.955,93
14.538,0.235,-34.956,97
14.538,0.209,-34.954,112
14.538,0.182,-34.956,93
14.537,0.155,-34.952,97
14.538,0.13,-34.954,95
14.537,0.103,-34.952,86
14.538,0.077,-34.955,86
14.538,0.05,-34.954,94
15.3,1.619,-37.749,36
15.326,1.602,-37.748,23
15.438,1.619,-37.409,31
15.738,1.045,-38.136,17
14.517,0.359,-34.966,86
14.516,0.333,-34.965,91
14.516,0.307,-34.964,90
14.515,0.28,-34.963,90
14.516,0.254,-34.965,80
32.798,2.632,-77.182,92
32.818,2.704,-77.071,31
34.102,3.324,-77.812,57
32.861,1.238,-80.934,27
32.817,1.974,-80.479,29
32.87,1.793,-80.611,25
32.958,1.768,-80.673,34
33.03,1.776,-80.634,43
32.805,2.358,-79.965,44
32.861,2.376,-79.955,40
32.793,2.151,-78.657,44
32.82,2.092,-78.72,24
32.841,2.135,-78.644,50
33.491,3.191,-78.93,57
33.714,3.498,-79.175,27
33.914,3.476,-78.739,40
33.913,3.416,-78.735,72
33.95,3.591,-78.627,38
33.981,3.524,-78.583,56
33.977,3.464,-78.571,42
34.236,3.578,-79.041,26
34.012,3.494,-78.523,55
34.072,3.442,-78.662,53
34.277,3.605,-78.933,44
34.065,3.523,-78.446,66
34.099,3.466,-78.522,70
34.28,3.424,-78.939,37
34.377,3.314,-79.162,24
34.222,3.628,-78.68,60
34.126,3.558,-78.461,75
34.12,3.5,-78.449,76
34.338,3.461,-78.948,34
34.443,3.35,-79.188,38
34.175,3.583,-78.435,74
34.152,3.521,-78.384,77
34.194,3.586,-78.285,72
34.228,3.532,-78.363,85
34.001,3.449,-77.842,39
34.437,3.493,-78.84,29
34.485,3.437,-78.951,26
34.085,3.338,-78.034,29
34.097,3.279,-78.061,53
34.237,3.568,-78.261,70
34.234,3.507,-78.254,77
34.12,3.435,-77.993,29
34.171,3.383,-78.108,53
34.128,3.319,-78.011,56
34.146,3.14,-78.05,24
34.232,3.577,-78.11,40
34.315,3.526,-78.3,76
34.246,3.458,-78.141,63
34.205,3.395,-78.048,49
34.247,3.281,-78.143,66
34.268,3.223,-78.192,55
34.285,3.592,-78.054,32
34.713,3.636,-79.027,30
34.189,3.522,-77.835,70
34.361,3.481,-78.225,78
34.253,3.411,-77.98,51
34.263,3.352,-78.003,49
34.331,3.298,-78.156,51
34.45,3.606,-78.303,30
34.346,3.534,-78.065,45
34.44,3.484,-78.279,79
34.369,3.417,-78.119,66
34.304,3.351,-77.969,44
34.347,3.297,-78.067,34
34.436,3.245,-78.27,38
34.596,2.9,-78.633,53
41.56,3.586,-96.659,50
41.858,3.847,-97.181,38
41.582,3.673,-96.54,75
41.671,3.61,-96.746,68
41.766,3.543,-96.966,59
41.988,3.922,-97.242,54
41.679,3.674,-96.525,84
41.819,3.612,-96.85,64
42.071,3.918,-97.29,42
41.749,3.667,-96.544,83
41.802,3.599,-96.666,64
42.101,3.955,-97.198,53
41.991,3.874,-96.944,59
41.863,3.713,-96.648,69
41.876,3.64,-96.678,70
41.977,3.574,-96.911,47
42.079,4.277,-96.9,47
42.124,4.207,-97.004,41
42.204,4.143,-97.188,44
42.179,4.067,-97.13,71
42.183,3.992,-97.139,69
42.182,3.918,-97.137,75
42.005,3.826,-96.728,47
42.173,3.842,-97.114,46
41.938,3.75,-96.574,65
42.057,3.686,-96.848,54
42.108,3.616,-96.965,38
42.113,4.465,-96.825,35
42.235,4.257,-97.104,58
42.242,4.183,-97.12,66
42.269,4.111,-97.181,57
42.251,3.963,-97.14,63
42.283,3.891,-97.214,51
42.236,3.813,-97.106,66
42.174,3.733,-96.963,68
42.04,3.646,-96.654,82
42.039,3.572,-96.651,42
42.285,4.213,-97.05,58
42.313,4.141,-97.113,70
42.275,3.989,-97.027,60
42.257,3.767,-96.984,54
42.15,3.683,-96.738,75
42.251,3.617,-96.97,76
42.288,3.546,-97.054,47
42.078,4.194,-96.334,57
42.371,4.149,-97.005,59
41.984,3.744,-96.119,76
42.375,3.704,-97.011,79
42.183,3.616,-96.573,61
42.256,4.255,-96.59,47
42.4,4.049,-96.919,54
42.063,3.797,-96.148,65
42.413,3.754,-96.949,64
42.384,3.678,-96.882,71
42.229,3.59,-96.527,69
42.442,3.533,-97.013,70
42.252,4.487,-96.411,50
42.309,4.421,-96.541,48
42.211,4.189,-96.316,56
42.508,3.997,-96.994,57
42.52,3.924,-97.02,81
42.476,3.845,-96.92,62
42.481,3.772,-96.932,56
42.385,3.688,-96.712,78
42.497,3.627,-96.967,83
42.508,3.553,-96.993,88
42.523,3.48,-97.028,66
42.109,4.411,-95.866,35
42.507,4.233,-96.771,51
42.287,4.137,-96.271,59
42.605,4.093,-96.993,37
42.59,4.016,-96.959,75
42.607,3.944,-96.999,64
42.579,3.72,-96.934,76
42.569,3.645,-96.911,82
42.53,3.567,-96.822,69
42.579,3.5,-96.933,42
51.521,0.238,-126.55,62
50.671,3.234,-124.27,61
51.251,2.74,-124.93,60
51.306,2.858,-124.83,65
51.266,2.765,-124.74,62
51.325,3.054,-124.58,68
51.356,2.771,-124.66,55
51.583,3.632,-123.53,51
51.604,3.448,-123.58,55
52.699,0.847,-126.19,65
42.607,3.605,-106.19,44
45.672,4.831,-106.22,40
45.035,4.828,-104.15,53
45.861,3.851,-104.99,53
46.053,3.705,-104.84,46
43.311,1.1,-107.51,44
45.13,3.267,-111.35,54
44.626,2.98,-110.1,41
44.684,3.012,-110.06,64
44.651,2.927,-109.98,61
44.015,3.381,-108.12,41
44.733,3.022,-109.88,41
44.771,2.944,-109.98,45
44.625,2.851,-109.62,57
44.859,2.945,-110.01,57
43.945,3.414,-107.57,44
44.215,3.434,-108.23,56
44.888,3.237,-109.88,42
44.916,2.991,-109.94,62
44.898,2.823,-109.9,51
43.934,2.52,-107.54,54
43.938,2.438,-107.55,88
44.322,2.874,-108.2,47
44.854,2.908,-109.5,55
44.067,2.779,-107.58,66
44.051,2.696,-107.54,43
44.04,2.613,-107.51,74
44.046,2.532,-107.53,87
45.098,3.157,-109.93,43
44.283,3.021,-107.95,43
44.136,2.93,-107.59,75
44.119,2.846,-107.55,79
44.112,2.764,-107.53,77
44.117,2.683,-107.54,68
44.123,2.601,-107.55,46
44.205,3.196,-107.56,61
44.209,3.115,-107.57,63
44.198,3.032,-107.54,76
44.193,2.949,-107.53,93
44.195,2.868,-107.53,58
45.042,2.592,-109.59,55
44.303,3.121,-107.53,78
49.113,4.875,-113.39,68
49.241,4.702,-113.21,41
49.351,4.743,-113.27,50
49.629,4.51,-112.98,61
26.879,2.189,-66.723,90
26.878,2.138,-66.719,73
26.882,2.088,-66.73,75
26.882,2.039,-66.731,61
26.865,1.836,-66.689,60
26.853,1.786,-66.656,78
26.85,1.735,-66.65,88
26.879,1.687,-66.723,60
26.878,1.636,-66.719,65
26.808,1.581,-66.544,108
26.81,1.533,-66.55,106
26.809,1.482,-66.547,92
26.809,1.432,-66.549,114
26.936,2.259,-66.733,63
26.917,2.209,-66.687,91
26.916,2.158,-66.684,106
26.917,2.108,-66.688,109
26.919,2.057,-66.692,91
26.916,2.007,-66.684,97
26.919,1.958,-66.692,103
26.918,1.907,-66.69,89
26.918,1.857,-66.689,95
26.918,1.806,-66.689,113
26.919,1.755,-66.69,107
26.921,1.707,-66.695,102
26.92,1.656,-66.692,111
26.878,1.603,-66.589,91
26.854,1.551,-66.531,93
26.854,1.501,-66.527,109
26.855,1.451,-66.532,103
26.855,1.402,-66.532,74
26.854,1.301,-66.528,87
26.854,1.25,-66.528,89
26.854,1.2,-66.527,106
26.854,1.151,-66.528,96
26.855,1.101,-66.53,100
26.903,1.053,-66.648,98
26.92,1.003,-66.692,87
26.924,0.952,-66.701,78
26.923,0.903,-66.699,96
26.922,0.853,-66.696,70
26.923,0.803,-66.7,84
26.924,0.752,-66.7,76
26.921,0.701,-66.695,88
26.927,0.651,-66.71,73
26.925,0.602,-66.704,85
26.922,0.551,-66.696,65
26.927,0.501,-66.709,76
26.93,0.45,-66.715,70
26.926,0.4,-66.705,59
26.931,0.351,-66.717,64
26.93,0.301,-66.715,56
26.99,2.169,-66.701,46
26.988,2.121,-66.696,53
26.986,2.07,-66.691,95
26.986,2.019,-66.69,94
26.99,1.969,-66.7,51
26.986,1.918,-66.689,58
26.988,1.87,-66.695,61
26.985,1.819,-66.687,71
26.989,1.768,-66.698,58
26.989,1.717,-66.696,80
26.986,1.667,-66.689,87
26.926,1.612,-66.54,87
26.911,1.563,-66.504,106
26.91,1.513,-66.501,106
26.912,1.462,-66.504,105
26.913,1.412,-66.508,80
26.912,1.313,-66.504,74
26.911,1.262,-66.502,97
26.91,1.212,-66.5,107
26.91,1.161,-66.5,93
26.912,1.111,-66.504,107
26.952,1.064,-66.604,98
26.973,1.014,-66.655,80
26.976,0.964,-66.662,91
26.978,0.913,-66.666,98
26.976,0.863,-66.663,99
26.979,0.812,-66.67,100
26.975,0.763,-66.659,109
26.976,0.713,-66.662,93
26.975,0.662,-66.659,116
26.975,0.611,-66.659,100
26.973,0.561,-66.655,120
26.974,0.512,-66.658,97
26.973,0.462,-66.656,121
26.973,0.411,-66.655,110
26.974,0.361,-66.657,103
26.973,0.31,-66.655,119
26.973,0.262,-66.655,110
26.974,0.211,-66.658,102
26.973,0.16,-66.655,106
26.972,0.109,-66.651,108
26.973,0.059,-66.656,86
26.973,0.008,-66.656,101
27.024,2.056,-66.675,102
27.028,2.007,-66.684,82
26.947,1.599,-66.483,102
26.95,1.549,-66.489,110
26.948,1.498,-66.483,108
26.949,1.45,-66.489,121
26.952,1.4,-66.496,42
26.948,1.298,-66.485,104
26.948,1.248,-66.484,102
26.95,1.2,-66.489,87
26.949,1.149,-66.486,104
26.948,1.099,-66.486,103
27.015,1.051,-66.65,25
27.036,1.001,-66.701,31
27.032,0.95,-66.691,45
27.622,0.971,-68.147,17
27.029,0.901,-66.685,28
27.029,0.851,-66.685,58
27.025,0.8,-66.673,72
27.027,0.75,-66.678,39
27.024,0.699,-66.671,77
27.024,0.65,-66.671,78
27.02,0.6,-66.661,59
27.023,0.549,-66.669,74
27.021,0.498,-66.663,91
27.02,0.448,-66.661,61
27.021,0.399,-66.662,86
27.021,0.349,-66.663,85
27.018,0.298,-66.657,82
27.015,0.247,-66.648,69
27.016,0.197,-66.65,97
27.016,0.146,-66.651,85
27.015,0.098,-66.648,90
27.016,0.047,-66.65,98
27.07,2.076,-66.673,69
27.066,2.025,-66.662,81
26.993,1.619,-66.483,57
26.989,1.569,-66.471,88
26.987,1.518,-66.467,111
26.989,1.467,-66.471,110
26.992,1.417,-66.478,78
26.988,1.318,-66.47,76
26.987,1.268,-66.468,87
26.989,1.217,-66.47,98
26.988,1.166,-66.47,108
26.989,1.116,-66.471,96
26.992,1.068,-66.479,83
27.666,0.991,-68.138,18
27.643,0.939,-68.081,24
27.648,0.837,-68.094,23
27.654,0.786,-68.109,24
27.649,0.683,-68.096,21
27.643,0.529,-68.081,23
27.638,0.118,-68.068,20
27.129,2.084,-66.64,73
27.127,2.035,-66.635,107
27.055,1.628,-66.455,57
27.049,1.576,-66.442,103
27.051,1.526,-66.446,95
27.05,1.477,-66.443,96
27.05,1.427,-66.444,93
27.05,1.326,-66.444,70
27.049,1.275,-66.441,106
27.051,1.227,-66.445,87
27.048,1.176,-66.439,97
27.051,1.126,-66.445,107
27.053,1.076,-66.451,69
27.709,0.845,-68.061,19
27.706,0.641,-68.055,32
27.723,0.589,-68.096,18
27.732,0.229,-68.118,21
27.176,2.086,-66.647,58
27.167,2.036,-66.623,103
27.097,1.579,-66.45,54
27.104,1.228,-66.469,65
27.102,1.178,-66.462,92
27.104,1.129,-66.466,106
27.108,1.079,-66.477,24
27.75,0.796,-68.05,22
27.748,0.54,-68.045,26
27.732,0.488,-68.006,18
27.746,0.18,-68.041,44
27.213,2.063,-66.612,88
27.22,2.013,-66.627,74
27.286,2.122,-66.613,53
27.277,2.07,-66.591,102
27.278,2.02,-66.592,95
27.313,2.064,-66.577,101
27.32,2.014,-66.594,62
27.339,1.965,-66.642,57
27.888,1.183,-67.976,31
27.872,0.054,-67.937,18
27.379,2.129,-66.618,58
27.364,2.077,-66.578,67
27.441,2.085,-66.607,24
27.47,2.177,-66.567,21
31.96,2.963,-79.461,39
31.982,2.666,-79.516,40
31.529,2.57,-78.388,49
31.958,2.605,-79.455,49
31.528,2.511,-78.386,38
32.224,1.963,-80.113,47
31.556,2.63,-78.332,31
32.218,2.022,-79.975,39
31.654,1.159,-78.573,54
31.675,1.1,-78.627,40
31.677,0.921,-78.629,46
31.639,2.543,-78.191,42
32.237,2.233,-79.668,26
32.111,2.104,-79.355,32
31.704,2.53,-78.221,50
31.705,2.471,-78.224,70
31.864,0.795,-78.14,42
31.85,0.62,-78.104,51
31.858,0.56,-78.126,51
32.627,2.353,-79.864,43
32.316,1.854,-79.103,26
32.703,2.303,-79.84,44
32.403,1.923,-79.104,47
32.421,1.803,-79.15,42
32.374,1.74,-79.033,45
31.956,2.531,-77.897,44
31.959,2.474,-77.904,97
32.395,1.97,-78.965,46
32.438,1.912,-79.068,71
32.431,1.854,-79.054,48
32.04,2.492,-77.958,31
32.434,2.047,-78.916,27
32.5,1.991,-79.076,78
32.494,1.931,-79.061,26
32.631,2.6,-79.206,27
32.484,3.134,-77.917,25
31.876,2.773,-77.82,44
32.512,3.339,-77.067,24
32.476,2.567,-76.873,34
32.493,2.509,-76.914,28
32.54,2.523,-76.873,30
32.686,3.466,-77.035,28
32.25,2.274,-79.567,62
32.201,2.211,-79.447,41
31.763,2.671,-78.233,33
31.802,2.498,-78.328,61
32.275,2.354,-79.493,60
32.253,2.292,-79.439,70
32.718,1.295,-80.582,32
31.806,0.845,-78.336,41
31.746,0.724,-78.187,57
31.792,0.666,-78.301,38
31.73,0.548,-78.148,93
31.834,2.624,-78.199,49
31.843,2.565,-78.219,61
31.923,2.512,-78.417,40
32.31,2.363,-79.366,46
32.57,2.322,-80.006,31
32.041,1.214,-78.703,40
31.789,1.148,-78.084,30
31.809,0.97,-78.132,39
31.808,0.735,-78.13,29
31.823,0.677,-78.168,48
31.797,0.617,-78.104,46
31.844,3.153,-78.096,44
31.865,2.565,-78.147,41
31.958,2.514,-78.374,58
32.598,2.323,-79.944,39
32.66,2.266,-80.095,25
32.195,1.697,-78.952,42
32.184,1.518,-78.927,36
31.873,1.15,-78.163,63
31.891,1.031,-78.207,27
66.325,0.703,-158.82,73
66.345,0.587,-158.87,57
66.44,0.478,-158.79,60
66.454,0.24,-158.82,74
66.517,0.5,-158.6,73
66.605,0.258,-158.81,68
66.756,0.271,-158.91,63
