4200,6.381,-0.001,-14.334,175,1
4201,6.381,-0.012,-14.335,183,1
4202,6.381,-0.023,-14.334,181,1
4203,6.381,-0.034,-14.335,176,1
4204,6.381,-0.045,-14.335,183,1
4205,6.382,-0.067,-14.335,183,1
4206,6.382,-0.089,-14.335,175,1
4207,6.382,-0.1,-14.335,172,1
4208,6.381,-0.122,-14.333,160,1
4209,6.39,-0.001,-14.33,187,1
4210,6.39,-0.012,-14.33,179,1
4211,6.39,-0.023,-14.331,186,1
4212,6.39,-0.034,-14.331,178,1
4213,6.389,-0.045,-14.33,178,1
4214,6.39,-0.056,-14.33,187,1
4215,6.39,-0.067,-14.331,180,1
4216,6.39,-0.078,-14.332,166,1
4217,6.389,-0.089,-14.329,177,1
4218,6.391,-0.099,-14.333,168,1
4219,6.39,-0.11,-14.331,173,1
4220,6.392,-0.121,-14.335,176,1
4221,6.391,-0.132,-14.333,107,1
4222,6.4,-0.01,-14.328,182,1
4223,6.398,-0.021,-14.324,183,1
4224,6.398,-0.032,-14.323,186,1
4225,6.399,-0.043,-14.326,176,1
4226,6.398,-0.054,-14.325,179,1
4227,6.398,-0.064,-14.323,179,1
4228,6.398,-0.075,-14.325,172,1
4229,6.398,-0.087,-14.325,173,1
4230,6.398,-0.097,-14.323,173,1
4231,6.399,-0.109,-14.326,173,1
4232,6.397,-0.119,-14.322,160,1
4233,6.4,-0.13,-14.328,98,1
4234,6.402,-0.141,-14.332,64,1
4235,6.411,-0.009,-14.319,185,1
4236,6.412,-0.02,-14.322,178,1
4237,6.411,-0.031,-14.32,181,1
4238,6.41,-0.042,-14.317,177,1
4239,6.412,-0.053,-14.321,179,1
4240,6.409,-0.064,-14.314,181,1
4241,6.411,-0.075,-14.319,168,1
4242,6.41,-0.086,-14.317,176,1
4243,6.411,-0.097,-14.319,176,1
4244,6.411,-0.108,-14.319,173,1
4245,6.411,-0.119,-14.319,167,1
4246,6.411,-0.13,-14.319,110,1
4247,6.415,-0.141,-14.327,72,1
4248,6.419,-0.011,-14.316,182,1
4249,6.419,-0.022,-14.316,178,1
4250,6.419,-0.033,-14.314,179,1
4251,6.418,-0.044,-14.313,181,1
4252,6.418,-0.055,-14.314,181,1
4253,6.418,-0.066,-14.312,173,1
4254,6.419,-0.077,-14.315,172,1
4255,6.417,-0.088,-14.311,173,1
4256,6.419,-0.099,-14.314,172,1
4257,6.418,-0.11,-14.312,175,1
4258,6.42,-0.12,-14.318,147,1
4259,6.42,-0.132,-14.317,103,1
4260,6.424,-0.143,-14.327,33,1
4261,6.426,-0.011,-14.308,184,1
4262,6.427,-0.022,-14.309,179,1
4263,6.426,-0.032,-14.307,183,1
4264,6.427,-0.043,-14.31,179,1
4265,6.426,-0.054,-14.307,178,1
4266,6.427,-0.065,-14.309,170,1
4267,6.426,-0.076,-14.307,176,1
4268,6.428,-0.087,-14.311,172,1
4269,6.426,-0.098,-14.307,171,1
4270,6.429,-0.109,-14.312,175,1
4271,6.429,-0.12,-14.312,114,1
4272,6.427,-0.131,-14.309,71,1
4273,6.438,-0.007,-14.301,179,1
4274,6.438,-0.019,-14.302,185,1
4275,6.438,-0.03,-14.3,184,1
4276,6.439,-0.041,-14.305,185,1
4277,6.439,-0.051,-14.304,186,1
4278,6.438,-0.062,-14.3,175,1
4279,6.438,-0.073,-14.302,172,1
4280,6.438,-0.084,-14.3,173,1
4281,6.438,-0.095,-14.302,174,1
4282,6.437,-0.106,-14.3,176,1
4283,6.44,-0.117,-14.307,97,1
4284,6.439,-0.128,-14.304,59,1
4285,6.448,-0.009,-14.3,185,1
4286,6.446,-0.02,-14.297,183,1
4287,6.448,-0.031,-14.299,186,1
4288,6.446,-0.042,-14.297,192,1
4289,6.447,-0.053,-14.297,179,1
4290,6.448,-0.064,-14.299,176,1
4291,6.446,-0.075,-14.297,176,1
4292,6.447,-0.086,-14.298,169,1
4293,6.446,-0.097,-14.297,177,1
4294,6.448,-0.108,-14.3,159,1
4295,6.448,-0.119,-14.299,117,1
4296,6.448,-0.13,-14.3,46,1
4297,6.454,-0.005,-14.29,181,1
4298,6.456,-0.016,-14.293,182,1
4299,6.454,-0.027,-14.29,185,1
7100,6.15,-0.002,-14.467,84,1
7101,6.151,-0.013,-14.469,77,1
7102,6.159,-0.006,-14.462,141,1
7103,6.158,-0.017,-14.459,87,1
7104,6.16,-0.028,-14.465,73,1
7105,6.167,-0.005,-14.453,169,1
7106,6.168,-0.016,-14.457,152,1
7107,6.171,-0.027,-14.464,141,1
7108,6.169,-0.038,-14.459,69,1
7109,6.18,-0.005,-14.449,170,1
7110,6.182,-0.016,-14.453,169,1
7111,6.182,-0.027,-14.453,166,1
7112,6.181,-0.038,-14.451,157,1
7113,6.183,-0.049,-14.457,94,1
7114,6.186,-0.06,-14.462,36,1
7115,6.188,-0.009,-14.446,178,1
7116,6.189,-0.02,-14.448,173,1
7117,6.19,-0.031,-14.451,170,1
7118,6.188,-0.041,-14.446,210,1
7119,6.189,-0.052,-14.45,188,1
7120,6.191,-0.064,-14.453,68,1
7121,6.196,-0.004,-14.439,170,1
7122,6.196,-0.015,-14.439,174,1
7123,6.199,-0.026,-14.443,173,1
7124,6.199,-0.037,-14.444,174,1
7125,6.199,-0.048,-14.445,187,1
7126,6.201,-0.059,-14.45,149,1
7127,6.198,-0.07,-14.443,68,1
7128,6.204,-0.081,-14.457,21,1
7129,6.209,-0.001,-14.433,175,1
7130,6.21,-0.012,-14.436,174,1
7131,6.209,-0.023,-14.434,175,1
7132,6.21,-0.034,-14.437,174,1
7133,6.21,-0.045,-14.437,166,1
7134,6.21,-0.056,-14.436,176,1
7135,6.211,-0.067,-14.438,124,1
7136,6.212,-0.078,-14.441,73,1
7137,6.211,-0.089,-14.439,41,1
7138,6.218,-0.003,-14.432,173,1
7139,6.219,-0.014,-14.434,171,1
7140,6.22,-0.025,-14.437,166,1
7141,6.22,-0.036,-14.436,172,1
7142,6.219,-0.047,-14.434,177,1
7143,6.219,-0.058,-14.434,174,1
7144,6.22,-0.069,-14.436,151,1
7145,6.219,-0.08,-14.434,123,1
7146,6.22,-0.091,-14.438,70,1
7147,6.228,-0.01,-14.428,171,1
7148,6.228,-0.021,-14.429,170,1
7149,6.228,-0.032,-14.428,172,1
7150,6.228,-0.043,-14.429,174,1
7151,6.227,-0.054,-14.425,167,1
7152,6.228,-0.065,-14.429,165,1
7153,6.228,-0.075,-14.428,168,1
7154,6.227,-0.086,-14.427,115,1
7155,6.229,-0.097,-14.432,59,1
7156,6.239,-0.009,-14.423,179,1
7157,6.239,-0.02,-14.421,179,1
7158,6.238,-0.031,-14.42,167,1
7159,6.238,-0.041,-14.42,172,1
7160,6.238,-0.052,-14.419,171,1
7161,6.238,-0.064,-14.421,177,1
7162,6.237,-0.075,-14.418,167,1
7163,6.24,-0.086,-14.424,141,1
7164,6.238,-0.096,-14.42,115,1
7165,6.24,-0.107,-14.426,46,1
7166,6.246,-0.01,-14.416,180,1
7167,6.245,-0.022,-14.415,178,1
7168,6.247,-0.032,-14.42,169,1
7169,6.246,-0.043,-14.417,170,1
7170,6.248,-0.055,-14.422,166,1
7171,6.247,-0.065,-14.418,170,1
7172,6.246,-0.076,-14.416,169,1
7173,6.247,-0.087,-14.42,169,1
7174,6.246,-0.098,-14.417,108,1
7175,6.247,-0.109,-14.418,58,1
7176,6.256,-0.008,-14.411,175,1
7177,6.255,-0.019,-14.41,173,1
7178,6.255,-0.03,-14.409,174,1
7179,6.256,-0.041,-14.411,173,1
7180,6.255,-0.052,-14.409,171,1
7181,6.256,-0.063,-14.41,176,1
7182,6.255,-0.074,-14.409,173,1
7183,6.256,-0.085,-14.411,175,1
7184,6.256,-0.095,-14.41,162,1
7185,6.257,-0.107,-14.412,106,1
7186,6.256,-0.118,-14.411,63,1
7187,6.266,-0.005,-14.401,170,1
7188,6.267,-0.016,-14.401,182,1
7189,6.267,-0.027,-14.403,177,1
7190,6.269,-0.038,-14.406,178,1
7191,6.266,-0.049,-14.401,170,1
7192,6.268,-0.06,-14.404,169,1
7193,6.267,-0.071,-14.401,176,1
7194,6.268,-0.082,-14.404,168,1
7195,6.267,-0.093,-14.402,172,1
7196,6.269,-0.105,-14.406,136,1
7197,6.268,-0.115,-14.405,100,1
7198,6.271,-0.126,-14.41,49,1
7199,6.274,-0.007,-14.398,180,1
7200,6.275,-0.018,-14.399,174,1
7201,6.275,-0.029,-14.398,177,1
7202,6.275,-0.04,-14.399,180,1
7203,6.274,-0.051,-14.396,169,1
7204,6.276,-0.062,-14.4,175,1
7205,6.275,-0.073,-14.399,177,1
7206,6.277,-0.084,-14.402,173,1
7207,6.275,-0.094,-14.399,171,1
7208,6.276,-0.105,-14.401,162,1
7209,6.277,-0.117,-14.403,113,1
7210,6.277,-0.128,-14.402,58,1
7211,6.284,-0.003,-14.394,181,1
7212,6.286,-0.014,-14.396,177,1
7213,6.286,-0.025,-14.396,177,1
7214,6.285,-0.036,-14.395,175,1
7215,6.285,-0.047,-14.395,175,1
7216,6.285,-0.058,-14.394,177,1
7217,6.284,-0.069,-14.393,169,1
7218,6.284,-0.08,-14.394,177,1
7219,6.283,-0.091,-14.391,166,1
7220,6.284,-0.102,-14.393,169,1
7221,6.285,-0.112,-14.396,141,1
7222,6.284,-0.123,-14.394,100,1
7223,6.286,-0.135,-14.398,40,1
7224,6.299,-0.01,-14.391,175,1
7225,6.297,-0.021,-14.385,177,1
7226,6.3,-0.032,-14.393,180,1
7227,6.299,-0.043,-14.39,181,1
7228,6.296,-0.054,-14.384,184,1
7229,6.295,-0.065,-14.383,175,1
7230,6.297,-0.075,-14.386,169,1
7231,6.296,-0.086,-14.385,176,1
7232,6.296,-0.097,-14.384,167,1
7233,6.296,-0.108,-14.384,172,1
7234,6.297,-0.119,-14.386,104,1
7235,6.297,-0.131,-14.385,49,1
7236,6.305,-0.009,-14.381,180,1
7237,6.305,-0.02,-14.38,179,1
7238,6.304,-0.032,-14.38,186,1
7239,6.305,-0.042,-14.382,187,1
7240,6.303,-0.053,-14.378,179,1
7241,6.305,-0.064,-14.381,173,1
7242,6.304,-0.075,-14.38,167,1
7243,6.305,-0.086,-14.381,167,1
7244,6.304,-0.097,-14.38,178,1
7245,6.307,-0.108,-14.386,169,1
7246,6.306,-0.119,-14.384,149,1
7247,6.306,-0.13,-14.385,101,1
7248,6.31,-0.141,-14.394,17,1
7249,6.313,-0.007,-14.379,174,1
7250,6.314,-0.017,-14.38,182,1
7251,6.312,-0.028,-14.376,184,1
7252,6.313,-0.039,-14.377,182,1
7253,6.313,-0.05,-14.377,180,1
7254,6.312,-0.061,-14.375,183,1
7255,6.313,-0.072,-14.378,172,1
7256,6.311,-0.083,-14.373,172,1
7257,6.312,-0.094,-14.376,164,1
7258,6.311,-0.105,-14.373,175,1
7259,6.311,-0.116,-14.374,170,1
7260,6.312,-0.127,-14.375,101,1
7261,6.316,-0.138,-14.384,47,1
7262,6.325,-0.004,-14.37,180,1
7263,6.325,-0.015,-14.371,180,1
7264,6.325,-0.026,-14.369,175,1
7265,6.324,-0.037,-14.368,179,1
7266,6.324,-0.048,-14.368,178,1
7267,6.324,-0.059,-14.367,182,1
7268,6.326,-0.07,-14.371,169,1
7269,6.323,-0.081,-14.366,175,1
7270,6.324,-0.092,-14.368,173,1
7271,6.324,-0.103,-14.367,172,1
7272,6.324,-0.114,-14.367,171,1
7273,6.326,-0.125,-14.372,122,1
7274,6.327,-0.136,-14.375,49,1
7275,6.332,-0.005,-14.364,181,1
7276,6.333,-0.016,-14.366,182,1
7277,6.332,-0.027,-14.364,173,1
7278,6.333,-0.038,-14.365,181,1
7279,6.333,-0.049,-14.366,179,1
7280,6.334,-0.06,-14.369,176,1
7281,6.333,-0.071,-14.366,169,1
7282,6.333,-0.082,-14.365,171,1
7283,6.333,-0.093,-14.366,172,1
7284,6.334,-0.104,-14.367,176,1
7285,6.333,-0.115,-14.365,174,1
7286,6.334,-0.126,-14.368,142,1
7287,6.335,-0.137,-14.37,81,1
7288,6.34,-0.001,-14.359,174,1
7289,6.342,-0.012,-14.362,169,1
7290,6.34,-0.023,-14.357,186,1
7291,6.341,-0.034,-14.361,185,1
7292,6.341,-0.045,-14.359,184,1
7293,6.34,-0.056,-14.358,184,1
7294,6.342,-0.067,-14.362,180,1
7295,6.339,-0.078,-14.356,176,1
7296,6.34,-0.089,-14.358,171,1
7297,6.339,-0.1,-14.357,168,1
7298,6.341,-0.111,-14.359,177,1
7299,6.341,-0.122,-14.359,171,1
7300,6.343,-0.132,-14.365,122,1
7301,6.342,-0.143,-14.363,36,1
7322,6.353,-0.008,-14.353,174,1
7323,6.352,-0.019,-14.351,179,1
7324,6.354,-0.03,-14.354,179,1
7325,6.353,-0.041,-14.352,182,1
7326,6.356,-0.052,-14.358,182,1
7327,6.353,-0.063,-14.352,178,1
7328,6.352,-0.073,-14.351,166,1
7329,6.352,-0.084,-14.349,175,1
7330,6.352,-0.095,-14.351,174,1
7331,6.353,-0.106,-14.352,169,1
7332,6.353,-0.117,-14.353,175,1
7333,6.354,-0.128,-14.355,125,1
7334,6.352,-0.139,-14.351,94,1
7335,6.372,-0.151,-14.394,24,1
7336,6.372,-0.162,-14.395,23,1
7337,6.371,-0.172,-14.394,26,1
7338,6.371,-0.184,-14.392,33,1
7415,6.361,-0.007,-14.351,178,1
7416,6.363,-0.018,-14.353,181,1
7417,6.361,-0.029,-14.349,183,1
7418,6.361,-0.04,-14.35,174,1
7419,6.36,-0.051,-14.348,180,1
7420,6.362,-0.062,-14.351,182,1
7421,6.359,-0.073,-14.346,172,1
7422,6.361,-0.084,-14.351,166,1
7423,6.36,-0.095,-14.347,173,1
7424,6.359,-0.106,-14.347,177,1
7425,6.36,-0.117,-14.348,169,1
7426,6.361,-0.128,-14.351,146,1
7427,6.363,-0.139,-14.354,112,1
7428,6.372,-0.15,-14.374,55,1
7429,6.373,-0.161,-14.377,50,1
7430,6.373,-0.172,-14.377,55,1
7431,6.373,-0.183,-14.376,52,1
7508,6.368,-0.004,-14.339,178,1
7509,6.371,-0.015,-14.345,182,1
7510,6.371,-0.026,-14.344,177,1
7511,6.371,-0.037,-14.344,184,1
7512,6.371,-0.048,-14.345,176,1
7513,6.371,-0.059,-14.346,182,1
7514,6.371,-0.07,-14.345,180,1
7515,6.37,-0.081,-14.343,168,1
7516,6.37,-0.092,-14.344,177,1
7517,6.369,-0.102,-14.342,169,1
7518,6.37,-0.113,-14.344,178,1
7519,6.369,-0.124,-14.341,173,1
7520,6.371,-0.135,-14.345,115,1
7521,6.374,-0.147,-14.353,71,1
7522,6.379,-0.157,-14.364,70,1
7523,6.38,-0.169,-14.367,61,1
7524,6.38,-0.179,-14.365,74,1
7525,6.38,-0.191,-14.366,70,1
7601,6.383,-0.056,-14.337,178,1
7602,6.383,-0.078,-14.339,175,1
7603,6.384,-0.111,-14.339,176,1
7604,6.382,-0.132,-14.336,103,1
7605,6.388,-0.144,-14.349,86,1
7606,6.391,-0.155,-14.357,141,1
7607,6.391,-0.166,-14.355,131,1
7608,6.391,-0.177,-14.356,140,1
7609,6.391,-0.187,-14.355,153,1
7684,6.395,-0.144,-14.342,79,1
7685,6.4,-0.154,-14.353,121,1
7686,6.4,-0.165,-14.354,123,1
7687,6.399,-0.176,-14.352,125,1
7688,6.4,-0.188,-14.354,111,1
7764,6.409,-0.153,-14.349,77,1
7765,6.412,-0.164,-14.354,87,1
7766,6.411,-0.175,-14.352,81,1
7767,6.411,-0.185,-14.352,77,1
7844,6.426,-0.152,-14.352,53,1
7845,6.426,-0.163,-14.352,51,1
7846,6.428,-0.174,-14.358,49,1
7847,6.426,-0.185,-14.352,55,1
7908,6.456,-0.06,-14.294,171,1
7909,6.455,-0.071,-14.292,179,1
7910,6.455,-0.082,-14.291,170,1
7911,6.456,-0.093,-14.295,173,1
7912,6.455,-0.103,-14.292,158,1
7913,6.456,-0.114,-14.293,106,1
7914,6.457,-0.125,-14.296,57,1
7915,6.468,-0.004,-14.288,177,1
7916,6.47,-0.014,-14.291,178,1
7917,6.466,-0.025,-14.285,186,1
7918,6.468,-0.036,-14.288,182,1
7919,6.468,-0.047,-14.287,182,1
7920,6.468,-0.058,-14.288,177,1
7921,6.466,-0.069,-14.284,175,1
7922,6.465,-0.08,-14.283,172,1
7923,6.466,-0.091,-14.284,169,1
7924,6.468,-0.102,-14.289,127,1
7925,6.468,-0.113,-14.288,84,1
7926,6.469,-0.124,-14.29,29,1
7927,6.475,-0.005,-14.28,185,1
7928,6.476,-0.016,-14.283,184,1
7929,6.473,-0.027,-14.277,180,1
7930,6.477,-0.038,-14.285,165,1
7931,6.475,-0.049,-14.28,175,1
7932,6.476,-0.06,-14.283,178,1
7933,6.474,-0.071,-14.279,179,1
7934,6.475,-0.082,-14.28,174,1
7935,6.475,-0.093,-14.28,170,1
7936,6.476,-0.103,-14.283,94,1
7937,6.476,-0.114,-14.283,69,1
7938,6.483,-0.003,-14.273,172,1
7939,6.485,-0.014,-14.276,175,1
7940,6.484,-0.024,-14.274,170,1
7941,6.486,-0.036,-14.278,166,1
7942,6.484,-0.047,-14.273,168,1
7943,6.484,-0.058,-14.273,174,1
7944,6.484,-0.068,-14.273,169,1
7945,6.482,-0.079,-14.27,174,1
7946,6.486,-0.09,-14.278,144,1
7947,6.485,-0.101,-14.276,98,1
7948,6.487,-0.112,-14.28,37,1
7949,6.492,-0.001,-14.26,155,1
7950,6.494,-0.012,-14.264,157,1
7951,6.495,-0.023,-14.267,161,1
7952,6.493,-0.034,-14.263,156,1
7953,6.495,-0.045,-14.266,158,1
7954,6.495,-0.056,-14.267,165,1
7955,6.496,-0.067,-14.268,174,1
7956,6.494,-0.078,-14.264,174,1
7957,6.495,-0.089,-14.266,87,1
7958,6.497,-0.1,-14.27,74,1
7959,6.499,-0.003,-14.252,124,1
7960,6.501,-0.014,-14.255,132,1
7961,6.5,-0.025,-14.254,139,1
7962,6.501,-0.036,-14.255,142,1
7963,6.501,-0.047,-14.255,142,1
7964,6.502,-0.058,-14.258,138,1
7965,6.503,-0.069,-14.262,130,1
7966,6.507,-0.08,-14.269,81,1
7967,6.503,-0.091,-14.26,86,1
7968,6.5,-0.002,-14.23,114,1
7969,6.502,-0.013,-14.234,111,1
7970,6.506,-0.024,-14.243,117,1
7971,6.508,-0.034,-14.247,111,1
7972,6.508,-0.045,-14.247,92,1
7973,6.51,-0.056,-14.252,86,1
7974,6.51,-0.067,-14.252,84,1
7975,6.507,-0.078,-14.245,63,1
7976,6.509,-0.011,-14.218,34,1
7977,6.505,-0.022,-14.21,39,1
7978,6.5,-0.033,-14.198,43,1
12257,6.456,-0.038,-14.293,186,1
12258,6.456,-0.049,-14.293,169,1
0,6.354,0.409,-14.335,174,1
1,6.366,0.434,-14.335,56,1
2,6.364,0.423,-14.331,144,1
3,6.366,0.412,-14.335,179,1
4,6.364,0.401,-14.33,163,1
5,6.365,0.39,-14.334,176,1
6,6.365,0.379,-14.333,172,1
7,6.365,0.368,-14.332,175,1
8,6.366,0.357,-14.335,177,1
9,6.365,0.346,-14.333,178,1
10,6.366,0.335,-14.335,178,1
11,6.379,0.437,-14.33,70,1
12,6.376,0.426,-14.323,98,1
13,6.377,0.415,-14.326,181,1
14,6.375,0.404,-14.32,175,1
15,6.376,0.393,-14.324,168,1
16,6.377,0.382,-14.325,174,1
17,6.377,0.371,-14.324,174,1
18,6.376,0.36,-14.323,180,1
19,6.377,0.349,-14.325,181,1
20,6.376,0.338,-14.323,184,1
21,6.377,0.327,-14.325,183,1
22,6.378,0.317,-14.327,184,1
23,6.379,0.306,-14.329,178,1
24,6.38,0.295,-14.333,182,1
25,6.38,0.284,-14.332,179,1
26,6.381,0.273,-14.334,183,1
27,6.38,0.262,-14.331,183,1
28,6.38,0.251,-14.333,181,1
29,6.378,0.24,-14.328,172,1
30,6.381,0.196,-14.335,64,1
31,6.381,0.174,-14.333,75,1
32,6.381,0.153,-14.335,68,1
33,6.382,0.043,-14.336,185,1
34,6.382,0.032,-14.335,190,1
35,6.381,0.021,-14.335,190,1
36,6.382,0.01,-14.336,179,1
37,6.386,0.426,-14.322,105,1
38,6.385,0.415,-14.322,170,1
39,6.386,0.404,-14.323,178,1
40,6.386,0.393,-14.323,170,1
41,6.385,0.382,-14.321,173,1
42,6.385,0.371,-14.321,174,1
43,6.385,0.361,-14.32,181,1
44,6.385,0.35,-14.32,183,1
45,6.385,0.338,-14.32,183,1
46,6.386,0.327,-14.323,180,1
47,6.385,0.317,-14.322,181,1
48,6.387,0.306,-14.325,179,1
49,6.386,0.295,-14.323,186,1
50,6.387,0.284,-14.324,180,1
51,6.387,0.273,-14.326,181,1
52,6.387,0.262,-14.325,173,1
53,6.388,0.251,-14.327,70,1
54,6.389,0.24,-14.329,66,1
55,6.391,0.229,-14.334,71,1
56,6.389,0.218,-14.329,64,1
57,6.39,0.197,-14.332,68,1
58,6.391,0.185,-14.335,64,1
59,6.391,0.175,-14.333,73,1
60,6.392,0.163,-14.335,67,1
61,6.391,0.153,-14.334,63,1
62,6.391,0.142,-14.335,69,1
63,6.392,0.131,-14.335,64,1
64,6.392,0.12,-14.335,65,1
65,6.392,0.109,-14.335,69,1
66,6.392,0.086,-14.336,61,1
67,6.392,0.076,-14.335,99,1
68,6.391,0.065,-14.335,169,1
69,6.391,0.054,-14.333,178,1
70,6.392,0.043,-14.336,183,1
71,6.389,0.032,-14.329,182,1
72,6.391,0.021,-14.333,178,1
73,6.39,0.01,-14.331,178,1
74,6.403,0.44,-14.335,95,1
75,6.394,0.428,-14.316,103,1
76,6.396,0.417,-14.319,161,1
77,6.394,0.406,-14.316,176,1
78,6.395,0.395,-14.318,173,1
79,6.395,0.384,-14.318,168,1
80,6.395,0.373,-14.317,171,1
81,6.396,0.362,-14.32,177,1
82,6.393,0.351,-14.314,181,1
83,6.393,0.34,-14.314,180,1
84,6.394,0.329,-14.316,176,1
85,6.395,0.319,-14.317,184,1
86,6.394,0.307,-14.316,181,1
87,6.395,0.296,-14.318,183,1
88,6.396,0.286,-14.319,186,1
89,6.396,0.275,-14.319,184,1
90,6.398,0.264,-14.323,77,1
91,6.398,0.253,-14.323,72,1
92,6.399,0.242,-14.326,54,1
93,6.4,0.231,-14.329,60,1
94,6.399,0.22,-14.326,69,1
95,6.399,0.209,-14.327,62,1
96,6.398,0.198,-14.324,59,1
97,6.401,0.187,-14.33,65,1
98,6.399,0.176,-14.326,68,1
99,6.4,0.166,-14.329,62,1
100,6.4,0.154,-14.328,68,1
101,6.4,0.143,-14.329,68,1
102,6.4,0.132,-14.329,69,1
103,6.399,0.121,-14.327,62,1
104,6.401,0.111,-14.33,70,1
105,6.4,0.1,-14.328,69,1
106,6.401,0.089,-14.33,69,1
107,6.4,0.078,-14.328,66,1
108,6.4,0.067,-14.33,60,1
109,6.401,0.056,-14.33,62,1
110,6.4,0.045,-14.328,156,1
111,6.4,0.034,-14.33,180,1
112,6.399,0.023,-14.327,185,1
113,6.4,0.012,-14.328,182,1
114,6.399,0.001,-14.327,180,1
115,6.416,0.441,-14.331,67,1
116,6.405,0.429,-14.306,67,1
117,6.405,0.418,-14.308,142,1
118,6.406,0.407,-14.309,160,1
119,6.407,0.396,-14.311,174,1
120,6.407,0.385,-14.31,175,1
121,6.407,0.374,-14.311,173,1
122,6.406,0.363,-14.308,174,1
123,6.407,0.352,-14.311,181,1
124,6.407,0.341,-14.311,185,1
125,6.407,0.33,-14.311,181,1
126,6.407,0.319,-14.31,186,1
127,6.407,0.308,-14.311,183,1
128,6.407,0.298,-14.311,182,1
129,6.408,0.287,-14.313,178,1
130,6.408,0.275,-14.313,171,1
131,6.411,0.265,-14.319,64,1
132,6.409,0.254,-14.316,63,1
133,6.41,0.243,-14.317,61,1
134,6.411,0.232,-14.319,70,1
135,6.41,0.221,-14.317,71,1
136,6.411,0.21,-14.321,91,1
137,6.412,0.199,-14.323,119,1
138,6.412,0.188,-14.323,118,1
139,6.412,0.177,-14.322,114,1
140,6.412,0.166,-14.321,98,1
141,6.411,0.155,-14.319,83,1
142,6.412,0.145,-14.323,73,1
143,6.412,0.133,-14.321,67,1
144,6.411,0.123,-14.321,66,1
145,6.414,0.112,-14.326,69,1
146,6.411,0.101,-14.321,69,1
147,6.414,0.09,-14.325,64,1
148,6.412,0.079,-14.321,65,1
149,6.411,0.068,-14.318,61,1
150,6.414,0.057,-14.325,71,1
151,6.412,0.046,-14.321,59,1
152,6.412,0.035,-14.322,134,1
153,6.411,0.024,-14.32,189,1
154,6.412,0.013,-14.321,186,1
155,6.411,0.002,-14.32,181,1
156,6.413,0.426,-14.302,58,1
157,6.415,0.415,-14.306,126,1
158,6.414,0.405,-14.304,176,1
159,6.415,0.394,-14.306,179,1
160,6.415,0.383,-14.306,175,1
161,6.416,0.372,-14.307,175,1
162,6.415,0.361,-14.307,173,1
163,6.413,0.35,-14.304,181,1
164,6.415,0.339,-14.306,178,1
165,6.415,0.328,-14.306,179,1
166,6.414,0.317,-14.304,184,1
167,6.414,0.306,-14.304,179,1
168,6.417,0.295,-14.309,186,1
169,6.415,0.285,-14.307,184,1
170,6.417,0.273,-14.311,86,1
171,6.419,0.262,-14.315,66,1
172,6.417,0.251,-14.31,71,1
173,6.419,0.241,-14.315,71,1
174,6.418,0.23,-14.312,175,1
175,6.419,0.219,-14.315,179,1
176,6.419,0.208,-14.315,185,1
177,6.419,0.197,-14.316,179,1
178,6.419,0.186,-14.316,185,1
179,6.419,0.175,-14.316,184,1
180,6.421,0.164,-14.32,183,1
181,6.418,0.153,-14.312,184,1
182,6.42,0.142,-14.317,178,1
183,6.419,0.131,-14.316,180,1
184,6.418,0.12,-14.313,178,1
185,6.419,0.109,-14.315,177,1
186,6.421,0.098,-14.319,149,1
187,6.421,0.087,-14.32,80,1
188,6.419,0.076,-14.316,74,1
189,6.421,0.065,-14.32,71,1
190,6.418,0.055,-14.314,68,1
191,6.42,0.044,-14.317,67,1
192,6.42,0.032,-14.317,67,1
193,6.42,0.022,-14.318,180,1
194,6.42,0.01,-14.316,180,1
195,6.419,0,-14.316,186,1
196,6.422,0.427,-14.3,64,1
197,6.423,0.416,-14.301,93,1
198,6.422,0.405,-14.299,175,1
199,6.422,0.394,-14.299,176,1
200,6.422,0.384,-14.3,168,1
201,6.421,0.373,-14.297,175,1
202,6.422,0.361,-14.299,176,1
203,6.421,0.35,-14.295,183,1
204,6.422,0.34,-14.299,180,1
205,6.423,0.329,-14.3,183,1
206,6.423,0.318,-14.3,183,1
207,6.422,0.307,-14.299,186,1
208,6.423,0.296,-14.302,186,1
209,6.424,0.285,-14.302,191,1
210,6.425,0.274,-14.305,75,1
211,6.427,0.263,-14.309,61,1
212,6.426,0.252,-14.307,67,1
213,6.426,0.241,-14.308,75,1
214,6.427,0.23,-14.309,180,1
215,6.426,0.219,-14.307,181,1
216,6.427,0.209,-14.311,179,1
217,6.426,0.198,-14.308,177,1
218,6.428,0.186,-14.312,178,1
219,6.426,0.176,-14.307,182,1
220,6.427,0.164,-14.309,180,1
221,6.425,0.154,-14.305,181,1
222,6.426,0.143,-14.308,182,1
223,6.426,0.132,-14.307,180,1
224,6.427,0.121,-14.311,179,1
225,6.426,0.11,-14.308,180,1
226,6.427,0.099,-14.31,178,1
227,6.427,0.088,-14.309,185,1
228,6.427,0.077,-14.309,172,1
229,6.429,0.066,-14.313,76,1
230,6.429,0.055,-14.312,66,1
231,6.428,0.044,-14.311,61,1
232,6.428,0.034,-14.312,58,1
233,6.428,0.022,-14.311,168,1
234,6.427,0.011,-14.309,175,1
235,6.429,0,-14.314,181,1
236,6.435,0.43,-14.296,31,1
237,6.433,0.419,-14.291,93,1
238,6.433,0.408,-14.29,156,1
239,6.434,0.398,-14.293,169,1
240,6.434,0.387,-14.293,174,1
241,6.435,0.375,-14.294,170,1
242,6.435,0.364,-14.295,173,1
243,6.435,0.354,-14.295,177,1
244,6.434,0.343,-14.293,179,1
245,6.434,0.332,-14.293,181,1
246,6.432,0.321,-14.29,192,1
247,6.437,0.31,-14.299,180,1
248,6.436,0.299,-14.296,176,1
249,6.435,0.288,-14.295,189,1
250,6.436,0.277,-14.298,153,1
251,6.439,0.266,-14.303,66,1
252,6.437,0.255,-14.3,66,1
253,6.437,0.244,-14.3,56,1
254,6.437,0.234,-14.299,162,1
255,6.438,0.222,-14.302,184,1
256,6.438,0.212,-14.301,190,1
257,6.439,0.2,-14.304,181,1
258,6.44,0.19,-14.307,178,1
259,6.438,0.179,-14.303,182,1
260,6.439,0.168,-14.304,185,1
261,6.438,0.157,-14.301,186,1
262,6.438,0.146,-14.302,181,1
263,6.439,0.135,-14.304,180,1
264,6.439,0.124,-14.304,179,1
265,6.438,0.113,-14.301,177,1
266,6.439,0.102,-14.305,182,1
267,6.438,0.091,-14.303,188,1
268,6.44,0.08,-14.306,182,1
269,6.439,0.069,-14.303,178,1
270,6.44,0.058,-14.307,65,1
271,6.439,0.047,-14.303,64,1
272,6.44,0.036,-14.306,64,1
273,6.439,0.025,-14.304,98,1
274,6.439,0.014,-14.304,178,1
275,6.439,0.004,-14.304,181,1
276,6.442,0.417,-14.286,56,1
277,6.442,0.406,-14.288,116,1
278,6.442,0.395,-14.287,176,1
279,6.443,0.385,-14.289,178,1
280,6.442,0.374,-14.287,172,1
281,6.444,0.363,-14.29,175,1
282,6.442,0.352,-14.286,178,1
283,6.443,0.34,-14.289,180,1
284,6.443,0.33,-14.29,185,1
285,6.443,0.319,-14.29,184,1
286,6.443,0.308,-14.29,189,1
287,6.443,0.297,-14.29,185,1
288,6.444,0.286,-14.291,185,1
289,6.444,0.275,-14.292,173,1
290,6.447,0.264,-14.297,69,1
291,6.446,0.253,-14.295,68,1
292,6.446,0.242,-14.297,62,1
293,6.447,0.231,-14.297,67,1
294,6.447,0.22,-14.298,96,1
295,6.447,0.21,-14.299,174,1
296,6.446,0.199,-14.297,182,1
297,6.449,0.188,-14.302,180,1
298,6.448,0.177,-14.299,179,1
299,6.447,0.166,-14.298,178,1
300,6.448,0.155,-14.299,177,1
301,6.446,0.144,-14.297,184,1
302,6.447,0.133,-14.298,184,1
303,6.448,0.122,-14.3,177,1
304,6.447,0.111,-14.299,180,1
305,6.447,0.1,-14.298,180,1
306,6.447,0.089,-14.299,183,1
307,6.448,0.078,-14.299,187,1
308,6.449,0.067,-14.303,161,1
309,6.449,0.056,-14.301,61,1
310,6.448,0.045,-14.299,63,1
311,6.45,0.034,-14.303,73,1
312,6.449,0.023,-14.302,143,1
313,6.448,0.013,-14.3,182,1
314,6.446,0.002,-14.295,188,1
315,6.451,0.422,-14.283,37,1
316,6.449,0.411,-14.278,101,1
317,6.451,0.4,-14.283,154,1
318,6.45,0.389,-14.281,174,1
319,6.449,0.378,-14.28,175,1
320,6.449,0.367,-14.28,176,1
321,6.45,0.356,-14.281,174,1
322,6.451,0.345,-14.283,170,1
323,6.451,0.334,-14.283,180,1
324,6.45,0.323,-14.282,184,1
325,6.451,0.312,-14.284,183,1
326,6.451,0.301,-14.284,186,1
327,6.452,0.29,-14.287,175,1
328,6.453,0.28,-14.288,179,1
329,6.455,0.269,-14.292,150,1
330,6.455,0.257,-14.292,65,1
331,6.455,0.247,-14.292,53,1
332,6.455,0.236,-14.292,58,1
333,6.454,0.225,-14.291,55,1
334,6.455,0.214,-14.292,67,1
335,6.455,0.203,-14.292,62,1
336,6.456,0.192,-14.295,64,1
337,6.455,0.181,-14.292,78,1
338,6.455,0.17,-14.293,114,1
339,6.457,0.159,-14.296,152,1
340,6.455,0.148,-14.291,157,1
341,6.454,0.137,-14.29,169,1
342,6.455,0.126,-14.292,172,1
343,6.455,0.116,-14.292,179,1
344,6.457,0.105,-14.295,166,1
345,6.456,0.094,-14.295,157,1
346,6.457,0.083,-14.298,123,1
347,6.458,0.072,-14.3,55,1
348,6.458,0.061,-14.299,53,1
349,6.457,0.05,-14.296,61,1
350,6.456,0.039,-14.295,57,1
351,6.453,0.027,-14.288,83,1
352,6.455,0.017,-14.292,177,1
353,6.455,0.006,-14.292,179,1
354,6.462,0.412,-14.276,66,1
355,6.462,0.401,-14.275,93,1
356,6.461,0.391,-14.273,175,1
357,6.462,0.38,-14.274,180,1
358,6.462,0.368,-14.275,179,1
359,6.463,0.357,-14.277,171,1
360,6.462,0.346,-14.276,170,1
361,6.463,0.336,-14.278,178,1
362,6.462,0.325,-14.276,185,1
363,6.464,0.314,-14.28,183,1
364,6.464,0.303,-14.28,181,1
365,6.464,0.292,-14.279,189,1
366,6.464,0.281,-14.281,183,1
367,6.463,0.27,-14.278,183,1
368,6.465,0.259,-14.283,145,1
369,6.466,0.248,-14.285,59,1
370,6.467,0.237,-14.286,63,1
371,6.466,0.226,-14.285,61,1
372,6.467,0.215,-14.286,56,1
373,6.468,0.205,-14.288,52,1
374,6.468,0.193,-14.288,60,1
375,6.466,0.183,-14.284,53,1
376,6.468,0.171,-14.288,54,1
377,6.468,0.161,-14.288,54,1
378,6.466,0.15,-14.285,56,1
379,6.468,0.139,-14.289,63,1
380,6.468,0.128,-14.288,61,1
381,6.467,0.117,-14.287,63,1
382,6.466,0.106,-14.285,57,1
383,6.468,0.095,-14.288,52,1
384,6.468,0.084,-14.288,64,1
385,6.469,0.073,-14.29,64,1
386,6.468,0.062,-14.288,56,1
387,6.469,0.051,-14.289,57,1
388,6.468,0.041,-14.288,65,1
389,6.468,0.029,-14.288,153,1
390,6.468,0.018,-14.287,181,1
391,6.468,0.007,-14.288,183,1
392,6.47,0.411,-14.271,49,1
393,6.47,0.4,-14.271,89,1
394,6.469,0.389,-14.268,153,1
395,6.471,0.378,-14.272,170,1
396,6.47,0.367,-14.271,168,1
397,6.471,0.356,-14.273,175,1
398,6.471,0.345,-14.272,173,1
399,6.472,0.334,-14.274,175,1
400,6.471,0.323,-14.272,178,1
401,6.473,0.313,-14.277,189,1
402,6.472,0.301,-14.274,185,1
403,6.472,0.29,-14.275,183,1
404,6.473,0.28,-14.276,180,1
405,6.471,0.269,-14.273,185,1
406,6.474,0.257,-14.278,177,1
407,6.47,0.247,-14.27,173,1
408,6.475,0.236,-14.28,79,1
409,6.474,0.225,-14.278,54,1
410,6.476,0.214,-14.283,59,1
411,6.474,0.203,-14.28,49,1
412,6.478,0.192,-14.287,56,1
413,6.474,0.181,-14.278,48,1
414,6.475,0.17,-14.282,45,1
415,6.477,0.159,-14.284,53,1
416,6.474,0.148,-14.279,50,1
417,6.477,0.137,-14.286,56,1
418,6.477,0.127,-14.285,60,1
419,6.476,0.116,-14.283,66,1
420,6.475,0.105,-14.281,56,1
421,6.476,0.094,-14.283,52,1
422,6.477,0.083,-14.285,49,1
423,6.476,0.072,-14.284,50,1
424,6.478,0.061,-14.287,58,1
425,6.477,0.05,-14.284,54,1
426,6.477,0.039,-14.284,143,1
427,6.476,0.028,-14.283,184,1
428,6.476,0.017,-14.283,185,1
429,6.477,0.006,-14.285,175,1
430,6.478,0.402,-14.262,52,1
431,6.478,0.391,-14.262,61,1
432,6.481,0.38,-14.267,151,1
433,6.477,0.369,-14.259,155,1
434,6.481,0.358,-14.267,149,1
435,6.479,0.347,-14.263,154,1
436,6.479,0.336,-14.263,147,1
437,6.479,0.325,-14.264,151,1
438,6.479,0.314,-14.264,142,1
439,6.481,0.303,-14.267,141,1
440,6.479,0.292,-14.264,144,1
441,6.481,0.282,-14.268,140,1
442,6.479,0.271,-14.263,137,1
443,6.481,0.26,-14.268,137,1
444,6.482,0.249,-14.271,149,1
445,6.483,0.238,-14.273,144,1
446,6.484,0.227,-14.274,144,1
447,6.482,0.216,-14.271,141,1
448,6.483,0.205,-14.271,120,1
449,6.481,0.194,-14.267,100,1
450,6.481,0.183,-14.267,71,1
451,6.483,0.172,-14.272,44,1
452,6.483,0.162,-14.272,28,1
453,6.483,0.15,-14.272,26,1
454,6.485,0.14,-14.277,26,1
455,6.483,0.128,-14.271,43,1
456,6.486,0.117,-14.28,35,1
457,6.484,0.107,-14.273,34,1
458,6.484,0.096,-14.275,43,1
459,6.485,0.085,-14.276,38,1
460,6.485,0.074,-14.276,50,1
461,6.485,0.063,-14.276,111,1
462,6.484,0.052,-14.276,165,1
463,6.485,0.041,-14.277,172,1
464,6.485,0.03,-14.276,173,1
465,6.486,0.019,-14.278,176,1
466,6.485,0.008,-14.276,165,1
467,6.488,0.393,-14.252,29,1
468,6.492,0.382,-14.262,44,1
469,6.49,0.371,-14.256,106,1
470,6.488,0.36,-14.251,128,1
471,6.488,0.349,-14.253,133,1
472,6.488,0.338,-14.252,131,1
473,6.486,0.327,-14.248,130,1
474,6.486,0.316,-14.248,130,1
475,6.486,0.305,-14.248,131,1
476,6.486,0.294,-14.249,123,1
477,6.487,0.283,-14.25,122,1
478,6.487,0.272,-14.25,115,1
479,6.487,0.262,-14.25,116,1
480,6.488,0.25,-14.252,123,1
481,6.487,0.24,-14.25,117,1
482,6.488,0.228,-14.252,114,1
483,6.488,0.218,-14.252,118,1
484,6.489,0.206,-14.254,114,1
485,6.489,0.196,-14.253,119,1
486,6.488,0.185,-14.252,106,1
487,6.488,0.174,-14.252,98,1
488,6.489,0.163,-14.254,115,1
489,6.488,0.152,-14.252,114,1
490,6.488,0.141,-14.252,114,1
491,6.49,0.13,-14.257,108,1
492,6.49,0.119,-14.257,137,1
493,6.493,0.108,-14.262,135,1
494,6.492,0.097,-14.26,124,1
495,6.493,0.087,-14.262,126,1
496,6.492,0.076,-14.261,147,1
497,6.494,0.065,-14.265,144,1
498,6.494,0.054,-14.264,148,1
499,6.494,0.043,-14.264,141,1
500,6.494,0.032,-14.265,155,1
501,6.492,0.021,-14.26,154,1
502,6.494,0.01,-14.264,167,1
503,6.496,0.368,-14.245,47,1
504,6.505,0.358,-14.265,77,1
505,6.491,0.347,-14.236,106,1
506,6.491,0.336,-14.235,119,1
507,6.495,0.325,-14.243,125,1
508,6.494,0.313,-14.241,121,1
509,6.494,0.303,-14.241,125,1
510,6.494,0.292,-14.241,126,1
511,6.494,0.281,-14.241,121,1
512,6.496,0.27,-14.245,124,1
513,6.493,0.259,-14.238,105,1
514,6.487,0.248,-14.227,92,1
515,6.488,0.237,-14.227,93,1
516,6.49,0.226,-14.231,100,1
517,6.489,0.215,-14.229,98,1
518,6.49,0.204,-14.232,96,1
519,6.488,0.193,-14.228,96,1
520,6.489,0.182,-14.229,98,1
521,6.493,0.172,-14.238,114,1
522,6.493,0.161,-14.239,110,1
523,6.493,0.15,-14.239,102,1
524,6.49,0.139,-14.233,114,1
525,6.491,0.128,-14.235,112,1
526,6.491,0.117,-14.235,116,1
527,6.491,0.106,-14.236,95,1
528,6.493,0.095,-14.239,92,1
529,6.493,0.084,-14.239,97,1
530,6.495,0.073,-14.243,92,1
531,6.496,0.062,-14.245,92,1
532,6.496,0.052,-14.246,100,1
533,6.501,0.041,-14.255,116,1
534,6.501,0.03,-14.257,117,1
535,6.498,0.019,-14.25,127,1
536,6.499,0.007,-14.253,122,1
537,6.49,0.336,-14.208,51,1
538,6.499,0.326,-14.227,50,1
539,6.504,0.315,-14.238,78,1
540,6.505,0.305,-14.241,121,1
541,6.506,0.294,-14.243,142,1
542,6.508,0.283,-14.248,141,1
543,6.499,0.271,-14.227,123,1
544,6.487,0.26,-14.201,103,1
545,6.485,0.249,-14.198,98,1
546,6.486,0.238,-14.199,106,1
547,6.487,0.227,-14.201,99,1
548,6.485,0.216,-14.198,104,1
549,6.486,0.206,-14.198,103,1
550,6.486,0.195,-14.199,98,1
551,6.487,0.184,-14.2,94,1
552,6.489,0.173,-14.205,85,1
553,6.489,0.162,-14.205,90,1
554,6.489,0.151,-14.205,89,1
555,6.488,0.14,-14.203,86,1
556,6.489,0.129,-14.205,94,1
557,6.49,0.119,-14.208,84,1
558,6.49,0.108,-14.208,92,1
559,6.49,0.096,-14.207,83,1
560,6.49,0.086,-14.207,93,1
561,6.491,0.075,-14.209,90,1
562,6.491,0.064,-14.21,95,1
563,6.491,0.053,-14.21,95,1
564,6.497,0.042,-14.224,110,1
565,6.502,0.032,-14.233,112,1
566,6.502,0.021,-14.233,112,1
567,6.503,0.009,-14.235,116,1
568,6.484,0.294,-14.164,35,1
569,6.494,0.283,-14.185,51,1
570,6.502,0.273,-14.201,48,1
571,6.506,0.262,-14.21,56,1
572,6.49,0.25,-14.175,67,1
573,6.486,0.239,-14.167,80,1
574,6.485,0.228,-14.165,92,1
575,6.484,0.217,-14.162,89,1
576,6.485,0.206,-14.165,84,1
577,6.484,0.196,-14.164,91,1
578,6.485,0.184,-14.165,89,1
579,6.485,0.174,-14.165,84,1
580,6.487,0.163,-14.169,89,1
581,6.488,0.152,-14.171,96,1
582,6.486,0.141,-14.168,86,1
583,6.487,0.13,-14.17,91,1
584,6.488,0.12,-14.172,94,1
585,6.487,0.109,-14.169,92,1
586,6.485,0.098,-14.165,93,1
587,6.486,0.087,-14.167,95,1
588,6.486,0.076,-14.168,96,1
589,6.487,0.065,-14.169,92,1
590,6.49,0.054,-14.176,98,1
591,6.492,0.043,-14.179,97,1
592,6.508,0.032,-14.215,109,1
593,6.51,0.022,-14.219,95,1
594,6.513,0.01,-14.226,80,1
595,6.517,0,-14.235,52,1
596,6.484,0.248,-14.142,12,1
597,6.483,0.236,-14.14,33,1
598,6.482,0.226,-14.138,63,1
599,6.48,0.214,-14.133,54,1
600,6.478,0.204,-14.129,49,1
601,6.482,0.193,-14.138,45,1
602,6.481,0.182,-14.136,43,1
603,6.486,0.171,-14.146,38,1
604,6.488,0.161,-14.15,45,1
605,6.489,0.15,-14.153,45,1
606,6.491,0.139,-14.157,44,1
607,6.492,0.128,-14.16,42,1
608,6.493,0.117,-14.161,42,1
609,6.495,0.106,-14.167,40,1
610,6.49,0.095,-14.156,37,1
611,6.492,0.085,-14.16,31,1
612,6.49,0.074,-14.156,37,1
613,6.495,0.063,-14.165,35,1
614,6.489,0.052,-14.153,43,1
615,6.489,0.041,-14.153,43,1
616,6.491,0.031,-14.158,25,1
617,6.496,0.02,-14.168,12,1
0,6.146,0.306,-14.457,76,1
1,6.145,0.283,-14.455,116,1
2,6.144,0.262,-14.454,173,1
3,6.144,0.24,-14.453,173,1
4,6.144,0.228,-14.453,175,1
5,6.145,0.218,-14.455,176,1
6,6.146,0.206,-14.456,176,1
7,6.145,0.185,-14.455,179,1
8,6.146,0.174,-14.457,179,1
9,6.146,0.162,-14.458,177,1
10,6.146,0.152,-14.458,175,1
11,6.147,0.141,-14.459,170,1
12,6.145,0.13,-14.455,182,1
13,6.144,0.119,-14.453,177,1
14,6.146,0.108,-14.456,173,1
15,6.147,0.097,-14.458,180,1
16,6.146,0.086,-14.458,181,1
17,6.147,0.075,-14.458,175,1
18,6.147,0.064,-14.459,178,1
19,6.148,0.053,-14.462,176,1
20,6.148,0.042,-14.461,177,1
21,6.148,0.031,-14.463,176,1
22,6.147,0.02,-14.46,153,1
23,6.15,0.009,-14.467,139,1
24,6.156,0.323,-14.455,81,1
25,6.155,0.312,-14.452,130,1
26,6.154,0.301,-14.45,124,1
27,6.153,0.29,-14.448,178,1
28,6.153,0.279,-14.448,170,1
29,6.155,0.268,-14.452,183,1
30,6.153,0.257,-14.449,175,1
31,6.155,0.246,-14.452,178,1
32,6.154,0.235,-14.45,175,1
33,6.153,0.224,-14.449,181,1
34,6.156,0.213,-14.455,181,1
35,6.154,0.202,-14.449,171,1
36,6.153,0.191,-14.449,178,1
37,6.154,0.18,-14.451,177,1
38,6.154,0.169,-14.45,181,1
39,6.155,0.158,-14.452,176,1
40,6.154,0.147,-14.45,171,1
41,6.154,0.136,-14.449,170,1
42,6.155,0.125,-14.453,176,1
43,6.155,0.115,-14.452,176,1
44,6.155,0.104,-14.454,171,1
45,6.155,0.092,-14.453,179,1
46,6.157,0.081,-14.458,175,1
47,6.156,0.07,-14.457,182,1
48,6.157,0.059,-14.459,169,1
49,6.157,0.049,-14.457,184,1
50,6.158,0.038,-14.46,172,1
51,6.157,0.026,-14.458,175,1
52,6.157,0.015,-14.458,176,1
53,6.157,0.004,-14.458,170,1
54,6.163,0.335,-14.446,81,1
55,6.164,0.324,-14.448,132,1
56,6.163,0.313,-14.446,135,1
57,6.163,0.302,-14.446,175,1
58,6.164,0.291,-14.447,173,1
59,6.163,0.28,-14.446,181,1
60,6.162,0.269,-14.444,184,1
61,6.162,0.258,-14.443,179,1
62,6.163,0.247,-14.445,170,1
63,6.163,0.236,-14.445,177,1
64,6.163,0.225,-14.444,175,1
65,6.162,0.214,-14.444,175,1
66,6.164,0.203,-14.447,168,1
67,6.161,0.192,-14.441,170,1
68,6.164,0.181,-14.448,179,1
69,6.162,0.17,-14.443,183,1
70,6.163,0.159,-14.446,175,1
71,6.163,0.148,-14.445,180,1
72,6.165,0.138,-14.448,178,1
73,6.165,0.126,-14.449,171,1
74,6.165,0.115,-14.45,175,1
75,6.164,0.104,-14.447,171,1
76,6.165,0.093,-14.45,176,1
77,6.165,0.083,-14.45,164,1
78,6.165,0.072,-14.45,181,1
79,6.166,0.06,-14.451,173,1
80,6.166,0.049,-14.451,179,1
81,6.166,0.038,-14.45,176,1
82,6.167,0.028,-14.454,168,1
83,6.167,0.017,-14.455,170,1
84,6.165,0.006,-14.45,171,1
85,6.176,0.357,-14.439,14,1
86,6.178,0.346,-14.444,75,1
87,6.177,0.335,-14.441,144,1
88,6.177,0.324,-14.443,171,1
89,6.176,0.313,-14.441,172,1
90,6.176,0.302,-14.439,177,1
91,6.179,0.292,-14.447,178,1
92,6.175,0.28,-14.438,176,1
93,6.176,0.269,-14.439,175,1
94,6.175,0.258,-14.437,170,1
95,6.176,0.247,-14.44,178,1
96,6.175,0.236,-14.437,167,1
97,6.176,0.226,-14.44,177,1
98,6.175,0.214,-14.438,174,1
99,6.174,0.203,-14.436,178,1
100,6.177,0.192,-14.441,183,1
101,6.177,0.181,-14.441,182,1
102,6.177,0.171,-14.443,178,1
103,6.177,0.16,-14.441,186,1
104,6.178,0.148,-14.443,185,1
105,6.177,0.138,-14.442,180,1
106,6.177,0.126,-14.443,183,1
107,6.176,0.116,-14.44,185,1
108,6.177,0.105,-14.443,185,1
109,6.177,0.094,-14.441,183,1
110,6.177,0.083,-14.442,172,1
111,6.177,0.072,-14.443,173,1
112,6.178,0.061,-14.445,179,1
113,6.179,0.05,-14.446,173,1
114,6.179,0.039,-14.446,175,1
115,6.18,0.028,-14.449,177,1
116,6.179,0.017,-14.446,181,1
117,6.18,0.006,-14.449,172,1
118,6.186,0.364,-14.441,34,1
119,6.183,0.353,-14.436,73,1
120,6.183,0.342,-14.436,129,1
121,6.183,0.331,-14.436,186,1
122,6.185,0.32,-14.44,174,1
123,6.183,0.309,-14.436,176,1
124,6.184,0.298,-14.438,173,1
125,6.184,0.287,-14.437,179,1
126,6.182,0.276,-14.434,175,1
127,6.183,0.265,-14.436,180,1
128,6.182,0.254,-14.433,177,1
129,6.185,0.243,-14.438,172,1
130,6.183,0.232,-14.434,184,1
131,6.183,0.221,-14.435,191,1
132,6.182,0.21,-14.434,186,1
133,6.183,0.2,-14.436,185,1
134,6.183,0.189,-14.435,186,1
135,6.185,0.178,-14.438,179,1
136,6.183,0.167,-14.436,188,1
137,6.183,0.155,-14.436,185,1
138,6.186,0.145,-14.441,180,1
139,6.185,0.134,-14.439,172,1
140,6.186,0.123,-14.441,182,1
141,6.185,0.112,-14.438,186,1
142,6.186,0.101,-14.442,185,1
143,6.185,0.09,-14.44,187,1
144,6.186,0.079,-14.442,182,1
145,6.185,0.068,-14.439,190,1
146,6.187,0.057,-14.443,171,1
147,6.186,0.046,-14.441,176,1
148,6.188,0.035,-14.445,178,1
149,6.186,0.024,-14.441,175,1
150,6.187,0.013,-14.443,170,1
151,6.188,0.002,-14.447,170,1
152,6.195,0.369,-14.436,66,1
153,6.194,0.358,-14.435,150,1
154,6.192,0.347,-14.428,200,1
155,6.193,0.336,-14.432,171,1
156,6.193,0.325,-14.432,180,1
157,6.193,0.314,-14.431,172,1
158,6.194,0.303,-14.433,169,1
159,6.192,0.292,-14.429,175,1
160,6.194,0.281,-14.434,177,1
161,6.192,0.27,-14.429,179,1
162,6.193,0.259,-14.431,187,1
163,6.193,0.248,-14.43,189,1
164,6.193,0.237,-14.432,182,1
165,6.192,0.226,-14.428,179,1
166,6.194,0.215,-14.433,184,1
167,6.193,0.204,-14.431,181,1
168,6.193,0.193,-14.432,184,1
169,6.193,0.183,-14.43,181,1
170,6.194,0.171,-14.432,180,1
171,6.193,0.161,-14.431,189,1
172,6.194,0.149,-14.433,181,1
173,6.194,0.138,-14.433,180,1
174,6.193,0.127,-14.432,181,1
175,6.194,0.117,-14.434,187,1
176,6.193,0.105,-14.432,183,1
177,6.196,0.094,-14.439,179,1
178,6.195,0.083,-14.435,185,1
179,6.195,0.072,-14.436,183,1
180,6.195,0.062,-14.436,184,1
181,6.195,0.051,-14.436,178,1
182,6.195,0.04,-14.435,176,1
183,6.196,0.029,-14.439,170,1
184,6.195,0.018,-14.436,176,1
185,6.197,0.007,-14.44,173,1
186,6.206,0.383,-14.427,39,1
187,6.205,0.372,-14.425,111,1
188,6.205,0.361,-14.425,152,1
189,6.205,0.35,-14.425,177,1
190,6.203,0.339,-14.422,177,1
191,6.207,0.328,-14.429,177,1
192,6.204,0.317,-14.422,179,1
193,6.205,0.306,-14.424,180,1
194,6.205,0.295,-14.425,179,1
195,6.206,0.284,-14.426,172,1
196,6.205,0.273,-14.425,186,1
197,6.205,0.262,-14.425,188,1
198,6.206,0.251,-14.426,190,1
199,6.204,0.24,-14.422,180,1
200,6.205,0.229,-14.426,183,1
201,6.203,0.219,-14.421,185,1
202,6.205,0.207,-14.425,180,1
203,6.205,0.197,-14.424,182,1
204,6.205,0.185,-14.425,177,1
205,6.205,0.174,-14.425,184,1
206,6.205,0.163,-14.425,186,1
207,6.205,0.153,-14.425,180,1
208,6.205,0.142,-14.425,187,1
209,6.205,0.131,-14.425,189,1
210,6.205,0.119,-14.425,181,1
211,6.207,0.108,-14.428,185,1
212,6.207,0.098,-14.429,186,1
213,6.208,0.087,-14.431,181,1
214,6.207,0.076,-14.43,182,1
215,6.208,0.065,-14.432,178,1
216,6.208,0.054,-14.432,177,1
217,6.208,0.043,-14.432,179,1
218,6.208,0.032,-14.432,183,1
219,6.208,0.021,-14.432,174,1
220,6.209,0.01,-14.434,169,1
221,6.218,0.392,-14.433,14,1
222,6.214,0.38,-14.424,84,1
223,6.215,0.359,-14.426,175,1
224,6.214,0.348,-14.424,180,1
225,6.215,0.337,-14.425,177,1
226,6.213,0.326,-14.422,184,1
227,6.213,0.315,-14.422,171,1
228,6.213,0.304,-14.422,179,1
229,6.214,0.293,-14.422,186,1
230,6.212,0.282,-14.42,189,1
231,6.214,0.271,-14.423,180,1
232,6.213,0.26,-14.42,187,1
233,6.213,0.249,-14.421,183,1
234,6.213,0.238,-14.42,175,1
235,6.213,0.227,-14.422,178,1
236,6.214,0.216,-14.424,178,1
237,6.213,0.205,-14.421,188,1
238,6.214,0.194,-14.424,185,1
239,6.214,0.183,-14.424,180,1
240,6.215,0.172,-14.425,179,1
241,6.214,0.161,-14.424,185,1
242,6.215,0.15,-14.425,180,1
243,6.215,0.139,-14.425,181,1
244,6.214,0.128,-14.423,181,1
245,6.215,0.117,-14.425,185,1
246,6.214,0.106,-14.425,177,1
247,6.214,0.095,-14.424,184,1
248,6.216,0.084,-14.428,177,1
249,6.215,0.073,-14.427,184,1
250,6.215,0.063,-14.426,184,1
251,6.215,0.052,-14.426,179,1
252,6.216,0.041,-14.428,185,1
253,6.217,0.03,-14.429,174,1
254,6.216,0.019,-14.428,185,1
255,6.217,0.008,-14.429,178,1
256,6.225,0.396,-14.422,34,1
257,6.224,0.385,-14.42,134,1
258,6.222,0.374,-14.415,158,1
259,6.223,0.363,-14.419,173,1
260,6.222,0.352,-14.417,180,1
261,6.224,0.341,-14.42,180,1
262,6.223,0.33,-14.418,174,1
263,6.223,0.319,-14.417,181,1
264,6.222,0.308,-14.415,181,1
265,6.222,0.297,-14.416,185,1
266,6.222,0.286,-14.415,187,1
267,6.223,0.275,-14.417,187,1
268,6.223,0.264,-14.418,184,1
269,6.222,0.253,-14.415,186,1
270,6.223,0.242,-14.417,180,1
271,6.221,0.231,-14.414,185,1
272,6.222,0.221,-14.415,186,1
273,6.224,0.209,-14.419,184,1
274,6.223,0.199,-14.418,180,1
275,6.224,0.188,-14.42,205,1
276,6.225,0.176,-14.422,182,1
277,6.223,0.166,-14.418,180,1
278,6.225,0.155,-14.422,179,1
279,6.224,0.144,-14.419,182,1
280,6.223,0.132,-14.417,178,1
281,6.224,0.122,-14.419,185,1
282,6.222,0.111,-14.415,185,1
283,6.224,0.1,-14.42,190,1
284,6.224,0.089,-14.42,179,1
285,6.224,0.078,-14.419,183,1
286,6.223,0.067,-14.418,185,1
287,6.225,0.056,-14.422,176,1
288,6.225,0.045,-14.421,182,1
289,6.227,0.034,-14.425,187,1
290,6.227,0.023,-14.427,175,1
291,6.227,0.012,-14.428,183,1
292,6.227,0.001,-14.427,185,1
293,6.235,0.397,-14.415,56,1
294,6.235,0.386,-14.414,125,1
295,6.235,0.375,-14.414,169,1
296,6.235,0.364,-14.413,173,1
297,6.234,0.353,-14.411,177,1
298,6.234,0.342,-14.411,178,1
299,6.234,0.331,-14.413,179,1
300,6.234,0.32,-14.411,181,1
301,6.235,0.31,-14.413,180,1
302,6.233,0.299,-14.41,186,1
303,6.233,0.287,-14.41,190,1
304,6.233,0.276,-14.408,190,1
305,6.234,0.265,-14.41,187,1
306,6.233,0.255,-14.409,185,1
307,6.234,0.244,-14.411,182,1
308,6.234,0.233,-14.41,188,1
309,6.234,0.221,-14.413,188,1
310,6.236,0.211,-14.415,178,1
311,6.234,0.199,-14.41,185,1
312,6.235,0.189,-14.413,178,1
313,6.234,0.178,-14.41,181,1
314,6.234,0.167,-14.41,179,1
315,6.234,0.156,-14.411,181,1
316,6.235,0.145,-14.414,181,1
317,6.234,0.134,-14.41,175,1
318,6.235,0.123,-14.413,184,1
319,6.235,0.112,-14.413,178,1
320,6.235,0.101,-14.413,183,1
321,6.235,0.09,-14.413,179,1
322,6.237,0.079,-14.417,185,1
323,6.235,0.068,-14.413,190,1
324,6.237,0.057,-14.418,179,1
325,6.237,0.046,-14.418,179,1
326,6.239,0.035,-14.423,180,1
327,6.24,0.024,-14.424,180,1
328,6.238,0.014,-14.42,177,1
329,6.238,0.002,-14.42,170,1
330,6.242,0.406,-14.409,25,1
331,6.24,0.395,-14.405,113,1
332,6.242,0.384,-14.408,177,1
333,6.239,0.373,-14.402,178,1
334,6.241,0.362,-14.408,163,1
335,6.241,0.351,-14.406,174,1
336,6.243,0.34,-14.411,177,1
337,6.242,0.329,-14.41,175,1
338,6.243,0.318,-14.411,178,1
339,6.243,0.307,-14.411,189,1
340,6.241,0.296,-14.408,190,1
341,6.242,0.286,-14.409,184,1
342,6.242,0.275,-14.408,183,1
343,6.241,0.264,-14.408,190,1
344,6.241,0.252,-14.407,165,1
345,6.242,0.241,-14.408,172,1
346,6.241,0.23,-14.406,184,1
347,6.241,0.22,-14.407,184,1
348,6.242,0.209,-14.41,183,1
349,6.241,0.198,-14.407,190,1
350,6.241,0.186,-14.407,181,1
351,6.243,0.176,-14.41,180,1
352,6.242,0.165,-14.408,177,1
353,6.243,0.154,-14.411,184,1
354,6.243,0.143,-14.411,186,1
355,6.244,0.132,-14.413,184,1
356,6.244,0.121,-14.413,180,1
357,6.242,0.11,-14.409,184,1
358,6.243,0.099,-14.411,181,1
359,6.242,0.088,-14.41,181,1
360,6.243,0.077,-14.41,183,1
361,6.244,0.066,-14.413,186,1
362,6.246,0.055,-14.417,181,1
363,6.244,0.044,-14.413,184,1
364,6.245,0.034,-14.416,175,1
365,6.246,0.022,-14.417,176,1
366,6.246,0.011,-14.416,178,1
367,6.247,0,-14.418,182,1
368,6.252,0.408,-14.403,46,1
369,6.252,0.398,-14.402,117,1
370,6.252,0.387,-14.402,174,1
371,6.251,0.376,-14.399,170,1
372,6.252,0.365,-14.402,175,1
373,6.252,0.354,-14.402,178,1
374,6.251,0.343,-14.4,164,1
375,6.253,0.332,-14.403,176,1
376,6.252,0.321,-14.402,180,1
377,6.253,0.31,-14.404,181,1
378,6.251,0.299,-14.4,177,1
379,6.253,0.288,-14.405,181,1
380,6.252,0.277,-14.401,184,1
381,6.254,0.266,-14.406,180,1
382,6.255,0.255,-14.408,97,1
383,6.253,0.244,-14.405,82,1
384,6.254,0.233,-14.406,87,1
385,6.253,0.222,-14.405,93,1
386,6.253,0.211,-14.405,93,1
387,6.253,0.2,-14.405,95,1
388,6.253,0.19,-14.403,102,1
389,6.253,0.178,-14.405,100,1
390,6.253,0.167,-14.405,95,1
391,6.254,0.156,-14.406,96,1
392,6.253,0.145,-14.404,102,1
393,6.254,0.135,-14.406,128,1
394,6.253,0.123,-14.403,150,1
395,6.251,0.112,-14.4,188,1
396,6.254,0.101,-14.405,174,1
397,6.254,0.09,-14.406,193,1
398,6.254,0.08,-14.406,178,1
399,6.256,0.069,-14.41,183,1
400,6.257,0.058,-14.412,179,1
401,6.256,0.047,-14.41,177,1
402,6.256,0.036,-14.411,183,1
403,6.255,0.025,-14.408,182,1
404,6.256,0.014,-14.41,174,1
405,6.254,0.003,-14.406,170,1
406,6.262,0.411,-14.391,75,1
407,6.263,0.4,-14.394,159,1
408,6.265,0.389,-14.397,172,1
409,6.265,0.378,-14.399,178,1
410,6.264,0.367,-14.395,178,1
411,6.263,0.356,-14.394,174,1
412,6.264,0.345,-14.395,182,1
413,6.264,0.335,-14.394,177,1
414,6.263,0.323,-14.394,184,1
415,6.264,0.312,-14.394,183,1
416,6.264,0.301,-14.396,181,1
417,6.265,0.291,-14.399,179,1
418,6.264,0.28,-14.396,189,1
419,6.265,0.269,-14.397,184,1
420,6.266,0.257,-14.401,124,1
421,6.265,0.247,-14.398,81,1
422,6.265,0.236,-14.398,90,1
423,6.266,0.225,-14.4,83,1
424,6.266,0.214,-14.4,94,1
425,6.266,0.203,-14.4,90,1
426,6.265,0.192,-14.398,95,1
427,6.267,0.181,-14.402,102,1
428,6.266,0.17,-14.399,104,1
429,6.267,0.159,-14.401,99,1
430,6.266,0.148,-14.399,102,1
431,6.266,0.137,-14.398,95,1
432,6.266,0.126,-14.4,96,1
433,6.266,0.115,-14.398,178,1
434,6.266,0.104,-14.401,180,1
435,6.265,0.093,-14.398,180,1
436,6.266,0.082,-14.4,179,1
437,6.266,0.071,-14.399,181,1
438,6.269,0.06,-14.406,75,1
439,6.267,0.049,-14.402,82,1
440,6.268,0.038,-14.404,156,1
441,6.269,0.027,-14.407,180,1
442,6.268,0.016,-14.404,187,1
443,6.269,0.005,-14.407,180,1
444,6.271,0.421,-14.391,65,1
445,6.272,0.41,-14.392,123,1
446,6.27,0.398,-14.388,172,1
447,6.27,0.387,-14.388,176,1
448,6.27,0.377,-14.389,168,1
449,6.271,0.366,-14.39,180,1
450,6.27,0.354,-14.388,179,1
451,6.27,0.343,-14.387,179,1
452,6.271,0.333,-14.39,182,1
453,6.271,0.322,-14.391,183,1
454,6.271,0.311,-14.391,184,1
455,6.272,0.3,-14.393,179,1
456,6.272,0.289,-14.392,180,1
457,6.274,0.278,-14.397,183,1
458,6.274,0.267,-14.396,181,1
459,6.274,0.256,-14.398,90,1
460,6.272,0.245,-14.392,89,1
461,6.275,0.234,-14.399,88,1
462,6.274,0.223,-14.397,88,1
463,6.274,0.212,-14.397,91,1
464,6.273,0.201,-14.394,99,1
465,6.273,0.19,-14.394,95,1
466,6.273,0.179,-14.396,100,1
467,6.273,0.168,-14.394,95,1
468,6.274,0.157,-14.397,101,1
469,6.274,0.147,-14.396,101,1
470,6.275,0.135,-14.399,96,1
471,6.274,0.124,-14.397,122,1
472,6.274,0.113,-14.396,182,1
473,6.275,0.102,-14.4,178,1
474,6.274,0.091,-14.397,185,1
475,6.275,0.081,-14.399,185,1
476,6.276,0.07,-14.401,156,1
477,6.277,0.059,-14.403,77,1
478,6.276,0.048,-14.401,78,1
479,6.278,0.036,-14.405,71,1
480,6.277,0.026,-14.403,162,1
481,6.276,0.015,-14.401,183,1
482,6.274,0.004,-14.397,180,1
483,6.281,0.424,-14.386,70,1
484,6.28,0.414,-14.384,125,1
485,6.28,0.403,-14.384,180,1
486,6.28,0.391,-14.384,175,1
487,6.279,0.38,-14.382,176,1
488,6.28,0.369,-14.385,173,1
489,6.28,0.359,-14.385,174,1
490,6.281,0.348,-14.387,175,1
491,6.282,0.337,-14.389,179,1
492,6.28,0.326,-14.385,180,1
493,6.281,0.315,-14.388,180,1
494,6.283,0.303,-14.391,178,1
495,6.28,0.293,-14.385,182,1
496,6.282,0.282,-14.389,179,1
497,6.281,0.271,-14.387,182,1
498,6.284,0.26,-14.393,131,1
499,6.283,0.249,-14.391,79,1
500,6.283,0.238,-14.391,83,1
501,6.282,0.227,-14.39,86,1
502,6.284,0.216,-14.392,155,1
503,6.283,0.205,-14.391,142,1
504,6.284,0.194,-14.392,120,1
505,6.282,0.184,-14.39,112,1
506,6.283,0.172,-14.39,105,1
507,6.284,0.161,-14.392,97,1
508,6.283,0.15,-14.391,86,1
509,6.284,0.139,-14.393,92,1
510,6.285,0.128,-14.394,93,1
511,6.283,0.117,-14.391,184,1
512,6.283,0.106,-14.391,179,1
513,6.284,0.095,-14.392,187,1
514,6.283,0.084,-14.391,189,1
515,6.285,0.073,-14.396,152,1
516,6.286,0.063,-14.396,78,1
517,6.286,0.052,-14.396,74,1
518,6.285,0.041,-14.396,67,1
519,6.286,0.03,-14.398,62,1
520,6.286,0.019,-14.398,145,1
521,6.285,0.008,-14.395,177,1
522,6.293,0.429,-14.379,66,1
523,6.292,0.417,-14.376,109,1
524,6.292,0.407,-14.377,177,1
525,6.291,0.396,-14.374,174,1
526,6.293,0.385,-14.38,168,1
527,6.293,0.374,-14.377,173,1
528,6.294,0.363,-14.38,182,1
529,6.292,0.352,-14.376,179,1
530,6.293,0.341,-14.38,179,1
531,6.293,0.33,-14.379,184,1
532,6.293,0.319,-14.379,182,1
533,6.293,0.308,-14.379,184,1
534,6.294,0.297,-14.38,186,1
535,6.294,0.286,-14.38,179,1
536,6.294,0.275,-14.38,184,1
537,6.294,0.264,-14.38,174,1
538,6.296,0.254,-14.384,69,1
539,6.296,0.242,-14.384,74,1
540,6.296,0.231,-14.385,81,1
541,6.295,0.22,-14.382,168,1
542,6.294,0.21,-14.381,181,1
543,6.297,0.199,-14.387,189,1
544,6.294,0.188,-14.382,186,1
545,6.295,0.176,-14.383,96,1
546,6.296,0.166,-14.385,92,1
547,6.295,0.155,-14.383,95,1
548,6.297,0.144,-14.387,100,1
549,6.296,0.133,-14.384,179,1
550,6.295,0.122,-14.383,188,1
551,6.294,0.111,-14.382,187,1
552,6.297,0.1,-14.386,181,1
553,6.296,0.089,-14.384,184,1
554,6.298,0.078,-14.388,173,1
555,6.297,0.067,-14.387,153,1
556,6.297,0.056,-14.387,75,1
557,6.298,0.045,-14.389,62,1
558,6.299,0.034,-14.392,63,1
559,6.297,0.023,-14.387,66,1
560,6.296,0.012,-14.385,156,1
561,6.298,0.001,-14.388,177,1
562,6.301,0.429,-14.374,60,1
563,6.3,0.418,-14.371,114,1
564,6.301,0.407,-14.373,170,1
565,6.301,0.396,-14.375,175,1
566,6.299,0.385,-14.37,173,1
567,6.3,0.374,-14.371,179,1
568,6.3,0.363,-14.372,172,1
569,6.3,0.352,-14.372,180,1
570,6.299,0.341,-14.37,175,1
571,6.3,0.33,-14.372,181,1
572,6.3,0.319,-14.372,185,1
573,6.3,0.308,-14.372,180,1
574,6.301,0.298,-14.374,187,1
575,6.302,0.287,-14.376,181,1
576,6.303,0.275,-14.378,186,1
577,6.303,0.264,-14.378,173,1
578,6.304,0.254,-14.381,65,1
579,6.304,0.243,-14.38,70,1
580,6.305,0.232,-14.382,73,1
581,6.304,0.221,-14.379,169,1
582,6.304,0.21,-14.379,185,1
583,6.304,0.199,-14.379,184,1
584,6.303,0.188,-14.377,180,1
585,6.303,0.177,-14.378,96,1
586,6.305,0.166,-14.382,100,1
587,6.304,0.155,-14.38,108,1
588,6.304,0.144,-14.38,158,1
589,6.303,0.133,-14.377,186,1
590,6.304,0.122,-14.38,190,1
591,6.304,0.111,-14.38,192,1
592,6.305,0.1,-14.382,190,1
593,6.305,0.089,-14.382,191,1
594,6.308,0.078,-14.389,180,1
595,6.305,0.068,-14.382,181,1
596,6.306,0.056,-14.384,181,1
597,6.306,0.045,-14.385,60,1
598,6.307,0.034,-14.387,55,1
599,6.305,0.023,-14.38,63,1
600,6.304,0.013,-14.38,91,1
601,6.305,0.002,-14.382,179,1
602,6.308,0.432,-14.367,67,1
603,6.308,0.421,-14.367,102,1
604,6.308,0.41,-14.367,177,1
605,6.308,0.399,-14.367,174,1
606,6.307,0.388,-14.365,176,1
607,6.308,0.377,-14.368,173,1
608,6.308,0.366,-14.367,173,1
609,6.308,0.355,-14.369,177,1
610,6.309,0.344,-14.37,175,1
611,6.309,0.333,-14.369,184,1
612,6.307,0.322,-14.366,177,1
613,6.308,0.311,-14.366,182,1
614,6.309,0.3,-14.37,186,1
615,6.309,0.289,-14.369,178,1
616,6.309,0.279,-14.37,182,1
617,6.309,0.268,-14.369,182,1
618,6.311,0.257,-14.375,59,1
619,6.312,0.245,-14.375,56,1
620,6.311,0.235,-14.373,65,1
621,6.311,0.224,-14.373,140,1
622,6.311,0.213,-14.373,185,1
623,6.311,0.202,-14.374,183,1
624,6.311,0.191,-14.374,190,1
625,6.312,0.18,-14.377,83,1
626,6.314,0.169,-14.38,94,1
627,6.312,0.158,-14.376,97,1
628,6.313,0.147,-14.378,105,1
629,6.314,0.136,-14.382,187,1
630,6.311,0.125,-14.374,181,1
631,6.312,0.114,-14.375,191,1
632,6.311,0.104,-14.375,181,1
633,6.312,0.093,-14.376,181,1
634,6.312,0.081,-14.375,181,1
635,6.312,0.07,-14.377,182,1
636,6.312,0.059,-14.376,184,1
637,6.314,0.049,-14.381,127,1
638,6.313,0.038,-14.379,51,1
639,6.313,0.026,-14.379,65,1
640,6.314,0.015,-14.38,66,1
641,6.312,0.004,-14.376,181,1
642,6.321,0.434,-14.361,59,1
643,6.319,0.423,-14.358,118,1
644,6.32,0.412,-14.359,177,1
645,6.321,0.401,-14.363,176,1
646,6.32,0.39,-14.36,176,1
647,6.321,0.379,-14.362,168,1
648,6.319,0.368,-14.358,162,1
649,6.321,0.357,-14.361,179,1
650,6.32,0.346,-14.359,179,1
651,6.322,0.335,-14.364,180,1
652,6.32,0.324,-14.359,182,1
653,6.32,0.313,-14.359,174,1
654,6.32,0.302,-14.359,179,1
655,6.321,0.291,-14.361,188,1
656,6.322,0.28,-14.364,184,1
657,6.321,0.269,-14.363,183,1
658,6.323,0.259,-14.366,63,1
659,6.324,0.248,-14.368,58,1
660,6.324,0.236,-14.367,68,1
661,6.324,0.226,-14.368,128,1
662,6.325,0.214,-14.37,188,1
663,6.324,0.204,-14.369,191,1
664,6.324,0.193,-14.368,180,1
665,6.326,0.182,-14.372,125,1
666,6.326,0.171,-14.372,76,1
667,6.325,0.16,-14.371,83,1
668,6.326,0.149,-14.373,83,1
669,6.326,0.138,-14.372,104,1
670,6.324,0.127,-14.367,182,1
671,6.325,0.116,-14.371,188,1
672,6.325,0.105,-14.369,185,1
673,6.326,0.094,-14.372,181,1
674,6.325,0.083,-14.37,180,1
675,6.325,0.072,-14.371,180,1
676,6.325,0.061,-14.371,170,1
677,6.325,0.05,-14.371,59,1
678,6.327,0.039,-14.375,58,1
679,6.325,0.028,-14.37,64,1
680,6.327,0.018,-14.375,61,1
681,6.325,0.007,-14.37,179,1
682,6.329,0.433,-14.357,57,1
683,6.329,0.421,-14.357,155,1
684,6.328,0.41,-14.355,174,1
685,6.329,0.4,-14.358,177,1
686,6.328,0.389,-14.356,176,1
687,6.328,0.378,-14.356,175,1
688,6.328,0.367,-14.355,173,1
689,6.329,0.356,-14.358,184,1
690,6.328,0.345,-14.356,185,1
691,6.33,0.334,-14.358,183,1
692,6.328,0.323,-14.355,182,1
693,6.33,0.312,-14.358,175,1
694,6.329,0.301,-14.356,181,1
695,6.33,0.29,-14.359,178,1
696,6.33,0.279,-14.359,180,1
697,6.331,0.269,-14.361,174,1
698,6.332,0.257,-14.363,58,1
699,6.332,0.246,-14.365,60,1
700,6.332,0.235,-14.365,66,1
701,6.333,0.225,-14.365,155,1
702,6.333,0.214,-14.366,181,1
703,6.332,0.203,-14.365,185,1
704,6.332,0.191,-14.364,178,1
705,6.332,0.181,-14.363,178,1
706,6.336,0.17,-14.372,68,1
707,6.333,0.159,-14.365,73,1
708,6.334,0.148,-14.368,77,1
709,6.332,0.137,-14.364,86,1
710,6.332,0.126,-14.364,83,1
711,6.334,0.115,-14.367,95,1
712,6.335,0.104,-14.372,134,1
713,6.335,0.093,-14.37,151,1
714,6.336,0.082,-14.372,155,1
715,6.336,0.071,-14.373,93,1
716,6.334,0.06,-14.367,59,1
717,6.334,0.049,-14.368,61,1
718,6.334,0.038,-14.369,63,1
719,6.334,0.027,-14.368,68,1
720,6.332,0.016,-14.365,119,1
721,6.331,0.005,-14.361,180,1
722,6.337,0.437,-14.352,74,1
723,6.337,0.426,-14.351,112,1
724,6.335,0.415,-14.348,174,1
725,6.335,0.404,-14.349,178,1
726,6.337,0.393,-14.352,174,1
727,6.337,0.382,-14.352,171,1
728,6.336,0.371,-14.35,172,1
729,6.335,0.36,-14.349,184,1
730,6.338,0.35,-14.354,184,1
731,6.336,0.338,-14.349,183,1
732,6.337,0.327,-14.35,177,1
733,6.336,0.317,-14.349,183,1
734,6.338,0.306,-14.354,176,1
735,6.338,0.295,-14.354,179,1
736,6.338,0.284,-14.354,179,1
737,6.339,0.273,-14.355,180,1
738,6.34,0.262,-14.358,156,1
739,6.34,0.251,-14.358,116,1
740,6.339,0.24,-14.357,115,1
741,6.342,0.229,-14.362,92,1
742,6.341,0.218,-14.361,180,1
743,6.342,0.207,-14.362,179,1
744,6.34,0.196,-14.358,187,1
745,6.34,0.185,-14.358,186,1
746,6.34,0.174,-14.358,171,1
747,6.341,0.163,-14.36,63,1
748,6.342,0.152,-14.362,79,1
749,6.342,0.142,-14.363,65,1
750,6.341,0.131,-14.361,71,1
751,6.341,0.119,-14.362,73,1
752,6.342,0.108,-14.363,72,1
753,6.343,0.097,-14.365,64,1
754,6.342,0.087,-14.363,59,1
755,6.342,0.076,-14.363,63,1
756,6.343,0.065,-14.365,63,1
757,6.343,0.054,-14.365,62,1
758,6.342,0.043,-14.363,56,1
759,6.342,0.032,-14.363,58,1
760,6.343,0.021,-14.365,125,1
761,6.344,0.01,-14.366,177,1
762,6.348,0.441,-14.343,49,1
763,6.347,0.43,-14.34,116,1
764,6.349,0.419,-14.344,178,1
765,6.348,0.408,-14.341,178,1
766,6.35,0.398,-14.345,169,1
767,6.348,0.387,-14.342,175,1
768,6.35,0.375,-14.347,175,1
769,6.348,0.364,-14.342,181,1
770,6.349,0.354,-14.344,178,1
771,6.35,0.343,-14.345,177,1
772,6.349,0.332,-14.344,180,1
773,6.35,0.321,-14.345,181,1
774,6.349,0.31,-14.345,182,1
775,6.35,0.299,-14.345,182,1
776,6.35,0.288,-14.345,180,1
777,6.35,0.277,-14.347,178,1
778,6.351,0.266,-14.348,176,1
779,6.351,0.255,-14.348,177,1
780,6.351,0.244,-14.348,177,1
781,6.353,0.234,-14.353,180,1
782,6.353,0.222,-14.354,177,1
783,6.353,0.212,-14.353,183,1
784,6.352,0.2,-14.351,183,1
785,6.35,0.189,-14.346,184,1
786,6.353,0.179,-14.352,183,1
787,6.352,0.168,-14.351,187,1
788,6.354,0.157,-14.355,127,1
789,6.352,0.146,-14.351,67,1
790,6.353,0.134,-14.353,67,1
791,6.355,0.124,-14.357,66,1
792,6.354,0.113,-14.355,64,1
793,6.354,0.102,-14.356,59,1
794,6.355,0.091,-14.357,64,1
795,6.356,0.08,-14.359,56,1
796,6.355,0.069,-14.358,57,1
797,6.355,0.058,-14.356,57,1
798,6.354,0.047,-14.356,69,1
799,6.354,0.036,-14.354,92,1
834,6.361,0.179,-14.35,185,1
835,6.36,0.168,-14.349,181,1
836,6.361,0.157,-14.349,181,1
837,6.362,0.147,-14.352,177,1
838,6.362,0.135,-14.352,104,1
839,6.362,0.124,-14.352,71,1
840,6.361,0.113,-14.351,65,1
841,6.364,0.102,-14.356,74,1
842,6.361,0.091,-14.349,76,1
843,6.363,0.08,-14.353,58,1
844,6.361,0.069,-14.35,58,1
845,6.362,0.058,-14.352,66,1
846,6.362,0.047,-14.351,141,1
847,6.362,0.037,-14.351,176,1
848,6.363,0.026,-14.354,181,1
849,6.361,0.015,-14.349,182,1
850,6.362,0.004,-14.352,169,1
851,6.367,0.324,-14.337,178,1
852,6.367,0.313,-14.337,177,1
853,6.368,0.303,-14.339,178,1
854,6.368,0.292,-14.34,177,1
855,6.367,0.281,-14.337,177,1
856,6.369,0.27,-14.342,179,1
857,6.367,0.259,-14.337,182,1
858,6.368,0.248,-14.34,176,1
859,6.368,0.237,-14.34,182,1
860,6.37,0.226,-14.342,179,1
861,6.369,0.215,-14.342,185,1
862,6.369,0.204,-14.341,173,1
863,6.37,0.193,-14.344,181,1
864,6.369,0.182,-14.34,184,1
865,6.371,0.171,-14.345,186,1
866,6.37,0.16,-14.344,183,1
867,6.372,0.149,-14.347,184,1
868,6.371,0.138,-14.345,185,1
869,6.371,0.127,-14.345,184,1
870,6.371,0.116,-14.345,170,1
871,6.371,0.105,-14.346,181,1
872,6.372,0.094,-14.348,179,1
873,6.371,0.083,-14.345,177,1
874,6.37,0.073,-14.342,183,1
875,6.371,0.062,-14.345,179,1
876,6.371,0.051,-14.346,183,1
877,6.371,0.04,-14.344,188,1
878,6.37,0.029,-14.344,186,1
879,6.369,0.018,-14.342,181,1
880,6.371,0.007,-14.344,181,1
881,6.383,0.229,-14.339,120,1
882,6.382,0.218,-14.337,68,1
883,6.382,0.207,-14.337,62,1
884,6.383,0.185,-14.339,60,1
885,6.383,0.163,-14.338,66,1
886,6.383,0.141,-14.338,75,1
887,6.384,0.131,-14.34,101,1
888,6.384,0.119,-14.341,129,1
889,6.383,0.109,-14.337,157,1
890,6.383,0.098,-14.339,177,1
891,6.383,0.087,-14.339,182,1
892,6.383,0.076,-14.338,181,1
893,6.384,0.065,-14.34,182,1
894,6.383,0.054,-14.339,181,1
895,6.393,0.437,-14.338,123,1
896,6.392,0.207,-14.337,64,1
897,6.392,0.098,-14.337,71,1
898,6.429,0.438,-14.337,64,1
899,6.442,0.44,-14.344,28,1
1014,6.353,0.025,-14.353,183,1
1015,6.354,0.014,-14.354,182,1
1016,6.352,0.003,-14.351,179,1
1017,6.358,0.442,-14.342,46,1
1018,6.357,0.431,-14.34,112,1
1019,6.356,0.42,-14.339,169,1
1020,6.357,0.398,-14.342,178,1
1021,6.356,0.387,-14.34,174,1
1022,6.357,0.376,-14.34,177,1
1023,6.356,0.365,-14.339,179,1
1024,6.357,0.354,-14.34,191,1
1025,6.358,0.343,-14.342,182,1
1026,6.357,0.333,-14.34,185,1
1027,6.357,0.322,-14.34,181,1
1028,6.356,0.31,-14.339,186,1
1029,6.357,0.299,-14.341,182,1
1030,6.358,0.289,-14.342,177,1
1031,6.358,0.277,-14.342,180,1
1032,6.357,0.267,-14.341,184,1
1033,6.358,0.256,-14.342,182,1
1034,6.359,0.245,-14.345,183,1
1035,6.36,0.234,-14.348,176,1
1036,6.362,0.223,-14.352,182,1
1037,6.36,0.212,-14.349,185,1
1038,6.361,0.201,-14.351,187,1
1039,6.36,0.19,-14.347,186,1
1136,6.116,0.137,-14.472,118,1
1137,6.117,0.126,-14.473,117,1
1138,6.116,0.115,-14.473,122,1
1139,6.117,0.104,-14.474,135,1
1140,6.118,0.093,-14.476,141,1
1141,6.119,0.082,-14.478,131,1
1142,6.119,0.071,-14.477,77,1
1143,6.117,0.06,-14.475,83,1
1144,6.12,0.049,-14.48,51,1
1145,6.125,0.277,-14.467,31,1
1146,6.125,0.266,-14.467,77,1
1147,6.123,0.255,-14.461,81,1
1148,6.124,0.244,-14.463,141,1
1149,6.125,0.233,-14.466,131,1
1150,6.122,0.222,-14.459,180,1
1151,6.117,0.211,-14.447,227,1
1152,6.124,0.2,-14.465,205,1
1153,6.125,0.19,-14.467,182,1
1154,6.125,0.178,-14.466,177,1
1155,6.125,0.168,-14.466,178,1
1156,6.125,0.156,-14.465,173,1
1157,6.127,0.146,-14.469,170,1
1158,6.125,0.135,-14.466,178,1
1159,6.126,0.124,-14.468,180,1
1160,6.124,0.113,-14.464,177,1
1161,6.125,0.101,-14.466,169,1
1162,6.125,0.09,-14.467,170,1
1163,6.126,0.079,-14.467,156,1
1164,6.127,0.069,-14.471,137,1
1165,6.128,0.058,-14.473,141,1
1166,6.128,0.047,-14.473,143,1
1167,6.128,0.036,-14.472,77,1
1168,6.13,0.025,-14.478,80,1
1169,6.135,0.292,-14.466,71,1
1170,6.133,0.281,-14.46,61,1
1171,6.134,0.27,-14.462,135,1
1172,6.133,0.259,-14.46,141,1
1173,6.131,0.248,-14.455,213,1
1174,6.131,0.237,-14.455,196,1
1175,6.133,0.226,-14.459,179,1
1176,6.132,0.215,-14.458,181,1
1177,6.133,0.204,-14.46,177,1
1178,6.132,0.193,-14.458,178,1
1179,6.134,0.182,-14.462,173,1
1180,6.133,0.171,-14.46,179,1
1181,6.133,0.161,-14.46,176,1
1182,6.134,0.149,-14.46,172,1
1183,6.135,0.139,-14.463,176,1
1184,6.135,0.127,-14.465,178,1
1185,6.135,0.116,-14.465,176,1
1186,6.135,0.106,-14.465,171,1
1187,6.135,0.095,-14.464,178,1
1188,6.135,0.084,-14.465,182,1
1189,6.135,0.072,-14.464,178,1
1190,6.135,0.062,-14.465,176,1
1191,6.135,0.051,-14.465,162,1
1192,6.137,0.04,-14.47,136,1
1193,6.137,0.029,-14.47,143,1
1194,6.137,0.018,-14.47,100,1
1195,6.136,0.007,-14.468,74,1
1196,6.144,0.294,-14.452,115,1
1197,6.143,0.272,-14.451,212,1
1198,6.143,0.25,-14.451,183,1
1199,6.144,0.196,-14.453,171,1
2489,6.11,0.079,-14.489,18,1
2490,6.113,0.247,-14.465,49,1
2491,6.115,0.235,-14.469,73,1
2492,6.115,0.225,-14.468,59,1
2493,6.115,0.214,-14.469,98,1
2494,6.115,0.203,-14.47,147,1
2495,6.116,0.192,-14.473,146,1
2496,6.115,0.181,-14.47,124,1
2497,6.115,0.17,-14.47,119,1
2498,6.115,0.159,-14.47,120,1
2499,6.115,0.148,-14.47,120,1
2508,6.104,0.211,-14.476,47,1
2509,6.103,0.199,-14.474,57,1
2510,6.104,0.189,-14.476,86,1
2511,6.104,0.178,-14.475,70,1
2512,6.105,0.167,-14.478,57,1
2513,6.104,0.156,-14.475,105,1
2514,6.106,0.145,-14.479,78,1
2515,6.104,0.133,-14.475,64,1
2516,6.105,0.123,-14.478,74,1
2517,6.106,0.112,-14.48,77,1
2518,6.106,0.101,-14.479,83,1
2519,6.109,0.09,-14.486,72,1
