7.4666e+05,3.076,-0.01,-14.546,138,1,221.05
7.4666e+05,3.078,-0.021,-14.551,126,1,221.21
7.4666e+05,3.076,-0.031,-14.545,133,1,221.02
7.4666e+05,3.076,-0.041,-14.544,45,1,220.99
7.4666e+05,3.076,-0.052,-14.543,31,1,220.96
7.4667e+05,3.089,-0.007,-14.542,137,1,221.01
7.4667e+05,3.09,-0.017,-14.546,130,1,221.13
7.4667e+05,3.089,-0.027,-14.542,125,1,221.01
7.4667e+05,3.089,-0.038,-14.543,55,1,221.04
7.4667e+05,3.09,-0.049,-14.545,34,1,221.11
7.4667e+05,3.1,-0.007,-14.548,144,1,221.25
7.4667e+05,3.101,-0.018,-14.549,135,1,221.29
7.4667e+05,3.1,-0.028,-14.547,54,1,221.23
7.4667e+05,3.101,-0.038,-14.55,12,1,221.32
7.4667e+05,3.109,-0.004,-14.55,137,1,221.37
7.4668e+05,3.109,-0.014,-14.549,127,1,221.34
7.4668e+05,3.109,-0.024,-14.545,54,1,221.22
7.4668e+05,3.109,-0.035,-14.548,30,1,221.31
7.4668e+05,3.122,-0.003,-14.547,140,1,221.36
7.4668e+05,3.122,-0.013,-14.547,65,1,221.36
7.4668e+05,3.122,-0.023,-14.549,15,1,221.42
7.4668e+05,3.133,-0.002,-14.555,117,1,221.66
7.4668e+05,3.131,-0.013,-14.544,23,1,221.33
7.4668e+05,3.132,-0.023,-14.55,13,1,221.51
7.4668e+05,3.142,-0.009,-14.553,30,1,221.66
7.5016e+05,2.753,-0.004,-14.513,33,1,218.21
7.5016e+05,2.763,-0.046,-14.568,6,1,219.86
7.5016e+05,2.764,-0.001,-14.51,72,1,218.18
7.5016e+05,2.765,-0.011,-14.514,47,1,218.3
7.5016e+05,2.776,-0.002,-14.515,104,1,218.39
7.5017e+05,2.774,-0.013,-14.511,58,1,218.26
7.5017e+05,2.775,-0.023,-14.514,33,1,218.36
7.5017e+05,2.785,-0.009,-14.514,138,1,218.41
7.5017e+05,2.785,-0.019,-14.515,66,1,218.44
7.5017e+05,2.785,-0.03,-14.514,42,1,218.41
7.5017e+05,2.796,-0.051,-14.568,11,1,220.04
7.5017e+05,2.796,-0.007,-14.514,143,1,218.47
7.5017e+05,2.797,-0.017,-14.519,115,1,218.62
7.5017e+05,2.796,-0.027,-14.514,60,1,218.47
7.5017e+05,2.797,-0.038,-14.52,33,1,218.65
7.5018e+05,2.806,-0.007,-14.517,136,1,218.62
7.5018e+05,2.805,-0.017,-14.514,141,1,218.52
7.5018e+05,2.806,-0.027,-14.517,77,1,218.62
7.5018e+05,2.805,-0.038,-14.514,38,1,218.52
7.5018e+05,2.811,-0.048,-14.545,8,1,219.46
7.5018e+05,2.818,-0.002,-14.518,143,1,218.71
7.5018e+05,2.818,-0.012,-14.517,142,1,218.68
7.5018e+05,2.818,-0.022,-14.519,135,1,218.74
7.5018e+05,2.818,-0.032,-14.52,123,1,218.77
7.5019e+05,2.817,-0.043,-14.514,38,1,218.59
7.5019e+05,2.819,-0.053,-14.521,32,1,218.81
7.5019e+05,2.829,-0.009,-14.516,139,1,218.72
7.5019e+05,2.83,-0.019,-14.521,141,1,218.87
7.5019e+05,2.83,-0.029,-14.519,137,1,218.81
7.5019e+05,2.83,-0.039,-14.521,104,1,218.87
7.5019e+05,2.829,-0.05,-14.517,33,1,218.75
7.5019e+05,2.839,-0.01,-14.521,141,1,218.92
7.5019e+05,2.839,-0.021,-14.523,144,1,218.98
7.5019e+05,2.838,-0.031,-14.519,146,1,218.86
7.502e+05,2.839,-0.041,-14.521,133,1,218.92
7.502e+05,2.837,-0.051,-14.514,47,1,218.7
7.502e+05,2.839,-0.062,-14.524,21,1,219.01
7.502e+05,2.85,-0.005,-14.522,137,1,219.01
7.502e+05,2.85,-0.015,-14.519,142,1,218.92
7.502e+05,2.85,-0.025,-14.523,140,1,219.04
7.502e+05,2.849,-0.036,-14.519,142,1,218.92
7.502e+05,2.85,-0.047,-14.52,135,1,218.95
7.502e+05,2.849,-0.057,-14.517,39,1,218.86
7.502e+05,2.85,-0.067,-14.52,22,1,218.95
7.5021e+05,2.863,-0.004,-14.521,141,1,219.06
7.5021e+05,2.864,-0.015,-14.525,141,1,219.18
7.5021e+05,2.862,-0.025,-14.52,141,1,219.02
7.5021e+05,2.863,-0.035,-14.523,138,1,219.11
7.5021e+05,2.862,-0.045,-14.52,133,1,219.02
7.5021e+05,2.863,-0.056,-14.522,37,1,219.09
7.5021e+05,2.863,-0.066,-14.522,32,1,219.09
7.5021e+05,2.871,-0.008,-14.525,140,1,219.22
7.5021e+05,2.871,-0.019,-14.522,134,1,219.13
7.5021e+05,2.871,-0.029,-14.527,135,1,219.28
7.5022e+05,2.871,-0.04,-14.523,136,1,219.16
7.5022e+05,2.871,-0.05,-14.526,133,1,219.25
7.5022e+05,2.871,-0.06,-14.524,41,1,219.19
7.5022e+05,2.883,-0.007,-14.526,125,1,219.32
7.5022e+05,2.882,-0.018,-14.522,138,1,219.19
7.5022e+05,2.882,-0.028,-14.524,138,1,219.25
7.5022e+05,2.882,-0.038,-14.523,137,1,219.22
7.5022e+05,2.882,-0.049,-14.526,135,1,219.31
7.5022e+05,2.882,-0.059,-14.525,76,1,219.28
7.5023e+05,2.882,-0.069,-14.524,30,1,219.25
7.5023e+05,2.895,-0.006,-14.524,137,1,219.33
7.5023e+05,2.895,-0.016,-14.524,135,1,219.33
7.5023e+05,2.895,-0.027,-14.526,137,1,219.39
7.5023e+05,2.895,-0.037,-14.525,137,1,219.36
7.5023e+05,2.896,-0.047,-14.527,131,1,219.42
7.5023e+05,2.895,-0.058,-14.524,128,1,219.33
7.5023e+05,2.895,-0.068,-14.521,36,1,219.24
7.5023e+05,2.902,-0.009,-14.526,136,1,219.43
7.5024e+05,2.902,-0.02,-14.526,135,1,219.43
7.5024e+05,2.902,-0.03,-14.526,137,1,219.43
7.5024e+05,2.902,-0.04,-14.528,140,1,219.48
7.5024e+05,2.902,-0.051,-14.527,139,1,219.46
7.5024e+05,2.903,-0.061,-14.528,121,1,219.49
7.5024e+05,2.915,-0.007,-14.535,140,1,219.76
7.5024e+05,2.914,-0.017,-14.528,138,1,219.55
7.5024e+05,2.915,-0.028,-14.536,137,1,219.79
7.5024e+05,2.914,-0.038,-14.529,134,1,219.58
7.5025e+05,2.914,-0.048,-14.528,139,1,219.55
7.5025e+05,2.913,-0.059,-14.526,132,1,219.49
7.5025e+05,2.913,-0.069,-14.526,34,1,219.49
7.5025e+05,2.928,-0.005,-14.529,145,1,219.67
7.5025e+05,2.928,-0.015,-14.531,138,1,219.72
7.5025e+05,2.927,-0.026,-14.528,140,1,219.63
7.5025e+05,2.927,-0.036,-14.528,128,1,219.63
7.5025e+05,2.928,-0.047,-14.528,135,1,219.64
7.5025e+05,2.928,-0.057,-14.531,130,1,219.72
7.5026e+05,2.927,-0.067,-14.526,48,1,219.57
7.5026e+05,2.934,-0.009,-14.528,138,1,219.67
7.5026e+05,2.935,-0.02,-14.53,136,1,219.74
7.5026e+05,2.935,-0.03,-14.529,137,1,219.71
7.5026e+05,2.935,-0.04,-14.531,135,1,219.76
7.5026e+05,2.936,-0.051,-14.536,135,1,219.92
7.5026e+05,2.935,-0.061,-14.532,132,1,219.79
7.5028e+05,2.947,-0.007,-14.535,142,1,219.95
7.5028e+05,2.946,-0.017,-14.531,135,1,219.83
7.5028e+05,2.947,-0.027,-14.535,135,1,219.95
7.5028e+05,2.946,-0.038,-14.534,129,1,219.92
7.5028e+05,2.946,-0.048,-14.532,134,1,219.86
7.5028e+05,2.947,-0.058,-14.535,139,1,219.95
7.5032e+05,2.961,-0.006,-14.535,146,1,220.03
7.5032e+05,2.961,-0.016,-14.533,139,1,219.98
7.5032e+05,2.961,-0.026,-14.533,138,1,219.98
7.5032e+05,2.961,-0.037,-14.532,140,1,219.95
7.5032e+05,2.962,-0.047,-14.536,137,1,220.07
7.5033e+05,2.961,-0.058,-14.534,138,1,220
7.5033e+05,2.961,-0.068,-14.533,72,1,219.98
7.5039e+05,2.968,-0.008,-14.531,142,1,219.96
7.5039e+05,2.968,-0.019,-14.533,141,1,220.02
7.5039e+05,2.968,-0.029,-14.534,137,1,220.05
7.5039e+05,2.969,-0.04,-14.537,137,1,220.14
7.504e+05,2.969,-0.049,-14.538,136,1,220.17
7.504e+05,2.969,-0.06,-14.538,135,1,220.17
7.5048e+05,2.978,-0.005,-14.529,148,1,219.96
7.5048e+05,2.979,-0.015,-14.535,136,1,220.14
7.5048e+05,2.978,-0.026,-14.532,136,1,220.05
7.5048e+05,2.98,-0.036,-14.539,137,1,220.26
7.5048e+05,2.979,-0.047,-14.535,132,1,220.14
7.5048e+05,2.979,-0.057,-14.537,133,1,220.2
7.5048e+05,2.979,-0.068,-14.536,71,1,220.17
7.5058e+05,2.992,-0.001,-14.532,140,1,220.13
7.5058e+05,2.993,-0.012,-14.534,141,1,220.2
7.5058e+05,2.993,-0.022,-14.534,136,1,220.2
7.5058e+05,2.993,-0.032,-14.537,131,1,220.28
7.5058e+05,2.993,-0.042,-14.533,139,1,220.17
7.5058e+05,2.993,-0.053,-14.538,136,1,220.31
7.5058e+05,2.994,-0.063,-14.539,105,1,220.35
7.5068e+05,3.001,-0.002,-14.537,145,1,220.33
7.5068e+05,3.001,-0.013,-14.54,138,1,220.42
7.5068e+05,3.001,-0.023,-14.539,138,1,220.39
7.5068e+05,3.002,-0.034,-14.542,139,1,220.48
7.5068e+05,3.001,-0.044,-14.539,133,1,220.39
7.5068e+05,3.003,-0.054,-14.544,138,1,220.55
7.5068e+05,3.001,-0.064,-14.536,66,1,220.3
7.5077e+05,3.011,-0.009,-14.539,132,1,220.45
7.5078e+05,3.01,-0.02,-14.537,137,1,220.38
7.5078e+05,3.011,-0.03,-14.539,136,1,220.45
7.5078e+05,3.011,-0.041,-14.542,137,1,220.54
7.5078e+05,3.01,-0.051,-14.537,137,1,220.38
7.5078e+05,3.011,-0.061,-14.54,94,1,220.48
7.5086e+05,3.025,-0.006,-14.54,135,1,220.56
7.5087e+05,3.025,-0.017,-14.539,133,1,220.53
7.5087e+05,3.025,-0.027,-14.537,137,1,220.47
7.5087e+05,3.025,-0.038,-14.538,136,1,220.5
7.5087e+05,3.024,-0.048,-14.536,141,1,220.44
7.5087e+05,3.026,-0.058,-14.541,93,1,220.6
7.5087e+05,3.024,-0.068,-14.536,17,1,220.44
7.5093e+05,3.033,-0.007,-14.538,139,1,220.55
7.5093e+05,3.033,-0.017,-14.541,133,1,220.64
7.5093e+05,3.033,-0.027,-14.542,134,1,220.67
7.5093e+05,3.033,-0.038,-14.539,132,1,220.58
7.5093e+05,3.033,-0.049,-14.538,142,1,220.55
7.5093e+05,3.032,-0.059,-14.536,42,1,220.49
7.5097e+05,3.043,-0.004,-14.544,136,1,220.79
7.5097e+05,3.043,-0.014,-14.545,138,1,220.82
7.5098e+05,3.043,-0.025,-14.542,135,1,220.73
7.5098e+05,3.043,-0.035,-14.542,136,1,220.73
7.5098e+05,3.043,-0.045,-14.543,132,1,220.76
7.5098e+05,3.042,-0.056,-14.54,45,1,220.67
7.5098e+05,3.043,-0.066,-14.542,29,1,220.73
7.51e+05,3.057,-0.002,-14.54,133,1,220.76
7.51e+05,3.057,-0.012,-14.542,141,1,220.82
7.51e+05,3.057,-0.023,-14.54,137,1,220.76
7.51e+05,3.058,-0.033,-14.545,132,1,220.91
7.51e+05,3.057,-0.043,-14.541,134,1,220.79
7.5101e+05,3.057,-0.054,-14.54,47,1,220.76
7.5101e+05,3.057,-0.064,-14.543,36,1,220.84
7.5101e+05,3.067,-0.004,-14.546,137,1,220.99
7.5101e+05,3.066,-0.014,-14.54,141,1,220.81
7.5101e+05,3.066,-0.024,-14.543,140,1,220.9
7.5101e+05,3.067,-0.034,-14.544,142,1,220.93
7.5101e+05,3.066,-0.045,-14.541,44,1,220.84
7.5101e+05,3.066,-0.056,-14.542,21,1,220.87
1.4003e+06,3.077,0.467,-14.552,24,1,221.23
1.4003e+06,3.077,0.457,-14.55,72,1,221.17
1.4003e+06,3.078,0.447,-14.555,133,1,221.32
1.4003e+06,3.078,0.436,-14.554,138,1,221.29
1.4003e+06,3.077,0.426,-14.552,137,1,221.23
1.4003e+06,3.078,0.415,-14.554,131,1,221.29
1.4003e+06,3.077,0.405,-14.551,138,1,221.2
1.4003e+06,3.077,0.395,-14.549,134,1,221.14
1.4003e+06,3.077,0.384,-14.551,135,1,221.2
1.4003e+06,3.078,0.374,-14.552,130,1,221.23
1.4003e+06,3.077,0.363,-14.55,136,1,221.17
1.4003e+06,3.077,0.353,-14.552,132,1,221.23
1.4003e+06,3.077,0.343,-14.55,141,1,221.17
1.4003e+06,3.078,0.332,-14.553,133,1,221.26
1.4003e+06,3.077,0.322,-14.552,138,1,221.23
1.4003e+06,3.078,0.312,-14.553,102,1,221.26
1.4003e+06,3.076,0.301,-14.544,28,1,220.99
1.4003e+06,3.076,0.291,-14.542,24,1,220.93
1.4003e+06,3.076,0.28,-14.545,23,1,221.02
1.4003e+06,3.076,0.27,-14.547,33,1,221.08
1.4003e+06,3.076,0.259,-14.546,37,1,221.05
1.4003e+06,3.076,0.249,-14.543,34,1,220.96
1.4003e+06,3.076,0.238,-14.543,34,1,220.96
1.4003e+06,3.076,0.228,-14.545,40,1,221.02
1.4003e+06,3.075,0.218,-14.541,41,1,220.9
1.4003e+06,3.076,0.207,-14.543,34,1,220.96
1.4003e+06,3.076,0.197,-14.545,38,1,221.02
1.4003e+06,3.075,0.186,-14.54,36,1,220.87
1.4003e+06,3.076,0.176,-14.543,34,1,220.96
1.4003e+06,3.075,0.166,-14.541,38,1,220.9
1.4003e+06,3.075,0.155,-14.541,39,1,220.9
1.4003e+06,3.075,0.145,-14.541,34,1,220.9
1.4003e+06,3.075,0.135,-14.541,41,1,220.9
1.4003e+06,3.075,0.125,-14.541,39,1,220.9
1.4003e+06,3.075,0.114,-14.538,40,1,220.81
1.4003e+06,3.076,0.104,-14.542,44,1,220.93
1.4003e+06,3.076,0.093,-14.542,141,1,220.93
1.4003e+06,3.076,0.083,-14.543,141,1,220.96
1.4003e+06,3.076,0.072,-14.543,143,1,220.96
1.4003e+06,3.076,0.062,-14.544,143,1,220.99
1.4003e+06,3.076,0.052,-14.542,146,1,220.93
1.4003e+06,3.075,0.041,-14.541,137,1,220.9
1.4003e+06,3.076,0.031,-14.545,142,1,221.02
1.4003e+06,3.076,0.021,-14.542,135,1,220.93
1.4003e+06,3.076,0.01,-14.542,138,1,220.93
1.4003e+06,3.077,0,-14.549,131,1,221.14
1.4003e+06,3.091,0.461,-14.552,32,1,221.31
1.4003e+06,3.091,0.45,-14.553,86,1,221.34
1.4003e+06,3.091,0.44,-14.555,138,1,221.4
1.4003e+06,3.092,0.43,-14.556,139,1,221.44
1.4003e+06,3.092,0.419,-14.555,137,1,221.41
1.4003e+06,3.092,0.409,-14.557,131,1,221.47
1.4003e+06,3.092,0.398,-14.555,132,1,221.41
1.4003e+06,3.091,0.388,-14.554,134,1,221.37
1.4003e+06,3.09,0.377,-14.549,133,1,221.22
1.4003e+06,3.09,0.367,-14.55,131,1,221.25
1.4003e+06,3.091,0.357,-14.551,140,1,221.29
1.4003e+06,3.091,0.346,-14.55,138,1,221.26
1.4003e+06,3.091,0.336,-14.552,136,1,221.31
1.4003e+06,3.09,0.326,-14.549,138,1,221.22
1.4003e+06,3.091,0.315,-14.55,140,1,221.26
1.4003e+06,3.09,0.305,-14.548,142,1,221.19
1.4003e+06,3.09,0.294,-14.55,127,1,221.25
1.4003e+06,3.09,0.284,-14.547,63,1,221.16
1.4003e+06,3.091,0.273,-14.55,34,1,221.26
1.4003e+06,3.089,0.263,-14.545,34,1,221.1
1.4003e+06,3.09,0.253,-14.547,41,1,221.16
1.4003e+06,3.089,0.242,-14.545,36,1,221.1
1.4003e+06,3.089,0.232,-14.546,35,1,221.13
1.4003e+06,3.089,0.221,-14.544,46,1,221.07
1.4003e+06,3.089,0.212,-14.545,39,1,221.1
1.4004e+06,3.09,0.201,-14.546,37,1,221.13
1.4004e+06,3.089,0.191,-14.545,41,1,221.1
1.4004e+06,3.089,0.18,-14.544,35,1,221.07
1.4004e+06,3.089,0.169,-14.543,44,1,221.04
1.4004e+06,3.089,0.16,-14.542,32,1,221.01
1.4004e+06,3.089,0.149,-14.54,45,1,220.95
1.4004e+06,3.089,0.139,-14.543,49,1,221.04
1.4004e+06,3.089,0.128,-14.544,104,1,221.07
1.4004e+06,3.088,0.117,-14.54,140,1,220.95
1.4004e+06,3.089,0.107,-14.543,141,1,221.04
1.4004e+06,3.089,0.097,-14.544,140,1,221.07
1.4004e+06,3.09,0.087,-14.547,137,1,221.16
1.4004e+06,3.089,0.076,-14.546,143,1,221.13
1.4004e+06,3.089,0.066,-14.545,141,1,221.1
1.4004e+06,3.09,0.055,-14.548,141,1,221.19
1.4004e+06,3.089,0.045,-14.543,151,1,221.04
1.4004e+06,3.089,0.035,-14.543,136,1,221.04
1.4004e+06,3.089,0.024,-14.542,134,1,221.01
1.4004e+06,3.089,0.014,-14.543,130,1,221.04
1.4004e+06,3.089,0.004,-14.545,137,1,221.1
1.4004e+06,3.101,0.46,-14.552,25,1,221.38
1.4004e+06,3.101,0.45,-14.554,44,1,221.44
1.4004e+06,3.102,0.439,-14.555,121,1,221.47
1.4004e+06,3.102,0.429,-14.56,131,1,221.62
1.4004e+06,3.102,0.419,-14.557,132,1,221.53
1.4004e+06,3.102,0.408,-14.556,134,1,221.5
1.4004e+06,3.101,0.398,-14.551,134,1,221.35
1.4004e+06,3.102,0.387,-14.556,133,1,221.5
1.4004e+06,3.102,0.377,-14.555,136,1,221.47
1.4004e+06,3.101,0.366,-14.553,135,1,221.41
1.4004e+06,3.101,0.356,-14.552,134,1,221.38
1.4004e+06,3.102,0.346,-14.555,131,1,221.47
1.4004e+06,3.101,0.335,-14.553,140,1,221.41
1.4004e+06,3.102,0.325,-14.556,135,1,221.5
1.4004e+06,3.101,0.315,-14.552,143,1,221.38
1.4004e+06,3.101,0.304,-14.55,137,1,221.32
1.4004e+06,3.101,0.294,-14.553,140,1,221.41
1.4004e+06,3.1,0.283,-14.55,143,1,221.31
1.4004e+06,3.101,0.273,-14.554,134,1,221.44
1.4004e+06,3.1,0.262,-14.549,140,1,221.28
1.4004e+06,3.101,0.252,-14.551,139,1,221.35
1.4004e+06,3.101,0.242,-14.55,144,1,221.32
1.4004e+06,3.101,0.231,-14.55,141,1,221.32
1.4004e+06,3.1,0.221,-14.546,141,1,221.2
1.4004e+06,3.1,0.211,-14.547,136,1,221.23
1.4004e+06,3.1,0.2,-14.547,138,1,221.23
1.4004e+06,3.101,0.19,-14.55,136,1,221.32
1.4004e+06,3.1,0.179,-14.549,140,1,221.28
1.4004e+06,3.1,0.169,-14.546,142,1,221.2
1.4004e+06,3.1,0.159,-14.549,145,1,221.28
1.4004e+06,3.1,0.148,-14.546,143,1,221.2
1.4004e+06,3.1,0.138,-14.547,141,1,221.23
1.4004e+06,3.099,0.128,-14.545,146,1,221.16
1.4004e+06,3.099,0.117,-14.545,143,1,221.16
1.4004e+06,3.099,0.107,-14.543,142,1,221.1
1.4004e+06,3.1,0.096,-14.547,142,1,221.23
1.4004e+06,3.099,0.086,-14.544,145,1,221.13
1.4004e+06,3.099,0.076,-14.545,144,1,221.16
1.4004e+06,3.1,0.065,-14.547,144,1,221.23
1.4004e+06,3.1,0.055,-14.545,137,1,221.17
1.4004e+06,3.099,0.045,-14.544,141,1,221.13
1.4004e+06,3.1,0.034,-14.547,138,1,221.23
1.4004e+06,3.1,0.024,-14.546,135,1,221.2
1.4004e+06,3.1,0.014,-14.546,133,1,221.2
1.4004e+06,3.1,0.003,-14.546,142,1,221.2
1.4004e+06,3.111,0.454,-14.558,23,1,221.61
1.4004e+06,3.11,0.444,-14.555,46,1,221.52
1.4004e+06,3.111,0.433,-14.558,118,1,221.61
1.4004e+06,3.111,0.423,-14.559,136,1,221.64
1.4004e+06,3.11,0.412,-14.556,137,1,221.55
1.4004e+06,3.11,0.401,-14.555,140,1,221.52
1.4004e+06,3.11,0.391,-14.554,139,1,221.49
1.4004e+06,3.111,0.381,-14.556,131,1,221.56
1.4004e+06,3.111,0.371,-14.559,130,1,221.64
1.4004e+06,3.111,0.36,-14.557,135,1,221.58
1.4004e+06,3.111,0.35,-14.558,133,1,221.61
1.4004e+06,3.11,0.34,-14.554,134,1,221.49
1.4004e+06,3.111,0.329,-14.56,137,1,221.67
1.4004e+06,3.11,0.319,-14.554,140,1,221.49
1.4004e+06,3.11,0.308,-14.554,141,1,221.49
1.4004e+06,3.109,0.298,-14.552,137,1,221.43
1.4004e+06,3.109,0.287,-14.551,138,1,221.4
1.4004e+06,3.109,0.277,-14.552,143,1,221.43
1.4004e+06,3.11,0.267,-14.553,143,1,221.46
1.4004e+06,3.109,0.256,-14.55,144,1,221.37
1.4004e+06,3.109,0.246,-14.55,142,1,221.37
1.4004e+06,3.11,0.235,-14.552,144,1,221.43
1.4004e+06,3.109,0.225,-14.549,140,1,221.34
1.4004e+06,3.109,0.215,-14.551,142,1,221.4
1.4004e+06,3.109,0.204,-14.549,145,1,221.34
1.4004e+06,3.11,0.194,-14.553,138,1,221.46
1.4004e+06,3.109,0.183,-14.552,145,1,221.43
1.4004e+06,3.109,0.173,-14.551,142,1,221.4
1.4004e+06,3.11,0.163,-14.553,143,1,221.46
1.4005e+06,3.109,0.152,-14.548,148,1,221.31
1.4005e+06,3.109,0.142,-14.552,143,1,221.43
1.4005e+06,3.109,0.131,-14.547,147,1,221.28
1.4005e+06,3.108,0.121,-14.545,141,1,221.22
1.4005e+06,3.108,0.111,-14.545,145,1,221.22
1.4005e+06,3.109,0.101,-14.547,145,1,221.28
1.4005e+06,3.109,0.09,-14.546,145,1,221.25
1.4005e+06,3.109,0.079,-14.546,153,1,221.25
1.4005e+06,3.109,0.069,-14.546,145,1,221.25
1.4005e+06,3.109,0.059,-14.547,141,1,221.28
1.4005e+06,3.109,0.049,-14.548,134,1,221.31
1.4005e+06,3.109,0.038,-14.547,140,1,221.28
1.4005e+06,3.109,0.027,-14.549,137,1,221.34
1.4005e+06,3.109,0.017,-14.55,137,1,221.37
1.4005e+06,3.109,0.007,-14.547,139,1,221.28
1.4005e+06,3.124,0.444,-14.559,30,1,221.72
1.4005e+06,3.123,0.434,-14.555,65,1,221.6
1.4005e+06,3.124,0.424,-14.559,126,1,221.72
1.4005e+06,3.124,0.414,-14.557,141,1,221.67
1.4005e+06,3.125,0.403,-14.56,139,1,221.76
1.4005e+06,3.124,0.393,-14.557,137,1,221.67
1.4005e+06,3.124,0.382,-14.559,137,1,221.72
1.4005e+06,3.125,0.372,-14.563,127,1,221.85
1.4005e+06,3.124,0.361,-14.557,131,1,221.67
1.4005e+06,3.124,0.351,-14.558,140,1,221.69
1.4005e+06,3.123,0.34,-14.554,137,1,221.57
1.4005e+06,3.124,0.33,-14.558,131,1,221.69
1.4005e+06,3.124,0.319,-14.556,136,1,221.64
1.4005e+06,3.123,0.31,-14.551,143,1,221.48
1.4005e+06,3.123,0.299,-14.553,140,1,221.54
1.4005e+06,3.123,0.288,-14.552,136,1,221.51
1.4005e+06,3.123,0.278,-14.553,144,1,221.54
1.4005e+06,3.123,0.268,-14.554,142,1,221.57
1.4005e+06,3.123,0.257,-14.552,142,1,221.51
1.4005e+06,3.123,0.247,-14.551,141,1,221.48
1.4005e+06,3.124,0.236,-14.556,143,1,221.64
1.4005e+06,3.123,0.226,-14.551,142,1,221.48
1.4005e+06,3.124,0.215,-14.555,147,1,221.61
1.4005e+06,3.122,0.206,-14.55,142,1,221.45
1.4005e+06,3.123,0.195,-14.551,145,1,221.48
1.4005e+06,3.123,0.184,-14.552,147,1,221.51
1.4005e+06,3.122,0.174,-14.55,141,1,221.45
1.4005e+06,3.123,0.163,-14.551,145,1,221.48
1.4005e+06,3.122,0.153,-14.545,145,1,221.3
1.4005e+06,3.122,0.143,-14.55,142,1,221.45
1.4005e+06,3.121,0.132,-14.542,142,1,221.21
1.4005e+06,3.122,0.122,-14.547,145,1,221.36
1.4005e+06,3.121,0.112,-14.543,146,1,221.24
1.4005e+06,3.122,0.101,-14.55,145,1,221.45
1.4005e+06,3.122,0.091,-14.549,143,1,221.42
1.4005e+06,3.122,0.081,-14.549,143,1,221.42
1.4005e+06,3.123,0.07,-14.551,142,1,221.48
1.4005e+06,3.122,0.06,-14.548,136,1,221.39
1.4005e+06,3.123,0.049,-14.553,140,1,221.54
1.4005e+06,3.122,0.039,-14.548,138,1,221.39
1.4005e+06,3.123,0.029,-14.551,134,1,221.48
1.4005e+06,3.122,0.018,-14.55,135,1,221.45
1.4005e+06,3.123,0.008,-14.551,130,1,221.48
1.4005e+06,3.135,0.434,-14.564,38,1,221.94
1.4005e+06,3.133,0.424,-14.557,59,1,221.72
1.4005e+06,3.134,0.413,-14.56,129,1,221.82
1.4005e+06,3.133,0.403,-14.555,132,1,221.66
1.4005e+06,3.134,0.393,-14.559,140,1,221.79
1.4005e+06,3.134,0.382,-14.558,131,1,221.76
1.4005e+06,3.135,0.372,-14.563,126,1,221.91
1.4005e+06,3.134,0.361,-14.561,126,1,221.84
1.4005e+06,3.134,0.351,-14.561,140,1,221.84
1.4005e+06,3.133,0.34,-14.556,139,1,221.69
1.4005e+06,3.134,0.33,-14.56,140,1,221.82
1.4005e+06,3.133,0.319,-14.556,138,1,221.69
1.4005e+06,3.133,0.309,-14.554,135,1,221.63
1.4005e+06,3.132,0.299,-14.554,140,1,221.63
1.4005e+06,3.133,0.289,-14.554,141,1,221.63
1.4005e+06,3.132,0.278,-14.554,149,1,221.63
1.4005e+06,3.132,0.268,-14.552,145,1,221.57
1.4005e+06,3.133,0.257,-14.555,142,1,221.66
1.4005e+06,3.133,0.247,-14.554,142,1,221.63
1.4005e+06,3.133,0.236,-14.556,141,1,221.69
1.4005e+06,3.132,0.226,-14.55,141,1,221.51
1.4005e+06,3.133,0.216,-14.557,145,1,221.72
1.4005e+06,3.132,0.205,-14.552,143,1,221.57
1.4005e+06,3.133,0.195,-14.553,145,1,221.61
1.4005e+06,3.133,0.184,-14.554,141,1,221.63
1.4005e+06,3.132,0.174,-14.55,145,1,221.51
1.4005e+06,3.133,0.164,-14.554,143,1,221.63
1.4005e+06,3.132,0.153,-14.553,143,1,221.6
1.4005e+06,3.132,0.143,-14.549,146,1,221.48
1.4005e+06,3.131,0.132,-14.547,143,1,221.42
1.4005e+06,3.132,0.122,-14.552,140,1,221.57
1.4005e+06,3.132,0.112,-14.548,146,1,221.45
1.4005e+06,3.132,0.101,-14.552,142,1,221.57
1.4005e+06,3.132,0.091,-14.548,143,1,221.45
1.4005e+06,3.132,0.08,-14.55,143,1,221.51
1.4005e+06,3.131,0.07,-14.547,138,1,221.42
1.4005e+06,3.132,0.06,-14.548,136,1,221.45
1.4005e+06,3.132,0.049,-14.55,135,1,221.51
1.4006e+06,3.132,0.039,-14.553,138,1,221.6
1.4006e+06,3.132,0.029,-14.55,136,1,221.51
1.4006e+06,3.132,0.018,-14.55,132,1,221.51
1.4006e+06,3.132,0.008,-14.549,142,1,221.48
1.4006e+06,3.143,0.428,-14.559,31,1,221.84
1.4006e+06,3.143,0.417,-14.557,55,1,221.78
1.4006e+06,3.144,0.407,-14.561,100,1,221.91
1.4006e+06,3.144,0.396,-14.56,134,1,221.88
1.4006e+06,3.144,0.386,-14.563,127,1,221.97
1.4006e+06,3.143,0.375,-14.559,135,1,221.84
1.4006e+06,3.143,0.365,-14.558,128,1,221.81
1.4006e+06,3.144,0.355,-14.563,127,1,221.97
1.4006e+06,3.143,0.344,-14.559,133,1,221.84
1.4006e+06,3.144,0.334,-14.562,136,1,221.94
1.4006e+06,3.143,0.324,-14.558,140,1,221.81
1.4006e+06,3.144,0.313,-14.563,136,1,221.97
1.4006e+06,3.142,0.303,-14.555,143,1,221.72
1.4006e+06,3.143,0.292,-14.557,140,1,221.78
1.4006e+06,3.142,0.282,-14.552,142,1,221.63
1.4006e+06,3.143,0.271,-14.558,140,1,221.81
1.4006e+06,3.143,0.261,-14.557,142,1,221.78
1.4006e+06,3.142,0.25,-14.553,149,1,221.66
1.4006e+06,3.142,0.24,-14.554,151,1,221.69
1.4006e+06,3.141,0.229,-14.551,144,1,221.6
1.4006e+06,3.142,0.22,-14.554,145,1,221.69
1.4006e+06,3.141,0.209,-14.55,149,1,221.57
1.4006e+06,3.142,0.199,-14.554,145,1,221.69
1.4006e+06,3.141,0.188,-14.55,144,1,221.57
1.4006e+06,3.143,0.178,-14.556,138,1,221.76
1.4006e+06,3.142,0.167,-14.554,148,1,221.69
1.4006e+06,3.142,0.157,-14.554,143,1,221.69
1.4006e+06,3.142,0.147,-14.552,148,1,221.63
1.4006e+06,3.142,0.136,-14.552,144,1,221.63
1.4006e+06,3.141,0.126,-14.551,138,1,221.6
1.4006e+06,3.142,0.115,-14.556,140,1,221.75
1.4006e+06,3.141,0.105,-14.547,145,1,221.48
1.4006e+06,3.141,0.095,-14.55,136,1,221.57
1.4006e+06,3.141,0.084,-14.549,139,1,221.54
1.4006e+06,3.141,0.074,-14.55,142,1,221.57
1.4006e+06,3.141,0.063,-14.55,135,1,221.57
1.4006e+06,3.141,0.053,-14.55,135,1,221.57
1.4006e+06,3.141,0.043,-14.545,140,1,221.42
1.4006e+06,3.141,0.032,-14.549,133,1,221.54
1.4006e+06,3.141,0.022,-14.548,140,1,221.51
1.4006e+06,3.142,0.011,-14.552,133,1,221.63
1.4006e+06,3.141,0.001,-14.547,46,1,221.48
1.4006e+06,3.157,0.42,-14.566,15,1,222.14
1.4006e+06,3.155,0.409,-14.557,37,1,221.86
1.4006e+06,3.156,0.398,-14.561,87,1,221.98
1.4006e+06,3.156,0.388,-14.562,132,1,222.01
1.4006e+06,3.156,0.378,-14.562,133,1,222.01
1.4006e+06,3.156,0.367,-14.562,133,1,222.01
1.4006e+06,3.156,0.357,-14.56,134,1,221.95
1.4006e+06,3.156,0.347,-14.561,136,1,221.98
1.4006e+06,3.156,0.336,-14.562,140,1,222.01
1.4006e+06,3.156,0.326,-14.561,135,1,221.98
1.4006e+06,3.156,0.315,-14.562,136,1,222.01
1.4006e+06,3.156,0.305,-14.563,133,1,222.04
1.4006e+06,3.156,0.294,-14.561,135,1,221.98
1.4006e+06,3.155,0.284,-14.557,138,1,221.86
1.4006e+06,3.155,0.273,-14.557,141,1,221.86
1.4006e+06,3.155,0.263,-14.557,144,1,221.86
1.4006e+06,3.154,0.253,-14.552,143,1,221.71
1.4006e+06,3.154,0.243,-14.554,146,1,221.77
1.4006e+06,3.155,0.232,-14.557,143,1,221.86
1.4006e+06,3.155,0.221,-14.556,145,1,221.83
1.4006e+06,3.155,0.211,-14.554,144,1,221.77
1.4006e+06,3.155,0.2,-14.554,142,1,221.77
1.4006e+06,3.154,0.191,-14.552,145,1,221.71
1.4006e+06,3.155,0.18,-14.554,139,1,221.77
1.4006e+06,3.155,0.169,-14.554,139,1,221.77
1.4006e+06,3.155,0.159,-14.554,138,1,221.77
1.4006e+06,3.155,0.148,-14.554,140,1,221.77
1.4006e+06,3.155,0.139,-14.557,137,1,221.86
1.4006e+06,3.154,0.128,-14.552,141,1,221.71
1.4006e+06,3.154,0.117,-14.553,141,1,221.74
1.4006e+06,3.155,0.107,-14.556,133,1,221.83
1.4006e+06,3.154,0.097,-14.551,136,1,221.68
1.4006e+06,3.155,0.086,-14.555,135,1,221.8
1.4006e+06,3.154,0.076,-14.55,135,1,221.65
1.4006e+06,3.154,0.065,-14.55,142,1,221.65
1.4006e+06,3.154,0.055,-14.551,136,1,221.68
1.4006e+06,3.155,0.045,-14.554,133,1,221.77
1.4006e+06,3.154,0.034,-14.549,138,1,221.62
1.4006e+06,3.154,0.024,-14.553,134,1,221.74
1.4006e+06,3.153,0.014,-14.548,58,1,221.59
1.4006e+06,3.154,0.003,-14.549,31,1,221.62
1.4006e+06,3.166,0.405,-14.563,34,1,222.1
1.4006e+06,3.165,0.396,-14.561,47,1,222.04
1.4006e+06,3.165,0.385,-14.561,104,1,222.04
1.4006e+06,3.166,0.375,-14.563,136,1,222.1
1.4006e+06,3.165,0.364,-14.562,140,1,222.07
1.4006e+06,3.165,0.354,-14.561,132,1,222.04
1.4006e+06,3.165,0.343,-14.561,137,1,222.04
1.4006e+06,3.165,0.333,-14.562,136,1,222.07
1.4006e+06,3.165,0.322,-14.561,142,1,222.04
1.4006e+06,3.165,0.312,-14.56,137,1,222.01
1.4006e+06,3.165,0.301,-14.559,136,1,221.98
1.4006e+06,3.165,0.291,-14.559,133,1,221.98
1.4006e+06,3.166,0.281,-14.563,136,1,222.1
1.4007e+06,3.165,0.271,-14.561,131,1,222.04
1.4007e+06,3.165,0.26,-14.561,135,1,222.04
1.4007e+06,3.165,0.25,-14.56,139,1,222.01
1.4007e+06,3.165,0.239,-14.558,143,1,221.95
1.4007e+06,3.164,0.229,-14.557,143,1,221.92
1.4007e+06,3.165,0.219,-14.558,141,1,221.95
1.4007e+06,3.164,0.208,-14.556,135,1,221.89
1.4007e+06,3.164,0.198,-14.557,142,1,221.92
1.4007e+06,3.164,0.187,-14.554,142,1,221.83
1.4007e+06,3.164,0.176,-14.557,137,1,221.92
1.4007e+06,3.164,0.167,-14.555,142,1,221.86
1.4007e+06,3.164,0.156,-14.553,143,1,221.8
1.4007e+06,3.164,0.146,-14.553,139,1,221.8
1.4007e+06,3.164,0.135,-14.556,135,1,221.89
1.4007e+06,3.164,0.124,-14.552,138,1,221.77
1.4007e+06,3.164,0.115,-14.556,134,1,221.89
1.4007e+06,3.164,0.104,-14.557,135,1,221.92
1.4007e+06,3.164,0.094,-14.557,137,1,221.92
1.4007e+06,3.164,0.083,-14.557,136,1,221.92
1.4007e+06,3.165,0.072,-14.557,137,1,221.92
1.4007e+06,3.164,0.063,-14.552,139,1,221.77
1.4007e+06,3.164,0.052,-14.552,139,1,221.77
1.4007e+06,3.163,0.041,-14.551,142,1,221.74
1.4007e+06,3.164,0.031,-14.555,117,1,221.86
1.4007e+06,3.162,0.021,-14.547,52,1,221.61
1.4007e+06,3.164,0.01,-14.553,29,1,221.8
1.4007e+06,3.177,0.387,-14.566,36,1,222.26
1.4007e+06,3.176,0.376,-14.565,67,1,222.23
1.4007e+06,3.175,0.366,-14.562,118,1,222.13
1.4007e+06,3.176,0.356,-14.563,138,1,222.17
1.4007e+06,3.176,0.345,-14.564,138,1,222.2
1.4007e+06,3.176,0.335,-14.564,136,1,222.2
1.4007e+06,3.176,0.324,-14.564,139,1,222.2
1.4007e+06,3.175,0.314,-14.561,140,1,222.1
1.4007e+06,3.176,0.303,-14.564,134,1,222.2
1.4007e+06,3.175,0.293,-14.561,142,1,222.1
1.4007e+06,3.175,0.282,-14.561,135,1,222.1
1.4007e+06,3.176,0.272,-14.564,137,1,222.2
1.4007e+06,3.174,0.262,-14.556,136,1,221.95
1.4007e+06,3.174,0.251,-14.557,133,1,221.98
1.4007e+06,3.174,0.241,-14.557,140,1,221.98
1.4007e+06,3.174,0.23,-14.554,137,1,221.89
1.4007e+06,3.175,0.22,-14.559,138,1,222.05
1.4007e+06,3.175,0.209,-14.557,135,1,221.99
1.4007e+06,3.174,0.199,-14.556,136,1,221.95
1.4007e+06,3.174,0.189,-14.554,141,1,221.89
1.4007e+06,3.174,0.178,-14.557,134,1,221.98
1.4007e+06,3.174,0.168,-14.556,142,1,221.95
1.4007e+06,3.175,0.157,-14.557,139,1,221.99
1.4007e+06,3.174,0.147,-14.556,132,1,221.95
1.4007e+06,3.175,0.137,-14.559,137,1,222.05
1.4007e+06,3.174,0.126,-14.556,134,1,221.95
1.4007e+06,3.175,0.116,-14.559,130,1,222.05
1.4007e+06,3.175,0.105,-14.557,134,1,221.99
1.4007e+06,3.174,0.095,-14.553,138,1,221.86
1.4007e+06,3.174,0.085,-14.554,132,1,221.89
1.4007e+06,3.175,0.075,-14.558,137,1,222.02
1.4007e+06,3.173,0.064,-14.55,143,1,221.77
1.4007e+06,3.174,0.054,-14.553,142,1,221.86
1.4007e+06,3.174,0.043,-14.556,107,1,221.95
1.4007e+06,3.174,0.033,-14.553,41,1,221.86
1.4007e+06,3.174,0.023,-14.553,37,1,221.86
1.4007e+06,3.189,0.38,-14.563,26,1,222.25
1.4007e+06,3.19,0.369,-14.566,25,1,222.34
1.4007e+06,3.191,0.359,-14.571,90,1,222.5
1.4007e+06,3.19,0.349,-14.567,111,1,222.37
1.4007e+06,3.189,0.338,-14.563,139,1,222.25
1.4007e+06,3.19,0.327,-14.564,142,1,222.29
1.4007e+06,3.189,0.317,-14.563,134,1,222.25
1.4007e+06,3.189,0.306,-14.561,136,1,222.19
1.4007e+06,3.188,0.296,-14.557,138,1,222.07
1.4007e+06,3.189,0.286,-14.561,137,1,222.19
1.4007e+06,3.189,0.275,-14.561,135,1,222.19
1.4007e+06,3.188,0.265,-14.559,132,1,222.13
1.4007e+06,3.188,0.254,-14.557,134,1,222.07
1.4007e+06,3.187,0.244,-14.55,135,1,221.86
1.4007e+06,3.189,0.234,-14.56,136,1,222.16
1.4007e+06,3.188,0.223,-14.556,139,1,222.04
1.4007e+06,3.188,0.213,-14.558,140,1,222.1
1.4007e+06,3.188,0.202,-14.559,137,1,222.13
1.4007e+06,3.188,0.192,-14.558,136,1,222.1
1.4007e+06,3.188,0.182,-14.56,129,1,222.16
1.4007e+06,3.188,0.171,-14.559,132,1,222.13
1.4007e+06,3.188,0.161,-14.557,134,1,222.07
1.4007e+06,3.188,0.15,-14.556,137,1,222.04
1.4007e+06,3.188,0.14,-14.556,136,1,222.04
1.4007e+06,3.187,0.13,-14.553,137,1,221.95
1.4007e+06,3.188,0.119,-14.554,133,1,221.98
1.4007e+06,3.187,0.109,-14.553,133,1,221.95
1.4007e+06,3.188,0.098,-14.557,137,1,222.07
1.4007e+06,3.187,0.088,-14.553,141,1,221.95
1.4007e+06,3.188,0.077,-14.554,140,1,221.98
1.4007e+06,3.188,0.067,-14.554,135,1,221.98
1.4007e+06,3.187,0.057,-14.554,70,1,221.98
1.4007e+06,3.187,0.046,-14.552,29,1,221.92
1.4007e+06,3.187,0.036,-14.554,43,1,221.98
1.4007e+06,3.2,0.359,-14.573,44,1,222.61
1.4007e+06,3.198,0.348,-14.562,50,1,222.28
1.4007e+06,3.199,0.338,-14.569,108,1,222.49
1.4007e+06,3.198,0.328,-14.566,130,1,222.4
1.4008e+06,3.198,0.317,-14.566,134,1,222.4
1.4008e+06,3.198,0.307,-14.562,139,1,222.28
1.4008e+06,3.199,0.296,-14.567,134,1,222.43
1.4008e+06,3.197,0.286,-14.561,137,1,222.24
1.4008e+06,3.198,0.275,-14.565,137,1,222.37
1.4008e+06,3.198,0.265,-14.564,134,1,222.34
1.4008e+06,3.198,0.255,-14.564,138,1,222.34
1.4008e+06,3.198,0.244,-14.564,135,1,222.34
1.4008e+06,3.197,0.234,-14.562,137,1,222.27
1.4008e+06,3.198,0.223,-14.562,135,1,222.28
1.4008e+06,3.197,0.213,-14.56,135,1,222.21
1.4008e+06,3.197,0.203,-14.558,131,1,222.16
1.4008e+06,3.197,0.192,-14.559,135,1,222.19
1.4008e+06,3.197,0.182,-14.558,144,1,222.16
1.4008e+06,3.197,0.171,-14.559,137,1,222.19
1.4008e+06,3.197,0.161,-14.559,133,1,222.19
1.4008e+06,3.197,0.151,-14.559,137,1,222.19
1.4008e+06,3.197,0.14,-14.561,135,1,222.24
1.4008e+06,3.197,0.13,-14.557,131,1,222.13
1.4008e+06,3.198,0.119,-14.563,132,1,222.31
1.4008e+06,3.197,0.109,-14.561,130,1,222.24
1.4008e+06,3.197,0.099,-14.561,136,1,222.24
1.4008e+06,3.197,0.088,-14.559,138,1,222.19
1.4008e+06,3.197,0.078,-14.56,108,1,222.21
1.4008e+06,3.196,0.067,-14.553,58,1,222
1.4008e+06,3.196,0.057,-14.554,32,1,222.03
1.4008e+06,3.198,0.047,-14.561,11,1,222.25
1.4008e+06,3.21,0.339,-14.573,48,1,222.68
1.4008e+06,3.209,0.329,-14.567,28,1,222.5
1.4008e+06,3.208,0.318,-14.565,54,1,222.43
1.4008e+06,3.21,0.308,-14.57,88,1,222.59
1.4008e+06,3.209,0.297,-14.566,133,1,222.47
1.4008e+06,3.21,0.287,-14.571,132,1,222.62
1.4008e+06,3.208,0.276,-14.563,134,1,222.37
1.4008e+06,3.209,0.266,-14.567,137,1,222.5
1.4008e+06,3.208,0.255,-14.563,137,1,222.37
1.4008e+06,3.208,0.245,-14.564,136,1,222.4
1.4008e+06,3.208,0.235,-14.561,134,1,222.31
1.4008e+06,3.209,0.225,-14.565,132,1,222.44
1.4008e+06,3.208,0.214,-14.563,136,1,222.37
1.4008e+06,3.208,0.203,-14.563,141,1,222.37
1.4008e+06,3.208,0.193,-14.561,134,1,222.31
1.4008e+06,3.208,0.183,-14.561,134,1,222.31
1.4008e+06,3.208,0.172,-14.563,137,1,222.37
1.4008e+06,3.207,0.162,-14.558,139,1,222.22
1.4008e+06,3.208,0.151,-14.564,137,1,222.4
1.4008e+06,3.208,0.141,-14.562,136,1,222.34
1.4008e+06,3.207,0.131,-14.559,130,1,222.25
1.4008e+06,3.208,0.12,-14.561,135,1,222.31
1.4008e+06,3.208,0.11,-14.561,130,1,222.31
1.4008e+06,3.208,0.099,-14.56,95,1,222.28
1.4008e+06,3.207,0.089,-14.557,44,1,222.19
1.4008e+06,3.207,0.079,-14.556,30,1,222.16
1.4008e+06,3.207,0.068,-14.557,36,1,222.19
1.4008e+06,3.223,0.319,-14.569,37,1,222.64
1.4008e+06,3.224,0.308,-14.574,44,1,222.8
1.4008e+06,3.223,0.298,-14.571,30,1,222.7
1.4008e+06,3.222,0.287,-14.566,66,1,222.55
1.4008e+06,3.222,0.277,-14.564,73,1,222.49
1.4008e+06,3.223,0.267,-14.569,113,1,222.64
1.4008e+06,3.222,0.256,-14.564,123,1,222.49
1.4008e+06,3.222,0.245,-14.563,137,1,222.46
1.4008e+06,3.222,0.235,-14.565,131,1,222.52
1.4008e+06,3.222,0.225,-14.564,135,1,222.49
1.4008e+06,3.222,0.214,-14.564,138,1,222.49
1.4008e+06,3.222,0.204,-14.566,126,1,222.55
1.4008e+06,3.222,0.193,-14.564,135,1,222.49
1.4008e+06,3.221,0.183,-14.563,133,1,222.46
1.4008e+06,3.223,0.173,-14.567,130,1,222.59
1.4008e+06,3.221,0.162,-14.561,137,1,222.4
1.4008e+06,3.222,0.152,-14.563,126,1,222.46
1.4008e+06,3.222,0.141,-14.563,101,1,222.46
1.4008e+06,3.22,0.131,-14.557,63,1,222.27
1.4008e+06,3.221,0.12,-14.559,37,1,222.34
1.4008e+06,3.222,0.111,-14.564,30,1,222.49
1.4008e+06,3.221,0.1,-14.561,40,1,222.4
1.4008e+06,3.221,0.089,-14.56,20,1,222.37
1.4008e+06,3.233,0.285,-14.575,26,1,222.88
1.4008e+06,3.235,0.275,-14.584,42,1,223.16
1.4008e+06,3.235,0.264,-14.582,41,1,223.1
1.4008e+06,3.232,0.254,-14.568,41,1,222.67
1.4008e+06,3.231,0.243,-14.564,50,1,222.55
1.4008e+06,3.231,0.233,-14.563,50,1,222.52
1.4008e+06,3.231,0.222,-14.567,50,1,222.64
1.4008e+06,3.231,0.212,-14.565,59,1,222.58
1.4008e+06,3.23,0.201,-14.561,55,1,222.46
1.4008e+06,3.23,0.191,-14.561,54,1,222.46
1.4008e+06,3.23,0.181,-14.561,58,1,222.46
1.4008e+06,3.231,0.17,-14.564,55,1,222.55
1.4008e+06,3.231,0.16,-14.564,44,1,222.55
1.4008e+06,3.231,0.149,-14.567,29,1,222.64
1.4008e+06,3.232,0.139,-14.568,43,1,222.67
1.4008e+06,3.231,0.129,-14.566,46,1,222.61
1.4008e+06,3.23,0.118,-14.562,17,1,222.48
1.4008e+06,3.241,0.245,-14.567,7,1,222.7
1.4008e+06,3.241,0.235,-14.565,19,1,222.64
1.4008e+06,3.243,0.225,-14.573,34,1,222.89
1.4008e+06,3.243,0.214,-14.575,30,1,222.95
1.4008e+06,3.242,0.204,-14.568,56,1,222.74
1.4008e+06,3.243,0.193,-14.571,32,1,222.83
1.4009e+06,3.241,0.184,-14.566,39,1,222.67
1.4009e+06,3.241,0.173,-14.566,22,1,222.67
1.4041e+06,2.743,0.414,-14.51,37,1,218.06
1.4041e+06,2.743,0.404,-14.506,37,1,217.95
1.4041e+06,2.743,0.394,-14.506,45,1,217.95
1.4041e+06,2.743,0.383,-14.508,133,1,218.01
1.4041e+06,2.743,0.373,-14.507,141,1,217.98
1.4041e+06,2.743,0.363,-14.509,143,1,218.04
1.4041e+06,2.743,0.352,-14.507,141,1,217.98
1.4041e+06,2.743,0.342,-14.507,144,1,217.98
1.4041e+06,2.742,0.332,-14.505,141,1,217.91
1.4041e+06,2.742,0.321,-14.505,141,1,217.91
1.4041e+06,2.743,0.311,-14.507,143,1,217.98
1.4041e+06,2.742,0.301,-14.503,145,1,217.86
1.4041e+06,2.743,0.291,-14.508,147,1,218.01
1.4041e+06,2.743,0.28,-14.509,141,1,218.04
1.4041e+06,2.743,0.27,-14.507,140,1,217.98
1.4041e+06,2.743,0.259,-14.509,140,1,218.04
1.4041e+06,2.743,0.249,-14.506,145,1,217.95
1.4041e+06,2.743,0.239,-14.506,145,1,217.95
1.4041e+06,2.743,0.229,-14.508,140,1,218.01
1.4041e+06,2.743,0.218,-14.505,143,1,217.92
1.4041e+06,2.742,0.208,-14.503,148,1,217.86
1.4041e+06,2.743,0.198,-14.507,152,1,217.98
1.4041e+06,2.742,0.188,-14.502,142,1,217.83
1.4041e+06,2.742,0.177,-14.503,153,1,217.86
1.4041e+06,2.742,0.167,-14.503,143,1,217.86
1.4041e+06,2.743,0.156,-14.505,145,1,217.92
1.4041e+06,2.743,0.146,-14.506,142,1,217.95
1.4041e+06,2.743,0.136,-14.505,136,1,217.92
1.4041e+06,2.743,0.126,-14.507,136,1,217.98
1.4041e+06,2.752,0.418,-14.509,31,1,218.08
1.4041e+06,2.752,0.408,-14.509,61,1,218.08
1.4041e+06,2.752,0.398,-14.512,99,1,218.17
1.4041e+06,2.751,0.387,-14.509,141,1,218.08
1.4041e+06,2.752,0.377,-14.509,137,1,218.08
1.4041e+06,2.752,0.367,-14.509,140,1,218.08
1.4041e+06,2.751,0.356,-14.508,139,1,218.05
1.4041e+06,2.751,0.346,-14.506,143,1,217.99
1.4041e+06,2.752,0.336,-14.509,140,1,218.08
1.4041e+06,2.753,0.326,-14.514,141,1,218.24
1.4041e+06,2.752,0.315,-14.509,137,1,218.08
1.4041e+06,2.752,0.305,-14.509,142,1,218.08
1.4041e+06,2.752,0.294,-14.51,140,1,218.11
1.4041e+06,2.751,0.284,-14.503,151,1,217.91
1.4041e+06,2.752,0.274,-14.509,147,1,218.08
1.4041e+06,2.751,0.264,-14.506,144,1,217.99
1.4041e+06,2.751,0.253,-14.507,143,1,218.02
1.4041e+06,2.751,0.243,-14.507,145,1,218.02
1.4041e+06,2.752,0.233,-14.509,145,1,218.08
1.4041e+06,2.751,0.222,-14.507,144,1,218.02
1.4041e+06,2.751,0.212,-14.503,148,1,217.91
1.4041e+06,2.751,0.202,-14.503,143,1,217.91
1.4041e+06,2.751,0.191,-14.505,144,1,217.96
1.4041e+06,2.751,0.181,-14.504,147,1,217.93
1.4041e+06,2.752,0.171,-14.508,142,1,218.06
1.4041e+06,2.751,0.161,-14.504,145,1,217.93
1.4041e+06,2.752,0.15,-14.509,142,1,218.08
1.4041e+06,2.751,0.14,-14.504,148,1,217.93
1.4041e+06,2.752,0.13,-14.508,139,1,218.06
1.4041e+06,2.752,0.119,-14.508,140,1,218.06
1.4041e+06,2.751,0.109,-14.507,139,1,218.02
1.4041e+06,2.752,0.099,-14.507,143,1,218.03
1.4041e+06,2.753,0.088,-14.512,141,1,218.18
1.4041e+06,2.751,0.078,-14.507,142,1,218.02
1.4041e+06,2.751,0.068,-14.507,142,1,218.02
1.4041e+06,2.751,0.058,-14.507,145,1,218.02
1.4041e+06,2.752,0.047,-14.507,140,1,218.03
1.4041e+06,2.752,0.037,-14.508,144,1,218.06
1.4041e+06,2.752,0.026,-14.51,132,1,218.11
1.4042e+06,2.753,0.016,-14.512,90,1,218.18
1.4042e+06,2.752,0.006,-14.51,57,1,218.11
1.4042e+06,2.765,0.432,-14.512,33,1,218.24
1.4042e+06,2.763,0.422,-14.505,46,1,218.03
1.4042e+06,2.764,0.412,-14.509,64,1,218.15
1.4042e+06,2.763,0.401,-14.507,141,1,218.09
1.4042e+06,2.764,0.391,-14.51,138,1,218.18
1.4042e+06,2.764,0.38,-14.508,141,1,218.12
1.4042e+06,2.764,0.37,-14.51,140,1,218.18
1.4042e+06,2.764,0.36,-14.507,145,1,218.09
1.4042e+06,2.764,0.35,-14.507,134,1,218.09
1.4042e+06,2.764,0.339,-14.51,140,1,218.18
1.4042e+06,2.764,0.329,-14.511,142,1,218.21
1.4042e+06,2.764,0.319,-14.512,139,1,218.24
1.4042e+06,2.764,0.308,-14.508,141,1,218.12
1.4042e+06,2.764,0.298,-14.51,143,1,218.18
1.4042e+06,2.764,0.287,-14.511,136,1,218.21
1.4042e+06,2.764,0.277,-14.507,141,1,218.09
1.4042e+06,2.763,0.266,-14.506,141,1,218.06
1.4042e+06,2.763,0.257,-14.503,145,1,217.97
1.4042e+06,2.763,0.246,-14.506,144,1,218.06
1.4042e+06,2.764,0.236,-14.507,142,1,218.09
1.4042e+06,2.763,0.226,-14.505,150,1,218.03
1.4042e+06,2.763,0.215,-14.504,147,1,218
1.4042e+06,2.763,0.205,-14.506,148,1,218.06
1.4042e+06,2.763,0.195,-14.505,145,1,218.03
1.4042e+06,2.763,0.184,-14.505,141,1,218.03
1.4042e+06,2.764,0.174,-14.51,140,1,218.18
1.4042e+06,2.764,0.163,-14.508,142,1,218.12
1.4042e+06,2.764,0.154,-14.509,145,1,218.15
1.4042e+06,2.764,0.143,-14.509,143,1,218.15
1.4042e+06,2.763,0.133,-14.505,142,1,218.03
1.4042e+06,2.764,0.123,-14.509,151,1,218.15
1.4042e+06,2.764,0.112,-14.508,142,1,218.12
1.4042e+06,2.764,0.102,-14.507,144,1,218.09
1.4042e+06,2.763,0.092,-14.505,143,1,218.03
1.4042e+06,2.764,0.081,-14.509,140,1,218.15
1.4042e+06,2.764,0.071,-14.507,139,1,218.09
1.4042e+06,2.764,0.06,-14.51,142,1,218.18
1.4042e+06,2.764,0.05,-14.508,140,1,218.12
1.4042e+06,2.764,0.04,-14.509,137,1,218.15
1.4042e+06,2.765,0.03,-14.513,135,1,218.27
1.4042e+06,2.764,0.02,-14.51,141,1,218.18
1.4042e+06,2.765,0.009,-14.512,119,1,218.24
1.4042e+06,2.774,0.441,-14.511,28,1,218.26
1.4042e+06,2.774,0.431,-14.512,48,1,218.29
1.4042e+06,2.775,0.42,-14.514,96,1,218.36
1.4042e+06,2.775,0.41,-14.514,143,1,218.36
1.4042e+06,2.775,0.4,-14.514,141,1,218.36
1.4042e+06,2.775,0.389,-14.515,143,1,218.39
1.4042e+06,2.775,0.379,-14.515,140,1,218.39
1.4042e+06,2.775,0.369,-14.514,143,1,218.36
1.4042e+06,2.775,0.358,-14.513,147,1,218.33
1.4042e+06,2.775,0.348,-14.513,147,1,218.33
1.4042e+06,2.775,0.338,-14.513,138,1,218.33
1.4042e+06,2.774,0.327,-14.511,143,1,218.26
1.4042e+06,2.774,0.317,-14.51,146,1,218.24
1.4042e+06,2.774,0.306,-14.508,139,1,218.18
1.4042e+06,2.774,0.296,-14.509,143,1,218.21
1.4042e+06,2.774,0.286,-14.51,145,1,218.24
1.4042e+06,2.773,0.276,-14.504,149,1,218.06
1.4042e+06,2.774,0.266,-14.51,147,1,218.24
1.4042e+06,2.774,0.255,-14.508,140,1,218.18
1.4042e+06,2.774,0.245,-14.507,146,1,218.15
1.4042e+06,2.774,0.235,-14.508,142,1,218.18
1.4042e+06,2.774,0.224,-14.512,141,1,218.29
1.4042e+06,2.774,0.214,-14.512,144,1,218.29
1.4042e+06,2.775,0.204,-14.514,140,1,218.36
1.4042e+06,2.774,0.193,-14.508,150,1,218.18
1.4042e+06,2.774,0.183,-14.509,145,1,218.21
1.4042e+06,2.775,0.173,-14.512,141,1,218.3
1.4042e+06,2.774,0.162,-14.508,143,1,218.18
1.4042e+06,2.775,0.152,-14.512,145,1,218.3
1.4042e+06,2.774,0.141,-14.507,147,1,218.15
1.4042e+06,2.774,0.131,-14.509,145,1,218.21
1.4042e+06,2.774,0.121,-14.508,144,1,218.18
1.4042e+06,2.774,0.111,-14.507,150,1,218.15
1.4042e+06,2.774,0.101,-14.507,143,1,218.15
1.4042e+06,2.775,0.09,-14.512,149,1,218.3
1.4042e+06,2.774,0.08,-14.508,140,1,218.18
1.4042e+06,2.775,0.07,-14.513,142,1,218.33
1.4042e+06,2.775,0.059,-14.514,138,1,218.36
1.4042e+06,2.775,0.049,-14.513,148,1,218.33
1.4042e+06,2.776,0.038,-14.517,141,1,218.45
1.4042e+06,2.775,0.028,-14.513,140,1,218.33
1.4042e+06,2.775,0.018,-14.515,144,1,218.39
1.4042e+06,2.775,0.008,-14.514,143,1,218.36
1.4042e+06,2.784,0.445,-14.512,37,1,218.35
1.4042e+06,2.784,0.435,-14.509,38,1,218.26
1.4042e+06,2.785,0.425,-14.516,133,1,218.47
1.4042e+06,2.784,0.414,-14.51,144,1,218.29
1.4042e+06,2.786,0.404,-14.519,137,1,218.56
1.4042e+06,2.784,0.393,-14.513,143,1,218.38
1.4042e+06,2.785,0.384,-14.515,140,1,218.44
1.4042e+06,2.784,0.373,-14.512,138,1,218.35
1.4042e+06,2.784,0.363,-14.512,145,1,218.35
1.4042e+06,2.784,0.352,-14.512,142,1,218.35
1.4042e+06,2.784,0.342,-14.51,144,1,218.29
1.4042e+06,2.784,0.331,-14.511,146,1,218.32
1.4042e+06,2.784,0.322,-14.512,145,1,218.35
1.4043e+06,2.785,0.311,-14.514,143,1,218.41
1.4043e+06,2.785,0.301,-14.514,143,1,218.41
1.4043e+06,2.785,0.29,-14.515,143,1,218.44
1.4043e+06,2.785,0.28,-14.514,144,1,218.41
1.4043e+06,2.785,0.27,-14.514,150,1,218.41
1.4043e+06,2.784,0.259,-14.512,139,1,218.35
1.4043e+06,2.784,0.249,-14.512,142,1,218.35
1.4043e+06,2.784,0.238,-14.509,141,1,218.26
1.4043e+06,2.785,0.228,-14.513,144,1,218.38
1.4043e+06,2.784,0.218,-14.509,143,1,218.26
1.4043e+06,2.784,0.208,-14.51,150,1,218.29
1.4043e+06,2.784,0.198,-14.508,142,1,218.23
1.4043e+06,2.784,0.187,-14.51,141,1,218.29
1.4043e+06,2.784,0.177,-14.509,142,1,218.26
1.4043e+06,2.783,0.166,-14.507,147,1,218.2
1.4043e+06,2.784,0.156,-14.509,148,1,218.26
1.4043e+06,2.784,0.146,-14.509,149,1,218.26
1.4043e+06,2.785,0.136,-14.514,141,1,218.41
1.4043e+06,2.784,0.125,-14.51,144,1,218.29
1.4043e+06,2.784,0.115,-14.512,145,1,218.35
1.4043e+06,2.784,0.105,-14.51,151,1,218.29
1.4043e+06,2.785,0.094,-14.516,143,1,218.47
1.4043e+06,2.784,0.084,-14.511,144,1,218.32
1.4043e+06,2.785,0.074,-14.512,145,1,218.35
1.4043e+06,2.785,0.063,-14.514,141,1,218.41
1.4043e+06,2.785,0.053,-14.514,141,1,218.41
1.4043e+06,2.785,0.043,-14.514,142,1,218.41
1.4043e+06,2.784,0.032,-14.512,143,1,218.35
1.4043e+06,2.785,0.022,-14.515,140,1,218.44
1.4043e+06,2.784,0.012,-14.511,138,1,218.32
1.4043e+06,2.786,0.001,-14.521,142,1,218.62
1.4043e+06,2.796,0.458,-14.516,18,1,218.53
1.4043e+06,2.795,0.447,-14.511,40,1,218.38
1.4043e+06,2.796,0.437,-14.512,52,1,218.42
1.4043e+06,2.796,0.427,-14.516,137,1,218.53
1.4043e+06,2.796,0.417,-14.516,138,1,218.53
1.4043e+06,2.796,0.406,-14.513,142,1,218.44
1.4043e+06,2.796,0.396,-14.511,140,1,218.39
1.4043e+06,2.796,0.386,-14.512,142,1,218.42
1.4043e+06,2.796,0.375,-14.514,139,1,218.47
1.4043e+06,2.796,0.365,-14.512,132,1,218.42
1.4043e+06,2.796,0.355,-14.516,132,1,218.53
1.4043e+06,2.796,0.344,-14.515,140,1,218.5
1.4043e+06,2.796,0.334,-14.516,142,1,218.53
1.4043e+06,2.797,0.324,-14.517,142,1,218.57
1.4043e+06,2.796,0.313,-14.515,146,1,218.5
1.4043e+06,2.796,0.303,-14.511,144,1,218.39
1.4043e+06,2.796,0.293,-14.514,141,1,218.47
1.4043e+06,2.796,0.282,-14.512,142,1,218.42
1.4043e+06,2.796,0.272,-14.512,142,1,218.42
1.4043e+06,2.796,0.262,-14.511,144,1,218.39
1.4043e+06,2.796,0.252,-14.512,147,1,218.42
1.4043e+06,2.795,0.241,-14.506,150,1,218.24
1.4043e+06,2.795,0.23,-14.51,143,1,218.35
1.4043e+06,2.795,0.22,-14.507,141,1,218.27
1.4043e+06,2.795,0.21,-14.507,153,1,218.27
1.4043e+06,2.795,0.2,-14.507,142,1,218.27
1.4043e+06,2.795,0.19,-14.507,149,1,218.27
1.4043e+06,2.796,0.179,-14.511,144,1,218.39
1.4043e+06,2.795,0.169,-14.508,146,1,218.29
1.4043e+06,2.796,0.158,-14.514,143,1,218.47
1.4043e+06,2.796,0.148,-14.512,144,1,218.42
1.4043e+06,2.796,0.138,-14.512,145,1,218.42
1.4043e+06,2.796,0.127,-14.512,141,1,218.42
1.4043e+06,2.796,0.117,-14.51,154,1,218.36
1.4043e+06,2.796,0.107,-14.512,136,1,218.42
1.4043e+06,2.796,0.097,-14.515,143,1,218.5
1.4043e+06,2.796,0.086,-14.51,147,1,218.36
1.4043e+06,2.796,0.076,-14.513,146,1,218.44
1.4043e+06,2.796,0.065,-14.512,147,1,218.42
1.4043e+06,2.796,0.055,-14.509,145,1,218.33
1.4043e+06,2.796,0.045,-14.511,142,1,218.39
1.4043e+06,2.796,0.035,-14.509,142,1,218.33
1.4043e+06,2.796,0.024,-14.514,143,1,218.47
1.4043e+06,2.796,0.014,-14.51,144,1,218.36
1.4043e+06,2.797,0.004,-14.517,140,1,218.57
1.4043e+06,2.805,0.458,-14.516,32,1,218.58
1.4043e+06,2.805,0.448,-14.513,38,1,218.5
1.4043e+06,2.806,0.438,-14.518,137,1,218.65
1.4043e+06,2.806,0.427,-14.519,140,1,218.67
1.4043e+06,2.805,0.417,-14.512,145,1,218.47
1.4043e+06,2.806,0.406,-14.517,139,1,218.62
1.4043e+06,2.805,0.396,-14.516,133,1,218.58
1.4043e+06,2.805,0.386,-14.512,137,1,218.47
1.4043e+06,2.806,0.375,-14.516,136,1,218.59
1.4043e+06,2.806,0.365,-14.516,132,1,218.59
1.4043e+06,2.805,0.354,-14.513,136,1,218.5
1.4043e+06,2.805,0.344,-14.514,139,1,218.52
1.4043e+06,2.805,0.334,-14.515,145,1,218.55
1.4043e+06,2.805,0.324,-14.514,146,1,218.52
1.4043e+06,2.805,0.313,-14.515,141,1,218.55
1.4043e+06,2.806,0.303,-14.519,145,1,218.67
1.4043e+06,2.805,0.292,-14.515,145,1,218.55
1.4043e+06,2.806,0.282,-14.517,142,1,218.62
1.4043e+06,2.805,0.272,-14.514,145,1,218.52
1.4043e+06,2.805,0.262,-14.514,142,1,218.52
1.4043e+06,2.805,0.251,-14.513,149,1,218.5
1.4043e+06,2.805,0.241,-14.512,140,1,218.47
1.4043e+06,2.805,0.231,-14.514,141,1,218.52
1.4043e+06,2.804,0.221,-14.509,141,1,218.37
1.4044e+06,2.805,0.21,-14.515,143,1,218.55
1.4044e+06,2.804,0.199,-14.508,144,1,218.34
1.4044e+06,2.804,0.189,-14.509,148,1,218.37
1.4044e+06,2.805,0.179,-14.513,140,1,218.5
1.4044e+06,2.805,0.169,-14.512,144,1,218.47
1.4044e+06,2.805,0.159,-14.513,143,1,218.5
1.4044e+06,2.804,0.148,-14.51,147,1,218.4
1.4044e+06,2.805,0.138,-14.513,145,1,218.5
1.4044e+06,2.805,0.127,-14.514,141,1,218.52
1.4044e+06,2.805,0.117,-14.512,145,1,218.47
1.4044e+06,2.805,0.107,-14.515,144,1,218.55
1.4044e+06,2.805,0.097,-14.511,146,1,218.44
1.4044e+06,2.805,0.086,-14.513,145,1,218.5
1.4044e+06,2.805,0.076,-14.514,146,1,218.52
1.4044e+06,2.805,0.066,-14.513,143,1,218.5
1.4044e+06,2.805,0.056,-14.514,150,1,218.52
1.4044e+06,2.805,0.045,-14.51,143,1,218.41
1.4044e+06,2.805,0.035,-14.513,143,1,218.5
1.4044e+06,2.805,0.024,-14.514,141,1,218.52
1.4044e+06,2.806,0.014,-14.517,140,1,218.62
1.4044e+06,2.805,0.004,-14.514,139,1,218.52
1.4044e+06,2.818,0.474,-14.519,7,1,218.74
1.4044e+06,2.818,0.463,-14.519,34,1,218.74
1.4044e+06,2.817,0.453,-14.517,41,1,218.68
1.4044e+06,2.818,0.442,-14.521,138,1,218.8
1.4044e+06,2.818,0.433,-14.522,144,1,218.83
1.4044e+06,2.817,0.422,-14.517,145,1,218.68
1.4044e+06,2.817,0.412,-14.517,147,1,218.68
1.4044e+06,2.816,0.401,-14.514,138,1,218.59
1.4044e+06,2.818,0.391,-14.519,136,1,218.74
1.4044e+06,2.817,0.38,-14.515,133,1,218.62
1.4044e+06,2.817,0.37,-14.518,135,1,218.71
1.4044e+06,2.817,0.36,-14.515,135,1,218.62
1.4044e+06,2.817,0.35,-14.515,132,1,218.62
1.4044e+06,2.817,0.339,-14.516,133,1,218.65
1.4044e+06,2.818,0.329,-14.519,143,1,218.74
1.4044e+06,2.817,0.319,-14.516,148,1,218.65
1.4044e+06,2.818,0.308,-14.518,145,1,218.71
1.4044e+06,2.818,0.298,-14.519,135,1,218.74
1.4044e+06,2.818,0.287,-14.517,141,1,218.68
1.4044e+06,2.817,0.277,-14.517,142,1,218.68
1.4044e+06,2.817,0.267,-14.514,140,1,218.59
1.4044e+06,2.817,0.257,-14.514,141,1,218.59
1.4044e+06,2.816,0.246,-14.512,141,1,218.53
1.4044e+06,2.816,0.236,-14.513,142,1,218.56
1.4044e+06,2.817,0.226,-14.513,143,1,218.56
1.4044e+06,2.816,0.215,-14.512,142,1,218.53
1.4044e+06,2.816,0.205,-14.512,143,1,218.53
1.4044e+06,2.817,0.194,-14.514,142,1,218.59
1.4044e+06,2.817,0.184,-14.515,145,1,218.62
1.4044e+06,2.818,0.174,-14.517,147,1,218.68
1.4044e+06,2.817,0.163,-14.515,143,1,218.62
1.4044e+06,2.817,0.154,-14.516,143,1,218.65
1.4044e+06,2.817,0.143,-14.516,141,1,218.65
1.4044e+06,2.817,0.133,-14.515,140,1,218.62
1.4044e+06,2.817,0.122,-14.515,143,1,218.62
1.4044e+06,2.817,0.112,-14.516,145,1,218.65
1.4044e+06,2.817,0.102,-14.516,144,1,218.65
1.4044e+06,2.817,0.091,-14.516,144,1,218.65
1.4044e+06,2.817,0.081,-14.516,146,1,218.65
1.4044e+06,2.818,0.071,-14.518,143,1,218.71
1.4044e+06,2.817,0.06,-14.514,145,1,218.59
1.4044e+06,2.816,0.05,-14.512,147,1,218.53
1.4044e+06,2.817,0.04,-14.515,142,1,218.62
1.4044e+06,2.818,0.03,-14.517,141,1,218.68
1.4044e+06,2.818,0.019,-14.519,140,1,218.74
1.4044e+06,2.817,0.009,-14.516,144,1,218.65
1.4044e+06,2.829,0.477,-14.515,18,1,218.69
1.4044e+06,2.829,0.467,-14.517,49,1,218.75
1.4044e+06,2.83,0.456,-14.522,81,1,218.9
1.4044e+06,2.83,0.446,-14.521,137,1,218.87
1.4044e+06,2.83,0.436,-14.521,139,1,218.87
1.4044e+06,2.83,0.425,-14.522,134,1,218.9
1.4044e+06,2.83,0.415,-14.521,133,1,218.87
1.4044e+06,2.83,0.405,-14.521,134,1,218.87
1.4044e+06,2.829,0.394,-14.517,124,1,218.75
1.4044e+06,2.83,0.384,-14.52,135,1,218.84
1.4044e+06,2.829,0.373,-14.517,135,1,218.75
1.4044e+06,2.829,0.363,-14.517,134,1,218.75
1.4044e+06,2.83,0.353,-14.521,129,1,218.87
1.4044e+06,2.83,0.343,-14.521,132,1,218.87
1.4044e+06,2.829,0.332,-14.517,122,1,218.75
1.4044e+06,2.83,0.322,-14.519,127,1,218.81
1.4044e+06,2.829,0.312,-14.514,123,1,218.66
1.4044e+06,2.829,0.301,-14.518,115,1,218.78
1.4044e+06,2.829,0.291,-14.518,117,1,218.78
1.4044e+06,2.83,0.281,-14.52,115,1,218.84
1.4044e+06,2.83,0.271,-14.52,112,1,218.84
1.4044e+06,2.829,0.26,-14.517,118,1,218.75
1.4044e+06,2.83,0.25,-14.521,113,1,218.87
1.4044e+06,2.829,0.24,-14.515,107,1,218.69
1.4044e+06,2.83,0.229,-14.523,103,1,218.93
1.4044e+06,2.829,0.219,-14.517,98,1,218.75
1.4044e+06,2.829,0.208,-14.515,83,1,218.69
1.4044e+06,2.829,0.198,-14.514,116,1,218.66
1.4044e+06,2.828,0.188,-14.51,145,1,218.54
1.4044e+06,2.829,0.177,-14.512,145,1,218.6
1.4044e+06,2.829,0.167,-14.514,141,1,218.66
1.4044e+06,2.829,0.157,-14.514,145,1,218.66
1.4044e+06,2.829,0.146,-14.514,142,1,218.66
1.4045e+06,2.828,0.136,-14.511,46,1,218.57
1.4045e+06,2.829,0.126,-14.512,69,1,218.6
1.4045e+06,2.829,0.116,-14.517,131,1,218.75
1.4045e+06,2.829,0.105,-14.514,146,1,218.66
1.4045e+06,2.829,0.095,-14.516,144,1,218.72
1.4045e+06,2.83,0.085,-14.518,145,1,218.78
1.4045e+06,2.83,0.074,-14.519,142,1,218.81
1.4045e+06,2.831,0.064,-14.523,136,1,218.93
1.4045e+06,2.829,0.054,-14.514,147,1,218.66
1.4045e+06,2.83,0.043,-14.52,140,1,218.84
1.4045e+06,2.829,0.033,-14.516,152,1,218.72
1.4045e+06,2.83,0.023,-14.519,134,1,218.81
1.4045e+06,2.829,0.012,-14.517,141,1,218.75
1.4045e+06,2.83,0.002,-14.518,143,1,218.78
1.4045e+06,2.838,0.475,-14.52,24,1,218.88
1.4045e+06,2.838,0.465,-14.519,47,1,218.86
1.4045e+06,2.838,0.454,-14.521,140,1,218.91
1.4045e+06,2.838,0.444,-14.52,143,1,218.88
1.4045e+06,2.838,0.434,-14.52,147,1,218.88
1.4045e+06,2.838,0.424,-14.521,142,1,218.91
1.4045e+06,2.838,0.413,-14.519,132,1,218.86
1.4045e+06,2.838,0.403,-14.519,139,1,218.86
1.4045e+06,2.838,0.393,-14.521,133,1,218.91
1.4045e+06,2.839,0.382,-14.522,135,1,218.95
1.4045e+06,2.838,0.372,-14.519,139,1,218.86
1.4045e+06,2.838,0.361,-14.52,137,1,218.88
1.4045e+06,2.839,0.351,-14.523,131,1,218.98
1.4045e+06,2.839,0.341,-14.524,130,1,219.01
1.4045e+06,2.838,0.331,-14.518,38,1,218.83
1.4045e+06,2.838,0.32,-14.517,35,1,218.8
1.4045e+06,2.837,0.31,-14.514,37,1,218.7
1.4045e+06,2.838,0.299,-14.52,40,1,218.88
1.4045e+06,2.837,0.289,-14.516,40,1,218.76
1.4045e+06,2.838,0.279,-14.517,35,1,218.8
1.4045e+06,2.838,0.269,-14.517,44,1,218.8
1.4045e+06,2.838,0.258,-14.516,38,1,218.77
1.4045e+06,2.837,0.248,-14.513,38,1,218.68
1.4045e+06,2.837,0.237,-14.512,41,1,218.65
1.4045e+06,2.837,0.227,-14.514,39,1,218.7
1.4045e+06,2.837,0.217,-14.515,37,1,218.73
1.4045e+06,2.837,0.206,-14.513,40,1,218.68
1.4045e+06,2.836,0.196,-14.51,121,1,218.58
1.4045e+06,2.838,0.186,-14.517,144,1,218.8
1.4045e+06,2.838,0.176,-14.519,141,1,218.86
1.4045e+06,2.838,0.166,-14.517,142,1,218.8
1.4045e+06,2.838,0.155,-14.517,145,1,218.8
1.4045e+06,2.838,0.145,-14.516,134,1,218.77
1.4045e+06,2.838,0.134,-14.517,38,1,218.8
1.4045e+06,2.837,0.124,-14.513,37,1,218.68
1.4045e+06,2.838,0.114,-14.515,41,1,218.74
1.4045e+06,2.838,0.104,-14.517,99,1,218.8
1.4045e+06,2.838,0.093,-14.515,143,1,218.74
1.4045e+06,2.838,0.083,-14.516,147,1,218.77
1.4045e+06,2.838,0.072,-14.515,145,1,218.74
1.4045e+06,2.838,0.062,-14.517,149,1,218.8
1.4045e+06,2.837,0.052,-14.513,144,1,218.68
1.4045e+06,2.838,0.041,-14.52,142,1,218.88
1.4045e+06,2.838,0.031,-14.515,146,1,218.74
1.4045e+06,2.839,0.021,-14.52,142,1,218.89
1.4045e+06,2.838,0.01,-14.518,141,1,218.83
1.4045e+06,2.839,0,-14.52,141,1,218.89
1.4045e+06,2.85,0.481,-14.524,21,1,219.07
1.4045e+06,2.849,0.47,-14.519,40,1,218.92
1.4045e+06,2.85,0.46,-14.522,134,1,219.01
1.4045e+06,2.851,0.449,-14.525,139,1,219.1
1.4045e+06,2.85,0.439,-14.522,137,1,219.01
1.4045e+06,2.85,0.429,-14.521,135,1,218.98
1.4045e+06,2.849,0.419,-14.519,138,1,218.92
1.4045e+06,2.85,0.408,-14.523,135,1,219.04
1.4045e+06,2.849,0.398,-14.518,123,1,218.89
1.4045e+06,2.85,0.387,-14.521,133,1,218.98
1.4045e+06,2.849,0.377,-14.519,135,1,218.92
1.4045e+06,2.849,0.367,-14.52,137,1,218.95
1.4045e+06,2.849,0.356,-14.517,139,1,218.86
1.4045e+06,2.85,0.346,-14.523,133,1,219.04
1.4045e+06,2.85,0.336,-14.522,133,1,219.01
1.4045e+06,2.849,0.325,-14.52,23,1,218.95
1.4045e+06,2.849,0.315,-14.516,35,1,218.83
1.4045e+06,2.85,0.305,-14.521,37,1,218.98
1.4045e+06,2.849,0.294,-14.518,36,1,218.89
1.4045e+06,2.849,0.284,-14.52,32,1,218.95
1.4045e+06,2.849,0.273,-14.514,30,1,218.77
1.4045e+06,2.849,0.263,-14.518,34,1,218.89
1.4045e+06,2.849,0.253,-14.514,34,1,218.77
1.4045e+06,2.849,0.243,-14.515,36,1,218.8
1.4045e+06,2.848,0.232,-14.513,36,1,218.74
1.4045e+06,2.849,0.222,-14.515,35,1,218.8
1.4045e+06,2.849,0.212,-14.515,25,1,218.8
1.4045e+06,2.848,0.201,-14.513,37,1,218.74
1.4045e+06,2.849,0.191,-14.516,138,1,218.83
1.4045e+06,2.849,0.181,-14.516,143,1,218.83
1.4045e+06,2.849,0.17,-14.517,145,1,218.86
1.4045e+06,2.849,0.16,-14.517,145,1,218.86
1.4045e+06,2.85,0.15,-14.52,141,1,218.95
1.4045e+06,2.849,0.14,-14.517,41,1,218.86
1.4045e+06,2.848,0.129,-14.512,34,1,218.71
1.4045e+06,2.849,0.119,-14.515,34,1,218.8
1.4045e+06,2.849,0.108,-14.519,32,1,218.92
1.4045e+06,2.849,0.098,-14.517,43,1,218.86
1.4045e+06,2.849,0.088,-14.519,125,1,218.92
1.4046e+06,2.849,0.078,-14.517,145,1,218.86
1.4046e+06,2.849,0.067,-14.517,147,1,218.86
1.4046e+06,2.849,0.057,-14.517,144,1,218.86
1.4046e+06,2.849,0.046,-14.515,148,1,218.8
1.4046e+06,2.849,0.036,-14.517,145,1,218.86
1.4046e+06,2.85,0.026,-14.519,147,1,218.92
1.4046e+06,2.849,0.015,-14.517,147,1,218.86
1.4046e+06,2.85,0.005,-14.519,133,1,218.92
1.4046e+06,2.862,0.481,-14.521,33,1,219.05
1.4046e+06,2.862,0.471,-14.523,65,1,219.11
1.4046e+06,2.862,0.461,-14.522,139,1,219.08
1.4046e+06,2.863,0.451,-14.525,136,1,219.17
1.4046e+06,2.863,0.44,-14.523,135,1,219.11
1.4046e+06,2.863,0.43,-14.523,134,1,219.11
1.4046e+06,2.863,0.419,-14.523,135,1,219.11
1.4046e+06,2.863,0.409,-14.523,136,1,219.11
1.4046e+06,2.862,0.399,-14.521,133,1,219.05
1.4046e+06,2.863,0.389,-14.524,135,1,219.14
1.4046e+06,2.863,0.378,-14.525,135,1,219.17
1.4046e+06,2.863,0.368,-14.524,132,1,219.14
1.4046e+06,2.863,0.357,-14.524,135,1,219.14
1.4046e+06,2.863,0.347,-14.523,136,1,219.11
1.4046e+06,2.863,0.337,-14.524,133,1,219.14
1.4046e+06,2.862,0.326,-14.517,28,1,218.93
1.4046e+06,2.862,0.316,-14.52,33,1,219.02
1.4046e+06,2.862,0.306,-14.519,39,1,218.99
1.4046e+06,2.862,0.296,-14.518,39,1,218.96
1.4046e+06,2.862,0.285,-14.517,39,1,218.93
1.4046e+06,2.862,0.275,-14.521,39,1,219.05
1.4046e+06,2.862,0.264,-14.517,38,1,218.93
1.4046e+06,2.862,0.254,-14.517,39,1,218.93
1.4046e+06,2.862,0.243,-14.517,41,1,218.93
1.4046e+06,2.862,0.234,-14.519,39,1,218.99
1.4046e+06,2.862,0.223,-14.517,43,1,218.93
1.4046e+06,2.861,0.213,-14.514,35,1,218.84
1.4046e+06,2.862,0.202,-14.515,37,1,218.88
1.4046e+06,2.862,0.192,-14.519,142,1,218.99
1.4046e+06,2.862,0.182,-14.52,138,1,219.02
1.4046e+06,2.862,0.171,-14.521,139,1,219.05
1.4046e+06,2.862,0.161,-14.519,142,1,218.99
1.4046e+06,2.862,0.151,-14.519,134,1,218.99
1.4046e+06,2.862,0.14,-14.515,56,1,218.88
1.4046e+06,2.862,0.13,-14.517,43,1,218.93
1.4046e+06,2.862,0.12,-14.519,36,1,218.99
1.4046e+06,2.862,0.109,-14.518,35,1,218.96
1.4046e+06,2.861,0.099,-14.512,35,1,218.78
1.4046e+06,2.862,0.089,-14.515,37,1,218.88
1.4046e+06,2.862,0.078,-14.519,141,1,218.99
1.4046e+06,2.862,0.068,-14.519,147,1,218.99
1.4046e+06,2.863,0.058,-14.523,142,1,219.11
1.4046e+06,2.862,0.047,-14.519,142,1,218.99
1.4046e+06,2.863,0.037,-14.524,141,1,219.14
1.4046e+06,2.863,0.026,-14.523,142,1,219.11
1.4046e+06,2.864,0.016,-14.525,141,1,219.18
1.4046e+06,2.863,0.006,-14.521,138,1,219.06
1.4046e+06,2.871,0.488,-14.525,29,1,219.22
1.4046e+06,2.87,0.477,-14.523,43,1,219.15
1.4046e+06,2.871,0.467,-14.528,137,1,219.31
1.4046e+06,2.871,0.457,-14.524,141,1,219.19
1.4046e+06,2.871,0.446,-14.528,138,1,219.31
1.4046e+06,2.872,0.436,-14.53,136,1,219.37
1.4046e+06,2.871,0.426,-14.525,135,1,219.22
1.4046e+06,2.871,0.415,-14.525,136,1,219.22
1.4046e+06,2.871,0.405,-14.526,142,1,219.25
1.4046e+06,2.871,0.395,-14.526,136,1,219.25
1.4046e+06,2.871,0.384,-14.526,135,1,219.25
1.4046e+06,2.87,0.374,-14.523,136,1,219.15
1.4046e+06,2.871,0.364,-14.528,132,1,219.31
1.4046e+06,2.87,0.353,-14.523,139,1,219.15
1.4046e+06,2.871,0.343,-14.528,131,1,219.31
1.4046e+06,2.871,0.333,-14.528,100,1,219.31
1.4046e+06,2.87,0.322,-14.521,28,1,219.1
1.4046e+06,2.87,0.312,-14.52,35,1,219.07
1.4046e+06,2.87,0.301,-14.524,44,1,219.18
1.4046e+06,2.871,0.291,-14.524,116,1,219.19
1.4046e+06,2.871,0.281,-14.525,132,1,219.22
1.4046e+06,2.871,0.271,-14.526,129,1,219.25
1.4046e+06,2.871,0.26,-14.524,135,1,219.19
1.4046e+06,2.87,0.25,-14.52,49,1,219.07
1.4046e+06,2.87,0.24,-14.52,39,1,219.07
1.4046e+06,2.869,0.229,-14.519,34,1,219.03
1.4046e+06,2.869,0.219,-14.516,41,1,218.95
1.4046e+06,2.869,0.209,-14.519,50,1,219.03
1.4046e+06,2.869,0.198,-14.517,142,1,218.97
1.4046e+06,2.87,0.188,-14.519,142,1,219.04
1.4046e+06,2.87,0.177,-14.521,141,1,219.1
1.4046e+06,2.87,0.167,-14.519,147,1,219.04
1.4046e+06,2.869,0.157,-14.519,145,1,219.03
1.4046e+06,2.869,0.147,-14.517,145,1,218.97
1.4046e+06,2.87,0.136,-14.521,144,1,219.1
1.4046e+06,2.87,0.126,-14.523,114,1,219.15
1.4046e+06,2.87,0.115,-14.519,35,1,219.04
1.4046e+06,2.87,0.105,-14.519,36,1,219.04
1.4046e+06,2.87,0.095,-14.521,41,1,219.1
1.4046e+06,2.869,0.085,-14.518,40,1,219
1.4046e+06,2.87,0.074,-14.521,142,1,219.1
1.4046e+06,2.871,0.064,-14.523,147,1,219.16
1.4046e+06,2.871,0.053,-14.524,146,1,219.19
1.4046e+06,2.871,0.043,-14.523,142,1,219.16
1.4046e+06,2.87,0.033,-14.522,143,1,219.13
1.4047e+06,2.871,0.023,-14.523,146,1,219.16
1.4047e+06,2.871,0.012,-14.526,144,1,219.25
1.4047e+06,2.871,0.002,-14.524,131,1,219.19
1.4047e+06,2.882,0.489,-14.526,23,1,219.31
1.4047e+06,2.882,0.478,-14.522,52,1,219.19
1.4047e+06,2.883,0.468,-14.528,141,1,219.37
1.4047e+06,2.882,0.458,-14.525,136,1,219.28
1.4047e+06,2.882,0.447,-14.524,142,1,219.25
1.4047e+06,2.882,0.437,-14.526,136,1,219.31
1.4047e+06,2.882,0.427,-14.524,135,1,219.25
1.4047e+06,2.882,0.416,-14.526,129,1,219.31
1.4047e+06,2.882,0.406,-14.525,137,1,219.28
1.4047e+06,2.882,0.396,-14.522,128,1,219.19
1.4047e+06,2.883,0.386,-14.527,132,1,219.35
1.4047e+06,2.883,0.375,-14.528,134,1,219.37
1.4047e+06,2.883,0.365,-14.527,131,1,219.35
1.4047e+06,2.882,0.355,-14.527,135,1,219.34
1.4047e+06,2.883,0.344,-14.527,129,1,219.35
1.4047e+06,2.882,0.334,-14.526,124,1,219.31
1.4047e+06,2.882,0.323,-14.524,26,1,219.25
1.4047e+06,2.882,0.313,-14.523,30,1,219.22
1.4047e+06,2.882,0.303,-14.524,43,1,219.25
1.4047e+06,2.883,0.292,-14.527,111,1,219.35
1.4047e+06,2.882,0.282,-14.522,144,1,219.19
1.4047e+06,2.882,0.271,-14.523,141,1,219.22
1.4047e+06,2.882,0.261,-14.523,137,1,219.22
1.4047e+06,2.881,0.251,-14.517,39,1,219.04
1.4047e+06,2.882,0.241,-14.52,37,1,219.14
1.4047e+06,2.881,0.23,-14.52,36,1,219.13
1.4047e+06,2.882,0.22,-14.523,43,1,219.22
1.4047e+06,2.882,0.209,-14.522,140,1,219.19
1.4047e+06,2.882,0.199,-14.526,142,1,219.31
1.4047e+06,2.882,0.189,-14.523,142,1,219.22
1.4047e+06,2.882,0.179,-14.521,141,1,219.17
1.4047e+06,2.882,0.168,-14.522,139,1,219.19
1.4047e+06,2.881,0.158,-14.519,140,1,219.1
1.4047e+06,2.882,0.147,-14.52,142,1,219.14
1.4047e+06,2.882,0.137,-14.521,147,1,219.17
1.4047e+06,2.881,0.127,-14.518,144,1,219.07
1.4047e+06,2.882,0.116,-14.522,53,1,219.19
1.4047e+06,2.881,0.106,-14.519,36,1,219.1
1.4047e+06,2.882,0.096,-14.52,37,1,219.14
1.4047e+06,2.881,0.085,-14.519,44,1,219.1
1.4047e+06,2.882,0.075,-14.522,143,1,219.19
1.4047e+06,2.882,0.065,-14.521,141,1,219.17
1.4047e+06,2.882,0.054,-14.522,145,1,219.19
1.4047e+06,2.882,0.044,-14.524,143,1,219.25
1.4047e+06,2.882,0.034,-14.524,135,1,219.25
1.4047e+06,2.882,0.024,-14.525,142,1,219.28
1.4047e+06,2.882,0.013,-14.525,145,1,219.28
1.4047e+06,2.882,0.003,-14.524,139,1,219.25
1.4047e+06,2.895,0.491,-14.525,33,1,219.36
1.4047e+06,2.896,0.481,-14.528,100,1,219.45
1.4047e+06,2.895,0.47,-14.526,136,1,219.39
1.4047e+06,2.896,0.46,-14.528,137,1,219.45
1.4047e+06,2.895,0.449,-14.527,139,1,219.41
1.4047e+06,2.896,0.439,-14.528,140,1,219.45
1.4047e+06,2.895,0.429,-14.527,137,1,219.41
1.4047e+06,2.897,0.418,-14.531,136,1,219.54
1.4047e+06,2.896,0.408,-14.529,134,1,219.48
1.4047e+06,2.895,0.398,-14.527,131,1,219.41
1.4047e+06,2.895,0.387,-14.527,128,1,219.41
1.4047e+06,2.895,0.377,-14.527,133,1,219.41
1.4047e+06,2.895,0.366,-14.527,133,1,219.41
1.4047e+06,2.895,0.356,-14.526,137,1,219.39
1.4047e+06,2.895,0.345,-14.526,139,1,219.39
1.4047e+06,2.895,0.336,-14.525,135,1,219.36
1.4047e+06,2.895,0.325,-14.524,34,1,219.33
1.4047e+06,2.894,0.315,-14.517,38,1,219.12
1.4047e+06,2.895,0.304,-14.526,38,1,219.39
1.4047e+06,2.894,0.294,-14.518,63,1,219.15
1.4047e+06,2.895,0.283,-14.522,145,1,219.27
1.4047e+06,2.895,0.273,-14.526,146,1,219.39
1.4047e+06,2.895,0.263,-14.523,146,1,219.3
1.4047e+06,2.895,0.253,-14.525,72,1,219.36
1.4047e+06,2.895,0.242,-14.523,39,1,219.3
1.4047e+06,2.894,0.232,-14.519,39,1,219.18
1.4047e+06,2.894,0.222,-14.519,40,1,219.18
1.4047e+06,2.895,0.211,-14.522,132,1,219.27
1.4047e+06,2.895,0.201,-14.521,146,1,219.24
1.4047e+06,2.895,0.191,-14.523,145,1,219.3
1.4047e+06,2.894,0.18,-14.52,142,1,219.21
1.4047e+06,2.895,0.17,-14.522,141,1,219.27
1.4047e+06,2.894,0.16,-14.52,145,1,219.21
1.4047e+06,2.894,0.149,-14.52,147,1,219.21
1.4047e+06,2.895,0.139,-14.521,142,1,219.24
1.4047e+06,2.895,0.128,-14.52,138,1,219.21
1.4047e+06,2.895,0.118,-14.522,44,1,219.27
1.4047e+06,2.894,0.108,-14.519,37,1,219.18
1.4047e+06,2.894,0.097,-14.517,35,1,219.12
1.4047e+06,2.895,0.087,-14.522,37,1,219.27
1.4047e+06,2.895,0.077,-14.523,147,1,219.3
1.4047e+06,2.894,0.066,-14.52,144,1,219.21
1.4047e+06,2.895,0.056,-14.524,142,1,219.33
1.4047e+06,2.895,0.046,-14.526,140,1,219.39
1.4047e+06,2.895,0.036,-14.523,142,1,219.3
1.4047e+06,2.895,0.025,-14.524,143,1,219.33
1.4047e+06,2.895,0.015,-14.523,144,1,219.3
1.4047e+06,2.895,0.004,-14.525,137,1,219.36
1.4047e+06,2.903,0.498,-14.53,41,1,219.55
1.4048e+06,2.903,0.487,-14.531,62,1,219.58
1.4048e+06,2.902,0.477,-14.529,141,1,219.51
1.4048e+06,2.903,0.467,-14.531,139,1,219.58
1.4048e+06,2.902,0.456,-14.528,143,1,219.48
1.4048e+06,2.902,0.446,-14.528,140,1,219.48
1.4048e+06,2.903,0.435,-14.531,140,1,219.58
1.4048e+06,2.903,0.425,-14.529,133,1,219.52
1.4048e+06,2.903,0.415,-14.531,130,1,219.58
1.4048e+06,2.904,0.405,-14.533,139,1,219.64
1.4048e+06,2.903,0.394,-14.532,132,1,219.61
1.4048e+06,2.903,0.384,-14.53,136,1,219.55
1.4048e+06,2.902,0.373,-14.527,133,1,219.46
1.4048e+06,2.903,0.363,-14.53,132,1,219.55
1.4048e+06,2.902,0.353,-14.525,135,1,219.4
1.4048e+06,2.903,0.343,-14.53,134,1,219.55
1.4048e+06,2.903,0.332,-14.531,119,1,219.58
1.4048e+06,2.901,0.322,-14.523,36,1,219.33
1.4048e+06,2.901,0.311,-14.523,39,1,219.33
1.4048e+06,2.902,0.301,-14.526,39,1,219.43
1.4048e+06,2.902,0.291,-14.523,127,1,219.34
1.4048e+06,2.901,0.28,-14.523,145,1,219.33
1.4048e+06,2.902,0.27,-14.526,148,1,219.43
1.4048e+06,2.902,0.259,-14.526,144,1,219.43
1.4048e+06,2.902,0.25,-14.524,44,1,219.37
1.4048e+06,2.901,0.239,-14.523,35,1,219.33
1.4048e+06,2.902,0.229,-14.524,35,1,219.37
1.4048e+06,2.901,0.218,-14.519,40,1,219.22
1.4048e+06,2.902,0.208,-14.526,100,1,219.43
1.4048e+06,2.902,0.198,-14.523,141,1,219.34
1.4048e+06,2.901,0.187,-14.523,145,1,219.33
1.4048e+06,2.901,0.177,-14.522,140,1,219.3
1.4048e+06,2.902,0.167,-14.524,151,1,219.37
1.4048e+06,2.901,0.156,-14.519,142,1,219.22
1.4048e+06,2.902,0.146,-14.526,142,1,219.43
1.4048e+06,2.901,0.136,-14.521,134,1,219.28
1.4048e+06,2.901,0.125,-14.519,41,1,219.22
1.4048e+06,2.901,0.115,-14.522,40,1,219.3
1.4048e+06,2.901,0.105,-14.522,44,1,219.3
1.4048e+06,2.901,0.094,-14.521,40,1,219.28
1.4048e+06,2.901,0.084,-14.52,64,1,219.25
1.4048e+06,2.902,0.073,-14.526,143,1,219.43
1.4048e+06,2.902,0.063,-14.526,143,1,219.43
1.4048e+06,2.902,0.053,-14.526,142,1,219.43
1.4048e+06,2.902,0.042,-14.528,143,1,219.48
1.4048e+06,2.903,0.032,-14.529,143,1,219.52
1.4048e+06,2.903,0.022,-14.53,139,1,219.55
1.4048e+06,2.902,0.012,-14.525,142,1,219.4
1.4048e+06,2.902,0.001,-14.527,144,1,219.46
1.4048e+06,2.914,0.5,-14.532,36,1,219.67
1.4048e+06,2.913,0.49,-14.526,50,1,219.49
1.4048e+06,2.915,0.479,-14.535,135,1,219.76
1.4048e+06,2.914,0.469,-14.531,144,1,219.64
1.4048e+06,2.914,0.458,-14.532,137,1,219.67
1.4048e+06,2.914,0.449,-14.529,139,1,219.58
1.4048e+06,2.914,0.438,-14.534,135,1,219.73
1.4048e+06,2.913,0.428,-14.527,136,1,219.52
1.4048e+06,2.914,0.417,-14.529,133,1,219.58
1.4048e+06,2.914,0.407,-14.53,136,1,219.61
1.4048e+06,2.915,0.397,-14.535,132,1,219.76
1.4048e+06,2.914,0.386,-14.53,140,1,219.61
1.4048e+06,2.914,0.376,-14.531,133,1,219.64
1.4048e+06,2.914,0.366,-14.531,135,1,219.64
1.4048e+06,2.914,0.355,-14.53,134,1,219.61
1.4048e+06,2.914,0.345,-14.531,139,1,219.64
1.4048e+06,2.914,0.335,-14.531,135,1,219.64
1.4048e+06,2.914,0.324,-14.53,33,1,219.61
1.4048e+06,2.913,0.313,-14.525,37,1,219.46
1.4048e+06,2.913,0.303,-14.527,36,1,219.52
1.4048e+06,2.914,0.293,-14.528,86,1,219.55
1.4048e+06,2.913,0.283,-14.528,143,1,219.55
1.4048e+06,2.913,0.272,-14.526,145,1,219.49
1.4048e+06,2.913,0.262,-14.526,147,1,219.49
1.4048e+06,2.912,0.252,-14.524,141,1,219.43
1.4048e+06,2.912,0.241,-14.521,39,1,219.34
1.4048e+06,2.913,0.231,-14.526,42,1,219.49
1.4048e+06,2.912,0.221,-14.522,37,1,219.37
1.4048e+06,2.912,0.21,-14.522,37,1,219.37
1.4048e+06,2.912,0.2,-14.521,45,1,219.34
1.4048e+06,2.912,0.189,-14.519,36,1,219.28
1.4048e+06,2.912,0.179,-14.521,44,1,219.34
1.4048e+06,2.912,0.169,-14.519,44,1,219.28
1.4048e+06,2.912,0.159,-14.522,44,1,219.37
1.4048e+06,2.912,0.148,-14.522,39,1,219.37
1.4048e+06,2.912,0.138,-14.523,36,1,219.4
1.4048e+06,2.912,0.127,-14.519,37,1,219.28
1.4048e+06,2.912,0.117,-14.523,33,1,219.4
1.4048e+06,2.912,0.107,-14.523,40,1,219.4
1.4048e+06,2.912,0.097,-14.521,34,1,219.34
1.4048e+06,2.912,0.086,-14.523,117,1,219.4
1.4048e+06,2.914,0.076,-14.528,142,1,219.55
1.4048e+06,2.912,0.065,-14.523,143,1,219.4
1.4048e+06,2.914,0.055,-14.53,142,1,219.61
1.4048e+06,2.914,0.045,-14.528,143,1,219.55
1.4048e+06,2.914,0.034,-14.528,146,1,219.55
1.4048e+06,2.914,0.024,-14.529,148,1,219.58
1.4048e+06,2.914,0.014,-14.531,140,1,219.64
1.4048e+06,2.914,0.004,-14.529,144,1,219.58
1.4048e+06,2.928,0.502,-14.535,36,1,219.84
1.4048e+06,2.927,0.491,-14.53,46,1,219.69
1.4048e+06,2.928,0.481,-14.53,141,1,219.69
1.4049e+06,2.928,0.471,-14.533,138,1,219.78
1.4049e+06,2.928,0.461,-14.534,143,1,219.81
1.4049e+06,2.928,0.45,-14.531,144,1,219.72
1.4049e+06,2.928,0.44,-14.532,140,1,219.75
1.4049e+06,2.927,0.43,-14.527,139,1,219.6
1.4049e+06,2.928,0.419,-14.533,134,1,219.78
1.4049e+06,2.927,0.409,-14.529,128,1,219.66
1.4049e+06,2.928,0.398,-14.531,133,1,219.72
1.4049e+06,2.928,0.388,-14.531,131,1,219.72
1.4049e+06,2.928,0.377,-14.534,134,1,219.81
1.4049e+06,2.928,0.368,-14.533,127,1,219.78
1.4049e+06,2.928,0.357,-14.531,136,1,219.72
1.4049e+06,2.928,0.347,-14.535,136,1,219.84
1.4049e+06,2.928,0.336,-14.533,141,1,219.78
1.4049e+06,2.927,0.326,-14.529,42,1,219.66
1.4049e+06,2.927,0.315,-14.525,38,1,219.54
1.4049e+06,2.927,0.305,-14.526,39,1,219.57
1.4049e+06,2.927,0.295,-14.527,46,1,219.6
1.4049e+06,2.927,0.284,-14.525,143,1,219.54
1.4049e+06,2.927,0.274,-14.525,147,1,219.54
1.4049e+06,2.927,0.264,-14.527,143,1,219.6
1.4049e+06,2.927,0.254,-14.527,145,1,219.6
1.4049e+06,2.926,0.243,-14.524,145,1,219.51
1.4049e+06,2.926,0.233,-14.524,39,1,219.51
1.4049e+06,2.927,0.222,-14.524,36,1,219.51
1.4049e+06,2.926,0.212,-14.523,40,1,219.48
1.4049e+06,2.926,0.202,-14.522,41,1,219.45
1.4049e+06,2.926,0.191,-14.522,37,1,219.45
1.4049e+06,2.927,0.181,-14.526,35,1,219.57
1.4049e+06,2.927,0.17,-14.526,42,1,219.57
1.4049e+06,2.927,0.16,-14.528,45,1,219.63
1.4049e+06,2.926,0.15,-14.52,34,1,219.39
1.4049e+06,2.927,0.14,-14.526,44,1,219.57
1.4049e+06,2.926,0.129,-14.521,36,1,219.42
1.4049e+06,2.926,0.119,-14.523,40,1,219.48
1.4049e+06,2.926,0.108,-14.521,35,1,219.42
1.4049e+06,2.927,0.098,-14.526,105,1,219.57
1.4049e+06,2.927,0.088,-14.526,145,1,219.57
1.4049e+06,2.927,0.078,-14.524,144,1,219.51
1.4049e+06,2.928,0.067,-14.529,139,1,219.67
1.4049e+06,2.927,0.057,-14.525,140,1,219.54
1.4049e+06,2.927,0.046,-14.526,145,1,219.57
1.4049e+06,2.927,0.036,-14.526,145,1,219.57
1.4049e+06,2.928,0.026,-14.531,145,1,219.72
1.4049e+06,2.928,0.015,-14.528,142,1,219.64
1.4049e+06,2.928,0.005,-14.531,140,1,219.72
1.4049e+06,2.936,0.498,-14.536,31,1,219.92
1.4049e+06,2.935,0.488,-14.533,57,1,219.82
1.4049e+06,2.935,0.477,-14.533,142,1,219.82
1.4049e+06,2.936,0.467,-14.535,146,1,219.89
1.4049e+06,2.936,0.457,-14.536,143,1,219.92
1.4049e+06,2.935,0.447,-14.534,143,1,219.85
1.4049e+06,2.936,0.436,-14.537,135,1,219.94
1.4049e+06,2.936,0.426,-14.536,129,1,219.92
1.4049e+06,2.935,0.415,-14.534,136,1,219.85
1.4049e+06,2.935,0.405,-14.533,135,1,219.82
1.4049e+06,2.935,0.394,-14.531,130,1,219.76
1.4049e+06,2.935,0.384,-14.531,134,1,219.76
1.4049e+06,2.934,0.374,-14.53,134,1,219.73
1.4049e+06,2.935,0.363,-14.531,137,1,219.76
1.4049e+06,2.934,0.353,-14.528,134,1,219.67
1.4049e+06,2.935,0.343,-14.532,138,1,219.79
1.4049e+06,2.935,0.333,-14.533,131,1,219.82
1.4049e+06,2.935,0.322,-14.529,51,1,219.71
1.4049e+06,2.935,0.312,-14.53,48,1,219.74
1.4049e+06,2.935,0.301,-14.533,48,1,219.82
1.4049e+06,2.935,0.291,-14.532,100,1,219.79
1.4049e+06,2.935,0.28,-14.53,142,1,219.74
1.4049e+06,2.935,0.27,-14.534,143,1,219.85
1.4049e+06,2.935,0.26,-14.532,144,1,219.79
1.4049e+06,2.934,0.249,-14.528,148,1,219.67
1.4049e+06,2.934,0.239,-14.528,142,1,219.67
1.4049e+06,2.936,0.229,-14.536,100,1,219.92
1.4049e+06,2.934,0.218,-14.526,40,1,219.61
1.4049e+06,2.934,0.208,-14.528,36,1,219.67
1.4049e+06,2.933,0.198,-14.522,42,1,219.49
1.4049e+06,2.934,0.187,-14.528,35,1,219.67
1.4049e+06,2.933,0.177,-14.521,38,1,219.46
1.4049e+06,2.934,0.167,-14.528,37,1,219.67
1.4049e+06,2.934,0.156,-14.524,35,1,219.55
1.4049e+06,2.933,0.146,-14.522,33,1,219.49
1.4049e+06,2.934,0.135,-14.525,40,1,219.58
1.4049e+06,2.934,0.125,-14.524,41,1,219.55
1.4049e+06,2.934,0.115,-14.524,40,1,219.55
1.4049e+06,2.935,0.105,-14.531,133,1,219.76
1.4049e+06,2.934,0.094,-14.528,141,1,219.67
1.4049e+06,2.935,0.084,-14.533,142,1,219.82
1.4049e+06,2.935,0.074,-14.531,137,1,219.76
1.4049e+06,2.934,0.063,-14.528,148,1,219.67
1.4049e+06,2.934,0.053,-14.524,142,1,219.55
1.4049e+06,2.935,0.043,-14.531,144,1,219.76
1.4049e+06,2.935,0.032,-14.531,140,1,219.76
1.4049e+06,2.935,0.022,-14.531,141,1,219.76
1.4049e+06,2.934,0.012,-14.528,145,1,219.67
1.4049e+06,2.934,0.001,-14.527,135,1,219.64
1.4049e+06,2.946,0.501,-14.535,38,1,219.95
1.4049e+06,2.946,0.491,-14.533,47,1,219.89
1.4049e+06,2.947,0.48,-14.538,136,1,220.04
1.4049e+06,2.947,0.47,-14.537,138,1,220.01
1.405e+06,2.947,0.459,-14.538,137,1,220.04
1.405e+06,2.947,0.449,-14.536,135,1,219.98
1.405e+06,2.946,0.439,-14.534,139,1,219.92
1.405e+06,2.947,0.428,-14.536,132,1,219.98
1.405e+06,2.946,0.418,-14.533,130,1,219.89
1.405e+06,2.946,0.407,-14.535,133,1,219.95
1.405e+06,2.945,0.397,-14.531,131,1,219.82
1.405e+06,2.946,0.387,-14.535,137,1,219.95
1.405e+06,2.946,0.377,-14.534,133,1,219.92
1.405e+06,2.947,0.366,-14.537,127,1,220.01
1.405e+06,2.946,0.356,-14.533,138,1,219.89
1.405e+06,2.945,0.345,-14.531,139,1,219.82
1.405e+06,2.947,0.335,-14.535,134,1,219.95
1.405e+06,2.946,0.325,-14.535,141,1,219.95
1.405e+06,2.946,0.314,-14.533,144,1,219.89
1.405e+06,2.947,0.304,-14.539,137,1,220.07
1.405e+06,2.946,0.294,-14.533,143,1,219.89
1.405e+06,2.946,0.283,-14.533,140,1,219.89
1.405e+06,2.945,0.273,-14.53,142,1,219.79
1.405e+06,2.946,0.262,-14.533,140,1,219.89
1.405e+06,2.946,0.252,-14.532,136,1,219.86
1.405e+06,2.945,0.242,-14.53,141,1,219.79
1.405e+06,2.944,0.231,-14.526,143,1,219.67
1.405e+06,2.945,0.221,-14.53,147,1,219.79
1.405e+06,2.945,0.211,-14.53,128,1,219.79
1.405e+06,2.945,0.2,-14.529,76,1,219.76
1.405e+06,2.945,0.19,-14.53,48,1,219.79
1.405e+06,2.944,0.179,-14.523,38,1,219.58
1.405e+06,2.944,0.169,-14.526,38,1,219.67
1.405e+06,2.944,0.159,-14.523,45,1,219.58
1.405e+06,2.944,0.148,-14.526,50,1,219.67
1.405e+06,2.946,0.138,-14.533,86,1,219.89
1.405e+06,2.945,0.128,-14.528,136,1,219.74
1.405e+06,2.944,0.117,-14.526,145,1,219.67
1.405e+06,2.945,0.107,-14.527,142,1,219.71
1.405e+06,2.945,0.097,-14.53,143,1,219.79
1.405e+06,2.946,0.086,-14.531,154,1,219.83
1.405e+06,2.945,0.076,-14.53,141,1,219.79
1.405e+06,2.945,0.065,-14.527,137,1,219.71
1.405e+06,2.945,0.055,-14.529,144,1,219.76
1.405e+06,2.945,0.045,-14.527,149,1,219.71
1.405e+06,2.946,0.035,-14.532,140,1,219.86
1.405e+06,2.946,0.024,-14.534,140,1,219.92
1.405e+06,2.946,0.014,-14.533,142,1,219.89
1.405e+06,2.946,0.004,-14.531,145,1,219.83
1.405e+06,2.962,0.502,-14.54,37,1,220.19
1.405e+06,2.961,0.491,-14.537,55,1,220.09
1.405e+06,2.962,0.481,-14.539,137,1,220.16
1.405e+06,2.961,0.471,-14.535,133,1,220.03
1.405e+06,2.962,0.461,-14.538,139,1,220.13
1.405e+06,2.961,0.45,-14.534,135,1,220
1.405e+06,2.961,0.44,-14.537,139,1,220.09
1.405e+06,2.961,0.429,-14.536,130,1,220.06
1.405e+06,2.961,0.419,-14.533,133,1,219.98
1.405e+06,2.961,0.409,-14.536,134,1,220.06
1.405e+06,2.961,0.398,-14.536,135,1,220.06
1.405e+06,2.961,0.388,-14.537,133,1,220.09
1.405e+06,2.961,0.377,-14.534,132,1,220
1.405e+06,2.961,0.367,-14.536,140,1,220.06
1.405e+06,2.961,0.357,-14.536,135,1,220.06
1.405e+06,2.962,0.347,-14.54,140,1,220.19
1.405e+06,2.961,0.336,-14.535,138,1,220.03
1.405e+06,2.961,0.326,-14.536,139,1,220.06
1.405e+06,2.961,0.315,-14.536,143,1,220.06
1.405e+06,2.961,0.305,-14.533,143,1,219.98
1.405e+06,2.961,0.294,-14.533,142,1,219.98
1.405e+06,2.961,0.284,-14.533,143,1,219.98
1.405e+06,2.961,0.274,-14.533,144,1,219.98
1.405e+06,2.96,0.263,-14.53,143,1,219.88
1.405e+06,2.961,0.253,-14.531,140,1,219.92
1.405e+06,2.96,0.243,-14.53,143,1,219.88
1.405e+06,2.961,0.233,-14.533,136,1,219.98
1.405e+06,2.961,0.222,-14.531,143,1,219.92
1.405e+06,2.96,0.212,-14.53,146,1,219.88
1.405e+06,2.961,0.201,-14.531,142,1,219.92
1.405e+06,2.96,0.191,-14.53,145,1,219.88
1.405e+06,2.961,0.181,-14.531,146,1,219.92
1.405e+06,2.961,0.17,-14.533,140,1,219.98
1.405e+06,2.96,0.16,-14.528,144,1,219.82
1.405e+06,2.961,0.149,-14.531,144,1,219.92
1.405e+06,2.961,0.139,-14.53,147,1,219.89
1.405e+06,2.96,0.129,-14.529,142,1,219.85
1.405e+06,2.96,0.119,-14.526,149,1,219.77
1.405e+06,2.96,0.108,-14.529,142,1,219.85
1.405e+06,2.96,0.097,-14.529,148,1,219.85
1.405e+06,2.961,0.087,-14.532,142,1,219.95
1.405e+06,2.96,0.077,-14.528,148,1,219.82
1.405e+06,2.96,0.067,-14.529,145,1,219.85
1.405e+06,2.96,0.056,-14.529,141,1,219.85
1.405e+06,2.96,0.046,-14.53,141,1,219.88
1.405e+06,2.96,0.036,-14.529,141,1,219.85
1.405e+06,2.961,0.025,-14.53,142,1,219.89
1.405e+06,2.961,0.015,-14.534,134,1,220
1.405e+06,2.961,0.004,-14.533,137,1,219.98
1.405e+06,2.969,0.5,-14.539,36,1,220.2
1.405e+06,2.968,0.489,-14.534,34,1,220.05
1.405e+06,2.969,0.479,-14.538,145,1,220.17
1.405e+06,2.97,0.468,-14.545,140,1,220.38
1.405e+06,2.969,0.458,-14.54,139,1,220.23
1.405e+06,2.969,0.448,-14.54,145,1,220.23
1.4051e+06,2.968,0.438,-14.536,135,1,220.1
1.4051e+06,2.969,0.427,-14.538,139,1,220.17
1.4051e+06,2.968,0.417,-14.535,135,1,220.08
1.4051e+06,2.969,0.406,-14.539,134,1,220.2
1.4051e+06,2.969,0.396,-14.537,140,1,220.14
1.4051e+06,2.969,0.386,-14.537,133,1,220.14
1.4051e+06,2.968,0.375,-14.535,128,1,220.08
1.4051e+06,2.968,0.365,-14.535,135,1,220.08
1.4051e+06,2.969,0.354,-14.536,135,1,220.11
1.4051e+06,2.968,0.344,-14.533,137,1,220.02
1.4051e+06,2.969,0.334,-14.536,139,1,220.11
1.4051e+06,2.968,0.323,-14.534,143,1,220.05
1.4051e+06,2.969,0.313,-14.537,145,1,220.14
1.4051e+06,2.969,0.303,-14.537,141,1,220.14
1.4051e+06,2.969,0.292,-14.538,143,1,220.17
1.4051e+06,2.969,0.282,-14.537,135,1,220.14
1.4051e+06,2.968,0.271,-14.536,144,1,220.1
1.4051e+06,2.968,0.261,-14.535,132,1,220.08
1.4051e+06,2.968,0.25,-14.531,139,1,219.96
1.4051e+06,2.968,0.24,-14.531,127,1,219.96
1.4051e+06,2.967,0.23,-14.53,122,1,219.92
1.4051e+06,2.968,0.22,-14.533,110,1,220.02
1.4051e+06,2.968,0.209,-14.533,96,1,220.02
1.4051e+06,2.968,0.199,-14.533,95,1,220.02
1.4051e+06,2.968,0.189,-14.534,109,1,220.05
1.4051e+06,2.967,0.178,-14.527,118,1,219.84
1.4051e+06,2.968,0.168,-14.532,117,1,219.99
1.4051e+06,2.968,0.157,-14.531,124,1,219.96
1.4051e+06,2.967,0.147,-14.53,134,1,219.92
1.4051e+06,2.968,0.137,-14.534,141,1,220.05
1.4051e+06,2.967,0.126,-14.526,147,1,219.81
1.4051e+06,2.968,0.116,-14.531,141,1,219.96
1.4051e+06,2.967,0.106,-14.531,145,1,219.95
1.4051e+06,2.967,0.095,-14.529,145,1,219.89
1.4051e+06,2.967,0.085,-14.53,145,1,219.92
1.4051e+06,2.968,0.075,-14.532,142,1,219.99
1.4051e+06,2.967,0.064,-14.528,144,1,219.87
1.4051e+06,2.967,0.054,-14.529,141,1,219.89
1.4051e+06,2.967,0.044,-14.529,144,1,219.89
1.4051e+06,2.967,0.033,-14.53,145,1,219.92
1.4051e+06,2.968,0.023,-14.533,145,1,220.02
1.4051e+06,2.968,0.013,-14.53,145,1,219.93
1.4051e+06,2.968,0.002,-14.535,143,1,220.08
1.4051e+06,2.98,0.502,-14.543,14,1,220.38
1.4051e+06,2.978,0.492,-14.535,55,1,220.13
1.4051e+06,2.98,0.482,-14.541,131,1,220.32
1.4051e+06,2.98,0.472,-14.541,134,1,220.32
1.4051e+06,2.979,0.461,-14.538,140,1,220.23
1.4051e+06,2.979,0.451,-14.537,139,1,220.2
1.4051e+06,2.98,0.44,-14.541,134,1,220.32
1.4051e+06,2.98,0.43,-14.538,142,1,220.23
1.4051e+06,2.98,0.42,-14.543,129,1,220.38
1.4051e+06,2.979,0.409,-14.538,135,1,220.23
1.4051e+06,2.98,0.399,-14.542,132,1,220.35
1.4051e+06,2.98,0.388,-14.54,136,1,220.29
1.4051e+06,2.98,0.378,-14.54,131,1,220.29
1.4051e+06,2.979,0.368,-14.538,134,1,220.23
1.4051e+06,2.979,0.357,-14.538,132,1,220.23
1.4051e+06,2.979,0.347,-14.536,138,1,220.17
1.4051e+06,2.98,0.336,-14.539,136,1,220.26
1.4051e+06,2.98,0.326,-14.54,139,1,220.29
1.4051e+06,2.979,0.316,-14.535,142,1,220.14
1.4051e+06,2.98,0.306,-14.538,146,1,220.23
1.4051e+06,2.979,0.295,-14.536,119,1,220.17
1.4051e+06,2.978,0.285,-14.534,47,1,220.11
1.4051e+06,2.977,0.274,-14.529,37,1,219.95
1.4051e+06,2.978,0.264,-14.532,38,1,220.05
1.4051e+06,2.979,0.254,-14.535,33,1,220.14
1.4051e+06,2.978,0.243,-14.534,41,1,220.11
1.4051e+06,2.978,0.233,-14.532,32,1,220.05
1.4051e+06,2.978,0.222,-14.533,38,1,220.08
1.4051e+06,2.978,0.212,-14.533,38,1,220.08
1.4051e+06,2.977,0.202,-14.527,37,1,219.9
1.4051e+06,2.978,0.191,-14.53,33,1,219.99
1.4051e+06,2.978,0.181,-14.531,35,1,220.02
1.4051e+06,2.978,0.17,-14.53,41,1,219.99
1.4051e+06,2.978,0.16,-14.531,40,1,220.02
1.4051e+06,2.977,0.15,-14.526,35,1,219.87
1.4051e+06,2.977,0.14,-14.528,30,1,219.93
1.4051e+06,2.977,0.129,-14.529,38,1,219.95
1.4051e+06,2.977,0.119,-14.527,51,1,219.9
1.4051e+06,2.977,0.108,-14.526,121,1,219.87
1.4051e+06,2.977,0.098,-14.528,150,1,219.93
1.4051e+06,2.978,0.088,-14.533,143,1,220.08
1.4051e+06,2.978,0.078,-14.53,146,1,219.99
1.4051e+06,2.98,0.067,-14.538,143,1,220.23
1.4051e+06,2.979,0.057,-14.534,145,1,220.11
1.4051e+06,2.979,0.046,-14.534,141,1,220.11
1.4051e+06,2.978,0.036,-14.532,145,1,220.05
1.4051e+06,2.979,0.026,-14.535,147,1,220.14
1.4051e+06,2.978,0.015,-14.531,142,1,220.02
1.4051e+06,2.978,0.005,-14.533,150,1,220.08
1.4051e+06,2.995,0.497,-14.547,31,1,220.59
1.4051e+06,2.993,0.486,-14.538,41,1,220.31
1.4051e+06,2.993,0.476,-14.54,143,1,220.37
1.4051e+06,2.994,0.465,-14.542,137,1,220.43
1.4051e+06,2.994,0.455,-14.54,138,1,220.38
1.4051e+06,2.994,0.445,-14.544,137,1,220.49
1.4051e+06,2.994,0.435,-14.541,136,1,220.4
1.4052e+06,2.995,0.424,-14.548,127,1,220.61
1.4052e+06,2.994,0.414,-14.543,135,1,220.46
1.4052e+06,2.995,0.403,-14.547,128,1,220.59
1.4052e+06,2.994,0.393,-14.543,135,1,220.46
1.4052e+06,2.994,0.383,-14.544,136,1,220.49
1.4052e+06,2.994,0.372,-14.543,127,1,220.46
1.4052e+06,2.993,0.361,-14.539,135,1,220.34
1.4052e+06,2.994,0.352,-14.54,137,1,220.38
1.4052e+06,2.994,0.341,-14.54,143,1,220.38
1.4052e+06,2.993,0.331,-14.534,135,1,220.2
1.4052e+06,2.993,0.32,-14.535,134,1,220.22
1.4052e+06,2.993,0.31,-14.539,36,1,220.34
1.4052e+06,2.992,0.299,-14.532,35,1,220.13
1.4052e+06,2.993,0.289,-14.536,30,1,220.25
1.4052e+06,2.992,0.279,-14.531,37,1,220.1
1.4052e+06,2.993,0.268,-14.536,36,1,220.25
1.4052e+06,2.993,0.258,-14.536,35,1,220.25
1.4052e+06,2.992,0.247,-14.532,34,1,220.13
1.4052e+06,2.993,0.237,-14.535,36,1,220.22
1.4052e+06,2.992,0.227,-14.533,33,1,220.16
1.4052e+06,2.992,0.216,-14.533,36,1,220.16
1.4052e+06,2.992,0.206,-14.532,39,1,220.13
1.4052e+06,2.993,0.196,-14.535,41,1,220.22
1.4052e+06,2.992,0.185,-14.533,37,1,220.16
1.4052e+06,2.992,0.175,-14.531,37,1,220.1
1.4052e+06,2.992,0.165,-14.529,35,1,220.04
1.4052e+06,2.991,0.154,-14.529,37,1,220.04
1.4052e+06,2.992,0.144,-14.53,37,1,220.07
1.4052e+06,2.991,0.133,-14.529,40,1,220.04
1.4052e+06,2.992,0.123,-14.53,37,1,220.07
1.4052e+06,2.991,0.113,-14.528,37,1,220.01
1.4052e+06,2.992,0.102,-14.531,36,1,220.1
1.4052e+06,2.992,0.092,-14.531,92,1,220.1
1.4052e+06,2.993,0.082,-14.535,137,1,220.22
1.4052e+06,2.993,0.072,-14.538,146,1,220.31
1.4052e+06,2.994,0.061,-14.539,140,1,220.35
1.4052e+06,2.993,0.051,-14.535,144,1,220.22
1.4052e+06,2.993,0.04,-14.535,141,1,220.22
1.4052e+06,2.993,0.03,-14.535,144,1,220.22
1.4052e+06,2.993,0.02,-14.533,140,1,220.17
1.4052e+06,2.993,0.009,-14.534,143,1,220.2
1.4052e+06,3.002,0.495,-14.545,39,1,220.57
1.4052e+06,3.001,0.485,-14.541,47,1,220.45
1.4052e+06,3.003,0.475,-14.546,143,1,220.6
1.4052e+06,3.002,0.464,-14.543,145,1,220.51
1.4052e+06,3.003,0.454,-14.545,138,1,220.58
1.4052e+06,3.002,0.443,-14.542,140,1,220.48
1.4052e+06,3.002,0.433,-14.543,137,1,220.51
1.4052e+06,3.001,0.423,-14.54,134,1,220.42
1.4052e+06,3.002,0.412,-14.542,133,1,220.48
1.4052e+06,3.002,0.402,-14.544,132,1,220.54
1.4052e+06,3.002,0.391,-14.543,134,1,220.51
1.4052e+06,3.001,0.381,-14.541,129,1,220.45
1.4052e+06,3.002,0.371,-14.542,128,1,220.48
1.4052e+06,3.002,0.361,-14.544,134,1,220.54
1.4052e+06,3.002,0.35,-14.542,136,1,220.48
1.4052e+06,3.003,0.34,-14.544,141,1,220.55
1.4052e+06,3.001,0.329,-14.539,133,1,220.39
1.4052e+06,3.001,0.319,-14.54,42,1,220.42
1.4052e+06,3.001,0.308,-14.54,33,1,220.42
1.4052e+06,3.001,0.298,-14.536,43,1,220.3
1.4052e+06,3.001,0.287,-14.537,38,1,220.33
1.4052e+06,3.001,0.277,-14.537,32,1,220.33
1.4052e+06,3.001,0.267,-14.538,32,1,220.36
1.4052e+06,3.001,0.257,-14.538,34,1,220.36
1.4052e+06,3,0.246,-14.533,39,1,220.21
1.4052e+06,3,0.236,-14.532,38,1,220.18
1.4052e+06,3,0.225,-14.535,39,1,220.27
1.4052e+06,3,0.215,-14.534,39,1,220.24
1.4052e+06,3,0.205,-14.532,43,1,220.18
1.4052e+06,3,0.194,-14.533,39,1,220.21
1.4052e+06,3,0.184,-14.534,41,1,220.24
1.4052e+06,3,0.174,-14.532,41,1,220.18
1.4052e+06,3,0.163,-14.534,34,1,220.24
1.4052e+06,3,0.153,-14.533,38,1,220.21
1.4052e+06,3,0.142,-14.534,39,1,220.24
1.4052e+06,3,0.132,-14.531,34,1,220.15
1.4052e+06,3,0.122,-14.532,36,1,220.18
1.4052e+06,3,0.111,-14.531,40,1,220.15
1.4052e+06,3,0.101,-14.53,42,1,220.12
1.4052e+06,3,0.091,-14.529,39,1,220.09
1.4052e+06,3,0.08,-14.535,136,1,220.27
1.4052e+06,3,0.07,-14.531,146,1,220.15
1.4052e+06,3,0.06,-14.533,149,1,220.21
1.4052e+06,3,0.049,-14.534,140,1,220.24
1.4052e+06,3.001,0.039,-14.536,138,1,220.3
1.4052e+06,3,0.029,-14.533,144,1,220.21
1.4052e+06,3.001,0.018,-14.538,145,1,220.36
1.4052e+06,3.001,0.008,-14.538,142,1,220.36
1.4052e+06,3.011,0.488,-14.542,44,1,220.54
1.4052e+06,3.011,0.478,-14.54,120,1,220.48
1.4052e+06,3.012,0.468,-14.545,139,1,220.63
1.4052e+06,3.012,0.457,-14.546,139,1,220.66
1.4052e+06,3.013,0.447,-14.548,133,1,220.72
1.4052e+06,3.012,0.437,-14.547,137,1,220.69
1.4052e+06,3.012,0.426,-14.547,137,1,220.69
1.4052e+06,3.011,0.416,-14.543,130,1,220.56
1.4052e+06,3.012,0.405,-14.545,125,1,220.63
1.4052e+06,3.011,0.395,-14.543,134,1,220.56
1.4052e+06,3.012,0.385,-14.546,133,1,220.66
1.4053e+06,3.011,0.374,-14.542,137,1,220.54
1.4053e+06,3.011,0.364,-14.542,132,1,220.54
1.4053e+06,3.011,0.354,-14.54,130,1,220.48
1.4053e+06,3.011,0.343,-14.543,138,1,220.56
1.4053e+06,3.011,0.333,-14.541,136,1,220.51
1.4053e+06,3.01,0.322,-14.535,27,1,220.33
1.4053e+06,3.011,0.312,-14.539,27,1,220.45
1.4053e+06,3.01,0.301,-14.535,34,1,220.33
1.4053e+06,3.011,0.291,-14.539,40,1,220.45
1.4053e+06,3.01,0.281,-14.536,37,1,220.36
1.4053e+06,3.011,0.27,-14.541,57,1,220.51
1.4053e+06,3.011,0.26,-14.542,104,1,220.54
1.4053e+06,3.011,0.25,-14.541,130,1,220.51
1.4053e+06,3.011,0.24,-14.54,132,1,220.48
1.4053e+06,3.011,0.229,-14.539,134,1,220.45
1.4053e+06,3.01,0.219,-14.537,138,1,220.38
1.4053e+06,3.011,0.208,-14.538,137,1,220.42
1.4053e+06,3.01,0.198,-14.538,140,1,220.41
1.4053e+06,3.01,0.188,-14.536,136,1,220.36
1.4053e+06,3.01,0.177,-14.537,144,1,220.38
1.4053e+06,3.009,0.167,-14.532,137,1,220.23
1.4053e+06,3.01,0.156,-14.537,139,1,220.38
1.4053e+06,3.01,0.146,-14.535,119,1,220.33
1.4053e+06,3.01,0.136,-14.537,72,1,220.38
1.4053e+06,3.01,0.125,-14.535,33,1,220.33
1.4053e+06,3.01,0.115,-14.534,40,1,220.3
1.4053e+06,3.01,0.105,-14.532,37,1,220.24
1.4053e+06,3.01,0.094,-14.535,37,1,220.33
1.4053e+06,3.009,0.084,-14.531,39,1,220.2
1.4053e+06,3.01,0.073,-14.537,143,1,220.38
1.4053e+06,3.01,0.063,-14.538,138,1,220.41
1.4053e+06,3.01,0.053,-14.533,144,1,220.27
1.4053e+06,3.01,0.042,-14.535,138,1,220.33
1.4053e+06,3.01,0.032,-14.537,146,1,220.38
1.4053e+06,3.01,0.022,-14.534,136,1,220.3
1.4053e+06,3.011,0.011,-14.539,143,1,220.45
1.4053e+06,3.01,0.001,-14.536,143,1,220.36
1.4053e+06,3.026,0.492,-14.547,41,1,220.77
1.4053e+06,3.026,0.481,-14.547,46,1,220.77
1.4053e+06,3.026,0.471,-14.545,141,1,220.71
1.4053e+06,3.026,0.46,-14.545,136,1,220.71
1.4053e+06,3.026,0.45,-14.545,134,1,220.71
1.4053e+06,3.026,0.44,-14.542,135,1,220.63
1.4053e+06,3.026,0.429,-14.544,136,1,220.68
1.4053e+06,3.026,0.419,-14.545,130,1,220.71
1.4053e+06,3.027,0.408,-14.549,126,1,220.84
1.4053e+06,3.026,0.398,-14.545,129,1,220.71
1.4053e+06,3.026,0.388,-14.547,129,1,220.77
1.4053e+06,3.026,0.377,-14.547,134,1,220.77
1.4053e+06,3.026,0.367,-14.543,138,1,220.66
1.4053e+06,3.026,0.356,-14.544,141,1,220.68
1.4053e+06,3.026,0.346,-14.545,138,1,220.71
1.4053e+06,3.026,0.336,-14.543,133,1,220.66
1.4053e+06,3.025,0.326,-14.54,28,1,220.56
1.4053e+06,3.024,0.315,-14.537,22,1,220.47
1.4053e+06,3.025,0.305,-14.54,23,1,220.56
1.4053e+06,3.025,0.294,-14.538,35,1,220.5
1.4053e+06,3.025,0.284,-14.539,141,1,220.53
1.4053e+06,3.025,0.274,-14.54,143,1,220.56
1.4053e+06,3.025,0.263,-14.537,136,1,220.47
1.4053e+06,3.026,0.253,-14.542,141,1,220.63
1.4053e+06,3.024,0.242,-14.536,142,1,220.44
1.4053e+06,3.025,0.232,-14.54,143,1,220.56
1.4053e+06,3.026,0.222,-14.541,142,1,220.6
1.4053e+06,3.025,0.211,-14.539,145,1,220.53
1.4053e+06,3.025,0.201,-14.54,140,1,220.56
1.4053e+06,3.026,0.191,-14.544,138,1,220.68
1.4053e+06,3.025,0.18,-14.538,144,1,220.5
1.4053e+06,3.025,0.17,-14.538,139,1,220.5
1.4053e+06,3.024,0.16,-14.534,140,1,220.38
1.4053e+06,3.024,0.149,-14.534,149,1,220.38
1.4053e+06,3.024,0.139,-14.532,146,1,220.32
1.4053e+06,3.024,0.128,-14.536,145,1,220.44
1.4053e+06,3.025,0.118,-14.538,111,1,220.5
1.4053e+06,3.024,0.108,-14.534,37,1,220.38
1.4053e+06,3.024,0.097,-14.533,37,1,220.35
1.4053e+06,3.024,0.087,-14.532,39,1,220.32
1.4053e+06,3.024,0.076,-14.533,106,1,220.35
1.4053e+06,3.024,0.067,-14.534,141,1,220.38
1.4053e+06,3.025,0.056,-14.539,139,1,220.53
1.4053e+06,3.025,0.045,-14.538,143,1,220.5
1.4053e+06,3.026,0.035,-14.541,142,1,220.6
1.4053e+06,3.026,0.025,-14.543,139,1,220.66
1.4053e+06,3.025,0.014,-14.539,142,1,220.53
1.4053e+06,3.025,0.004,-14.54,144,1,220.56
1.4053e+06,3.035,0.491,-14.55,35,1,220.91
1.4053e+06,3.034,0.481,-14.546,57,1,220.79
1.4053e+06,3.033,0.47,-14.545,137,1,220.76
1.4053e+06,3.034,0.46,-14.547,137,1,220.82
1.4053e+06,3.033,0.449,-14.542,138,1,220.67
1.4053e+06,3.034,0.439,-14.547,140,1,220.82
1.4053e+06,3.033,0.429,-14.545,141,1,220.76
1.4053e+06,3.034,0.419,-14.549,140,1,220.88
1.4053e+06,3.034,0.408,-14.548,133,1,220.85
1.4053e+06,3.034,0.398,-14.548,133,1,220.85
1.4053e+06,3.034,0.387,-14.55,126,1,220.91
1.4053e+06,3.034,0.377,-14.548,130,1,220.85
1.4053e+06,3.034,0.366,-14.546,133,1,220.79
1.4053e+06,3.034,0.356,-14.546,141,1,220.79
1.4053e+06,3.033,0.346,-14.545,137,1,220.76
1.4054e+06,3.034,0.335,-14.546,134,1,220.79
1.4054e+06,3.033,0.324,-14.539,29,1,220.58
1.4054e+06,3.033,0.315,-14.544,24,1,220.73
1.4054e+06,3.033,0.304,-14.544,23,1,220.73
1.4054e+06,3.033,0.294,-14.539,49,1,220.58
1.4054e+06,3.033,0.283,-14.54,146,1,220.61
1.4054e+06,3.033,0.273,-14.54,145,1,220.61
1.4054e+06,3.033,0.263,-14.543,146,1,220.7
1.4054e+06,3.033,0.252,-14.543,143,1,220.7
1.4054e+06,3.033,0.242,-14.542,141,1,220.67
1.4054e+06,3.034,0.231,-14.545,140,1,220.76
1.4054e+06,3.033,0.221,-14.544,140,1,220.73
1.4054e+06,3.033,0.211,-14.542,143,1,220.67
1.4054e+06,3.033,0.2,-14.542,142,1,220.67
1.4054e+06,3.033,0.19,-14.543,139,1,220.7
1.4054e+06,3.033,0.179,-14.542,138,1,220.67
1.4054e+06,3.033,0.169,-14.54,142,1,220.61
1.4054e+06,3.033,0.159,-14.538,146,1,220.55
1.4054e+06,3.033,0.149,-14.544,142,1,220.73
1.4054e+06,3.032,0.138,-14.536,144,1,220.49
1.4054e+06,3.033,0.128,-14.539,142,1,220.58
1.4054e+06,3.032,0.117,-14.535,130,1,220.46
1.4054e+06,3.031,0.107,-14.532,34,1,220.37
1.4054e+06,3.032,0.097,-14.533,38,1,220.4
1.4054e+06,3.033,0.086,-14.539,41,1,220.58
1.4054e+06,3.033,0.076,-14.541,93,1,220.64
1.4054e+06,3.033,0.065,-14.539,143,1,220.58
1.4054e+06,3.033,0.055,-14.542,143,1,220.67
1.4054e+06,3.033,0.045,-14.538,145,1,220.55
1.4054e+06,3.034,0.035,-14.545,142,1,220.76
1.4054e+06,3.033,0.024,-14.538,144,1,220.55
1.4054e+06,3.033,0.014,-14.542,137,1,220.67
1.4054e+06,3.033,0.003,-14.542,132,1,220.67
1.4054e+06,3.045,0.484,-14.554,39,1,221.09
1.4054e+06,3.043,0.473,-14.545,50,1,220.82
1.4054e+06,3.044,0.463,-14.55,135,1,220.97
1.4054e+06,3.044,0.453,-14.549,138,1,220.94
1.4054e+06,3.043,0.442,-14.547,134,1,220.88
1.4054e+06,3.044,0.432,-14.549,131,1,220.94
1.4054e+06,3.043,0.421,-14.545,143,1,220.82
1.4054e+06,3.043,0.412,-14.547,136,1,220.88
1.4054e+06,3.043,0.401,-14.543,127,1,220.76
1.4054e+06,3.043,0.391,-14.547,130,1,220.88
1.4054e+06,3.043,0.38,-14.547,133,1,220.88
1.4054e+06,3.043,0.37,-14.547,135,1,220.88
1.4054e+06,3.045,0.359,-14.552,135,1,221.03
1.4054e+06,3.043,0.349,-14.547,134,1,220.88
1.4054e+06,3.045,0.339,-14.552,133,1,221.03
1.4054e+06,3.044,0.328,-14.549,76,1,220.94
1.4054e+06,3.043,0.318,-14.543,23,1,220.76
1.4054e+06,3.042,0.307,-14.541,24,1,220.69
1.4054e+06,3.043,0.297,-14.544,38,1,220.79
1.4054e+06,3.042,0.287,-14.54,120,1,220.67
1.4054e+06,3.043,0.276,-14.547,143,1,220.88
1.4054e+06,3.043,0.266,-14.542,140,1,220.73
1.4054e+06,3.043,0.255,-14.544,145,1,220.79
1.4054e+06,3.042,0.245,-14.538,153,1,220.61
1.4054e+06,3.043,0.235,-14.542,146,1,220.73
1.4054e+06,3.043,0.225,-14.543,142,1,220.76
1.4054e+06,3.042,0.214,-14.54,147,1,220.67
1.4054e+06,3.043,0.204,-14.543,145,1,220.76
1.4054e+06,3.042,0.193,-14.54,144,1,220.67
1.4054e+06,3.043,0.183,-14.544,144,1,220.79
1.4054e+06,3.042,0.172,-14.538,140,1,220.61
1.4054e+06,3.043,0.162,-14.542,140,1,220.73
1.4054e+06,3.042,0.152,-14.54,139,1,220.67
1.4054e+06,3.042,0.141,-14.539,141,1,220.64
1.4054e+06,3.042,0.131,-14.54,142,1,220.67
1.4054e+06,3.042,0.121,-14.54,99,1,220.67
1.4054e+06,3.041,0.11,-14.534,40,1,220.48
1.4054e+06,3.042,0.1,-14.538,36,1,220.61
1.4054e+06,3.04,0.089,-14.531,41,1,220.39
1.4054e+06,3.042,0.079,-14.536,55,1,220.55
1.4054e+06,3.042,0.069,-14.538,145,1,220.61
1.4054e+06,3.042,0.058,-14.537,145,1,220.58
1.4054e+06,3.043,0.048,-14.541,144,1,220.7
1.4054e+06,3.043,0.038,-14.543,142,1,220.76
1.4054e+06,3.043,0.027,-14.542,141,1,220.73
1.4054e+06,3.043,0.017,-14.543,144,1,220.76
1.4054e+06,3.043,0.007,-14.543,134,1,220.76
1.4054e+06,3.062,0.507,-14.564,49,1,221.49
1.4054e+06,3.061,0.497,-14.56,22,1,221.36
1.4054e+06,3.062,0.487,-14.563,8,1,221.46
1.4054e+06,3.059,0.476,-14.549,44,1,221.03
1.4054e+06,3.059,0.465,-14.552,108,1,221.12
1.4054e+06,3.059,0.455,-14.55,143,1,221.06
1.4054e+06,3.059,0.445,-14.55,140,1,221.06
1.4054e+06,3.059,0.434,-14.549,127,1,221.03
1.4054e+06,3.059,0.424,-14.551,134,1,221.09
1.4054e+06,3.059,0.413,-14.55,135,1,221.06
1.4054e+06,3.059,0.403,-14.55,131,1,221.06
1.4054e+06,3.059,0.393,-14.553,127,1,221.15
1.4054e+06,3.058,0.382,-14.547,138,1,220.97
1.4054e+06,3.059,0.372,-14.548,136,1,221
1.4054e+06,3.058,0.361,-14.547,134,1,220.97
1.4054e+06,3.058,0.351,-14.545,137,1,220.91
1.4054e+06,3.058,0.34,-14.545,140,1,220.91
1.4054e+06,3.058,0.33,-14.545,140,1,220.91
1.4055e+06,3.058,0.32,-14.546,25,1,220.94
1.4055e+06,3.057,0.309,-14.54,26,1,220.76
1.4055e+06,3.057,0.299,-14.542,26,1,220.82
1.4055e+06,3.057,0.289,-14.542,36,1,220.82
1.4055e+06,3.057,0.278,-14.543,42,1,220.84
1.4055e+06,3.057,0.268,-14.542,41,1,220.82
1.4055e+06,3.057,0.257,-14.542,85,1,220.82
1.4055e+06,3.058,0.247,-14.546,118,1,220.94
1.4055e+06,3.058,0.236,-14.546,130,1,220.94
1.4055e+06,3.057,0.226,-14.544,126,1,220.87
1.4055e+06,3.058,0.216,-14.545,132,1,220.91
1.4055e+06,3.056,0.206,-14.539,132,1,220.72
1.4055e+06,3.056,0.195,-14.538,132,1,220.69
1.4055e+06,3.057,0.185,-14.54,124,1,220.76
1.4055e+06,3.057,0.174,-14.541,117,1,220.79
1.4055e+06,3.057,0.164,-14.543,86,1,220.84
1.4055e+06,3.056,0.154,-14.536,53,1,220.63
1.4055e+06,3.056,0.143,-14.535,39,1,220.61
1.4055e+06,3.056,0.133,-14.538,34,1,220.69
1.4055e+06,3.056,0.122,-14.536,39,1,220.63
1.4055e+06,3.056,0.112,-14.538,36,1,220.69
1.4055e+06,3.057,0.102,-14.54,32,1,220.76
1.4055e+06,3.056,0.091,-14.535,36,1,220.61
1.4055e+06,3.057,0.081,-14.541,93,1,220.79
1.4055e+06,3.057,0.071,-14.541,147,1,220.79
1.4055e+06,3.057,0.06,-14.542,141,1,220.82
1.4055e+06,3.057,0.05,-14.539,145,1,220.73
1.4055e+06,3.057,0.04,-14.542,144,1,220.82
1.4055e+06,3.057,0.029,-14.543,145,1,220.84
1.4055e+06,3.057,0.019,-14.539,146,1,220.73
1.4055e+06,3.056,0.008,-14.538,134,1,220.69
1.4055e+06,3.068,0.474,-14.552,43,1,221.17
1.4055e+06,3.068,0.464,-14.552,46,1,221.17
1.4055e+06,3.068,0.453,-14.55,137,1,221.12
1.4055e+06,3.068,0.443,-14.553,139,1,221.2
1.4055e+06,3.068,0.433,-14.552,135,1,221.17
1.4055e+06,3.068,0.422,-14.551,134,1,221.14
1.4055e+06,3.068,0.412,-14.55,137,1,221.12
1.4055e+06,3.068,0.401,-14.552,136,1,221.17
1.4055e+06,3.068,0.391,-14.552,136,1,221.17
1.4055e+06,3.068,0.38,-14.551,131,1,221.14
1.4055e+06,3.068,0.37,-14.551,136,1,221.14
1.4055e+06,3.068,0.36,-14.551,133,1,221.14
1.4055e+06,3.069,0.35,-14.553,134,1,221.21
1.4055e+06,3.067,0.339,-14.546,136,1,220.99
1.4055e+06,3.068,0.329,-14.55,136,1,221.12
1.4055e+06,3.068,0.318,-14.551,76,1,221.14
1.4055e+06,3.067,0.308,-14.545,24,1,220.96
1.4055e+06,3.066,0.298,-14.543,27,1,220.9
1.4055e+06,3.067,0.287,-14.547,29,1,221.02
1.4055e+06,3.066,0.276,-14.544,36,1,220.93
1.4055e+06,3.068,0.266,-14.548,36,1,221.06
1.4055e+06,3.066,0.256,-14.544,39,1,220.93
1.4055e+06,3.066,0.245,-14.541,33,1,220.84
1.4055e+06,3.067,0.235,-14.545,36,1,220.96
1.4055e+06,3.066,0.225,-14.54,33,1,220.81
1.4055e+06,3.066,0.214,-14.541,35,1,220.84
1.4055e+06,3.067,0.204,-14.545,35,1,220.96
1.4055e+06,3.066,0.194,-14.54,38,1,220.81
1.4055e+06,3.066,0.183,-14.543,33,1,220.9
1.4055e+06,3.066,0.173,-14.54,37,1,220.81
1.4055e+06,3.066,0.162,-14.541,34,1,220.84
1.4055e+06,3.066,0.152,-14.543,36,1,220.9
1.4055e+06,3.066,0.142,-14.541,38,1,220.84
1.4055e+06,3.066,0.132,-14.538,33,1,220.75
1.4055e+06,3.065,0.121,-14.536,34,1,220.69
1.4055e+06,3.066,0.111,-14.539,39,1,220.78
1.4055e+06,3.066,0.1,-14.541,39,1,220.84
1.4055e+06,3.066,0.09,-14.541,62,1,220.84
1.4055e+06,3.066,0.079,-14.54,144,1,220.81
1.4055e+06,3.066,0.069,-14.542,144,1,220.87
1.4055e+06,3.066,0.059,-14.541,143,1,220.84
1.4055e+06,3.066,0.048,-14.543,148,1,220.9
1.4055e+06,3.067,0.038,-14.545,145,1,220.96
1.4055e+06,3.066,0.028,-14.543,142,1,220.9
1.4055e+06,3.068,0.017,-14.549,134,1,221.09
1.4055e+06,3.067,0.007,-14.545,134,1,220.96
