3.076,-0.01,-14.546,1
3.078,-0.021,-14.551,1
3.076,-0.031,-14.545,1
3.076,-0.041,-14.544,2
3.076,-0.052,-14.543,2
3.089,-0.007,-14.542,1
3.09,-0.017,-14.546,1
3.089,-0.027,-14.542,1
3.089,-0.038,-14.543,2
3.09,-0.049,-14.545,2
3.1,-0.007,-14.548,1
3.101,-0.018,-14.549,1
3.1,-0.028,-14.547,2
3.101,-0.038,-14.55,2
3.109,-0.004,-14.55,1
3.109,-0.014,-14.549,1
3.109,-0.024,-14.545,2
3.109,-0.035,-14.548,2
3.122,-0.003,-14.547,1
3.122,-0.013,-14.547,2
3.122,-0.023,-14.549,2
3.133,-0.002,-14.555,1
3.131,-0.013,-14.544,2
3.132,-0.023,-14.55,2
3.142,-0.009,-14.553,2
2.753,-0.004,-14.513,2
2.763,-0.046,-14.568,2
2.764,-0.001,-14.51,2
2.765,-0.011,-14.514,2
2.776,-0.002,-14.515,1
2.774,-0.013,-14.511,2
2.775,-0.023,-14.514,2
2.785,-0.009,-14.514,1
2.785,-0.019,-14.515,2
2.785,-0.03,-14.514,2
2.796,-0.051,-14.568,2
2.796,-0.007,-14.514,1
2.797,-0.017,-14.519,1
2.796,-0.027,-14.514,2
2.797,-0.038,-14.52,2
2.806,-0.007,-14.517,1
2.805,-0.017,-14.514,1
2.806,-0.027,-14.517,2
2.805,-0.038,-14.514,2
2.811,-0.048,-14.545,2
2.818,-0.002,-14.518,1
2.818,-0.012,-14.517,1
2.818,-0.022,-14.519,1
2.818,-0.032,-14.52,1
2.817,-0.043,-14.514,2
2.819,-0.053,-14.521,2
2.829,-0.009,-14.516,1
2.83,-0.019,-14.521,1
2.83,-0.029,-14.519,1
2.83,-0.039,-14.521,1
2.829,-0.05,-14.517,2
2.839,-0.01,-14.521,1
2.839,-0.021,-14.523,1
2.838,-0.031,-14.519,1
2.839,-0.041,-14.521,1
2.837,-0.051,-14.514,2
2.839,-0.062,-14.524,2
2.85,-0.005,-14.522,1
2.85,-0.015,-14.519,1
2.85,-0.025,-14.523,1
2.849,-0.036,-14.519,1
2.85,-0.047,-14.52,1
2.849,-0.057,-14.517,2
2.85,-0.067,-14.52,2
2.863,-0.004,-14.521,1
2.864,-0.015,-14.525,1
2.862,-0.025,-14.52,1
2.863,-0.035,-14.523,1
2.862,-0.045,-14.52,1
2.863,-0.056,-14.522,2
2.863,-0.066,-14.522,2
2.871,-0.008,-14.525,1
2.871,-0.019,-14.522,1
2.871,-0.029,-14.527,1
2.871,-0.04,-14.523,1
2.871,-0.05,-14.526,1
2.871,-0.06,-14.524,2
2.883,-0.007,-14.526,1
2.882,-0.018,-14.522,1
2.882,-0.028,-14.524,1
2.882,-0.038,-14.523,1
2.882,-0.049,-14.526,1
2.882,-0.059,-14.525,2
2.882,-0.069,-14.524,2
2.895,-0.006,-14.524,1
2.895,-0.016,-14.524,1
2.895,-0.027,-14.526,1
2.895,-0.037,-14.525,1
2.896,-0.047,-14.527,1
2.895,-0.058,-14.524,1
2.895,-0.068,-14.521,2
2.902,-0.009,-14.526,1
2.902,-0.02,-14.526,1
2.902,-0.03,-14.526,1
2.902,-0.04,-14.528,1
2.902,-0.051,-14.527,1
2.903,-0.061,-14.528,1
2.915,-0.007,-14.535,1
2.914,-0.017,-14.528,1
2.915,-0.028,-14.536,1
2.914,-0.038,-14.529,1
2.914,-0.048,-14.528,1
2.913,-0.059,-14.526,1
2.913,-0.069,-14.526,2
2.928,-0.005,-14.529,1
2.928,-0.015,-14.531,1
2.927,-0.026,-14.528,1
2.927,-0.036,-14.528,1
2.928,-0.047,-14.528,1
2.928,-0.057,-14.531,1
2.927,-0.067,-14.526,2
2.934,-0.009,-14.528,1
2.935,-0.02,-14.53,1
2.935,-0.03,-14.529,1
2.935,-0.04,-14.531,1
2.936,-0.051,-14.536,1
2.935,-0.061,-14.532,1
2.947,-0.007,-14.535,1
2.946,-0.017,-14.531,1
2.947,-0.027,-14.535,1
2.946,-0.038,-14.534,1
2.946,-0.048,-14.532,1
2.947,-0.058,-14.535,1
2.961,-0.006,-14.535,1
2.961,-0.016,-14.533,1
2.961,-0.026,-14.533,1
2.961,-0.037,-14.532,1
2.962,-0.047,-14.536,1
2.961,-0.058,-14.534,1
2.961,-0.068,-14.533,2
2.968,-0.008,-14.531,1
2.968,-0.019,-14.533,1
2.968,-0.029,-14.534,1
2.969,-0.04,-14.537,1
2.969,-0.049,-14.538,1
2.969,-0.06,-14.538,1
2.978,-0.005,-14.529,1
2.979,-0.015,-14.535,1
2.978,-0.026,-14.532,1
2.98,-0.036,-14.539,1
2.979,-0.047,-14.535,1
2.979,-0.057,-14.537,1
2.979,-0.068,-14.536,2
2.992,-0.001,-14.532,1
2.993,-0.012,-14.534,1
2.993,-0.022,-14.534,1
2.993,-0.032,-14.537,1
2.993,-0.042,-14.533,1
2.993,-0.053,-14.538,1
2.994,-0.063,-14.539,1
3.001,-0.002,-14.537,1
3.001,-0.013,-14.54,1
3.001,-0.023,-14.539,1
3.002,-0.034,-14.542,1
3.001,-0.044,-14.539,1
3.003,-0.054,-14.544,1
3.001,-0.064,-14.536,2
3.011,-0.009,-14.539,1
3.01,-0.02,-14.537,1
3.011,-0.03,-14.539,1
3.011,-0.041,-14.542,1
3.01,-0.051,-14.537,1
3.011,-0.061,-14.54,1
3.025,-0.006,-14.54,1
3.025,-0.017,-14.539,1
3.025,-0.027,-14.537,1
3.025,-0.038,-14.538,1
3.024,-0.048,-14.536,1
3.026,-0.058,-14.541,1
3.024,-0.068,-14.536,2
3.033,-0.007,-14.538,1
3.033,-0.017,-14.541,1
3.033,-0.027,-14.542,1
3.033,-0.038,-14.539,1
3.033,-0.049,-14.538,1
3.032,-0.059,-14.536,2
3.043,-0.004,-14.544,1
3.043,-0.014,-14.545,1
3.043,-0.025,-14.542,1
3.043,-0.035,-14.542,1
3.043,-0.045,-14.543,1
3.042,-0.056,-14.54,2
3.043,-0.066,-14.542,2
3.057,-0.002,-14.54,1
3.057,-0.012,-14.542,1
3.057,-0.023,-14.54,1
3.058,-0.033,-14.545,1
3.057,-0.043,-14.541,1
3.057,-0.054,-14.54,2
3.057,-0.064,-14.543,2
3.067,-0.004,-14.546,1
3.066,-0.014,-14.54,1
3.066,-0.024,-14.543,1
3.067,-0.034,-14.544,1
3.066,-0.045,-14.541,2
3.066,-0.056,-14.542,2
3.077,0.467,-14.552,2
3.077,0.457,-14.55,2
3.078,0.447,-14.555,1
3.078,0.436,-14.554,1
3.077,0.426,-14.552,1
3.078,0.415,-14.554,1
3.077,0.405,-14.551,1
3.077,0.395,-14.549,1
3.077,0.384,-14.551,1
3.078,0.374,-14.552,1
3.077,0.363,-14.55,1
3.077,0.353,-14.552,1
3.077,0.343,-14.55,1
3.078,0.332,-14.553,1
3.077,0.322,-14.552,1
3.078,0.312,-14.553,1
3.076,0.301,-14.544,2
3.076,0.291,-14.542,2
3.076,0.28,-14.545,2
3.076,0.27,-14.547,2
3.076,0.259,-14.546,2
3.076,0.249,-14.543,2
3.076,0.238,-14.543,2
3.076,0.228,-14.545,2
3.075,0.218,-14.541,2
3.076,0.207,-14.543,2
3.076,0.197,-14.545,2
3.075,0.186,-14.54,2
3.076,0.176,-14.543,2
3.075,0.166,-14.541,2
3.075,0.155,-14.541,2
3.075,0.145,-14.541,2
3.075,0.135,-14.541,2
3.075,0.125,-14.541,2
3.075,0.114,-14.538,2
3.076,0.104,-14.542,2
3.076,0.093,-14.542,1
3.076,0.083,-14.543,1
3.076,0.072,-14.543,1
3.076,0.062,-14.544,1
3.076,0.052,-14.542,1
3.075,0.041,-14.541,1
3.076,0.031,-14.545,1
3.076,0.021,-14.542,1
3.076,0.01,-14.542,1
3.077,0,-14.549,1
3.091,0.461,-14.552,2
3.091,0.45,-14.553,2
3.091,0.44,-14.555,1
3.092,0.43,-14.556,1
3.092,0.419,-14.555,1
3.092,0.409,-14.557,1
3.092,0.398,-14.555,1
3.091,0.388,-14.554,1
3.09,0.377,-14.549,1
3.09,0.367,-14.55,1
3.091,0.357,-14.551,1
3.091,0.346,-14.55,1
3.091,0.336,-14.552,1
3.09,0.326,-14.549,1
3.091,0.315,-14.55,1
3.09,0.305,-14.548,1
3.09,0.294,-14.55,1
3.09,0.284,-14.547,2
3.091,0.273,-14.55,2
3.089,0.263,-14.545,2
3.09,0.253,-14.547,2
3.089,0.242,-14.545,2
3.089,0.232,-14.546,2
3.089,0.221,-14.544,2
3.089,0.212,-14.545,2
3.09,0.201,-14.546,2
3.089,0.191,-14.545,2
3.089,0.18,-14.544,2
3.089,0.169,-14.543,2
3.089,0.16,-14.542,2
3.089,0.149,-14.54,2
3.089,0.139,-14.543,2
3.089,0.128,-14.544,1
3.088,0.117,-14.54,1
3.089,0.107,-14.543,1
3.089,0.097,-14.544,1
3.09,0.087,-14.547,1
3.089,0.076,-14.546,1
3.089,0.066,-14.545,1
3.09,0.055,-14.548,1
3.089,0.045,-14.543,1
3.089,0.035,-14.543,1
3.089,0.024,-14.542,1
3.089,0.014,-14.543,1
3.089,0.004,-14.545,1
3.101,0.46,-14.552,2
3.101,0.45,-14.554,2
3.102,0.439,-14.555,1
3.102,0.429,-14.56,1
3.102,0.419,-14.557,1
3.102,0.408,-14.556,1
3.101,0.398,-14.551,1
3.102,0.387,-14.556,1
3.102,0.377,-14.555,1
3.101,0.366,-14.553,1
3.101,0.356,-14.552,1
3.102,0.346,-14.555,1
3.101,0.335,-14.553,1
3.102,0.325,-14.556,1
3.101,0.315,-14.552,1
3.101,0.304,-14.55,1
3.101,0.294,-14.553,1
3.1,0.283,-14.55,1
3.101,0.273,-14.554,1
3.1,0.262,-14.549,1
3.101,0.252,-14.551,1
3.101,0.242,-14.55,1
3.101,0.231,-14.55,1
3.1,0.221,-14.546,1
3.1,0.211,-14.547,1
3.1,0.2,-14.547,1
3.101,0.19,-14.55,1
3.1,0.179,-14.549,1
3.1,0.169,-14.546,1
3.1,0.159,-14.549,1
3.1,0.148,-14.546,1
3.1,0.138,-14.547,1
3.099,0.128,-14.545,1
3.099,0.117,-14.545,1
3.099,0.107,-14.543,1
3.1,0.096,-14.547,1
3.099,0.086,-14.544,1
3.099,0.076,-14.545,1
3.1,0.065,-14.547,1
3.1,0.055,-14.545,1
3.099,0.045,-14.544,1
3.1,0.034,-14.547,1
3.1,0.024,-14.546,1
3.1,0.014,-14.546,1
3.1,0.003,-14.546,1
3.111,0.454,-14.558,2
3.11,0.444,-14.555,2
3.111,0.433,-14.558,1
3.111,0.423,-14.559,1
3.11,0.412,-14.556,1
3.11,0.401,-14.555,1
3.11,0.391,-14.554,1
3.111,0.381,-14.556,1
3.111,0.371,-14.559,1
3.111,0.36,-14.557,1
3.111,0.35,-14.558,1
3.11,0.34,-14.554,1
3.111,0.329,-14.56,1
3.11,0.319,-14.554,1
3.11,0.308,-14.554,1
3.109,0.298,-14.552,1
3.109,0.287,-14.551,1
3.109,0.277,-14.552,1
3.11,0.267,-14.553,1
3.109,0.256,-14.55,1
3.109,0.246,-14.55,1
3.11,0.235,-14.552,1
3.109,0.225,-14.549,1
3.109,0.215,-14.551,1
3.109,0.204,-14.549,1
3.11,0.194,-14.553,1
3.109,0.183,-14.552,1
3.109,0.173,-14.551,1
3.11,0.163,-14.553,1
3.109,0.152,-14.548,1
3.109,0.142,-14.552,1
3.109,0.131,-14.547,1
3.108,0.121,-14.545,1
3.108,0.111,-14.545,1
3.109,0.101,-14.547,1
3.109,0.09,-14.546,1
3.109,0.079,-14.546,1
3.109,0.069,-14.546,1
3.109,0.059,-14.547,1
3.109,0.049,-14.548,1
3.109,0.038,-14.547,1
3.109,0.027,-14.549,1
3.109,0.017,-14.55,1
3.109,0.007,-14.547,1
3.124,0.444,-14.559,2
3.123,0.434,-14.555,2
3.124,0.424,-14.559,1
3.124,0.414,-14.557,1
3.125,0.403,-14.56,1
3.124,0.393,-14.557,1
3.124,0.382,-14.559,1
3.125,0.372,-14.563,1
3.124,0.361,-14.557,1
3.124,0.351,-14.558,1
3.123,0.34,-14.554,1
3.124,0.33,-14.558,1
3.124,0.319,-14.556,1
3.123,0.31,-14.551,1
3.123,0.299,-14.553,1
3.123,0.288,-14.552,1
3.123,0.278,-14.553,1
3.123,0.268,-14.554,1
3.123,0.257,-14.552,1
3.123,0.247,-14.551,1
3.124,0.236,-14.556,1
3.123,0.226,-14.551,1
3.124,0.215,-14.555,1
3.122,0.206,-14.55,1
3.123,0.195,-14.551,1
3.123,0.184,-14.552,1
3.122,0.174,-14.55,1
3.123,0.163,-14.551,1
3.122,0.153,-14.545,1
3.122,0.143,-14.55,1
3.121,0.132,-14.542,1
3.122,0.122,-14.547,1
3.121,0.112,-14.543,1
3.122,0.101,-14.55,1
3.122,0.091,-14.549,1
3.122,0.081,-14.549,1
3.123,0.07,-14.551,1
3.122,0.06,-14.548,1
3.123,0.049,-14.553,1
3.122,0.039,-14.548,1
3.123,0.029,-14.551,1
3.122,0.018,-14.55,1
3.123,0.008,-14.551,1
3.135,0.434,-14.564,2
3.133,0.424,-14.557,2
3.134,0.413,-14.56,1
3.133,0.403,-14.555,1
3.134,0.393,-14.559,1
3.134,0.382,-14.558,1
3.135,0.372,-14.563,1
3.134,0.361,-14.561,1
3.134,0.351,-14.561,1
3.133,0.34,-14.556,1
3.134,0.33,-14.56,1
3.133,0.319,-14.556,1
3.133,0.309,-14.554,1
3.132,0.299,-14.554,1
3.133,0.289,-14.554,1
3.132,0.278,-14.554,1
3.132,0.268,-14.552,1
3.133,0.257,-14.555,1
3.133,0.247,-14.554,1
3.133,0.236,-14.556,1
3.132,0.226,-14.55,1
3.133,0.216,-14.557,1
3.132,0.205,-14.552,1
3.133,0.195,-14.553,1
3.133,0.184,-14.554,1
3.132,0.174,-14.55,1
3.133,0.164,-14.554,1
3.132,0.153,-14.553,1
3.132,0.143,-14.549,1
3.131,0.132,-14.547,1
3.132,0.122,-14.552,1
3.132,0.112,-14.548,1
3.132,0.101,-14.552,1
3.132,0.091,-14.548,1
3.132,0.08,-14.55,1
3.131,0.07,-14.547,1
3.132,0.06,-14.548,1
3.132,0.049,-14.55,1
3.132,0.039,-14.553,1
3.132,0.029,-14.55,1
3.132,0.018,-14.55,1
3.132,0.008,-14.549,1
3.143,0.428,-14.559,2
3.143,0.417,-14.557,2
3.144,0.407,-14.561,1
3.144,0.396,-14.56,1
3.144,0.386,-14.563,1
3.143,0.375,-14.559,1
3.143,0.365,-14.558,1
3.144,0.355,-14.563,1
3.143,0.344,-14.559,1
3.144,0.334,-14.562,1
3.143,0.324,-14.558,1
3.144,0.313,-14.563,1
3.142,0.303,-14.555,1
3.143,0.292,-14.557,1
3.142,0.282,-14.552,1
3.143,0.271,-14.558,1
3.143,0.261,-14.557,1
3.142,0.25,-14.553,1
3.142,0.24,-14.554,1
3.141,0.229,-14.551,1
3.142,0.22,-14.554,1
3.141,0.209,-14.55,1
3.142,0.199,-14.554,1
3.141,0.188,-14.55,1
3.143,0.178,-14.556,1
3.142,0.167,-14.554,1
3.142,0.157,-14.554,1
3.142,0.147,-14.552,1
3.142,0.136,-14.552,1
3.141,0.126,-14.551,1
3.142,0.115,-14.556,1
3.141,0.105,-14.547,1
3.141,0.095,-14.55,1
3.141,0.084,-14.549,1
3.141,0.074,-14.55,1
3.141,0.063,-14.55,1
3.141,0.053,-14.55,1
3.141,0.043,-14.545,1
3.141,0.032,-14.549,1
3.141,0.022,-14.548,1
3.142,0.011,-14.552,1
3.141,0.001,-14.547,2
3.157,0.42,-14.566,2
3.155,0.409,-14.557,2
3.156,0.398,-14.561,2
3.156,0.388,-14.562,1
3.156,0.378,-14.562,1
3.156,0.367,-14.562,1
3.156,0.357,-14.56,1
3.156,0.347,-14.561,1
3.156,0.336,-14.562,1
3.156,0.326,-14.561,1
3.156,0.315,-14.562,1
3.156,0.305,-14.563,1
3.156,0.294,-14.561,1
3.155,0.284,-14.557,1
3.155,0.273,-14.557,1
3.155,0.263,-14.557,1
3.154,0.253,-14.552,1
3.154,0.243,-14.554,1
3.155,0.232,-14.557,1
3.155,0.221,-14.556,1
3.155,0.211,-14.554,1
3.155,0.2,-14.554,1
3.154,0.191,-14.552,1
3.155,0.18,-14.554,1
3.155,0.169,-14.554,1
3.155,0.159,-14.554,1
3.155,0.148,-14.554,1
3.155,0.139,-14.557,1
3.154,0.128,-14.552,1
3.154,0.117,-14.553,1
3.155,0.107,-14.556,1
3.154,0.097,-14.551,1
3.155,0.086,-14.555,1
3.154,0.076,-14.55,1
3.154,0.065,-14.55,1
3.154,0.055,-14.551,1
3.155,0.045,-14.554,1
3.154,0.034,-14.549,1
3.154,0.024,-14.553,1
3.153,0.014,-14.548,2
3.154,0.003,-14.549,2
3.166,0.405,-14.563,2
3.165,0.396,-14.561,2
3.165,0.385,-14.561,1
3.166,0.375,-14.563,1
3.165,0.364,-14.562,1
3.165,0.354,-14.561,1
3.165,0.343,-14.561,1
3.165,0.333,-14.562,1
3.165,0.322,-14.561,1
3.165,0.312,-14.56,1
3.165,0.301,-14.559,1
3.165,0.291,-14.559,1
3.166,0.281,-14.563,1
3.165,0.271,-14.561,1
3.165,0.26,-14.561,1
3.165,0.25,-14.56,1
3.165,0.239,-14.558,1
3.164,0.229,-14.557,1
3.165,0.219,-14.558,1
3.164,0.208,-14.556,1
3.164,0.198,-14.557,1
3.164,0.187,-14.554,1
3.164,0.176,-14.557,1
3.164,0.167,-14.555,1
3.164,0.156,-14.553,1
3.164,0.146,-14.553,1
3.164,0.135,-14.556,1
3.164,0.124,-14.552,1
3.164,0.115,-14.556,1
3.164,0.104,-14.557,1
3.164,0.094,-14.557,1
3.164,0.083,-14.557,1
3.165,0.072,-14.557,1
3.164,0.063,-14.552,1
3.164,0.052,-14.552,1
3.163,0.041,-14.551,1
3.164,0.031,-14.555,1
3.162,0.021,-14.547,2
3.164,0.01,-14.553,2
3.177,0.387,-14.566,2
3.176,0.376,-14.565,2
3.175,0.366,-14.562,1
3.176,0.356,-14.563,1
3.176,0.345,-14.564,1
3.176,0.335,-14.564,1
3.176,0.324,-14.564,1
3.175,0.314,-14.561,1
3.176,0.303,-14.564,1
3.175,0.293,-14.561,1
3.175,0.282,-14.561,1
3.176,0.272,-14.564,1
3.174,0.262,-14.556,1
3.174,0.251,-14.557,1
3.174,0.241,-14.557,1
3.174,0.23,-14.554,1
3.175,0.22,-14.559,1
3.175,0.209,-14.557,1
3.174,0.199,-14.556,1
3.174,0.189,-14.554,1
3.174,0.178,-14.557,1
3.174,0.168,-14.556,1
3.175,0.157,-14.557,1
3.174,0.147,-14.556,1
3.175,0.137,-14.559,1
3.174,0.126,-14.556,1
3.175,0.116,-14.559,1
3.175,0.105,-14.557,1
3.174,0.095,-14.553,1
3.174,0.085,-14.554,1
3.175,0.075,-14.558,1
3.173,0.064,-14.55,1
3.174,0.054,-14.553,1
3.174,0.043,-14.556,1
3.174,0.033,-14.553,2
3.174,0.023,-14.553,2
3.189,0.38,-14.563,2
3.19,0.369,-14.566,2
3.191,0.359,-14.571,1
3.19,0.349,-14.567,1
3.189,0.338,-14.563,1
3.19,0.327,-14.564,1
3.189,0.317,-14.563,1
3.189,0.306,-14.561,1
3.188,0.296,-14.557,1
3.189,0.286,-14.561,1
3.189,0.275,-14.561,1
3.188,0.265,-14.559,1
3.188,0.254,-14.557,1
3.187,0.244,-14.55,1
3.189,0.234,-14.56,1
3.188,0.223,-14.556,1
3.188,0.213,-14.558,1
3.188,0.202,-14.559,1
3.188,0.192,-14.558,1
3.188,0.182,-14.56,1
3.188,0.171,-14.559,1
3.188,0.161,-14.557,1
3.188,0.15,-14.556,1
3.188,0.14,-14.556,1
3.187,0.13,-14.553,1
3.188,0.119,-14.554,1
3.187,0.109,-14.553,1
3.188,0.098,-14.557,1
3.187,0.088,-14.553,1
3.188,0.077,-14.554,1
3.188,0.067,-14.554,1
3.187,0.057,-14.554,2
3.187,0.046,-14.552,2
3.187,0.036,-14.554,2
3.2,0.359,-14.573,2
3.198,0.348,-14.562,2
3.199,0.338,-14.569,1
3.198,0.328,-14.566,1
3.198,0.317,-14.566,1
3.198,0.307,-14.562,1
3.199,0.296,-14.567,1
3.197,0.286,-14.561,1
3.198,0.275,-14.565,1
3.198,0.265,-14.564,1
3.198,0.255,-14.564,1
3.198,0.244,-14.564,1
3.197,0.234,-14.562,1
3.198,0.223,-14.562,1
3.197,0.213,-14.56,1
3.197,0.203,-14.558,1
3.197,0.192,-14.559,1
3.197,0.182,-14.558,1
3.197,0.171,-14.559,1
3.197,0.161,-14.559,1
3.197,0.151,-14.559,1
3.197,0.14,-14.561,1
3.197,0.13,-14.557,1
3.198,0.119,-14.563,1
3.197,0.109,-14.561,1
3.197,0.099,-14.561,1
3.197,0.088,-14.559,1
3.197,0.078,-14.56,1
3.196,0.067,-14.553,2
3.196,0.057,-14.554,2
3.198,0.047,-14.561,2
3.21,0.339,-14.573,2
3.209,0.329,-14.567,2
3.208,0.318,-14.565,2
3.21,0.308,-14.57,2
3.209,0.297,-14.566,1
3.21,0.287,-14.571,1
3.208,0.276,-14.563,1
3.209,0.266,-14.567,1
3.208,0.255,-14.563,1
3.208,0.245,-14.564,1
3.208,0.235,-14.561,1
3.209,0.225,-14.565,1
3.208,0.214,-14.563,1
3.208,0.203,-14.563,1
3.208,0.193,-14.561,1
3.208,0.183,-14.561,1
3.208,0.172,-14.563,1
3.207,0.162,-14.558,1
3.208,0.151,-14.564,1
3.208,0.141,-14.562,1
3.207,0.131,-14.559,1
3.208,0.12,-14.561,1
3.208,0.11,-14.561,1
3.208,0.099,-14.56,1
3.207,0.089,-14.557,2
3.207,0.079,-14.556,2
3.207,0.068,-14.557,2
3.223,0.319,-14.569,2
3.224,0.308,-14.574,2
3.223,0.298,-14.571,2
3.222,0.287,-14.566,2
3.222,0.277,-14.564,2
3.223,0.267,-14.569,1
3.222,0.256,-14.564,1
3.222,0.245,-14.563,1
3.222,0.235,-14.565,1
3.222,0.225,-14.564,1
3.222,0.214,-14.564,1
3.222,0.204,-14.566,1
3.222,0.193,-14.564,1
3.221,0.183,-14.563,1
3.223,0.173,-14.567,1
3.221,0.162,-14.561,1
3.222,0.152,-14.563,1
3.222,0.141,-14.563,1
3.22,0.131,-14.557,2
3.221,0.12,-14.559,2
3.222,0.111,-14.564,2
3.221,0.1,-14.561,2
3.221,0.089,-14.56,2
3.233,0.285,-14.575,2
3.235,0.275,-14.584,2
3.235,0.264,-14.582,2
3.232,0.254,-14.568,2
3.231,0.243,-14.564,2
3.231,0.233,-14.563,2
3.231,0.222,-14.567,2
3.231,0.212,-14.565,2
3.23,0.201,-14.561,2
3.23,0.191,-14.561,2
3.23,0.181,-14.561,2
3.231,0.17,-14.564,2
3.231,0.16,-14.564,2
3.231,0.149,-14.567,2
3.232,0.139,-14.568,2
3.231,0.129,-14.566,2
3.23,0.118,-14.562,2
3.241,0.245,-14.567,2
3.241,0.235,-14.565,2
3.243,0.225,-14.573,2
3.243,0.214,-14.575,2
3.242,0.204,-14.568,2
3.243,0.193,-14.571,2
3.241,0.184,-14.566,2
3.241,0.173,-14.566,2
2.743,0.414,-14.51,2
2.743,0.404,-14.506,2
2.743,0.394,-14.506,2
2.743,0.383,-14.508,1
2.743,0.373,-14.507,1
2.743,0.363,-14.509,1
2.743,0.352,-14.507,1
2.743,0.342,-14.507,1
2.742,0.332,-14.505,1
2.742,0.321,-14.505,1
2.743,0.311,-14.507,1
2.742,0.301,-14.503,1
2.743,0.291,-14.508,1
2.743,0.28,-14.509,1
2.743,0.27,-14.507,1
2.743,0.259,-14.509,1
2.743,0.249,-14.506,1
2.743,0.239,-14.506,1
2.743,0.229,-14.508,1
2.743,0.218,-14.505,1
2.742,0.208,-14.503,1
2.743,0.198,-14.507,1
2.742,0.188,-14.502,1
2.742,0.177,-14.503,1
2.742,0.167,-14.503,1
2.743,0.156,-14.505,1
2.743,0.146,-14.506,1
2.743,0.136,-14.505,1
2.743,0.126,-14.507,1
2.752,0.418,-14.509,2
2.752,0.408,-14.509,2
2.752,0.398,-14.512,1
2.751,0.387,-14.509,1
2.752,0.377,-14.509,1
2.752,0.367,-14.509,1
2.751,0.356,-14.508,1
2.751,0.346,-14.506,1
2.752,0.336,-14.509,1
2.753,0.326,-14.514,1
2.752,0.315,-14.509,1
2.752,0.305,-14.509,1
2.752,0.294,-14.51,1
2.751,0.284,-14.503,1
2.752,0.274,-14.509,1
2.751,0.264,-14.506,1
2.751,0.253,-14.507,1
2.751,0.243,-14.507,1
2.752,0.233,-14.509,1
2.751,0.222,-14.507,1
2.751,0.212,-14.503,1
2.751,0.202,-14.503,1
2.751,0.191,-14.505,1
2.751,0.181,-14.504,1
2.752,0.171,-14.508,1
2.751,0.161,-14.504,1
2.752,0.15,-14.509,1
2.751,0.14,-14.504,1
2.752,0.13,-14.508,1
2.752,0.119,-14.508,1
2.751,0.109,-14.507,1
2.752,0.099,-14.507,1
2.753,0.088,-14.512,1
2.751,0.078,-14.507,1
2.751,0.068,-14.507,1
2.751,0.058,-14.507,1
2.752,0.047,-14.507,1
2.752,0.037,-14.508,1
2.752,0.026,-14.51,1
2.753,0.016,-14.512,1
2.752,0.006,-14.51,2
2.765,0.432,-14.512,2
2.763,0.422,-14.505,2
2.764,0.412,-14.509,2
2.763,0.401,-14.507,1
2.764,0.391,-14.51,1
2.764,0.38,-14.508,1
2.764,0.37,-14.51,1
2.764,0.36,-14.507,1
2.764,0.35,-14.507,1
2.764,0.339,-14.51,1
2.764,0.329,-14.511,1
2.764,0.319,-14.512,1
2.764,0.308,-14.508,1
2.764,0.298,-14.51,1
2.764,0.287,-14.511,1
2.764,0.277,-14.507,1
2.763,0.266,-14.506,1
2.763,0.257,-14.503,1
2.763,0.246,-14.506,1
2.764,0.236,-14.507,1
2.763,0.226,-14.505,1
2.763,0.215,-14.504,1
2.763,0.205,-14.506,1
2.763,0.195,-14.505,1
2.763,0.184,-14.505,1
2.764,0.174,-14.51,1
2.764,0.163,-14.508,1
2.764,0.154,-14.509,1
2.764,0.143,-14.509,1
2.763,0.133,-14.505,1
2.764,0.123,-14.509,1
2.764,0.112,-14.508,1
2.764,0.102,-14.507,1
2.763,0.092,-14.505,1
2.764,0.081,-14.509,1
2.764,0.071,-14.507,1
2.764,0.06,-14.51,1
2.764,0.05,-14.508,1
2.764,0.04,-14.509,1
2.765,0.03,-14.513,1
2.764,0.02,-14.51,1
2.765,0.009,-14.512,1
2.774,0.441,-14.511,2
2.774,0.431,-14.512,2
2.775,0.42,-14.514,1
2.775,0.41,-14.514,1
2.775,0.4,-14.514,1
2.775,0.389,-14.515,1
2.775,0.379,-14.515,1
2.775,0.369,-14.514,1
2.775,0.358,-14.513,1
2.775,0.348,-14.513,1
2.775,0.338,-14.513,1
2.774,0.327,-14.511,1
2.774,0.317,-14.51,1
2.774,0.306,-14.508,1
2.774,0.296,-14.509,1
2.774,0.286,-14.51,1
2.773,0.276,-14.504,1
2.774,0.266,-14.51,1
2.774,0.255,-14.508,1
2.774,0.245,-14.507,1
2.774,0.235,-14.508,1
2.774,0.224,-14.512,1
2.774,0.214,-14.512,1
2.775,0.204,-14.514,1
2.774,0.193,-14.508,1
2.774,0.183,-14.509,1
2.775,0.173,-14.512,1
2.774,0.162,-14.508,1
2.775,0.152,-14.512,1
2.774,0.141,-14.507,1
2.774,0.131,-14.509,1
2.774,0.121,-14.508,1
2.774,0.111,-14.507,1
2.774,0.101,-14.507,1
2.775,0.09,-14.512,1
2.774,0.08,-14.508,1
2.775,0.07,-14.513,1
2.775,0.059,-14.514,1
2.775,0.049,-14.513,1
2.776,0.038,-14.517,1
2.775,0.028,-14.513,1
2.775,0.018,-14.515,1
2.775,0.008,-14.514,1
2.784,0.445,-14.512,2
2.784,0.435,-14.509,2
2.785,0.425,-14.516,1
2.784,0.414,-14.51,1
2.786,0.404,-14.519,1
2.784,0.393,-14.513,1
2.785,0.384,-14.515,1
2.784,0.373,-14.512,1
2.784,0.363,-14.512,1
2.784,0.352,-14.512,1
2.784,0.342,-14.51,1
2.784,0.331,-14.511,1
2.784,0.322,-14.512,1
2.785,0.311,-14.514,1
2.785,0.301,-14.514,1
2.785,0.29,-14.515,1
2.785,0.28,-14.514,1
2.785,0.27,-14.514,1
2.784,0.259,-14.512,1
2.784,0.249,-14.512,1
2.784,0.238,-14.509,1
2.785,0.228,-14.513,1
2.784,0.218,-14.509,1
2.784,0.208,-14.51,1
2.784,0.198,-14.508,1
2.784,0.187,-14.51,1
2.784,0.177,-14.509,1
2.783,0.166,-14.507,1
2.784,0.156,-14.509,1
2.784,0.146,-14.509,1
2.785,0.136,-14.514,1
2.784,0.125,-14.51,1
2.784,0.115,-14.512,1
2.784,0.105,-14.51,1
2.785,0.094,-14.516,1
2.784,0.084,-14.511,1
2.785,0.074,-14.512,1
2.785,0.063,-14.514,1
2.785,0.053,-14.514,1
2.785,0.043,-14.514,1
2.784,0.032,-14.512,1
2.785,0.022,-14.515,1
2.784,0.012,-14.511,1
2.786,0.001,-14.521,1
2.796,0.458,-14.516,2
2.795,0.447,-14.511,2
2.796,0.437,-14.512,2
2.796,0.427,-14.516,1
2.796,0.417,-14.516,1
2.796,0.406,-14.513,1
2.796,0.396,-14.511,1
2.796,0.386,-14.512,1
2.796,0.375,-14.514,1
2.796,0.365,-14.512,1
2.796,0.355,-14.516,1
2.796,0.344,-14.515,1
2.796,0.334,-14.516,1
2.797,0.324,-14.517,1
2.796,0.313,-14.515,1
2.796,0.303,-14.511,1
2.796,0.293,-14.514,1
2.796,0.282,-14.512,1
2.796,0.272,-14.512,1
2.796,0.262,-14.511,1
2.796,0.252,-14.512,1
2.795,0.241,-14.506,1
2.795,0.23,-14.51,1
2.795,0.22,-14.507,1
2.795,0.21,-14.507,1
2.795,0.2,-14.507,1
2.795,0.19,-14.507,1
2.796,0.179,-14.511,1
2.795,0.169,-14.508,1
2.796,0.158,-14.514,1
2.796,0.148,-14.512,1
2.796,0.138,-14.512,1
2.796,0.127,-14.512,1
2.796,0.117,-14.51,1
2.796,0.107,-14.512,1
2.796,0.097,-14.515,1
2.796,0.086,-14.51,1
2.796,0.076,-14.513,1
2.796,0.065,-14.512,1
2.796,0.055,-14.509,1
2.796,0.045,-14.511,1
2.796,0.035,-14.509,1
2.796,0.024,-14.514,1
2.796,0.014,-14.51,1
2.797,0.004,-14.517,1
2.805,0.458,-14.516,2
2.805,0.448,-14.513,2
2.806,0.438,-14.518,1
2.806,0.427,-14.519,1
2.805,0.417,-14.512,1
2.806,0.406,-14.517,1
2.805,0.396,-14.516,1
2.805,0.386,-14.512,1
2.806,0.375,-14.516,1
2.806,0.365,-14.516,1
2.805,0.354,-14.513,1
2.805,0.344,-14.514,1
2.805,0.334,-14.515,1
2.805,0.324,-14.514,1
2.805,0.313,-14.515,1
2.806,0.303,-14.519,1
2.805,0.292,-14.515,1
2.806,0.282,-14.517,1
2.805,0.272,-14.514,1
2.805,0.262,-14.514,1
2.805,0.251,-14.513,1
2.805,0.241,-14.512,1
2.805,0.231,-14.514,1
2.804,0.221,-14.509,1
2.805,0.21,-14.515,1
2.804,0.199,-14.508,1
2.804,0.189,-14.509,1
2.805,0.179,-14.513,1
2.805,0.169,-14.512,1
2.805,0.159,-14.513,1
2.804,0.148,-14.51,1
2.805,0.138,-14.513,1
2.805,0.127,-14.514,1
2.805,0.117,-14.512,1
2.805,0.107,-14.515,1
2.805,0.097,-14.511,1
2.805,0.086,-14.513,1
2.805,0.076,-14.514,1
2.805,0.066,-14.513,1
2.805,0.056,-14.514,1
2.805,0.045,-14.51,1
2.805,0.035,-14.513,1
2.805,0.024,-14.514,1
2.806,0.014,-14.517,1
2.805,0.004,-14.514,1
2.818,0.474,-14.519,2
2.818,0.463,-14.519,2
2.817,0.453,-14.517,2
2.818,0.442,-14.521,1
2.818,0.433,-14.522,1
2.817,0.422,-14.517,1
2.817,0.412,-14.517,1
2.816,0.401,-14.514,1
2.818,0.391,-14.519,1
2.817,0.38,-14.515,1
2.817,0.37,-14.518,1
2.817,0.36,-14.515,1
2.817,0.35,-14.515,1
2.817,0.339,-14.516,1
2.818,0.329,-14.519,1
2.817,0.319,-14.516,1
2.818,0.308,-14.518,1
2.818,0.298,-14.519,1
2.818,0.287,-14.517,1
2.817,0.277,-14.517,1
2.817,0.267,-14.514,1
2.817,0.257,-14.514,1
2.816,0.246,-14.512,1
2.816,0.236,-14.513,1
2.817,0.226,-14.513,1
2.816,0.215,-14.512,1
2.816,0.205,-14.512,1
2.817,0.194,-14.514,1
2.817,0.184,-14.515,1
2.818,0.174,-14.517,1
2.817,0.163,-14.515,1
2.817,0.154,-14.516,1
2.817,0.143,-14.516,1
2.817,0.133,-14.515,1
2.817,0.122,-14.515,1
2.817,0.112,-14.516,1
2.817,0.102,-14.516,1
2.817,0.091,-14.516,1
2.817,0.081,-14.516,1
2.818,0.071,-14.518,1
2.817,0.06,-14.514,1
2.816,0.05,-14.512,1
2.817,0.04,-14.515,1
2.818,0.03,-14.517,1
2.818,0.019,-14.519,1
2.817,0.009,-14.516,1
2.829,0.477,-14.515,2
2.829,0.467,-14.517,2
2.83,0.456,-14.522,2
2.83,0.446,-14.521,1
2.83,0.436,-14.521,1
2.83,0.425,-14.522,1
2.83,0.415,-14.521,1
2.83,0.405,-14.521,1
2.829,0.394,-14.517,1
2.83,0.384,-14.52,1
2.829,0.373,-14.517,1
2.829,0.363,-14.517,1
2.83,0.353,-14.521,1
2.83,0.343,-14.521,1
2.829,0.332,-14.517,1
2.83,0.322,-14.519,1
2.829,0.312,-14.514,1
2.829,0.301,-14.518,1
2.829,0.291,-14.518,1
2.83,0.281,-14.52,1
2.83,0.271,-14.52,1
2.829,0.26,-14.517,1
2.83,0.25,-14.521,1
2.829,0.24,-14.515,1
2.83,0.229,-14.523,1
2.829,0.219,-14.517,1
2.829,0.208,-14.515,2
2.829,0.198,-14.514,1
2.828,0.188,-14.51,1
2.829,0.177,-14.512,1
2.829,0.167,-14.514,1
2.829,0.157,-14.514,1
2.829,0.146,-14.514,1
2.828,0.136,-14.511,2
2.829,0.126,-14.512,2
2.829,0.116,-14.517,1
2.829,0.105,-14.514,1
2.829,0.095,-14.516,1
2.83,0.085,-14.518,1
2.83,0.074,-14.519,1
2.831,0.064,-14.523,1
2.829,0.054,-14.514,1
2.83,0.043,-14.52,1
2.829,0.033,-14.516,1
2.83,0.023,-14.519,1
2.829,0.012,-14.517,1
2.83,0.002,-14.518,1
2.838,0.475,-14.52,2
2.838,0.465,-14.519,2
2.838,0.454,-14.521,1
2.838,0.444,-14.52,1
2.838,0.434,-14.52,1
2.838,0.424,-14.521,1
2.838,0.413,-14.519,1
2.838,0.403,-14.519,1
2.838,0.393,-14.521,1
2.839,0.382,-14.522,1
2.838,0.372,-14.519,1
2.838,0.361,-14.52,1
2.839,0.351,-14.523,1
2.839,0.341,-14.524,1
2.838,0.331,-14.518,2
2.838,0.32,-14.517,2
2.837,0.31,-14.514,2
2.838,0.299,-14.52,2
2.837,0.289,-14.516,2
2.838,0.279,-14.517,2
2.838,0.269,-14.517,2
2.838,0.258,-14.516,2
2.837,0.248,-14.513,2
2.837,0.237,-14.512,2
2.837,0.227,-14.514,2
2.837,0.217,-14.515,2
2.837,0.206,-14.513,2
2.836,0.196,-14.51,1
2.838,0.186,-14.517,1
2.838,0.176,-14.519,1
2.838,0.166,-14.517,1
2.838,0.155,-14.517,1
2.838,0.145,-14.516,1
2.838,0.134,-14.517,2
2.837,0.124,-14.513,2
2.838,0.114,-14.515,2
2.838,0.104,-14.517,1
2.838,0.093,-14.515,1
2.838,0.083,-14.516,1
2.838,0.072,-14.515,1
2.838,0.062,-14.517,1
2.837,0.052,-14.513,1
2.838,0.041,-14.52,1
2.838,0.031,-14.515,1
2.839,0.021,-14.52,1
2.838,0.01,-14.518,1
2.839,0,-14.52,1
2.85,0.481,-14.524,2
2.849,0.47,-14.519,2
2.85,0.46,-14.522,1
2.851,0.449,-14.525,1
2.85,0.439,-14.522,1
2.85,0.429,-14.521,1
2.849,0.419,-14.519,1
2.85,0.408,-14.523,1
2.849,0.398,-14.518,1
2.85,0.387,-14.521,1
2.849,0.377,-14.519,1
2.849,0.367,-14.52,1
2.849,0.356,-14.517,1
2.85,0.346,-14.523,1
2.85,0.336,-14.522,1
2.849,0.325,-14.52,2
2.849,0.315,-14.516,2
2.85,0.305,-14.521,2
2.849,0.294,-14.518,2
2.849,0.284,-14.52,2
2.849,0.273,-14.514,2
2.849,0.263,-14.518,2
2.849,0.253,-14.514,2
2.849,0.243,-14.515,2
2.848,0.232,-14.513,2
2.849,0.222,-14.515,2
2.849,0.212,-14.515,2
2.848,0.201,-14.513,2
2.849,0.191,-14.516,1
2.849,0.181,-14.516,1
2.849,0.17,-14.517,1
2.849,0.16,-14.517,1
2.85,0.15,-14.52,1
2.849,0.14,-14.517,2
2.848,0.129,-14.512,2
2.849,0.119,-14.515,2
2.849,0.108,-14.519,2
2.849,0.098,-14.517,2
2.849,0.088,-14.519,1
2.849,0.078,-14.517,1
2.849,0.067,-14.517,1
2.849,0.057,-14.517,1
2.849,0.046,-14.515,1
2.849,0.036,-14.517,1
2.85,0.026,-14.519,1
2.849,0.015,-14.517,1
2.85,0.005,-14.519,1
2.862,0.481,-14.521,2
2.862,0.471,-14.523,2
2.862,0.461,-14.522,1
2.863,0.451,-14.525,1
2.863,0.44,-14.523,1
2.863,0.43,-14.523,1
2.863,0.419,-14.523,1
2.863,0.409,-14.523,1
2.862,0.399,-14.521,1
2.863,0.389,-14.524,1
2.863,0.378,-14.525,1
2.863,0.368,-14.524,1
2.863,0.357,-14.524,1
2.863,0.347,-14.523,1
2.863,0.337,-14.524,1
2.862,0.326,-14.517,2
2.862,0.316,-14.52,2
2.862,0.306,-14.519,2
2.862,0.296,-14.518,2
2.862,0.285,-14.517,2
2.862,0.275,-14.521,2
2.862,0.264,-14.517,2
2.862,0.254,-14.517,2
2.862,0.243,-14.517,2
2.862,0.234,-14.519,2
2.862,0.223,-14.517,2
2.861,0.213,-14.514,2
2.862,0.202,-14.515,2
2.862,0.192,-14.519,1
2.862,0.182,-14.52,1
2.862,0.171,-14.521,1
2.862,0.161,-14.519,1
2.862,0.151,-14.519,1
2.862,0.14,-14.515,2
2.862,0.13,-14.517,2
2.862,0.12,-14.519,2
2.862,0.109,-14.518,2
2.861,0.099,-14.512,2
2.862,0.089,-14.515,2
2.862,0.078,-14.519,1
2.862,0.068,-14.519,1
2.863,0.058,-14.523,1
2.862,0.047,-14.519,1
2.863,0.037,-14.524,1
2.863,0.026,-14.523,1
2.864,0.016,-14.525,1
2.863,0.006,-14.521,1
2.871,0.488,-14.525,2
2.87,0.477,-14.523,2
2.871,0.467,-14.528,1
2.871,0.457,-14.524,1
2.871,0.446,-14.528,1
2.872,0.436,-14.53,1
2.871,0.426,-14.525,1
2.871,0.415,-14.525,1
2.871,0.405,-14.526,1
2.871,0.395,-14.526,1
2.871,0.384,-14.526,1
2.87,0.374,-14.523,1
2.871,0.364,-14.528,1
2.87,0.353,-14.523,1
2.871,0.343,-14.528,1
2.871,0.333,-14.528,1
2.87,0.322,-14.521,2
2.87,0.312,-14.52,2
2.87,0.301,-14.524,2
2.871,0.291,-14.524,1
2.871,0.281,-14.525,1
2.871,0.271,-14.526,1
2.871,0.26,-14.524,1
2.87,0.25,-14.52,2
2.87,0.24,-14.52,2
2.869,0.229,-14.519,2
2.869,0.219,-14.516,2
2.869,0.209,-14.519,2
2.869,0.198,-14.517,1
2.87,0.188,-14.519,1
2.87,0.177,-14.521,1
2.87,0.167,-14.519,1
2.869,0.157,-14.519,1
2.869,0.147,-14.517,1
2.87,0.136,-14.521,1
2.87,0.126,-14.523,1
2.87,0.115,-14.519,2
2.87,0.105,-14.519,2
2.87,0.095,-14.521,2
2.869,0.085,-14.518,2
2.87,0.074,-14.521,1
2.871,0.064,-14.523,1
2.871,0.053,-14.524,1
2.871,0.043,-14.523,1
2.87,0.033,-14.522,1
2.871,0.023,-14.523,1
2.871,0.012,-14.526,1
2.871,0.002,-14.524,1
2.882,0.489,-14.526,2
2.882,0.478,-14.522,2
2.883,0.468,-14.528,1
2.882,0.458,-14.525,1
2.882,0.447,-14.524,1
2.882,0.437,-14.526,1
2.882,0.427,-14.524,1
2.882,0.416,-14.526,1
2.882,0.406,-14.525,1
2.882,0.396,-14.522,1
2.883,0.386,-14.527,1
2.883,0.375,-14.528,1
2.883,0.365,-14.527,1
2.882,0.355,-14.527,1
2.883,0.344,-14.527,1
2.882,0.334,-14.526,1
2.882,0.323,-14.524,2
2.882,0.313,-14.523,2
2.882,0.303,-14.524,2
2.883,0.292,-14.527,1
2.882,0.282,-14.522,1
2.882,0.271,-14.523,1
2.882,0.261,-14.523,1
2.881,0.251,-14.517,2
2.882,0.241,-14.52,2
2.881,0.23,-14.52,2
2.882,0.22,-14.523,2
2.882,0.209,-14.522,1
2.882,0.199,-14.526,1
2.882,0.189,-14.523,1
2.882,0.179,-14.521,1
2.882,0.168,-14.522,1
2.881,0.158,-14.519,1
2.882,0.147,-14.52,1
2.882,0.137,-14.521,1
2.881,0.127,-14.518,1
2.882,0.116,-14.522,2
2.881,0.106,-14.519,2
2.882,0.096,-14.52,2
2.881,0.085,-14.519,2
2.882,0.075,-14.522,1
2.882,0.065,-14.521,1
2.882,0.054,-14.522,1
2.882,0.044,-14.524,1
2.882,0.034,-14.524,1
2.882,0.024,-14.525,1
2.882,0.013,-14.525,1
2.882,0.003,-14.524,1
2.895,0.491,-14.525,2
2.896,0.481,-14.528,1
2.895,0.47,-14.526,1
2.896,0.46,-14.528,1
2.895,0.449,-14.527,1
2.896,0.439,-14.528,1
2.895,0.429,-14.527,1
2.897,0.418,-14.531,1
2.896,0.408,-14.529,1
2.895,0.398,-14.527,1
2.895,0.387,-14.527,1
2.895,0.377,-14.527,1
2.895,0.366,-14.527,1
2.895,0.356,-14.526,1
2.895,0.345,-14.526,1
2.895,0.336,-14.525,1
2.895,0.325,-14.524,2
2.894,0.315,-14.517,2
2.895,0.304,-14.526,2
2.894,0.294,-14.518,2
2.895,0.283,-14.522,1
2.895,0.273,-14.526,1
2.895,0.263,-14.523,1
2.895,0.253,-14.525,2
2.895,0.242,-14.523,2
2.894,0.232,-14.519,2
2.894,0.222,-14.519,2
2.895,0.211,-14.522,1
2.895,0.201,-14.521,1
2.895,0.191,-14.523,1
2.894,0.18,-14.52,1
2.895,0.17,-14.522,1
2.894,0.16,-14.52,1
2.894,0.149,-14.52,1
2.895,0.139,-14.521,1
2.895,0.128,-14.52,1
2.895,0.118,-14.522,2
2.894,0.108,-14.519,2
2.894,0.097,-14.517,2
2.895,0.087,-14.522,2
2.895,0.077,-14.523,1
2.894,0.066,-14.52,1
2.895,0.056,-14.524,1
2.895,0.046,-14.526,1
2.895,0.036,-14.523,1
2.895,0.025,-14.524,1
2.895,0.015,-14.523,1
2.895,0.004,-14.525,1
2.903,0.498,-14.53,2
2.903,0.487,-14.531,2
2.902,0.477,-14.529,1
2.903,0.467,-14.531,1
2.902,0.456,-14.528,1
2.902,0.446,-14.528,1
2.903,0.435,-14.531,1
2.903,0.425,-14.529,1
2.903,0.415,-14.531,1
2.904,0.405,-14.533,1
2.903,0.394,-14.532,1
2.903,0.384,-14.53,1
2.902,0.373,-14.527,1
2.903,0.363,-14.53,1
2.902,0.353,-14.525,1
2.903,0.343,-14.53,1
2.903,0.332,-14.531,1
2.901,0.322,-14.523,2
2.901,0.311,-14.523,2
2.902,0.301,-14.526,2
2.902,0.291,-14.523,1
2.901,0.28,-14.523,1
2.902,0.27,-14.526,1
2.902,0.259,-14.526,1
2.902,0.25,-14.524,2
2.901,0.239,-14.523,2
2.902,0.229,-14.524,2
2.901,0.218,-14.519,2
2.902,0.208,-14.526,1
2.902,0.198,-14.523,1
2.901,0.187,-14.523,1
2.901,0.177,-14.522,1
2.902,0.167,-14.524,1
2.901,0.156,-14.519,1
2.902,0.146,-14.526,1
2.901,0.136,-14.521,1
2.901,0.125,-14.519,2
2.901,0.115,-14.522,2
2.901,0.105,-14.522,2
2.901,0.094,-14.521,2
2.901,0.084,-14.52,2
2.902,0.073,-14.526,1
2.902,0.063,-14.526,1
2.902,0.053,-14.526,1
2.902,0.042,-14.528,1
2.903,0.032,-14.529,1
2.903,0.022,-14.53,1
2.902,0.012,-14.525,1
2.902,0.001,-14.527,1
2.914,0.5,-14.532,2
2.913,0.49,-14.526,2
2.915,0.479,-14.535,1
2.914,0.469,-14.531,1
2.914,0.458,-14.532,1
2.914,0.449,-14.529,1
2.914,0.438,-14.534,1
2.913,0.428,-14.527,1
2.914,0.417,-14.529,1
2.914,0.407,-14.53,1
2.915,0.397,-14.535,1
2.914,0.386,-14.53,1
2.914,0.376,-14.531,1
2.914,0.366,-14.531,1
2.914,0.355,-14.53,1
2.914,0.345,-14.531,1
2.914,0.335,-14.531,1
2.914,0.324,-14.53,2
2.913,0.313,-14.525,2
2.913,0.303,-14.527,2
2.914,0.293,-14.528,2
2.913,0.283,-14.528,1
2.913,0.272,-14.526,1
2.913,0.262,-14.526,1
2.912,0.252,-14.524,1
2.912,0.241,-14.521,2
2.913,0.231,-14.526,2
2.912,0.221,-14.522,2
2.912,0.21,-14.522,2
2.912,0.2,-14.521,2
2.912,0.189,-14.519,2
2.912,0.179,-14.521,2
2.912,0.169,-14.519,2
2.912,0.159,-14.522,2
2.912,0.148,-14.522,2
2.912,0.138,-14.523,2
2.912,0.127,-14.519,2
2.912,0.117,-14.523,2
2.912,0.107,-14.523,2
2.912,0.097,-14.521,2
2.912,0.086,-14.523,1
2.914,0.076,-14.528,1
2.912,0.065,-14.523,1
2.914,0.055,-14.53,1
2.914,0.045,-14.528,1
2.914,0.034,-14.528,1
2.914,0.024,-14.529,1
2.914,0.014,-14.531,1
2.914,0.004,-14.529,1
2.928,0.502,-14.535,2
2.927,0.491,-14.53,2
2.928,0.481,-14.53,1
2.928,0.471,-14.533,1
2.928,0.461,-14.534,1
2.928,0.45,-14.531,1
2.928,0.44,-14.532,1
2.927,0.43,-14.527,1
2.928,0.419,-14.533,1
2.927,0.409,-14.529,1
2.928,0.398,-14.531,1
2.928,0.388,-14.531,1
2.928,0.377,-14.534,1
2.928,0.368,-14.533,1
2.928,0.357,-14.531,1
2.928,0.347,-14.535,1
2.928,0.336,-14.533,1
2.927,0.326,-14.529,2
2.927,0.315,-14.525,2
2.927,0.305,-14.526,2
2.927,0.295,-14.527,2
2.927,0.284,-14.525,1
2.927,0.274,-14.525,1
2.927,0.264,-14.527,1
2.927,0.254,-14.527,1
2.926,0.243,-14.524,1
2.926,0.233,-14.524,2
2.927,0.222,-14.524,2
2.926,0.212,-14.523,2
2.926,0.202,-14.522,2
2.926,0.191,-14.522,2
2.927,0.181,-14.526,2
2.927,0.17,-14.526,2
2.927,0.16,-14.528,2
2.926,0.15,-14.52,2
2.927,0.14,-14.526,2
2.926,0.129,-14.521,2
2.926,0.119,-14.523,2
2.926,0.108,-14.521,2
2.927,0.098,-14.526,1
2.927,0.088,-14.526,1
2.927,0.078,-14.524,1
2.928,0.067,-14.529,1
2.927,0.057,-14.525,1
2.927,0.046,-14.526,1
2.927,0.036,-14.526,1
2.928,0.026,-14.531,1
2.928,0.015,-14.528,1
2.928,0.005,-14.531,1
2.936,0.498,-14.536,2
2.935,0.488,-14.533,2
2.935,0.477,-14.533,1
2.936,0.467,-14.535,1
2.936,0.457,-14.536,1
2.935,0.447,-14.534,1
2.936,0.436,-14.537,1
2.936,0.426,-14.536,1
2.935,0.415,-14.534,1
2.935,0.405,-14.533,1
2.935,0.394,-14.531,1
2.935,0.384,-14.531,1
2.934,0.374,-14.53,1
2.935,0.363,-14.531,1
2.934,0.353,-14.528,1
2.935,0.343,-14.532,1
2.935,0.333,-14.533,1
2.935,0.322,-14.529,2
2.935,0.312,-14.53,2
2.935,0.301,-14.533,2
2.935,0.291,-14.532,1
2.935,0.28,-14.53,1
2.935,0.27,-14.534,1
2.935,0.26,-14.532,1
2.934,0.249,-14.528,1
2.934,0.239,-14.528,1
2.936,0.229,-14.536,1
2.934,0.218,-14.526,2
2.934,0.208,-14.528,2
2.933,0.198,-14.522,2
2.934,0.187,-14.528,2
2.933,0.177,-14.521,2
2.934,0.167,-14.528,2
2.934,0.156,-14.524,2
2.933,0.146,-14.522,2
2.934,0.135,-14.525,2
2.934,0.125,-14.524,2
2.934,0.115,-14.524,2
2.935,0.105,-14.531,1
2.934,0.094,-14.528,1
2.935,0.084,-14.533,1
2.935,0.074,-14.531,1
2.934,0.063,-14.528,1
2.934,0.053,-14.524,1
2.935,0.043,-14.531,1
2.935,0.032,-14.531,1
2.935,0.022,-14.531,1
2.934,0.012,-14.528,1
2.934,0.001,-14.527,1
2.946,0.501,-14.535,2
2.946,0.491,-14.533,2
2.947,0.48,-14.538,1
2.947,0.47,-14.537,1
2.947,0.459,-14.538,1
2.947,0.449,-14.536,1
2.946,0.439,-14.534,1
2.947,0.428,-14.536,1
2.946,0.418,-14.533,1
2.946,0.407,-14.535,1
2.945,0.397,-14.531,1
2.946,0.387,-14.535,1
2.946,0.377,-14.534,1
2.947,0.366,-14.537,1
2.946,0.356,-14.533,1
2.945,0.345,-14.531,1
2.947,0.335,-14.535,1
2.946,0.325,-14.535,1
2.946,0.314,-14.533,1
2.947,0.304,-14.539,1
2.946,0.294,-14.533,1
2.946,0.283,-14.533,1
2.945,0.273,-14.53,1
2.946,0.262,-14.533,1
2.946,0.252,-14.532,1
2.945,0.242,-14.53,1
2.944,0.231,-14.526,1
2.945,0.221,-14.53,1
2.945,0.211,-14.53,1
2.945,0.2,-14.529,2
2.945,0.19,-14.53,2
2.944,0.179,-14.523,2
2.944,0.169,-14.526,2
2.944,0.159,-14.523,2
2.944,0.148,-14.526,2
2.946,0.138,-14.533,2
2.945,0.128,-14.528,1
2.944,0.117,-14.526,1
2.945,0.107,-14.527,1
2.945,0.097,-14.53,1
2.946,0.086,-14.531,1
2.945,0.076,-14.53,1
2.945,0.065,-14.527,1
2.945,0.055,-14.529,1
2.945,0.045,-14.527,1
2.946,0.035,-14.532,1
2.946,0.024,-14.534,1
2.946,0.014,-14.533,1
2.946,0.004,-14.531,1
2.962,0.502,-14.54,2
2.961,0.491,-14.537,2
2.962,0.481,-14.539,1
2.961,0.471,-14.535,1
2.962,0.461,-14.538,1
2.961,0.45,-14.534,1
2.961,0.44,-14.537,1
2.961,0.429,-14.536,1
2.961,0.419,-14.533,1
2.961,0.409,-14.536,1
2.961,0.398,-14.536,1
2.961,0.388,-14.537,1
2.961,0.377,-14.534,1
2.961,0.367,-14.536,1
2.961,0.357,-14.536,1
2.962,0.347,-14.54,1
2.961,0.336,-14.535,1
2.961,0.326,-14.536,1
2.961,0.315,-14.536,1
2.961,0.305,-14.533,1
2.961,0.294,-14.533,1
2.961,0.284,-14.533,1
2.961,0.274,-14.533,1
2.96,0.263,-14.53,1
2.961,0.253,-14.531,1
2.96,0.243,-14.53,1
2.961,0.233,-14.533,1
2.961,0.222,-14.531,1
2.96,0.212,-14.53,1
2.961,0.201,-14.531,1
2.96,0.191,-14.53,1
2.961,0.181,-14.531,1
2.961,0.17,-14.533,1
2.96,0.16,-14.528,1
2.961,0.149,-14.531,1
2.961,0.139,-14.53,1
2.96,0.129,-14.529,1
2.96,0.119,-14.526,1
2.96,0.108,-14.529,1
2.96,0.097,-14.529,1
2.961,0.087,-14.532,1
2.96,0.077,-14.528,1
2.96,0.067,-14.529,1
2.96,0.056,-14.529,1
2.96,0.046,-14.53,1
2.96,0.036,-14.529,1
2.961,0.025,-14.53,1
2.961,0.015,-14.534,1
2.961,0.004,-14.533,1
2.969,0.5,-14.539,2
2.968,0.489,-14.534,2
2.969,0.479,-14.538,1
2.97,0.468,-14.545,1
2.969,0.458,-14.54,1
2.969,0.448,-14.54,1
2.968,0.438,-14.536,1
2.969,0.427,-14.538,1
2.968,0.417,-14.535,1
2.969,0.406,-14.539,1
2.969,0.396,-14.537,1
2.969,0.386,-14.537,1
2.968,0.375,-14.535,1
2.968,0.365,-14.535,1
2.969,0.354,-14.536,1
2.968,0.344,-14.533,1
2.969,0.334,-14.536,1
2.968,0.323,-14.534,1
2.969,0.313,-14.537,1
2.969,0.303,-14.537,1
2.969,0.292,-14.538,1
2.969,0.282,-14.537,1
2.968,0.271,-14.536,1
2.968,0.261,-14.535,1
2.968,0.25,-14.531,1
2.968,0.24,-14.531,1
2.967,0.23,-14.53,1
2.968,0.22,-14.533,1
2.968,0.209,-14.533,1
2.968,0.199,-14.533,1
2.968,0.189,-14.534,1
2.967,0.178,-14.527,1
2.968,0.168,-14.532,1
2.968,0.157,-14.531,1
2.967,0.147,-14.53,1
2.968,0.137,-14.534,1
2.967,0.126,-14.526,1
2.968,0.116,-14.531,1
2.967,0.106,-14.531,1
2.967,0.095,-14.529,1
2.967,0.085,-14.53,1
2.968,0.075,-14.532,1
2.967,0.064,-14.528,1
2.967,0.054,-14.529,1
2.967,0.044,-14.529,1
2.967,0.033,-14.53,1
2.968,0.023,-14.533,1
2.968,0.013,-14.53,1
2.968,0.002,-14.535,1
2.98,0.502,-14.543,2
2.978,0.492,-14.535,2
2.98,0.482,-14.541,1
2.98,0.472,-14.541,1
2.979,0.461,-14.538,1
2.979,0.451,-14.537,1
2.98,0.44,-14.541,1
2.98,0.43,-14.538,1
2.98,0.42,-14.543,1
2.979,0.409,-14.538,1
2.98,0.399,-14.542,1
2.98,0.388,-14.54,1
2.98,0.378,-14.54,1
2.979,0.368,-14.538,1
2.979,0.357,-14.538,1
2.979,0.347,-14.536,1
2.98,0.336,-14.539,1
2.98,0.326,-14.54,1
2.979,0.316,-14.535,1
2.98,0.306,-14.538,1
2.979,0.295,-14.536,1
2.978,0.285,-14.534,2
2.977,0.274,-14.529,2
2.978,0.264,-14.532,2
2.979,0.254,-14.535,2
2.978,0.243,-14.534,2
2.978,0.233,-14.532,2
2.978,0.222,-14.533,2
2.978,0.212,-14.533,2
2.977,0.202,-14.527,2
2.978,0.191,-14.53,2
2.978,0.181,-14.531,2
2.978,0.17,-14.53,2
2.978,0.16,-14.531,2
2.977,0.15,-14.526,2
2.977,0.14,-14.528,2
2.977,0.129,-14.529,2
2.977,0.119,-14.527,2
2.977,0.108,-14.526,1
2.977,0.098,-14.528,1
2.978,0.088,-14.533,1
2.978,0.078,-14.53,1
2.98,0.067,-14.538,1
2.979,0.057,-14.534,1
2.979,0.046,-14.534,1
2.978,0.036,-14.532,1
2.979,0.026,-14.535,1
2.978,0.015,-14.531,1
2.978,0.005,-14.533,1
2.995,0.497,-14.547,2
2.993,0.486,-14.538,2
2.993,0.476,-14.54,1
2.994,0.465,-14.542,1
2.994,0.455,-14.54,1
2.994,0.445,-14.544,1
2.994,0.435,-14.541,1
2.995,0.424,-14.548,1
2.994,0.414,-14.543,1
2.995,0.403,-14.547,1
2.994,0.393,-14.543,1
2.994,0.383,-14.544,1
2.994,0.372,-14.543,1
2.993,0.361,-14.539,1
2.994,0.352,-14.54,1
2.994,0.341,-14.54,1
2.993,0.331,-14.534,1
2.993,0.32,-14.535,1
2.993,0.31,-14.539,2
2.992,0.299,-14.532,2
2.993,0.289,-14.536,2
2.992,0.279,-14.531,2
2.993,0.268,-14.536,2
2.993,0.258,-14.536,2
2.992,0.247,-14.532,2
2.993,0.237,-14.535,2
2.992,0.227,-14.533,2
2.992,0.216,-14.533,2
2.992,0.206,-14.532,2
2.993,0.196,-14.535,2
2.992,0.185,-14.533,2
2.992,0.175,-14.531,2
2.992,0.165,-14.529,2
2.991,0.154,-14.529,2
2.992,0.144,-14.53,2
2.991,0.133,-14.529,2
2.992,0.123,-14.53,2
2.991,0.113,-14.528,2
2.992,0.102,-14.531,2
2.992,0.092,-14.531,1
2.993,0.082,-14.535,1
2.993,0.072,-14.538,1
2.994,0.061,-14.539,1
2.993,0.051,-14.535,1
2.993,0.04,-14.535,1
2.993,0.03,-14.535,1
2.993,0.02,-14.533,1
2.993,0.009,-14.534,1
3.002,0.495,-14.545,2
3.001,0.485,-14.541,2
3.003,0.475,-14.546,1
3.002,0.464,-14.543,1
3.003,0.454,-14.545,1
3.002,0.443,-14.542,1
3.002,0.433,-14.543,1
3.001,0.423,-14.54,1
3.002,0.412,-14.542,1
3.002,0.402,-14.544,1
3.002,0.391,-14.543,1
3.001,0.381,-14.541,1
3.002,0.371,-14.542,1
3.002,0.361,-14.544,1
3.002,0.35,-14.542,1
3.003,0.34,-14.544,1
3.001,0.329,-14.539,1
3.001,0.319,-14.54,2
3.001,0.308,-14.54,2
3.001,0.298,-14.536,2
3.001,0.287,-14.537,2
3.001,0.277,-14.537,2
3.001,0.267,-14.538,2
3.001,0.257,-14.538,2
3,0.246,-14.533,2
3,0.236,-14.532,2
3,0.225,-14.535,2
3,0.215,-14.534,2
3,0.205,-14.532,2
3,0.194,-14.533,2
3,0.184,-14.534,2
3,0.174,-14.532,2
3,0.163,-14.534,2
3,0.153,-14.533,2
3,0.142,-14.534,2
3,0.132,-14.531,2
3,0.122,-14.532,2
3,0.111,-14.531,2
3,0.101,-14.53,2
3,0.091,-14.529,2
3,0.08,-14.535,1
3,0.07,-14.531,1
3,0.06,-14.533,1
3,0.049,-14.534,1
3.001,0.039,-14.536,1
3,0.029,-14.533,1
3.001,0.018,-14.538,1
3.001,0.008,-14.538,1
3.011,0.488,-14.542,2
3.011,0.478,-14.54,1
3.012,0.468,-14.545,1
3.012,0.457,-14.546,1
3.013,0.447,-14.548,1
3.012,0.437,-14.547,1
3.012,0.426,-14.547,1
3.011,0.416,-14.543,1
3.012,0.405,-14.545,1
3.011,0.395,-14.543,1
3.012,0.385,-14.546,1
3.011,0.374,-14.542,1
3.011,0.364,-14.542,1
3.011,0.354,-14.54,1
3.011,0.343,-14.543,1
3.011,0.333,-14.541,1
3.01,0.322,-14.535,2
3.011,0.312,-14.539,2
3.01,0.301,-14.535,2
3.011,0.291,-14.539,2
3.01,0.281,-14.536,2
3.011,0.27,-14.541,2
3.011,0.26,-14.542,1
3.011,0.25,-14.541,1
3.011,0.24,-14.54,1
3.011,0.229,-14.539,1
3.01,0.219,-14.537,1
3.011,0.208,-14.538,1
3.01,0.198,-14.538,1
3.01,0.188,-14.536,1
3.01,0.177,-14.537,1
3.009,0.167,-14.532,1
3.01,0.156,-14.537,1
3.01,0.146,-14.535,1
3.01,0.136,-14.537,2
3.01,0.125,-14.535,2
3.01,0.115,-14.534,2
3.01,0.105,-14.532,2
3.01,0.094,-14.535,2
3.009,0.084,-14.531,2
3.01,0.073,-14.537,1
3.01,0.063,-14.538,1
3.01,0.053,-14.533,1
3.01,0.042,-14.535,1
3.01,0.032,-14.537,1
3.01,0.022,-14.534,1
3.011,0.011,-14.539,1
3.01,0.001,-14.536,1
3.026,0.492,-14.547,2
3.026,0.481,-14.547,2
3.026,0.471,-14.545,1
3.026,0.46,-14.545,1
3.026,0.45,-14.545,1
3.026,0.44,-14.542,1
3.026,0.429,-14.544,1
3.026,0.419,-14.545,1
3.027,0.408,-14.549,1
3.026,0.398,-14.545,1
3.026,0.388,-14.547,1
3.026,0.377,-14.547,1
3.026,0.367,-14.543,1
3.026,0.356,-14.544,1
3.026,0.346,-14.545,1
3.026,0.336,-14.543,1
3.025,0.326,-14.54,2
3.024,0.315,-14.537,2
3.025,0.305,-14.54,2
3.025,0.294,-14.538,2
3.025,0.284,-14.539,1
3.025,0.274,-14.54,1
3.025,0.263,-14.537,1
3.026,0.253,-14.542,1
3.024,0.242,-14.536,1
3.025,0.232,-14.54,1
3.026,0.222,-14.541,1
3.025,0.211,-14.539,1
3.025,0.201,-14.54,1
3.026,0.191,-14.544,1
3.025,0.18,-14.538,1
3.025,0.17,-14.538,1
3.024,0.16,-14.534,1
3.024,0.149,-14.534,1
3.024,0.139,-14.532,1
3.024,0.128,-14.536,1
3.025,0.118,-14.538,1
3.024,0.108,-14.534,2
3.024,0.097,-14.533,2
3.024,0.087,-14.532,2
3.024,0.076,-14.533,1
3.024,0.067,-14.534,1
3.025,0.056,-14.539,1
3.025,0.045,-14.538,1
3.026,0.035,-14.541,1
3.026,0.025,-14.543,1
3.025,0.014,-14.539,1
3.025,0.004,-14.54,1
3.035,0.491,-14.55,2
3.034,0.481,-14.546,2
3.033,0.47,-14.545,1
3.034,0.46,-14.547,1
3.033,0.449,-14.542,1
3.034,0.439,-14.547,1
3.033,0.429,-14.545,1
3.034,0.419,-14.549,1
3.034,0.408,-14.548,1
3.034,0.398,-14.548,1
3.034,0.387,-14.55,1
3.034,0.377,-14.548,1
3.034,0.366,-14.546,1
3.034,0.356,-14.546,1
3.033,0.346,-14.545,1
3.034,0.335,-14.546,1
3.033,0.324,-14.539,2
3.033,0.315,-14.544,2
3.033,0.304,-14.544,2
3.033,0.294,-14.539,2
3.033,0.283,-14.54,1
3.033,0.273,-14.54,1
3.033,0.263,-14.543,1
3.033,0.252,-14.543,1
3.033,0.242,-14.542,1
3.034,0.231,-14.545,1
3.033,0.221,-14.544,1
3.033,0.211,-14.542,1
3.033,0.2,-14.542,1
3.033,0.19,-14.543,1
3.033,0.179,-14.542,1
3.033,0.169,-14.54,1
3.033,0.159,-14.538,1
3.033,0.149,-14.544,1
3.032,0.138,-14.536,1
3.033,0.128,-14.539,1
3.032,0.117,-14.535,1
3.031,0.107,-14.532,2
3.032,0.097,-14.533,2
3.033,0.086,-14.539,2
3.033,0.076,-14.541,1
3.033,0.065,-14.539,1
3.033,0.055,-14.542,1
3.033,0.045,-14.538,1
3.034,0.035,-14.545,1
3.033,0.024,-14.538,1
3.033,0.014,-14.542,1
3.033,0.003,-14.542,1
3.045,0.484,-14.554,2
3.043,0.473,-14.545,2
3.044,0.463,-14.55,1
3.044,0.453,-14.549,1
3.043,0.442,-14.547,1
3.044,0.432,-14.549,1
3.043,0.421,-14.545,1
3.043,0.412,-14.547,1
3.043,0.401,-14.543,1
3.043,0.391,-14.547,1
3.043,0.38,-14.547,1
3.043,0.37,-14.547,1
3.045,0.359,-14.552,1
3.043,0.349,-14.547,1
3.045,0.339,-14.552,1
3.044,0.328,-14.549,2
3.043,0.318,-14.543,2
3.042,0.307,-14.541,2
3.043,0.297,-14.544,2
3.042,0.287,-14.54,1
3.043,0.276,-14.547,1
3.043,0.266,-14.542,1
3.043,0.255,-14.544,1
3.042,0.245,-14.538,1
3.043,0.235,-14.542,1
3.043,0.225,-14.543,1
3.042,0.214,-14.54,1
3.043,0.204,-14.543,1
3.042,0.193,-14.54,1
3.043,0.183,-14.544,1
3.042,0.172,-14.538,1
3.043,0.162,-14.542,1
3.042,0.152,-14.54,1
3.042,0.141,-14.539,1
3.042,0.131,-14.54,1
3.042,0.121,-14.54,1
3.041,0.11,-14.534,2
3.042,0.1,-14.538,2
3.04,0.089,-14.531,2
3.042,0.079,-14.536,2
3.042,0.069,-14.538,1
3.042,0.058,-14.537,1
3.043,0.048,-14.541,1
3.043,0.038,-14.543,1
3.043,0.027,-14.542,1
3.043,0.017,-14.543,1
3.043,0.007,-14.543,1
3.062,0.507,-14.564,2
3.061,0.497,-14.56,2
3.062,0.487,-14.563,2
3.059,0.476,-14.549,2
3.059,0.465,-14.552,1
3.059,0.455,-14.55,1
3.059,0.445,-14.55,1
3.059,0.434,-14.549,1
3.059,0.424,-14.551,1
3.059,0.413,-14.55,1
3.059,0.403,-14.55,1
3.059,0.393,-14.553,1
3.058,0.382,-14.547,1
3.059,0.372,-14.548,1
3.058,0.361,-14.547,1
3.058,0.351,-14.545,1
3.058,0.34,-14.545,1
3.058,0.33,-14.545,1
3.058,0.32,-14.546,2
3.057,0.309,-14.54,2
3.057,0.299,-14.542,2
3.057,0.289,-14.542,2
3.057,0.278,-14.543,2
3.057,0.268,-14.542,2
3.057,0.257,-14.542,2
3.058,0.247,-14.546,1
3.058,0.236,-14.546,1
3.057,0.226,-14.544,1
3.058,0.216,-14.545,1
3.056,0.206,-14.539,1
3.056,0.195,-14.538,1
3.057,0.185,-14.54,1
3.057,0.174,-14.541,1
3.057,0.164,-14.543,2
3.056,0.154,-14.536,2
3.056,0.143,-14.535,2
3.056,0.133,-14.538,2
3.056,0.122,-14.536,2
3.056,0.112,-14.538,2
3.057,0.102,-14.54,2
3.056,0.091,-14.535,2
3.057,0.081,-14.541,1
3.057,0.071,-14.541,1
3.057,0.06,-14.542,1
3.057,0.05,-14.539,1
3.057,0.04,-14.542,1
3.057,0.029,-14.543,1
3.057,0.019,-14.539,1
3.056,0.008,-14.538,1
3.068,0.474,-14.552,2
3.068,0.464,-14.552,2
3.068,0.453,-14.55,1
3.068,0.443,-14.553,1
3.068,0.433,-14.552,1
3.068,0.422,-14.551,1
3.068,0.412,-14.55,1
3.068,0.401,-14.552,1
3.068,0.391,-14.552,1
3.068,0.38,-14.551,1
3.068,0.37,-14.551,1
3.068,0.36,-14.551,1
3.069,0.35,-14.553,1
3.067,0.339,-14.546,1
3.068,0.329,-14.55,1
3.068,0.318,-14.551,2
3.067,0.308,-14.545,2
3.066,0.298,-14.543,2
3.067,0.287,-14.547,2
3.066,0.276,-14.544,2
3.068,0.266,-14.548,2
3.066,0.256,-14.544,2
3.066,0.245,-14.541,2
3.067,0.235,-14.545,2
3.066,0.225,-14.54,2
3.066,0.214,-14.541,2
3.067,0.204,-14.545,2
3.066,0.194,-14.54,2
3.066,0.183,-14.543,2
3.066,0.173,-14.54,2
3.066,0.162,-14.541,2
3.066,0.152,-14.543,2
3.066,0.142,-14.541,2
3.066,0.132,-14.538,2
3.065,0.121,-14.536,2
3.066,0.111,-14.539,2
3.066,0.1,-14.541,2
3.066,0.09,-14.541,2
3.066,0.079,-14.54,1
3.066,0.069,-14.542,1
3.066,0.059,-14.541,1
3.066,0.048,-14.543,1
3.067,0.038,-14.545,1
3.066,0.028,-14.543,1
3.068,0.017,-14.549,1
3.067,0.007,-14.545,1
