7000,6.284,-0.008,-14.804,30,1,258.65
7001,6.289,-0.001,-14.796,143,1,258.47
7002,6.288,-0.012,-14.793,46,1,258.37
7003,6.296,-0.009,-14.782,146,1,258.15
7004,6.296,-0.02,-14.782,44,1,258.15
7005,6.299,-0.031,-14.788,16,1,258.36
7006,6.302,-0.007,-14.762,150,1,257.63
7007,6.305,-0.019,-14.768,136,1,257.85
7008,6.306,-0.03,-14.769,23,1,257.89
7009,6.31,-0.007,-14.755,149,1,257.53
7010,6.31,-0.018,-14.757,145,1,257.59
7011,6.311,-0.03,-14.758,56,1,257.63
7012,6.313,-0.041,-14.764,34,1,257.83
7013,6.315,-0.002,-14.741,152,1,257.18
7014,6.317,-0.013,-14.746,149,1,257.35
7015,6.318,-0.024,-14.748,147,1,257.42
7016,6.318,-0.035,-14.747,25,1,257.39
7017,6.322,-0.046,-14.757,15,1,257.74
7018,6.325,-0.01,-14.727,147,1,256.89
7019,6.325,-0.022,-14.727,148,1,256.89
7020,6.328,-0.033,-14.736,75,1,257.19
7021,6.328,-0.044,-14.734,19,1,257.13
7022,6.331,-0.002,-14.719,147,1,256.73
7023,6.328,-0.014,-14.714,145,1,256.55
7024,6.331,-0.024,-14.719,149,1,256.73
7025,6.332,-0.036,-14.722,83,1,256.83
7026,6.334,-0.047,-14.726,34,1,256.97
7027,6.339,-0.011,-14.713,146,1,256.66
7028,6.338,-0.022,-14.71,142,1,256.55
7029,6.337,-0.033,-14.708,144,1,256.48
7030,6.339,-0.045,-14.714,25,1,256.68
7031,6.345,-0.011,-14.69,146,1,256.06
7032,6.35,-0.022,-14.701,144,1,256.44
7033,6.35,-0.033,-14.701,141,1,256.44
7034,6.349,-0.045,-14.7,24,1,256.4
7036,6.352,-0.001,-14.686,146,1,256.03
7037,6.352,-0.012,-14.684,141,1,255.97
7038,6.353,-0.023,-14.687,147,1,256.07
7039,6.352,-0.034,-14.684,146,1,255.97
7040,6.353,-0.045,-14.688,24,1,256.1
7042,6.357,-0.005,-14.67,149,1,255.62
7043,6.357,-0.017,-14.672,147,1,255.68
7044,6.356,-0.028,-14.668,148,1,255.55
7045,6.359,-0.04,-14.676,118,1,255.82
7046,6.36,-0.051,-14.679,22,1,255.92
7048,6.369,-0.001,-14.661,143,1,255.51
7049,6.37,-0.012,-14.664,142,1,255.61
7050,6.365,-0.023,-14.653,145,1,255.22
7051,6.368,-0.034,-14.66,145,1,255.47
7052,6.369,-0.045,-14.66,32,1,255.48
7091,6.372,-0.005,-14.644,144,1,255.05
7092,6.373,-0.016,-14.648,145,1,255.18
7093,6.371,-0.027,-14.644,140,1,255.04
7094,6.376,-0.038,-14.654,102,1,255.39
7095,6.375,-0.05,-14.653,32,1,255.35
7161,6.377,-0.001,-14.632,147,1,254.76
7162,6.378,-0.012,-14.633,146,1,254.8
7163,6.376,-0.023,-14.629,147,1,254.66
7164,6.381,-0.034,-14.641,136,1,255.08
7165,6.382,-0.045,-14.643,26,1,255.15
7253,6.389,-0.01,-14.623,142,1,254.65
7254,6.389,-0.021,-14.622,140,1,254.62
7255,6.391,-0.032,-14.626,105,1,254.76
7256,6.391,-0.044,-14.628,23,1,254.82
7344,6.393,-0.002,-14.61,146,1,254.32
7345,6.396,-0.014,-14.616,143,1,254.54
7346,6.393,-0.024,-14.608,141,1,254.26
7347,6.395,-0.036,-14.613,40,1,254.44
7348,6.409,-0.047,-14.646,50,1,255.58
7436,6.403,-0.011,-14.605,140,1,254.3
7437,6.401,-0.022,-14.601,143,1,254.16
7438,6.401,-0.033,-14.601,26,1,254.16
7439,6.417,-0.044,-14.638,44,1,255.45
7527,6.41,-0.007,-14.587,145,1,253.87
7528,6.411,-0.019,-14.591,122,1,254
7529,6.41,-0.03,-14.589,21,1,253.93
7604,6.415,-0.007,-14.576,146,1,253.61
7605,6.416,-0.019,-14.578,28,1,253.68
7606,6.415,-0.03,-14.576,22,1,253.61
7654,6.422,-0.01,-14.566,56,1,253.41
7655,6.422,-0.021,-14.567,22,1,253.44
7672,6.429,-0.007,-14.551,27,1,253.06
7673,6.43,-0.018,-14.552,36,1,253.11
7674,6.438,-0.011,-14.546,27,1,253.03
32,6.222,0.382,-14.897,29,1,260.63
33,6.223,0.37,-14.899,51,1,260.71
34,6.221,0.359,-14.894,35,1,260.53
35,6.221,0.348,-14.893,56,1,260.5
36,6.221,0.336,-14.894,135,1,260.53
37,6.222,0.325,-14.895,147,1,260.57
38,6.22,0.314,-14.892,151,1,260.46
39,6.221,0.303,-14.894,144,1,260.53
40,6.222,0.292,-14.895,156,1,260.57
41,6.223,0.28,-14.898,148,1,260.68
57,6.228,0.405,-14.881,41,1,260.23
58,6.228,0.394,-14.881,41,1,260.23
59,6.228,0.383,-14.882,43,1,260.26
60,6.226,0.371,-14.877,114,1,260.09
61,6.227,0.36,-14.878,150,1,260.13
62,6.226,0.349,-14.875,145,1,260.03
63,6.227,0.338,-14.879,149,1,260.16
64,6.225,0.326,-14.873,152,1,259.96
65,6.228,0.315,-14.882,148,1,260.26
66,6.228,0.304,-14.882,147,1,260.26
67,6.227,0.292,-14.878,146,1,260.13
68,6.227,0.281,-14.879,148,1,260.16
69,6.229,0.27,-14.883,149,1,260.3
70,6.229,0.259,-14.883,147,1,260.3
71,6.229,0.248,-14.884,147,1,260.33
72,6.229,0.236,-14.884,148,1,260.33
73,6.23,0.225,-14.886,142,1,260.41
74,6.227,0.214,-14.88,145,1,260.19
75,6.231,0.203,-14.888,148,1,260.48
76,6.229,0.191,-14.885,145,1,260.36
77,6.229,0.18,-14.884,150,1,260.33
78,6.227,0.169,-14.88,147,1,260.19
79,6.231,0.158,-14.888,138,1,260.48
80,6.229,0.147,-14.884,148,1,260.33
81,6.228,0.135,-14.882,148,1,260.26
82,6.23,0.124,-14.887,147,1,260.44
83,6.232,0.112,-14.891,118,1,260.58
84,6.231,0.101,-14.888,36,1,260.48
85,6.232,0.09,-14.891,25,1,260.58
86,6.239,0.419,-14.873,32,1,260.13
87,6.236,0.407,-14.866,48,1,259.89
88,6.237,0.396,-14.867,110,1,259.93
89,6.236,0.384,-14.865,148,1,259.86
90,6.237,0.373,-14.868,144,1,259.96
91,6.235,0.362,-14.863,154,1,259.78
92,6.238,0.351,-14.868,147,1,259.97
93,6.234,0.339,-14.859,145,1,259.65
94,6.236,0.328,-14.866,147,1,259.89
95,6.238,0.317,-14.87,143,1,260.03
96,6.237,0.306,-14.867,146,1,259.93
97,6.236,0.294,-14.865,149,1,259.86
98,6.238,0.283,-14.869,147,1,260
99,6.236,0.272,-14.865,148,1,259.86
100,6.24,0.261,-14.873,148,1,260.14
101,6.239,0.25,-14.873,146,1,260.13
102,6.239,0.238,-14.872,146,1,260.1
103,6.239,0.227,-14.872,146,1,260.1
104,6.236,0.215,-14.866,148,1,259.89
105,6.241,0.205,-14.877,146,1,260.28
106,6.235,0.193,-14.863,144,1,259.78
107,6.239,0.182,-14.873,147,1,260.13
108,6.238,0.171,-14.869,151,1,260
109,6.239,0.159,-14.872,148,1,260.1
110,6.238,0.148,-14.868,150,1,259.97
111,6.24,0.137,-14.874,142,1,260.17
112,6.239,0.126,-14.872,149,1,260.1
113,6.238,0.115,-14.87,146,1,260.03
114,6.241,0.103,-14.877,145,1,260.28
115,6.242,0.092,-14.88,137,1,260.38
116,6.241,0.08,-14.877,43,1,260.28
117,6.241,0.069,-14.878,26,1,260.3
118,6.244,0.058,-14.882,21,1,260.46
119,6.242,0.43,-14.856,31,1,259.66
120,6.243,0.419,-14.857,42,1,259.71
121,6.243,0.407,-14.858,140,1,259.74
122,6.24,0.396,-14.849,142,1,259.43
123,6.242,0.385,-14.856,148,1,259.66
124,6.241,0.374,-14.853,149,1,259.56
125,6.241,0.363,-14.854,152,1,259.59
126,6.241,0.351,-14.853,149,1,259.56
127,6.242,0.34,-14.855,148,1,259.63
128,6.241,0.329,-14.853,147,1,259.56
129,6.241,0.317,-14.853,147,1,259.56
130,6.244,0.306,-14.859,147,1,259.78
131,6.243,0.284,-14.858,149,1,259.74
132,6.244,0.273,-14.859,148,1,259.78
133,6.243,0.262,-14.857,154,1,259.71
134,6.243,0.25,-14.857,147,1,259.71
135,6.244,0.239,-14.859,147,1,259.78
136,6.242,0.228,-14.856,148,1,259.66
137,6.24,0.216,-14.851,143,1,259.49
138,6.244,0.205,-14.861,147,1,259.84
139,6.243,0.194,-14.857,146,1,259.71
140,6.246,0.183,-14.863,148,1,259.92
141,6.243,0.171,-14.857,147,1,259.71
142,6.244,0.161,-14.859,144,1,259.78
143,6.244,0.149,-14.859,146,1,259.78
144,6.242,0.138,-14.856,145,1,259.66
145,6.245,0.126,-14.861,148,1,259.85
146,6.246,0.115,-14.863,148,1,259.92
147,6.246,0.104,-14.864,146,1,259.95
148,6.246,0.093,-14.864,149,1,259.95
149,6.247,0.082,-14.866,147,1,260.02
150,6.249,0.07,-14.871,125,1,260.2
151,6.247,0.059,-14.868,43,1,260.08
152,6.248,0.047,-14.869,35,1,260.12
153,6.251,0.447,-14.849,28,1,259.57
154,6.249,0.436,-14.845,33,1,259.42
155,6.247,0.424,-14.84,144,1,259.25
156,6.249,0.413,-14.846,147,1,259.45
157,6.247,0.402,-14.839,146,1,259.22
158,6.248,0.391,-14.843,150,1,259.35
159,6.246,0.38,-14.838,147,1,259.18
160,6.248,0.368,-14.844,146,1,259.38
161,6.248,0.357,-14.842,151,1,259.32
162,6.247,0.345,-14.839,148,1,259.22
163,6.249,0.334,-14.845,148,1,259.42
164,6.25,0.324,-14.847,148,1,259.5
165,6.248,0.312,-14.844,149,1,259.38
166,6.251,0.301,-14.849,145,1,259.57
167,6.251,0.289,-14.849,144,1,259.57
168,6.248,0.278,-14.842,146,1,259.32
169,6.249,0.267,-14.846,147,1,259.45
170,6.249,0.256,-14.846,145,1,259.45
171,6.25,0.244,-14.847,153,1,259.5
172,6.249,0.233,-14.845,159,1,259.42
173,6.249,0.222,-14.844,150,1,259.39
174,6.25,0.211,-14.847,147,1,259.5
175,6.248,0.199,-14.844,148,1,259.38
176,6.248,0.188,-14.842,151,1,259.32
177,6.252,0.177,-14.852,153,1,259.67
178,6.251,0.166,-14.849,150,1,259.57
179,6.254,0.154,-14.857,146,1,259.84
180,6.25,0.144,-14.847,144,1,259.5
181,6.253,0.132,-14.853,151,1,259.71
182,6.253,0.121,-14.855,142,1,259.77
183,6.251,0.109,-14.849,148,1,259.57
184,6.25,0.098,-14.848,148,1,259.53
185,6.252,0.087,-14.852,148,1,259.67
186,6.252,0.076,-14.851,148,1,259.64
187,6.251,0.065,-14.85,149,1,259.6
188,6.253,0.053,-14.854,137,1,259.74
189,6.253,0.042,-14.854,33,1,259.74
190,6.256,0.031,-14.862,28,1,260.02
191,6.259,0.463,-14.833,29,1,259.19
192,6.259,0.451,-14.832,42,1,259.16
193,6.26,0.44,-14.834,134,1,259.24
194,6.256,0.428,-14.825,148,1,258.92
195,6.258,0.417,-14.83,154,1,259.09
196,6.256,0.406,-14.826,148,1,258.95
197,6.257,0.395,-14.828,147,1,259.02
198,6.256,0.384,-14.826,147,1,258.95
199,6.258,0.372,-14.829,147,1,259.06
200,6.258,0.361,-14.83,146,1,259.09
201,6.258,0.35,-14.83,157,1,259.09
202,6.26,0.339,-14.835,153,1,259.26
203,6.258,0.327,-14.829,149,1,259.06
204,6.259,0.316,-14.831,157,1,259.13
205,6.259,0.305,-14.833,154,1,259.19
206,6.261,0.294,-14.837,150,1,259.34
207,6.258,0.283,-14.83,142,1,259.09
208,6.259,0.271,-14.833,148,1,259.19
209,6.259,0.26,-14.831,148,1,259.13
210,6.259,0.249,-14.832,149,1,259.16
211,6.258,0.238,-14.829,149,1,259.06
212,6.26,0.227,-14.833,152,1,259.21
213,6.258,0.215,-14.83,153,1,259.09
214,6.26,0.204,-14.835,141,1,259.26
215,6.258,0.192,-14.83,148,1,259.09
216,6.26,0.182,-14.834,149,1,259.24
217,6.26,0.17,-14.833,155,1,259.21
218,6.26,0.159,-14.835,147,1,259.26
219,6.261,0.148,-14.836,149,1,259.31
220,6.262,0.137,-14.839,151,1,259.41
221,6.26,0.125,-14.835,148,1,259.26
222,6.261,0.114,-14.837,151,1,259.34
223,6.262,0.103,-14.84,147,1,259.44
224,6.261,0.091,-14.837,151,1,259.34
225,6.261,0.08,-14.837,149,1,259.34
226,6.262,0.069,-14.839,152,1,259.41
227,6.263,0.058,-14.841,147,1,259.48
228,6.26,0.047,-14.833,142,1,259.21
229,6.264,0.035,-14.842,125,1,259.52
230,6.264,0.024,-14.844,33,1,259.58
231,6.264,0.472,-14.823,29,1,258.96
232,6.263,0.461,-14.821,38,1,258.89
233,6.264,0.45,-14.823,129,1,258.96
234,6.264,0.439,-14.823,150,1,258.96
235,6.262,0.427,-14.818,159,1,258.79
236,6.263,0.416,-14.821,146,1,258.89
237,6.262,0.405,-14.821,150,1,258.87
238,6.262,0.393,-14.818,152,1,258.79
239,6.261,0.382,-14.816,146,1,258.71
240,6.262,0.371,-14.819,148,1,258.82
241,6.262,0.36,-14.819,154,1,258.82
242,6.264,0.349,-14.822,156,1,258.93
243,6.261,0.337,-14.816,157,1,258.71
244,6.264,0.326,-14.823,151,1,258.96
245,6.263,0.315,-14.821,147,1,258.89
246,6.262,0.304,-14.82,148,1,258.85
247,6.264,0.292,-14.823,148,1,258.96
248,6.263,0.281,-14.821,148,1,258.89
249,6.265,0.27,-14.825,149,1,259.03
250,6.266,0.259,-14.827,151,1,259.1
251,6.263,0.248,-14.822,147,1,258.92
252,6.266,0.236,-14.828,147,1,259.13
253,6.264,0.225,-14.822,147,1,258.93
254,6.266,0.214,-14.828,145,1,259.13
255,6.263,0.203,-14.821,148,1,258.89
256,6.264,0.191,-14.824,148,1,258.99
257,6.265,0.18,-14.825,148,1,259.03
258,6.264,0.169,-14.823,145,1,258.96
259,6.264,0.157,-14.822,147,1,258.93
260,6.264,0.147,-14.824,154,1,258.99
261,6.266,0.135,-14.828,148,1,259.13
262,6.265,0.124,-14.825,148,1,259.03
263,6.268,0.113,-14.833,147,1,259.31
264,6.266,0.101,-14.829,144,1,259.16
265,6.267,0.09,-14.83,148,1,259.2
266,6.267,0.079,-14.829,145,1,259.17
267,6.266,0.068,-14.829,145,1,259.16
268,6.265,0.056,-14.826,148,1,259.06
269,6.266,0.045,-14.829,147,1,259.16
270,6.267,0.034,-14.831,148,1,259.23
271,6.268,0.023,-14.833,89,1,259.31
272,6.27,0.012,-14.837,25,1,259.45
273,6.268,0.474,-14.805,49,1,258.48
274,6.269,0.463,-14.808,104,1,258.58
275,6.27,0.452,-14.809,152,1,258.62
276,6.268,0.44,-14.805,151,1,258.48
277,6.268,0.429,-14.805,148,1,258.48
278,6.267,0.418,-14.802,154,1,258.37
279,6.27,0.407,-14.809,155,1,258.62
280,6.268,0.396,-14.804,147,1,258.45
281,6.269,0.384,-14.806,157,1,258.52
282,6.269,0.373,-14.806,148,1,258.52
283,6.268,0.362,-14.804,153,1,258.45
284,6.268,0.351,-14.804,149,1,258.45
285,6.268,0.34,-14.805,149,1,258.48
286,6.27,0.328,-14.808,153,1,258.59
287,6.271,0.317,-14.81,148,1,258.66
288,6.268,0.306,-14.805,148,1,258.48
289,6.271,0.295,-14.811,151,1,258.69
290,6.27,0.283,-14.808,145,1,258.59
291,6.272,0.272,-14.812,146,1,258.73
292,6.272,0.261,-14.812,144,1,258.73
293,6.271,0.25,-14.811,149,1,258.69
294,6.268,0.238,-14.804,148,1,258.45
295,6.271,0.227,-14.809,144,1,258.63
296,6.27,0.216,-14.808,147,1,258.59
297,6.272,0.205,-14.812,143,1,258.73
298,6.271,0.193,-14.81,147,1,258.66
299,6.268,0.182,-14.804,144,1,258.45
300,6.27,0.171,-14.808,148,1,258.59
301,6.27,0.16,-14.809,146,1,258.62
302,6.271,0.148,-14.811,148,1,258.69
303,6.272,0.137,-14.812,147,1,258.73
304,6.272,0.126,-14.812,145,1,258.73
305,6.274,0.115,-14.818,146,1,258.94
306,6.272,0.104,-14.812,144,1,258.73
307,6.274,0.093,-14.818,153,1,258.94
308,6.273,0.081,-14.816,148,1,258.86
309,6.273,0.07,-14.816,151,1,258.86
310,6.275,0.059,-14.819,143,1,258.98
311,6.272,0.048,-14.813,148,1,258.76
312,6.274,0.036,-14.819,147,1,258.97
313,6.272,0.025,-14.811,152,1,258.7
314,6.274,0.014,-14.818,121,1,258.94
315,6.275,0.003,-14.819,31,1,258.98
316,6.279,0.486,-14.795,38,1,258.32
317,6.278,0.474,-14.792,91,1,258.22
318,6.277,0.463,-14.789,151,1,258.12
319,6.279,0.452,-14.793,154,1,258.26
320,6.277,0.441,-14.789,145,1,258.12
321,6.277,0.43,-14.79,153,1,258.14
322,6.279,0.419,-14.795,139,1,258.32
323,6.278,0.407,-14.793,157,1,258.25
324,6.278,0.396,-14.791,147,1,258.19
325,6.279,0.385,-14.793,154,1,258.26
326,6.278,0.373,-14.791,149,1,258.19
327,6.279,0.362,-14.795,149,1,258.32
328,6.277,0.351,-14.79,150,1,258.14
329,6.28,0.34,-14.797,157,1,258.39
330,6.28,0.329,-14.796,148,1,258.36
331,6.279,0.317,-14.795,150,1,258.32
332,6.279,0.306,-14.794,149,1,258.29
333,6.279,0.295,-14.794,148,1,258.29
334,6.278,0.283,-14.79,146,1,258.16
335,6.279,0.273,-14.793,147,1,258.26
336,6.28,0.261,-14.795,149,1,258.33
337,6.279,0.25,-14.794,148,1,258.29
338,6.277,0.239,-14.789,148,1,258.12
339,6.278,0.227,-14.792,152,1,258.22
340,6.28,0.216,-14.796,147,1,258.36
341,6.279,0.205,-14.793,146,1,258.26
342,6.281,0.194,-14.799,147,1,258.46
343,6.279,0.183,-14.793,148,1,258.26
344,6.281,0.171,-14.798,148,1,258.43
345,6.282,0.161,-14.801,145,1,258.53
346,6.282,0.149,-14.801,152,1,258.53
347,6.281,0.138,-14.798,151,1,258.43
348,6.281,0.126,-14.799,146,1,258.46
349,6.28,0.115,-14.796,146,1,258.36
350,6.281,0.104,-14.798,148,1,258.43
351,6.281,0.093,-14.799,148,1,258.46
352,6.281,0.082,-14.8,146,1,258.49
353,6.282,0.071,-14.801,150,1,258.53
354,6.281,0.059,-14.799,147,1,258.46
355,6.281,0.048,-14.8,146,1,258.49
356,6.283,0.037,-14.803,146,1,258.6
357,6.282,0.026,-14.8,145,1,258.5
358,6.282,0.014,-14.8,146,1,258.5
359,6.285,0.003,-14.807,113,1,258.75
360,6.282,0.493,-14.78,31,1,257.91
361,6.283,0.482,-14.782,69,1,257.98
362,6.284,0.471,-14.783,149,1,258.03
363,6.284,0.459,-14.784,156,1,258.06
364,6.284,0.448,-14.784,156,1,258.06
365,6.283,0.437,-14.783,154,1,258.01
366,6.282,0.426,-14.78,151,1,257.91
367,6.284,0.414,-14.783,146,1,258.03
368,6.283,0.403,-14.783,154,1,258.01
369,6.283,0.392,-14.782,149,1,257.98
370,6.283,0.38,-14.782,148,1,257.98
371,6.285,0.37,-14.785,148,1,258.1
372,6.285,0.359,-14.786,149,1,258.13
373,6.286,0.347,-14.788,117,1,258.2
374,6.287,0.336,-14.792,122,1,258.33
375,6.286,0.324,-14.789,137,1,258.23
376,6.287,0.313,-14.791,138,1,258.3
377,6.284,0.302,-14.784,147,1,258.06
378,6.284,0.291,-14.783,148,1,258.03
379,6.284,0.28,-14.783,148,1,258.03
380,6.286,0.269,-14.788,147,1,258.2
381,6.285,0.257,-14.786,149,1,258.13
382,6.285,0.246,-14.785,152,1,258.1
383,6.285,0.235,-14.787,152,1,258.16
384,6.285,0.224,-14.785,148,1,258.1
385,6.286,0.213,-14.79,144,1,258.26
386,6.285,0.201,-14.786,147,1,258.13
387,6.288,0.191,-14.794,142,1,258.4
388,6.286,0.179,-14.789,146,1,258.23
389,6.287,0.168,-14.79,147,1,258.27
390,6.286,0.156,-14.79,149,1,258.26
391,6.286,0.145,-14.79,157,1,258.26
392,6.286,0.134,-14.79,148,1,258.26
393,6.286,0.123,-14.789,148,1,258.23
394,6.286,0.112,-14.789,147,1,258.23
395,6.286,0.1,-14.788,152,1,258.2
396,6.286,0.089,-14.79,149,1,258.26
397,6.289,0.078,-14.795,143,1,258.44
398,6.287,0.067,-14.791,149,1,258.3
399,6.287,0.056,-14.791,147,1,258.3
400,6.287,0.044,-14.791,145,1,258.3
401,6.287,0.033,-14.791,146,1,258.3
402,6.287,0.022,-14.792,145,1,258.33
403,6.289,0.011,-14.796,147,1,258.47
404,6.295,0.507,-14.779,25,1,258.05
405,6.292,0.495,-14.772,47,1,257.8
406,6.289,0.484,-14.765,144,1,257.56
407,6.291,0.473,-14.771,149,1,257.76
408,6.291,0.462,-14.769,161,1,257.7
409,6.289,0.451,-14.766,157,1,257.59
410,6.288,0.439,-14.765,157,1,257.54
411,6.292,0.428,-14.772,160,1,257.8
412,6.29,0.417,-14.767,147,1,257.63
413,6.29,0.405,-14.769,158,1,257.69
414,6.291,0.395,-14.77,146,1,257.73
415,6.291,0.384,-14.771,149,1,257.76
416,6.291,0.372,-14.769,149,1,257.7
417,6.292,0.361,-14.773,150,1,257.83
418,6.292,0.35,-14.773,36,1,257.83
419,6.293,0.339,-14.774,28,1,257.87
420,6.293,0.327,-14.774,22,1,257.87
421,6.292,0.316,-14.773,24,1,257.83
422,6.294,0.305,-14.777,19,1,257.97
423,6.292,0.294,-14.772,13,1,257.8
424,6.294,0.283,-14.777,17,1,257.97
425,6.293,0.271,-14.776,21,1,257.93
426,6.293,0.26,-14.774,22,1,257.87
427,6.298,0.249,-14.785,21,1,258.26
428,6.293,0.237,-14.774,17,1,257.87
429,6.295,0.226,-14.779,15,1,258.05
430,6.293,0.215,-14.774,134,1,257.87
431,6.293,0.204,-14.774,143,1,257.87
432,6.292,0.193,-14.772,150,1,257.8
433,6.293,0.182,-14.775,149,1,257.9
434,6.293,0.17,-14.773,149,1,257.84
435,6.295,0.16,-14.78,84,1,258.08
436,6.295,0.148,-14.78,23,1,258.08
437,6.295,0.137,-14.78,90,1,258.08
438,6.296,0.125,-14.781,145,1,258.12
439,6.293,0.114,-14.776,151,1,257.93
440,6.291,0.103,-14.771,143,1,257.76
441,6.295,0.092,-14.779,147,1,258.05
442,6.293,0.081,-14.775,148,1,257.9
443,6.295,0.069,-14.779,147,1,258.05
444,6.293,0.058,-14.774,144,1,257.87
445,6.294,0.047,-14.777,147,1,257.97
446,6.295,0.036,-14.779,146,1,258.05
447,6.294,0.025,-14.777,148,1,257.97
448,6.296,0.014,-14.781,146,1,258.12
449,6.297,0.002,-14.783,146,1,258.19
450,6.302,0.508,-14.762,23,1,257.63
451,6.301,0.497,-14.759,55,1,257.53
452,6.3,0.486,-14.757,152,1,257.46
453,6.3,0.475,-14.757,149,1,257.46
454,6.298,0.463,-14.752,147,1,257.29
455,6.3,0.452,-14.758,161,1,257.49
456,6.299,0.44,-14.756,155,1,257.42
457,6.301,0.43,-14.76,148,1,257.56
458,6.3,0.419,-14.757,156,1,257.46
459,6.3,0.407,-14.758,154,1,257.49
460,6.299,0.396,-14.755,149,1,257.39
461,6.3,0.385,-14.757,147,1,257.46
462,6.3,0.374,-14.757,148,1,257.46
463,6.298,0.363,-14.752,146,1,257.29
464,6.3,0.351,-14.757,48,1,257.46
465,6.301,0.34,-14.759,22,1,257.53
466,6.303,0.329,-14.764,25,1,257.7
467,6.301,0.318,-14.76,21,1,257.56
468,6.302,0.306,-14.761,18,1,257.6
469,6.303,0.295,-14.762,30,1,257.64
470,6.303,0.284,-14.762,29,1,257.64
471,6.304,0.273,-14.765,23,1,257.75
472,6.302,0.262,-14.761,16,1,257.6
473,6.303,0.25,-14.763,18,1,257.67
474,6.304,0.239,-14.765,24,1,257.75
475,6.302,0.228,-14.761,25,1,257.6
476,6.302,0.217,-14.762,139,1,257.63
477,6.301,0.206,-14.759,149,1,257.53
478,6.304,0.194,-14.764,143,1,257.72
479,6.3,0.183,-14.756,149,1,257.43
480,6.302,0.172,-14.76,154,1,257.57
481,6.304,0.161,-14.766,29,1,257.78
482,6.304,0.149,-14.765,13,1,257.75
483,6.302,0.139,-14.761,19,1,257.6
484,6.304,0.127,-14.766,25,1,257.78
485,6.306,0.116,-14.769,133,1,257.89
486,6.301,0.105,-14.759,148,1,257.53
487,6.304,0.094,-14.764,149,1,257.72
488,6.303,0.082,-14.762,149,1,257.64
489,6.306,0.071,-14.769,145,1,257.89
490,6.305,0.06,-14.767,149,1,257.82
491,6.304,0.049,-14.765,151,1,257.75
492,6.305,0.038,-14.768,146,1,257.85
493,6.304,0.026,-14.766,153,1,257.78
494,6.306,0.015,-14.769,143,1,257.89
495,6.305,0.004,-14.766,145,1,257.79
496,6.307,0.52,-14.751,13,1,257.37
497,6.307,0.508,-14.749,30,1,257.31
498,6.302,0.496,-14.74,146,1,256.98
499,6.305,0.486,-14.744,148,1,257.14
500,6.304,0.474,-14.742,147,1,257.07
501,6.305,0.463,-14.745,149,1,257.17
502,6.305,0.452,-14.745,152,1,257.17
503,6.306,0.441,-14.747,153,1,257.24
504,6.305,0.43,-14.745,151,1,257.17
505,6.307,0.418,-14.75,155,1,257.34
506,6.306,0.407,-14.747,151,1,257.24
507,6.307,0.396,-14.749,156,1,257.31
508,6.306,0.385,-14.746,156,1,257.21
509,6.306,0.373,-14.748,152,1,257.27
510,6.304,0.362,-14.743,147,1,257.1
511,6.306,0.351,-14.748,43,1,257.27
512,6.308,0.34,-14.751,23,1,257.38
513,6.308,0.329,-14.753,28,1,257.44
514,6.306,0.317,-14.749,52,1,257.3
515,6.307,0.306,-14.75,136,1,257.34
516,6.306,0.295,-14.746,125,1,257.21
517,6.307,0.284,-14.75,124,1,257.34
518,6.308,0.273,-14.751,50,1,257.38
519,6.308,0.262,-14.752,21,1,257.41
520,6.307,0.25,-14.751,20,1,257.37
521,6.309,0.239,-14.754,23,1,257.48
522,6.306,0.228,-14.748,28,1,257.27
523,6.308,0.217,-14.752,137,1,257.41
524,6.308,0.206,-14.752,142,1,257.41
525,6.307,0.194,-14.748,148,1,257.28
526,6.309,0.183,-14.754,146,1,257.48
527,6.309,0.172,-14.753,135,1,257.45
528,6.308,0.161,-14.752,42,1,257.41
529,6.31,0.15,-14.756,24,1,257.56
530,6.309,0.139,-14.754,19,1,257.48
531,6.313,0.127,-14.762,13,1,257.77
532,6.31,0.116,-14.755,23,1,257.53
533,6.306,0.105,-14.748,147,1,257.27
534,6.31,0.094,-14.755,148,1,257.53
535,6.306,0.083,-14.746,144,1,257.21
536,6.309,0.071,-14.755,148,1,257.51
537,6.308,0.06,-14.752,148,1,257.41
538,6.31,0.049,-14.755,147,1,257.53
539,6.31,0.038,-14.757,145,1,257.59
540,6.311,0.026,-14.758,145,1,257.63
541,6.31,0.015,-14.757,153,1,257.59
542,6.312,0.004,-14.759,155,1,257.67
543,6.312,0.513,-14.735,42,1,256.96
544,6.314,0.502,-14.74,128,1,257.13
545,6.313,0.491,-14.736,154,1,257
546,6.312,0.48,-14.734,149,1,256.93
547,6.311,0.468,-14.733,148,1,256.89
548,6.312,0.457,-14.734,147,1,256.93
549,6.31,0.446,-14.729,143,1,256.76
550,6.312,0.435,-14.736,157,1,256.99
551,6.308,0.424,-14.725,144,1,256.62
552,6.313,0.412,-14.738,147,1,257.06
553,6.31,0.401,-14.731,146,1,256.82
554,6.311,0.39,-14.731,147,1,256.83
555,6.313,0.379,-14.737,153,1,257.03
556,6.311,0.368,-14.732,149,1,256.86
557,6.315,0.357,-14.741,141,1,257.18
558,6.314,0.345,-14.74,20,1,257.13
559,6.313,0.334,-14.738,24,1,257.06
560,6.313,0.323,-14.737,27,1,257.03
561,6.313,0.312,-14.736,150,1,257
562,6.313,0.301,-14.736,152,1,257
563,6.313,0.289,-14.738,146,1,257.06
564,6.315,0.278,-14.741,128,1,257.18
565,6.315,0.267,-14.741,23,1,257.18
566,6.315,0.256,-14.742,18,1,257.21
567,6.314,0.245,-14.738,24,1,257.08
568,6.312,0.234,-14.735,136,1,256.96
569,6.314,0.222,-14.74,151,1,257.13
570,6.312,0.211,-14.734,150,1,256.93
571,6.313,0.2,-14.737,149,1,257.03
572,6.312,0.189,-14.733,148,1,256.9
573,6.313,0.177,-14.738,148,1,257.06
574,6.314,0.166,-14.738,148,1,257.08
575,6.314,0.155,-14.738,146,1,257.08
576,6.315,0.144,-14.742,85,1,257.21
577,6.317,0.133,-14.746,23,1,257.35
578,6.316,0.122,-14.743,18,1,257.25
579,6.317,0.11,-14.746,23,1,257.35
580,6.315,0.099,-14.743,150,1,257.24
581,6.314,0.088,-14.74,147,1,257.13
582,6.315,0.077,-14.742,147,1,257.21
583,6.313,0.066,-14.737,148,1,257.03
584,6.317,0.054,-14.745,146,1,257.32
585,6.316,0.043,-14.743,151,1,257.25
586,6.316,0.032,-14.743,145,1,257.25
587,6.316,0.021,-14.744,145,1,257.28
588,6.317,0.01,-14.746,151,1,257.35
589,6.324,0.527,-14.727,24,1,256.88
590,6.321,0.516,-14.721,42,1,256.66
591,6.322,0.504,-14.722,142,1,256.7
592,6.321,0.493,-14.721,158,1,256.66
593,6.32,0.482,-14.716,148,1,256.5
594,6.321,0.471,-14.719,147,1,256.6
595,6.322,0.46,-14.722,157,1,256.7
596,6.321,0.448,-14.719,150,1,256.6
597,6.323,0.437,-14.723,153,1,256.75
598,6.321,0.426,-14.72,149,1,256.63
599,6.322,0.415,-14.722,148,1,256.7
600,6.321,0.404,-14.719,147,1,256.6
601,6.321,0.393,-14.721,146,1,256.66
602,6.321,0.381,-14.72,153,1,256.63
603,6.321,0.37,-14.72,147,1,256.63
604,6.323,0.359,-14.724,141,1,256.78
605,6.324,0.348,-14.725,28,1,256.82
606,6.324,0.337,-14.726,26,1,256.85
607,6.324,0.325,-14.725,22,1,256.82
608,6.324,0.314,-14.726,137,1,256.85
609,6.323,0.303,-14.723,149,1,256.75
610,6.321,0.292,-14.72,152,1,256.63
611,6.323,0.281,-14.724,144,1,256.78
612,6.323,0.269,-14.724,23,1,256.78
613,6.325,0.258,-14.727,21,1,256.89
614,6.324,0.247,-14.725,21,1,256.82
615,6.324,0.236,-14.727,130,1,256.88
616,6.324,0.225,-14.726,149,1,256.85
617,6.323,0.213,-14.724,147,1,256.78
618,6.323,0.202,-14.724,146,1,256.78
619,6.321,0.191,-14.719,146,1,256.6
620,6.323,0.18,-14.723,147,1,256.75
621,6.321,0.169,-14.72,151,1,256.63
622,6.324,0.157,-14.727,146,1,256.88
623,6.322,0.146,-14.722,144,1,256.7
624,6.326,0.135,-14.731,21,1,257.02
625,6.325,0.124,-14.729,23,1,256.95
626,6.325,0.113,-14.727,19,1,256.89
627,6.325,0.102,-14.728,133,1,256.92
628,6.326,0.09,-14.73,145,1,256.99
629,6.326,0.079,-14.729,153,1,256.96
630,6.324,0.068,-14.726,151,1,256.85
631,6.326,0.057,-14.731,149,1,257.02
632,6.325,0.046,-14.727,148,1,256.89
633,6.327,0.034,-14.732,150,1,257.06
634,6.326,0.023,-14.73,146,1,256.99
635,6.326,0.012,-14.73,147,1,256.99
636,6.327,0.001,-14.733,142,1,257.09
637,6.33,0.523,-14.718,46,1,256.69
638,6.326,0.512,-14.708,50,1,256.34
639,6.326,0.501,-14.71,146,1,256.4
640,6.327,0.49,-14.713,156,1,256.5
641,6.328,0.479,-14.714,152,1,256.55
642,6.327,0.467,-14.71,163,1,256.42
643,6.328,0.456,-14.714,152,1,256.55
644,6.326,0.445,-14.709,148,1,256.37
645,6.329,0.434,-14.715,145,1,256.59
646,6.326,0.423,-14.71,148,1,256.4
647,6.327,0.411,-14.712,148,1,256.47
648,6.326,0.4,-14.71,148,1,256.4
649,6.326,0.389,-14.71,150,1,256.4
650,6.326,0.378,-14.709,147,1,256.37
651,6.326,0.367,-14.709,151,1,256.37
652,6.329,0.356,-14.716,117,1,256.62
653,6.329,0.344,-14.716,27,1,256.62
654,6.33,0.333,-14.718,18,1,256.69
655,6.328,0.322,-14.715,33,1,256.57
656,6.328,0.311,-14.714,149,1,256.55
657,6.328,0.299,-14.714,155,1,256.55
658,6.328,0.288,-14.713,152,1,256.52
659,6.329,0.277,-14.715,146,1,256.59
660,6.33,0.266,-14.718,26,1,256.69
661,6.33,0.255,-14.719,20,1,256.72
662,6.331,0.244,-14.719,26,1,256.73
663,6.329,0.233,-14.715,30,1,256.59
664,6.33,0.221,-14.718,126,1,256.69
665,6.327,0.21,-14.712,145,1,256.47
666,6.326,0.199,-14.708,150,1,256.34
667,6.328,0.188,-14.712,151,1,256.49
668,6.327,0.176,-14.71,153,1,256.42
669,6.327,0.165,-14.71,145,1,256.42
670,6.331,0.154,-14.719,140,1,256.73
671,6.332,0.143,-14.722,22,1,256.83
672,6.332,0.132,-14.722,20,1,256.83
673,6.331,0.121,-14.719,23,1,256.73
674,6.331,0.109,-14.719,28,1,256.73
675,6.329,0.098,-14.716,151,1,256.62
676,6.327,0.087,-14.712,147,1,256.47
677,6.331,0.076,-14.72,150,1,256.76
678,6.329,0.065,-14.716,153,1,256.62
679,6.33,0.054,-14.718,148,1,256.69
680,6.33,0.042,-14.717,147,1,256.66
681,6.33,0.032,-14.717,149,1,256.66
682,6.33,0.02,-14.717,152,1,256.66
683,6.33,0.009,-14.717,145,1,256.66
684,6.336,0.526,-14.707,42,1,256.44
685,6.333,0.515,-14.7,51,1,256.2
686,6.333,0.503,-14.699,154,1,256.17
687,6.333,0.492,-14.7,148,1,256.2
688,6.333,0.481,-14.7,150,1,256.2
689,6.332,0.47,-14.698,147,1,256.13
690,6.332,0.458,-14.698,157,1,256.13
691,6.332,0.447,-14.696,146,1,256.07
692,6.332,0.436,-14.697,158,1,256.1
693,6.333,0.425,-14.7,152,1,256.2
694,6.333,0.414,-14.699,147,1,256.17
695,6.335,0.403,-14.703,152,1,256.31
696,6.334,0.392,-14.702,151,1,256.27
697,6.334,0.38,-14.702,150,1,256.27
698,6.333,0.37,-14.699,147,1,256.17
699,6.335,0.358,-14.703,137,1,256.31
700,6.334,0.347,-14.703,24,1,256.3
701,6.336,0.336,-14.705,25,1,256.38
702,6.334,0.324,-14.701,25,1,256.24
703,6.332,0.313,-14.697,148,1,256.1
704,6.332,0.302,-14.698,150,1,256.13
705,6.334,0.291,-14.702,150,1,256.27
706,6.334,0.28,-14.703,145,1,256.3
707,6.334,0.269,-14.701,132,1,256.24
708,6.335,0.257,-14.705,24,1,256.37
709,6.335,0.247,-14.705,23,1,256.37
710,6.336,0.235,-14.706,22,1,256.41
711,6.335,0.224,-14.704,21,1,256.34
712,6.337,0.213,-14.707,24,1,256.45
713,6.336,0.201,-14.707,31,1,256.44
714,6.336,0.191,-14.705,30,1,256.38
715,6.335,0.179,-14.704,31,1,256.34
716,6.337,0.168,-14.708,25,1,256.48
717,6.336,0.157,-14.706,27,1,256.41
718,6.336,0.146,-14.707,19,1,256.44
719,6.338,0.134,-14.71,17,1,256.55
720,6.337,0.124,-14.707,18,1,256.45
721,6.335,0.112,-14.703,68,1,256.31
722,6.334,0.101,-14.702,148,1,256.27
723,6.336,0.09,-14.705,148,1,256.38
724,6.335,0.079,-14.703,152,1,256.31
725,6.333,0.068,-14.7,148,1,256.2
726,6.336,0.056,-14.707,149,1,256.44
727,6.335,0.045,-14.703,145,1,256.31
728,6.338,0.034,-14.71,155,1,256.55
729,6.335,0.023,-14.704,147,1,256.34
730,6.338,0.012,-14.711,142,1,256.58
731,6.338,0.001,-14.71,145,1,256.55
732,6.344,0.525,-14.688,41,1,255.98
733,6.343,0.514,-14.686,99,1,255.91
734,6.343,0.503,-14.686,148,1,255.91
735,6.343,0.492,-14.686,152,1,255.91
736,6.344,0.481,-14.689,149,1,256.01
737,6.344,0.469,-14.688,148,1,255.98
738,6.344,0.458,-14.687,156,1,255.95
739,6.341,0.447,-14.682,151,1,255.77
740,6.343,0.436,-14.686,154,1,255.91
741,6.34,0.424,-14.679,150,1,255.67
742,6.343,0.413,-14.686,157,1,255.91
743,6.342,0.403,-14.683,151,1,255.81
744,6.342,0.391,-14.684,148,1,255.84
745,6.341,0.38,-14.682,149,1,255.77
746,6.34,0.368,-14.68,148,1,255.7
747,6.343,0.357,-14.686,146,1,255.91
748,6.341,0.346,-14.681,145,1,255.74
749,6.345,0.336,-14.691,144,1,256.08
750,6.341,0.324,-14.683,148,1,255.8
751,6.344,0.313,-14.688,148,1,255.98
752,6.345,0.302,-14.69,148,1,256.06
753,6.345,0.29,-14.689,152,1,256.03
754,6.344,0.28,-14.689,154,1,256.01
755,6.345,0.268,-14.689,158,1,256.03
756,6.345,0.257,-14.691,143,1,256.08
757,6.344,0.246,-14.688,50,1,255.98
758,6.345,0.235,-14.691,24,1,256.08
759,6.344,0.224,-14.688,23,1,255.98
760,6.346,0.213,-14.693,21,1,256.16
761,6.345,0.201,-14.69,16,1,256.06
762,6.346,0.19,-14.693,23,1,256.16
763,6.346,0.179,-14.692,23,1,256.13
764,6.348,0.168,-14.697,22,1,256.3
765,6.346,0.157,-14.693,18,1,256.16
766,6.346,0.146,-14.693,22,1,256.16
767,6.345,0.134,-14.691,25,1,256.08
768,6.346,0.123,-14.694,121,1,256.19
769,6.347,0.112,-14.694,145,1,256.2
770,6.346,0.101,-14.692,153,1,256.13
771,6.345,0.09,-14.691,151,1,256.08
772,6.346,0.079,-14.693,149,1,256.16
773,6.345,0.067,-14.689,148,1,256.03
774,6.347,0.056,-14.696,143,1,256.26
775,6.345,0.045,-14.69,151,1,256.06
776,6.346,0.034,-14.693,149,1,256.16
777,6.345,0.023,-14.691,149,1,256.08
778,6.346,0.011,-14.693,147,1,256.16
779,6.346,0,-14.693,147,1,256.16
780,6.348,0.524,-14.676,38,1,255.68
781,6.351,0.513,-14.683,130,1,255.93
782,6.346,0.501,-14.671,158,1,255.51
783,6.348,0.491,-14.677,149,1,255.71
784,6.346,0.479,-14.671,150,1,255.51
785,6.349,0.468,-14.677,160,1,255.72
786,6.348,0.457,-14.676,153,1,255.68
787,6.348,0.445,-14.677,150,1,255.71
788,6.349,0.434,-14.677,153,1,255.72
789,6.347,0.424,-14.675,155,1,255.64
790,6.349,0.412,-14.677,148,1,255.72
791,6.349,0.401,-14.678,147,1,255.75
792,6.347,0.389,-14.675,151,1,255.64
793,6.35,0.379,-14.679,149,1,255.8
794,6.349,0.368,-14.679,146,1,255.78
795,6.349,0.356,-14.679,156,1,255.78
796,6.348,0.345,-14.676,163,1,255.68
797,6.348,0.334,-14.675,153,1,255.65
798,6.348,0.323,-14.677,152,1,255.71
799,6.348,0.312,-14.675,153,1,255.65
800,6.348,0.301,-14.675,148,1,255.65
801,6.348,0.289,-14.675,149,1,255.65
802,6.349,0.278,-14.679,147,1,255.78
803,6.347,0.267,-14.674,148,1,255.61
804,6.348,0.255,-14.677,154,1,255.71
805,6.348,0.245,-14.677,150,1,255.71
806,6.35,0.234,-14.681,137,1,255.85
807,6.35,0.222,-14.679,69,1,255.8
808,6.349,0.211,-14.677,40,1,255.72
809,6.35,0.2,-14.68,30,1,255.82
810,6.35,0.189,-14.681,31,1,255.85
811,6.348,0.178,-14.675,25,1,255.65
812,6.352,0.167,-14.683,25,1,255.94
813,6.349,0.155,-14.677,43,1,255.72
814,6.35,0.144,-14.679,104,1,255.8
815,6.35,0.133,-14.681,147,1,255.85
816,6.349,0.122,-14.678,148,1,255.75
817,6.35,0.111,-14.679,150,1,255.8
818,6.352,0.1,-14.684,158,1,255.97
819,6.351,0.088,-14.682,151,1,255.9
820,6.351,0.077,-14.682,147,1,255.9
821,6.351,0.066,-14.682,147,1,255.9
822,6.351,0.055,-14.682,155,1,255.9
823,6.35,0.044,-14.679,147,1,255.8
824,6.352,0.032,-14.685,154,1,256
825,6.351,0.021,-14.681,147,1,255.87
826,6.352,0.01,-14.685,147,1,256
827,6.358,0.53,-14.674,36,1,255.75
828,6.353,0.519,-14.665,45,1,255.42
829,6.353,0.507,-14.663,152,1,255.36
830,6.353,0.496,-14.663,156,1,255.36
831,6.353,0.485,-14.663,144,1,255.36
832,6.352,0.474,-14.662,149,1,255.32
833,6.355,0.463,-14.667,155,1,255.51
834,6.354,0.452,-14.665,148,1,255.44
835,6.354,0.44,-14.667,147,1,255.49
836,6.353,0.429,-14.663,148,1,255.36
837,6.354,0.418,-14.665,147,1,255.44
838,6.354,0.407,-14.665,149,1,255.44
839,6.354,0.396,-14.666,150,1,255.46
840,6.354,0.385,-14.665,149,1,255.44
841,6.352,0.373,-14.661,151,1,255.29
842,6.354,0.362,-14.665,153,1,255.44
843,6.353,0.352,-14.664,150,1,255.39
844,6.355,0.34,-14.667,153,1,255.51
845,6.353,0.329,-14.663,146,1,255.36
846,6.353,0.318,-14.663,149,1,255.36
847,6.353,0.306,-14.663,146,1,255.36
848,6.354,0.295,-14.666,156,1,255.46
849,6.355,0.285,-14.667,153,1,255.51
850,6.354,0.273,-14.666,149,1,255.46
851,6.355,0.262,-14.667,151,1,255.51
852,6.356,0.251,-14.668,147,1,255.55
853,6.356,0.24,-14.67,148,1,255.61
854,6.356,0.229,-14.669,149,1,255.58
855,6.356,0.218,-14.669,155,1,255.58
856,6.355,0.206,-14.667,153,1,255.51
857,6.355,0.195,-14.667,159,1,255.51
858,6.354,0.184,-14.665,148,1,255.44
859,6.354,0.173,-14.666,149,1,255.46
860,6.354,0.162,-14.665,150,1,255.44
861,6.355,0.15,-14.667,147,1,255.51
862,6.354,0.139,-14.667,150,1,255.49
863,6.356,0.128,-14.669,149,1,255.58
864,6.355,0.117,-14.667,147,1,255.51
865,6.356,0.106,-14.668,150,1,255.55
866,6.357,0.095,-14.673,146,1,255.71
867,6.358,0.083,-14.674,147,1,255.75
868,6.358,0.072,-14.673,146,1,255.72
869,6.358,0.061,-14.674,144,1,255.75
870,6.357,0.05,-14.672,145,1,255.68
871,6.356,0.039,-14.67,149,1,255.61
872,6.357,0.028,-14.672,148,1,255.68
873,6.355,0.016,-14.667,147,1,255.51
874,6.357,0.005,-14.671,148,1,255.65
875,6.365,0.524,-14.655,41,1,255.28
876,6.364,0.512,-14.651,117,1,255.15
877,6.364,0.502,-14.651,149,1,255.15
878,6.36,0.49,-14.643,148,1,254.87
879,6.365,0.479,-14.653,144,1,255.22
880,6.364,0.468,-14.65,157,1,255.12
881,6.363,0.456,-14.648,147,1,255.05
882,6.364,0.446,-14.65,154,1,255.12
883,6.363,0.435,-14.648,151,1,255.05
884,6.364,0.423,-14.65,146,1,255.12
885,6.364,0.412,-14.651,157,1,255.15
886,6.365,0.401,-14.652,147,1,255.19
887,6.363,0.39,-14.649,149,1,255.08
888,6.364,0.379,-14.65,147,1,255.12
889,6.363,0.368,-14.649,150,1,255.08
890,6.364,0.356,-14.651,156,1,255.15
891,6.364,0.345,-14.65,148,1,255.12
892,6.363,0.334,-14.648,145,1,255.05
893,6.366,0.323,-14.655,104,1,255.29
894,6.366,0.312,-14.655,36,1,255.29
895,6.366,0.301,-14.656,20,1,255.32
896,6.364,0.289,-14.651,23,1,255.15
897,6.365,0.278,-14.654,24,1,255.25
898,6.367,0.268,-14.658,18,1,255.4
899,6.367,0.256,-14.658,25,1,255.4
900,6.367,0.245,-14.657,21,1,255.37
901,6.366,0.234,-14.655,15,1,255.29
902,6.368,0.222,-14.66,21,1,255.47
903,6.367,0.212,-14.657,24,1,255.37
904,6.368,0.2,-14.66,23,1,255.47
905,6.366,0.189,-14.655,42,1,255.29
906,6.367,0.178,-14.657,83,1,255.37
907,6.368,0.167,-14.66,135,1,255.47
908,6.364,0.155,-14.651,146,1,255.15
909,6.365,0.145,-14.654,147,1,255.25
910,6.364,0.133,-14.651,146,1,255.15
911,6.365,0.122,-14.653,149,1,255.22
912,6.365,0.111,-14.653,146,1,255.22
913,6.365,0.1,-14.653,156,1,255.22
914,6.366,0.089,-14.655,146,1,255.29
915,6.364,0.078,-14.649,143,1,255.09
916,6.366,0.067,-14.655,148,1,255.29
917,6.364,0.055,-14.65,148,1,255.12
918,6.368,0.044,-14.66,145,1,255.47
919,6.367,0.033,-14.658,147,1,255.4
920,6.366,0.022,-14.655,144,1,255.29
921,6.369,0.011,-14.662,145,1,255.54
922,6.372,0.53,-14.646,33,1,255.11
923,6.369,0.519,-14.639,59,1,254.86
924,6.369,0.508,-14.639,150,1,254.86
925,6.369,0.496,-14.639,148,1,254.86
926,6.37,0.485,-14.641,152,1,254.94
927,6.369,0.475,-14.64,145,1,254.89
928,6.371,0.463,-14.643,156,1,255.01
929,6.368,0.452,-14.637,147,1,254.79
930,6.371,0.441,-14.644,153,1,255.04
931,6.369,0.43,-14.64,152,1,254.89
932,6.37,0.419,-14.642,152,1,254.97
933,6.371,0.407,-14.643,144,1,255.01
934,6.37,0.396,-14.642,150,1,254.97
935,6.37,0.385,-14.641,145,1,254.94
936,6.371,0.374,-14.643,145,1,255.01
937,6.368,0.363,-14.637,150,1,254.79
938,6.369,0.352,-14.639,147,1,254.86
939,6.372,0.341,-14.646,32,1,255.11
940,6.372,0.329,-14.646,28,1,255.11
941,6.372,0.318,-14.647,23,1,255.14
942,6.37,0.307,-14.641,27,1,254.94
943,6.371,0.296,-14.644,23,1,255.04
944,6.371,0.285,-14.643,24,1,255.01
945,6.373,0.274,-14.648,24,1,255.18
946,6.372,0.262,-14.647,26,1,255.14
947,6.373,0.251,-14.648,21,1,255.18
948,6.372,0.24,-14.645,24,1,255.08
949,6.371,0.229,-14.643,22,1,255.01
950,6.372,0.218,-14.646,22,1,255.11
951,6.372,0.207,-14.646,20,1,255.11
952,6.371,0.195,-14.644,23,1,255.04
953,6.371,0.184,-14.643,23,1,255.01
954,6.373,0.174,-14.648,25,1,255.18
955,6.373,0.162,-14.649,22,1,255.21
956,6.372,0.151,-14.647,25,1,255.14
957,6.373,0.14,-14.648,100,1,255.18
958,6.371,0.128,-14.643,148,1,255.01
959,6.372,0.118,-14.646,147,1,255.11
960,6.371,0.106,-14.644,146,1,255.04
961,6.371,0.095,-14.644,145,1,255.04
962,6.373,0.084,-14.647,149,1,255.15
963,6.375,0.073,-14.653,145,1,255.35
964,6.373,0.062,-14.648,149,1,255.18
965,6.373,0.051,-14.647,152,1,255.15
966,6.373,0.04,-14.649,148,1,255.21
967,6.373,0.028,-14.648,147,1,255.18
968,6.372,0.017,-14.645,150,1,255.08
969,6.373,0.006,-14.649,144,1,255.21
970,6.377,0.523,-14.633,44,1,254.79
971,6.378,0.512,-14.633,42,1,254.8
972,6.375,0.501,-14.627,147,1,254.59
973,6.376,0.49,-14.629,146,1,254.66
974,6.376,0.479,-14.63,155,1,254.69
975,6.375,0.467,-14.628,150,1,254.62
976,6.375,0.456,-14.628,149,1,254.62
977,6.374,0.445,-14.626,146,1,254.55
978,6.376,0.434,-14.63,150,1,254.69
979,6.377,0.423,-14.631,152,1,254.73
980,6.378,0.412,-14.634,147,1,254.83
981,6.377,0.4,-14.632,147,1,254.76
982,6.377,0.39,-14.632,153,1,254.76
983,6.377,0.379,-14.631,154,1,254.73
984,6.376,0.367,-14.628,147,1,254.63
985,6.378,0.356,-14.635,85,1,254.86
986,6.377,0.345,-14.632,26,1,254.76
987,6.38,0.334,-14.639,21,1,255
988,6.377,0.323,-14.632,26,1,254.76
989,6.377,0.312,-14.632,23,1,254.76
990,6.375,0.3,-14.628,30,1,254.62
991,6.376,0.289,-14.629,28,1,254.66
992,6.377,0.278,-14.631,36,1,254.73
993,6.375,0.267,-14.627,30,1,254.59
994,6.377,0.256,-14.631,30,1,254.73
995,6.374,0.244,-14.626,32,1,254.55
996,6.377,0.234,-14.632,29,1,254.76
997,6.376,0.222,-14.628,28,1,254.63
998,6.378,0.212,-14.634,25,1,254.83
999,6.378,0.2,-14.633,22,1,254.8
1000,6.378,0.189,-14.634,21,1,254.83
1001,6.38,0.178,-14.638,22,1,254.98
1002,6.378,0.167,-14.634,16,1,254.83
1003,6.379,0.156,-14.636,21,1,254.9
1004,6.379,0.145,-14.637,20,1,254.93
1005,6.378,0.133,-14.634,26,1,254.83
1006,6.378,0.122,-14.634,89,1,254.83
1007,6.378,0.111,-14.633,149,1,254.8
1008,6.377,0.1,-14.632,153,1,254.76
1009,6.377,0.089,-14.63,146,1,254.7
1010,6.376,0.078,-14.63,147,1,254.69
1011,6.378,0.067,-14.634,147,1,254.83
1012,6.378,0.055,-14.635,147,1,254.86
1013,6.38,0.044,-14.638,147,1,254.98
1014,6.378,0.033,-14.635,150,1,254.86
1015,6.381,0.022,-14.641,141,1,255.08
1016,6.38,0.011,-14.637,142,1,254.95
1017,6.388,0.525,-14.621,28,1,254.58
1018,6.387,0.514,-14.618,53,1,254.48
1019,6.387,0.502,-14.618,146,1,254.48
1020,6.384,0.491,-14.612,148,1,254.27
1021,6.386,0.48,-14.618,148,1,254.47
1022,6.386,0.469,-14.616,143,1,254.41
1023,6.388,0.458,-14.62,155,1,254.55
1024,6.385,0.447,-14.613,149,1,254.31
1025,6.384,0.435,-14.613,146,1,254.3
1026,6.385,0.424,-14.615,153,1,254.37
1027,6.384,0.413,-14.611,146,1,254.24
1028,6.385,0.402,-14.614,147,1,254.34
1029,6.385,0.391,-14.613,151,1,254.31
1030,6.385,0.38,-14.615,151,1,254.37
1031,6.385,0.369,-14.613,153,1,254.31
1032,6.387,0.358,-14.618,31,1,254.48
1033,6.387,0.347,-14.619,21,1,254.51
1034,6.389,0.336,-14.623,24,1,254.65
1035,6.384,0.324,-14.612,43,1,254.27
1036,6.386,0.313,-14.617,155,1,254.44
1037,6.387,0.302,-14.618,148,1,254.48
1038,6.386,0.291,-14.616,153,1,254.41
1039,6.385,0.28,-14.614,148,1,254.34
1040,6.386,0.269,-14.616,147,1,254.41
1041,6.382,0.257,-14.607,150,1,254.09
1042,6.385,0.247,-14.615,153,1,254.37
1043,6.385,0.235,-14.613,154,1,254.31
1044,6.386,0.224,-14.617,157,1,254.44
1045,6.386,0.213,-14.616,143,1,254.41
1046,6.385,0.201,-14.615,149,1,254.37
1047,6.384,0.191,-14.612,148,1,254.27
1048,6.387,0.179,-14.618,142,1,254.48
1049,6.387,0.168,-14.618,123,1,254.48
1050,6.389,0.157,-14.623,37,1,254.65
1051,6.39,0.146,-14.623,23,1,254.66
1052,6.391,0.124,-14.626,21,1,254.76
1053,6.389,0.113,-14.623,103,1,254.65
1054,6.387,0.101,-14.618,148,1,254.48
1055,6.387,0.09,-14.618,148,1,254.48
1056,6.388,0.079,-14.62,143,1,254.55
1057,6.386,0.068,-14.617,147,1,254.44
1058,6.388,0.057,-14.62,154,1,254.55
1059,6.388,0.046,-14.62,147,1,254.55
1060,6.386,0.034,-14.616,146,1,254.41
1061,6.388,0.023,-14.62,139,1,254.55
1062,6.388,0.013,-14.621,145,1,254.58
1063,6.387,0.001,-14.617,144,1,254.45
1064,6.394,0.521,-14.611,36,1,254.36
1065,6.392,0.51,-14.608,44,1,254.25
1066,6.39,0.498,-14.602,153,1,254.05
1067,6.391,0.487,-14.605,154,1,254.15
1068,6.389,0.476,-14.601,149,1,254.01
1069,6.391,0.465,-14.604,146,1,254.12
1070,6.391,0.454,-14.604,157,1,254.12
1071,6.391,0.443,-14.606,150,1,254.18
1072,6.39,0.431,-14.602,148,1,254.05
1073,6.39,0.421,-14.603,146,1,254.08
1074,6.39,0.409,-14.602,150,1,254.05
1075,6.391,0.398,-14.606,147,1,254.18
1076,6.39,0.387,-14.603,151,1,254.08
1077,6.392,0.376,-14.606,146,1,254.19
1078,6.393,0.365,-14.609,133,1,254.29
1079,6.394,0.354,-14.611,29,1,254.36
1080,6.391,0.342,-14.605,25,1,254.15
1081,6.394,0.332,-14.611,27,1,254.36
1082,6.39,0.32,-14.603,148,1,254.08
1083,6.391,0.309,-14.604,152,1,254.12
1084,6.391,0.298,-14.603,149,1,254.09
1085,6.39,0.287,-14.603,148,1,254.08
1086,6.39,0.276,-14.602,149,1,254.05
1087,6.392,0.265,-14.606,156,1,254.19
1088,6.391,0.254,-14.604,154,1,254.12
1089,6.392,0.243,-14.607,154,1,254.22
1090,6.391,0.231,-14.603,146,1,254.09
1091,6.393,0.221,-14.61,153,1,254.32
1092,6.392,0.209,-14.607,148,1,254.22
1093,6.392,0.198,-14.608,155,1,254.25
1094,6.392,0.187,-14.608,145,1,254.25
1095,6.391,0.176,-14.606,148,1,254.18
1096,6.393,0.164,-14.609,144,1,254.29
1097,6.39,0.154,-14.601,143,1,254.02
1098,6.394,0.142,-14.611,19,1,254.36
1099,6.395,0.131,-14.613,22,1,254.44
1100,6.395,0.12,-14.614,20,1,254.47
1101,6.393,0.109,-14.609,121,1,254.29
1102,6.391,0.098,-14.605,149,1,254.15
1103,6.393,0.087,-14.608,152,1,254.26
1104,6.392,0.075,-14.608,151,1,254.25
1105,6.394,0.064,-14.611,146,1,254.36
1106,6.393,0.053,-14.608,150,1,254.26
1107,6.393,0.042,-14.61,149,1,254.32
1108,6.392,0.031,-14.606,144,1,254.19
1109,6.394,0.02,-14.612,153,1,254.39
1110,6.395,0.009,-14.613,144,1,254.44
1111,6.399,0.512,-14.598,39,1,254.05
1112,6.397,0.501,-14.593,68,1,253.88
1113,6.395,0.49,-14.588,146,1,253.71
1114,6.398,0.479,-14.595,147,1,253.95
1115,6.396,0.468,-14.591,151,1,253.81
1116,6.398,0.456,-14.595,148,1,253.95
1117,6.396,0.445,-14.59,146,1,253.78
1118,6.396,0.434,-14.591,146,1,253.81
1119,6.397,0.423,-14.592,150,1,253.85
1120,6.397,0.412,-14.593,151,1,253.88
1121,6.398,0.401,-14.594,145,1,253.92
1122,6.395,0.389,-14.588,147,1,253.71
1123,6.398,0.379,-14.595,151,1,253.95
1124,6.397,0.368,-14.593,147,1,253.88
1125,6.401,0.356,-14.602,33,1,254.19
1126,6.399,0.345,-14.597,24,1,254.02
1127,6.4,0.334,-14.6,21,1,254.12
1128,6.397,0.323,-14.592,26,1,253.85
1129,6.398,0.312,-14.594,133,1,253.92
1130,6.396,0.301,-14.59,149,1,253.78
1131,6.396,0.289,-14.59,149,1,253.78
1132,6.397,0.278,-14.593,148,1,253.88
1133,6.397,0.267,-14.591,152,1,253.82
1134,6.398,0.257,-14.594,155,1,253.92
1135,6.397,0.245,-14.593,158,1,253.88
1136,6.397,0.234,-14.593,147,1,253.88
1137,6.397,0.223,-14.593,150,1,253.88
1138,6.394,0.212,-14.586,146,1,253.63
1139,6.396,0.2,-14.591,149,1,253.81
1140,6.399,0.19,-14.596,147,1,253.99
1141,6.398,0.178,-14.594,146,1,253.92
1142,6.4,0.167,-14.599,146,1,254.09
1143,6.399,0.156,-14.597,146,1,254.02
1144,6.4,0.145,-14.6,22,1,254.12
1145,6.398,0.134,-14.595,17,1,253.95
1146,6.399,0.123,-14.597,21,1,254.02
1147,6.399,0.112,-14.597,50,1,254.02
1148,6.398,0.101,-14.596,147,1,253.98
1149,6.397,0.089,-14.592,146,1,253.85
1150,6.398,0.079,-14.593,143,1,253.89
1151,6.399,0.067,-14.598,151,1,254.05
1152,6.399,0.056,-14.597,150,1,254.02
1153,6.401,0.045,-14.601,146,1,254.16
1154,6.4,0.034,-14.599,143,1,254.09
1155,6.401,0.022,-14.601,146,1,254.16
1156,6.398,0.012,-14.596,147,1,253.98
1157,6.4,0.001,-14.6,148,1,254.12
1158,6.406,0.504,-14.58,41,1,253.61
1159,6.408,0.493,-14.585,123,1,253.78
1160,6.407,0.481,-14.582,147,1,253.68
1161,6.406,0.471,-14.579,150,1,253.58
1162,6.406,0.46,-14.58,148,1,253.61
1163,6.406,0.448,-14.581,153,1,253.64
1164,6.405,0.437,-14.578,152,1,253.54
1165,6.406,0.426,-14.581,150,1,253.64
1166,6.406,0.415,-14.58,148,1,253.61
1167,6.405,0.404,-14.578,151,1,253.54
1168,6.405,0.393,-14.578,148,1,253.54
1169,6.407,0.382,-14.582,158,1,253.68
1170,6.405,0.37,-14.578,150,1,253.54
1171,6.409,0.359,-14.585,140,1,253.8
1172,6.405,0.348,-14.579,28,1,253.57
1173,6.407,0.337,-14.583,22,1,253.71
1174,6.407,0.326,-14.583,20,1,253.71
1175,6.409,0.315,-14.585,20,1,253.8
1176,6.407,0.303,-14.583,24,1,253.71
1177,6.408,0.293,-14.585,30,1,253.78
1178,6.407,0.282,-14.582,46,1,253.68
1179,6.409,0.271,-14.587,87,1,253.86
1180,6.409,0.259,-14.585,92,1,253.8
1181,6.407,0.248,-14.582,108,1,253.68
1182,6.409,0.237,-14.585,120,1,253.8
1183,6.409,0.226,-14.586,132,1,253.83
1184,6.408,0.215,-14.585,128,1,253.78
1185,6.408,0.204,-14.584,128,1,253.76
1186,6.408,0.192,-14.584,112,1,253.76
1187,6.409,0.181,-14.586,97,1,253.83
1188,6.409,0.17,-14.586,51,1,253.83
1189,6.41,0.159,-14.588,21,1,253.9
1190,6.408,0.148,-14.584,25,1,253.76
1191,6.41,0.137,-14.587,22,1,253.87
1192,6.41,0.126,-14.587,23,1,253.87
1193,6.407,0.115,-14.582,57,1,253.68
1194,6.407,0.104,-14.582,147,1,253.68
1195,6.407,0.093,-14.582,146,1,253.68
1196,6.407,0.081,-14.581,149,1,253.66
1197,6.409,0.07,-14.585,145,1,253.8
1198,6.406,0.059,-14.58,145,1,253.61
1199,6.409,0.048,-14.587,145,1,253.86
1200,6.406,0.037,-14.58,150,1,253.61
1201,6.41,0.026,-14.587,146,1,253.87
1202,6.409,0.014,-14.585,144,1,253.8
1203,6.408,0.003,-14.584,145,1,253.76
1204,6.414,0.504,-14.576,52,1,253.6
1205,6.413,0.493,-14.573,43,1,253.5
1206,6.412,0.481,-14.57,151,1,253.4
1207,6.411,0.47,-14.568,151,1,253.33
1208,6.412,0.459,-14.57,155,1,253.4
1209,6.411,0.448,-14.568,148,1,253.33
1210,6.411,0.437,-14.569,152,1,253.36
1211,6.412,0.426,-14.57,153,1,253.4
1212,6.411,0.415,-14.568,157,1,253.33
1213,6.413,0.404,-14.572,155,1,253.47
1214,6.413,0.393,-14.572,152,1,253.47
1215,6.411,0.382,-14.569,147,1,253.36
1216,6.413,0.37,-14.573,149,1,253.5
1217,6.412,0.359,-14.569,154,1,253.37
1218,6.413,0.348,-14.573,124,1,253.5
1219,6.413,0.337,-14.574,29,1,253.53
1220,6.414,0.326,-14.574,20,1,253.54
1221,6.413,0.315,-14.573,24,1,253.5
1222,6.413,0.304,-14.573,22,1,253.5
1223,6.415,0.293,-14.577,23,1,253.64
1224,6.415,0.281,-14.576,24,1,253.61
1225,6.415,0.27,-14.575,19,1,253.58
1226,6.413,0.259,-14.573,23,1,253.5
1227,6.414,0.248,-14.575,24,1,253.57
1228,6.415,0.237,-14.577,27,1,253.64
1229,6.414,0.226,-14.575,22,1,253.57
1230,6.414,0.215,-14.574,32,1,253.54
1231,6.414,0.204,-14.574,22,1,253.54
1232,6.414,0.193,-14.574,22,1,253.54
1233,6.416,0.182,-14.578,15,1,253.68
1234,6.416,0.17,-14.578,21,1,253.68
1235,6.416,0.159,-14.579,21,1,253.71
1236,6.415,0.148,-14.577,19,1,253.64
1237,6.415,0.137,-14.575,14,1,253.58
1238,6.413,0.126,-14.573,26,1,253.5
1239,6.414,0.115,-14.573,143,1,253.51
1240,6.412,0.104,-14.57,157,1,253.4
1241,6.414,0.093,-14.575,152,1,253.57
1242,6.412,0.082,-14.569,147,1,253.37
1243,6.413,0.071,-14.573,147,1,253.5
1244,6.414,0.059,-14.575,142,1,253.57
1245,6.415,0.048,-14.575,149,1,253.58
1246,6.414,0.037,-14.574,146,1,253.54
1247,6.416,0.026,-14.578,150,1,253.68
1248,6.414,0.015,-14.575,149,1,253.57
1249,6.414,0.004,-14.574,150,1,253.54
1250,6.422,0.501,-14.568,42,1,253.47
1251,6.418,0.489,-14.56,31,1,253.18
1252,6.419,0.479,-14.561,136,1,253.23
1253,6.419,0.468,-14.561,147,1,253.23
1254,6.417,0.456,-14.556,145,1,253.06
1255,6.417,0.445,-14.555,147,1,253.03
1256,6.419,0.434,-14.562,156,1,253.26
1257,6.419,0.423,-14.56,152,1,253.2
1258,6.417,0.412,-14.557,150,1,253.08
1259,6.418,0.401,-14.559,154,1,253.16
1260,6.418,0.39,-14.56,147,1,253.18
1261,6.418,0.378,-14.558,150,1,253.13
1262,6.418,0.367,-14.56,148,1,253.18
1263,6.417,0.356,-14.557,152,1,253.08
1264,6.415,0.345,-14.552,147,1,252.91
1265,6.419,0.334,-14.561,137,1,253.23
1266,6.417,0.323,-14.556,104,1,253.06
1267,6.416,0.312,-14.554,34,1,252.98
1268,6.419,0.301,-14.561,29,1,253.23
1269,6.419,0.29,-14.561,27,1,253.23
1270,6.419,0.279,-14.561,27,1,253.23
1271,6.421,0.268,-14.564,23,1,253.34
1272,6.418,0.256,-14.559,24,1,253.16
1273,6.423,0.246,-14.57,21,1,253.54
1274,6.418,0.234,-14.559,23,1,253.16
1275,6.42,0.223,-14.563,22,1,253.3
1276,6.419,0.212,-14.56,23,1,253.2
1277,6.419,0.201,-14.562,20,1,253.26
1278,6.42,0.19,-14.562,20,1,253.27
1279,6.419,0.179,-14.561,21,1,253.23
1280,6.419,0.168,-14.561,27,1,253.23
1281,6.419,0.156,-14.561,28,1,253.23
1282,6.418,0.145,-14.559,30,1,253.16
1283,6.418,0.134,-14.558,110,1,253.13
1284,6.418,0.123,-14.558,149,1,253.13
1285,6.418,0.112,-14.558,147,1,253.13
1286,6.419,0.101,-14.561,153,1,253.23
1287,6.418,0.09,-14.559,146,1,253.16
1288,6.42,0.079,-14.563,151,1,253.3
1289,6.418,0.068,-14.557,147,1,253.1
1290,6.421,0.056,-14.565,145,1,253.37
1291,6.418,0.045,-14.559,145,1,253.16
1292,6.421,0.034,-14.565,145,1,253.37
1293,6.42,0.023,-14.563,145,1,253.3
1294,6.42,0.012,-14.564,150,1,253.33
1295,6.419,0.001,-14.561,146,1,253.23
1296,6.427,0.493,-14.549,44,1,252.98
1297,6.429,0.481,-14.551,39,1,253.06
1298,6.429,0.47,-14.552,134,1,253.09
1299,6.427,0.46,-14.547,153,1,252.92
1300,6.427,0.448,-14.547,144,1,252.92
1301,6.426,0.437,-14.545,145,1,252.85
1302,6.427,0.426,-14.547,153,1,252.92
1303,6.426,0.414,-14.545,157,1,252.85
1304,6.425,0.403,-14.542,146,1,252.75
1305,6.425,0.393,-14.543,147,1,252.78
1306,6.428,0.382,-14.549,146,1,252.99
1307,6.426,0.37,-14.545,149,1,252.85
1308,6.427,0.359,-14.547,156,1,252.92
1309,6.427,0.348,-14.546,147,1,252.89
1310,6.426,0.337,-14.545,147,1,252.85
1311,6.427,0.326,-14.546,146,1,252.89
1312,6.427,0.315,-14.546,151,1,252.89
1313,6.427,0.303,-14.546,142,1,252.89
1314,6.426,0.292,-14.545,154,1,252.85
1315,6.429,0.282,-14.551,143,1,253.06
1316,6.426,0.271,-14.546,124,1,252.88
1317,6.426,0.259,-14.545,122,1,252.85
1318,6.427,0.248,-14.546,109,1,252.89
1319,6.427,0.237,-14.547,94,1,252.92
1320,6.425,0.226,-14.542,93,1,252.75
1321,6.427,0.215,-14.547,94,1,252.92
1322,6.429,0.204,-14.551,100,1,253.06
1323,6.427,0.192,-14.547,100,1,252.92
1324,6.427,0.182,-14.547,120,1,252.92
1325,6.427,0.17,-14.547,143,1,252.92
1326,6.427,0.16,-14.548,150,1,252.95
1327,6.429,0.148,-14.55,147,1,253.03
1328,6.428,0.137,-14.549,147,1,252.99
1329,6.427,0.126,-14.547,150,1,252.92
1330,6.429,0.115,-14.551,147,1,253.06
1331,6.427,0.104,-14.547,146,1,252.92
1332,6.428,0.093,-14.549,147,1,252.99
1333,6.426,0.082,-14.544,153,1,252.82
1334,6.428,0.071,-14.548,149,1,252.96
1335,6.428,0.059,-14.549,147,1,252.99
1336,6.426,0.048,-14.544,145,1,252.82
1337,6.428,0.038,-14.549,147,1,252.99
1338,6.427,0.026,-14.547,151,1,252.92
1339,6.427,0.015,-14.546,148,1,252.89
1340,6.432,0.004,-14.557,141,1,253.28
1341,6.435,0.478,-14.539,42,1,252.79
1342,6.435,0.467,-14.54,64,1,252.82
1343,6.433,0.455,-14.536,147,1,252.68
1344,6.433,0.444,-14.534,148,1,252.62
1345,6.432,0.433,-14.533,148,1,252.58
1346,6.433,0.422,-14.536,156,1,252.68
1347,6.431,0.411,-14.532,146,1,252.54
1348,6.432,0.4,-14.533,146,1,252.58
1349,6.431,0.389,-14.531,149,1,252.51
1350,6.432,0.377,-14.532,150,1,252.55
1351,6.433,0.367,-14.536,147,1,252.68
1352,6.433,0.356,-14.535,158,1,252.65
1353,6.432,0.344,-14.534,148,1,252.61
1354,6.432,0.333,-14.533,146,1,252.58
1355,6.433,0.322,-14.535,154,1,252.65
1356,6.433,0.311,-14.535,152,1,252.65
1357,6.433,0.3,-14.536,158,1,252.68
1358,6.433,0.289,-14.535,147,1,252.65
1359,6.433,0.278,-14.535,149,1,252.65
1360,6.432,0.266,-14.533,147,1,252.58
1361,6.434,0.255,-14.536,150,1,252.69
1362,6.433,0.244,-14.535,157,1,252.65
1363,6.434,0.233,-14.536,153,1,252.69
1364,6.433,0.222,-14.535,153,1,252.65
1365,6.432,0.211,-14.534,147,1,252.61
1366,6.432,0.2,-14.533,152,1,252.58
1367,6.433,0.189,-14.535,155,1,252.65
1368,6.434,0.178,-14.536,147,1,252.69
1369,6.432,0.167,-14.533,151,1,252.58
1370,6.433,0.155,-14.536,146,1,252.68
1371,6.432,0.144,-14.532,144,1,252.55
1372,6.433,0.134,-14.534,151,1,252.62
1373,6.435,0.123,-14.538,149,1,252.76
1374,6.435,0.111,-14.538,150,1,252.76
1375,6.435,0.1,-14.538,149,1,252.76
1376,6.434,0.089,-14.537,148,1,252.72
1377,6.436,0.078,-14.54,146,1,252.83
1378,6.433,0.067,-14.535,143,1,252.65
1379,6.434,0.056,-14.536,150,1,252.69
1380,6.433,0.045,-14.536,144,1,252.68
1381,6.435,0.034,-14.538,144,1,252.76
1382,6.433,0.022,-14.535,144,1,252.65
1383,6.436,0.012,-14.54,129,1,252.83
1384,6.436,0,-14.541,36,1,252.86
1385,6.443,0.477,-14.532,35,1,252.69
1386,6.44,0.466,-14.526,44,1,252.48
1387,6.442,0.455,-14.53,110,1,252.62
1388,6.437,0.444,-14.52,148,1,252.27
1389,6.439,0.433,-14.525,148,1,252.44
1390,6.438,0.421,-14.521,146,1,252.31
1391,6.44,0.41,-14.526,151,1,252.48
1392,6.438,0.4,-14.521,146,1,252.31
1393,6.439,0.389,-14.525,147,1,252.44
1394,6.438,0.377,-14.521,148,1,252.31
1395,6.44,0.366,-14.526,147,1,252.48
1396,6.438,0.355,-14.523,150,1,252.37
1397,6.438,0.344,-14.521,148,1,252.31
1398,6.439,0.333,-14.524,148,1,252.41
1399,6.437,0.322,-14.518,147,1,252.21
1400,6.439,0.31,-14.524,151,1,252.41
1401,6.438,0.299,-14.523,155,1,252.37
1402,6.439,0.288,-14.523,151,1,252.38
1403,6.438,0.278,-14.521,150,1,252.31
1404,6.438,0.266,-14.52,154,1,252.28
1405,6.439,0.255,-14.524,159,1,252.41
1406,6.438,0.244,-14.521,148,1,252.31
1407,6.439,0.233,-14.524,147,1,252.41
1408,6.436,0.222,-14.517,147,1,252.17
1409,6.44,0.211,-14.526,146,1,252.48
1410,6.439,0.2,-14.524,153,1,252.41
1411,6.44,0.189,-14.525,147,1,252.45
1412,6.44,0.177,-14.526,150,1,252.48
1413,6.441,0.166,-14.528,147,1,252.55
1414,6.439,0.155,-14.523,144,1,252.38
1415,6.44,0.144,-14.527,148,1,252.51
1416,6.439,0.133,-14.523,146,1,252.38
1417,6.44,0.122,-14.525,154,1,252.45
1418,6.438,0.111,-14.522,148,1,252.34
1419,6.438,0.1,-14.523,147,1,252.37
1420,6.442,0.089,-14.529,144,1,252.59
1421,6.438,0.078,-14.521,148,1,252.31
1422,6.439,0.067,-14.524,147,1,252.41
1423,6.439,0.055,-14.523,146,1,252.38
1424,6.439,0.045,-14.523,143,1,252.38
1425,6.44,0.034,-14.526,149,1,252.48
1426,6.442,0.022,-14.529,140,1,252.59
1427,6.44,0.011,-14.526,37,1,252.48
1428,6.444,0,-14.533,33,1,252.73
1429,6.452,0.468,-14.521,30,1,252.49
1430,6.45,0.456,-14.515,30,1,252.29
1431,6.45,0.445,-14.515,68,1,252.29
1432,6.446,0.434,-14.506,150,1,251.97
1433,6.45,0.423,-14.515,150,1,252.29
1434,6.447,0.412,-14.509,146,1,252.07
1435,6.449,0.401,-14.512,143,1,252.19
1436,6.446,0.389,-14.507,147,1,252
1437,6.445,0.378,-14.505,150,1,251.93
1438,6.447,0.368,-14.508,151,1,252.05
1439,6.446,0.356,-14.507,148,1,252
1440,6.448,0.345,-14.509,148,1,252.09
1441,6.448,0.334,-14.509,145,1,252.09
1442,6.447,0.323,-14.508,145,1,252.05
1443,6.446,0.312,-14.506,149,1,251.97
1444,6.449,0.301,-14.512,143,1,252.19
1445,6.447,0.29,-14.509,150,1,252.07
1446,6.447,0.279,-14.509,153,1,252.07
1447,6.448,0.268,-14.51,147,1,252.12
1448,6.449,0.257,-14.512,158,1,252.19
1449,6.448,0.246,-14.511,146,1,252.15
1450,6.447,0.235,-14.508,148,1,252.05
1451,6.448,0.223,-14.511,158,1,252.15
1452,6.447,0.212,-14.507,160,1,252.02
1453,6.446,0.201,-14.506,151,1,251.97
1454,6.447,0.19,-14.507,147,1,252.02
1455,6.448,0.179,-14.509,152,1,252.09
1456,6.448,0.168,-14.509,151,1,252.09
1457,6.447,0.157,-14.509,146,1,252.07
1458,6.447,0.146,-14.508,152,1,252.05
1459,6.448,0.135,-14.509,146,1,252.09
1460,6.447,0.124,-14.508,148,1,252.05
1461,6.448,0.113,-14.509,147,1,252.09
1462,6.448,0.101,-14.51,146,1,252.12
1463,6.448,0.09,-14.51,150,1,252.12
1464,6.449,0.079,-14.512,145,1,252.19
1465,6.45,0.068,-14.514,146,1,252.26
1466,6.448,0.057,-14.51,147,1,252.12
1467,6.45,0.046,-14.514,146,1,252.26
1468,6.451,0.035,-14.517,137,1,252.36
1469,6.451,0.024,-14.516,25,1,252.33
1470,6.451,0.013,-14.517,37,1,252.36
1471,6.458,0.453,-14.51,51,1,252.25
1472,6.455,0.442,-14.503,42,1,252
1473,6.456,0.43,-14.505,119,1,252.07
1474,6.453,0.419,-14.5,150,1,251.89
1475,6.454,0.408,-14.502,153,1,251.96
1476,6.452,0.397,-14.497,147,1,251.79
1477,6.454,0.386,-14.502,148,1,251.96
1478,6.453,0.375,-14.499,153,1,251.86
1479,6.457,0.364,-14.507,148,1,252.15
1480,6.453,0.352,-14.498,155,1,251.83
1481,6.453,0.342,-14.498,150,1,251.83
1482,6.453,0.331,-14.5,148,1,251.89
1483,6.453,0.319,-14.499,153,1,251.86
1484,6.453,0.308,-14.498,149,1,251.83
1485,6.453,0.297,-14.498,148,1,251.83
1486,6.453,0.287,-14.5,158,1,251.89
1487,6.453,0.275,-14.498,150,1,251.83
1488,6.455,0.264,-14.503,147,1,252
1489,6.454,0.253,-14.5,147,1,251.9
1490,6.456,0.242,-14.505,150,1,252.07
1491,6.454,0.23,-14.5,149,1,251.9
1492,6.455,0.22,-14.502,147,1,251.98
1493,6.454,0.209,-14.501,146,1,251.93
1494,6.453,0.198,-14.5,144,1,251.89
1495,6.454,0.186,-14.501,151,1,251.93
1496,6.454,0.175,-14.501,155,1,251.93
1497,6.454,0.164,-14.5,158,1,251.9
1498,6.452,0.153,-14.497,145,1,251.79
1499,6.453,0.142,-14.498,149,1,251.83
1500,6.455,0.131,-14.502,151,1,251.98
1501,6.452,0.12,-14.497,143,1,251.79
1502,6.455,0.109,-14.503,146,1,252
1503,6.452,0.098,-14.496,144,1,251.76
1504,6.455,0.087,-14.502,145,1,251.98
1505,6.453,0.075,-14.499,145,1,251.86
1506,6.456,0.064,-14.505,151,1,252.07
1507,6.456,0.053,-14.505,148,1,252.07
1508,6.457,0.043,-14.506,112,1,252.12
1509,6.456,0.032,-14.503,34,1,252.02
1510,6.458,0.02,-14.509,30,1,252.22
1511,6.463,0.437,-14.494,49,1,251.85
1512,6.462,0.426,-14.491,32,1,251.75
1513,6.463,0.414,-14.493,98,1,251.82
1514,6.462,0.403,-14.491,150,1,251.75
1515,6.462,0.392,-14.492,145,1,251.78
1516,6.46,0.381,-14.487,149,1,251.6
1517,6.463,0.37,-14.493,143,1,251.82
1518,6.46,0.359,-14.488,153,1,251.63
1519,6.459,0.348,-14.485,149,1,251.53
1520,6.46,0.337,-14.488,147,1,251.63
1521,6.461,0.326,-14.49,146,1,251.7
1522,6.459,0.315,-14.486,144,1,251.56
1523,6.459,0.304,-14.486,146,1,251.56
1524,6.459,0.292,-14.485,150,1,251.53
1525,6.46,0.282,-14.488,147,1,251.63
1526,6.46,0.27,-14.487,156,1,251.6
1527,6.459,0.259,-14.484,144,1,251.5
1528,6.461,0.248,-14.489,153,1,251.68
1529,6.461,0.237,-14.489,152,1,251.68
1530,6.46,0.226,-14.488,159,1,251.63
1531,6.463,0.215,-14.494,153,1,251.85
1532,6.459,0.204,-14.485,150,1,251.53
1533,6.463,0.193,-14.493,147,1,251.82
1534,6.46,0.182,-14.487,146,1,251.6
1535,6.46,0.171,-14.487,152,1,251.6
1536,6.461,0.16,-14.489,142,1,251.68
1537,6.461,0.149,-14.488,147,1,251.65
1538,6.46,0.138,-14.486,150,1,251.58
1539,6.461,0.126,-14.488,147,1,251.65
1540,6.461,0.115,-14.489,147,1,251.68
1541,6.459,0.104,-14.485,145,1,251.53
1542,6.459,0.093,-14.485,148,1,251.53
1543,6.461,0.082,-14.488,150,1,251.65
1544,6.462,0.071,-14.491,145,1,251.75
1545,6.464,0.06,-14.495,117,1,251.89
1546,6.463,0.049,-14.492,37,1,251.79
1547,6.462,0.038,-14.492,36,1,251.78
1548,6.472,0.418,-14.48,50,1,251.56
1549,6.471,0.407,-14.477,57,1,251.46
1550,6.47,0.396,-14.476,90,1,251.42
1551,6.469,0.384,-14.472,144,1,251.29
1552,6.47,0.373,-14.474,150,1,251.36
1553,6.468,0.362,-14.472,146,1,251.27
1554,6.47,0.351,-14.475,144,1,251.39
1555,6.47,0.34,-14.476,145,1,251.42
1556,6.468,0.329,-14.471,150,1,251.24
1557,6.47,0.317,-14.475,151,1,251.39
1558,6.469,0.306,-14.474,148,1,251.34
1559,6.469,0.296,-14.472,147,1,251.29
1560,6.467,0.285,-14.468,143,1,251.15
1561,6.47,0.273,-14.474,147,1,251.36
1562,6.469,0.262,-14.473,149,1,251.32
1563,6.469,0.251,-14.473,147,1,251.32
1564,6.469,0.24,-14.473,153,1,251.32
1565,6.468,0.229,-14.47,150,1,251.22
1566,6.468,0.218,-14.47,147,1,251.22
1567,6.467,0.207,-14.468,147,1,251.15
1568,6.47,0.196,-14.475,147,1,251.39
1569,6.469,0.184,-14.473,147,1,251.32
1570,6.471,0.174,-14.477,147,1,251.46
1571,6.47,0.163,-14.474,146,1,251.36
1572,6.473,0.152,-14.481,147,1,251.6
1573,6.469,0.14,-14.472,146,1,251.29
1574,6.471,0.129,-14.478,151,1,251.49
1575,6.47,0.119,-14.475,145,1,251.39
1576,6.469,0.107,-14.471,143,1,251.26
1577,6.47,0.096,-14.475,146,1,251.39
1578,6.471,0.085,-14.478,142,1,251.49
1579,6.471,0.074,-14.478,51,1,251.49
1580,6.47,0.063,-14.475,27,1,251.39
1581,6.475,0.052,-14.486,20,1,251.77
1582,6.477,0.404,-14.47,53,1,251.33
1583,6.476,0.393,-14.467,55,1,251.23
1584,6.476,0.382,-14.467,58,1,251.23
1585,6.477,0.371,-14.471,133,1,251.36
1586,6.476,0.36,-14.468,146,1,251.26
1587,6.474,0.349,-14.464,159,1,251.12
1588,6.475,0.338,-14.465,154,1,251.16
1589,6.474,0.327,-14.463,151,1,251.09
1590,6.474,0.315,-14.462,147,1,251.06
1591,6.475,0.304,-14.465,147,1,251.16
1592,6.473,0.293,-14.461,144,1,251.02
1593,6.473,0.282,-14.46,147,1,250.99
1594,6.474,0.271,-14.462,156,1,251.06
1595,6.472,0.26,-14.459,147,1,250.95
1596,6.476,0.249,-14.466,144,1,251.2
1597,6.475,0.238,-14.465,146,1,251.16
1598,6.474,0.227,-14.463,145,1,251.09
1599,6.475,0.215,-14.464,150,1,251.13
1866,6.492,0.176,-14.444,131,1,250.78
1867,6.492,0.166,-14.444,99,1,250.78
1868,6.491,0.154,-14.442,52,1,250.7
1869,6.491,0.143,-14.443,60,1,250.73
1870,6.493,0.132,-14.445,61,1,250.82
1871,6.493,0.121,-14.446,74,1,250.85
1872,6.499,0.329,-14.439,47,1,250.72
1873,6.499,0.318,-14.439,76,1,250.72
1874,6.497,0.307,-14.433,65,1,250.52
1875,6.498,0.296,-14.435,82,1,250.59
1876,6.496,0.285,-14.431,91,1,250.45
1877,6.496,0.274,-14.432,65,1,250.48
1878,6.496,0.263,-14.432,60,1,250.48
1879,6.495,0.252,-14.43,61,1,250.41
1880,6.497,0.241,-14.433,67,1,250.52
1881,6.495,0.23,-14.429,76,1,250.38
1882,6.497,0.219,-14.434,73,1,250.55
1883,6.495,0.207,-14.429,75,1,250.38
1884,6.497,0.197,-14.435,77,1,250.58
1885,6.497,0.186,-14.434,73,1,250.55
1886,6.497,0.175,-14.433,76,1,250.52
1887,6.498,0.163,-14.436,86,1,250.62
1888,6.498,0.152,-14.436,79,1,250.62
1889,6.499,0.141,-14.438,49,1,250.69
1891,6.504,0.277,-14.425,50,1,250.38
1892,6.505,0.266,-14.426,77,1,250.42
1893,6.504,0.255,-14.425,100,1,250.38
1894,6.505,0.244,-14.426,106,1,250.42
1895,6.503,0.233,-14.421,149,1,250.25
1896,6.504,0.222,-14.425,132,1,250.38
1897,6.504,0.211,-14.425,127,1,250.38
1898,6.506,0.2,-14.428,78,1,250.5
1899,6.505,0.189,-14.426,50,1,250.42
2086,6.491,0.331,-14.441,59,1,250.68
2087,6.49,0.32,-14.441,68,1,250.66
2088,6.492,0.309,-14.444,88,1,250.78
2089,6.493,0.298,-14.446,127,1,250.85
2090,6.491,0.287,-14.443,141,1,250.73
2091,6.492,0.276,-14.444,144,1,250.78
2092,6.49,0.265,-14.439,147,1,250.6
2093,6.49,0.254,-14.44,150,1,250.63
2094,6.49,0.243,-14.44,144,1,250.63
2095,6.491,0.231,-14.442,142,1,250.7
2096,6.49,0.221,-14.44,149,1,250.63
2097,6.488,0.209,-14.436,148,1,250.49
2098,6.491,0.199,-14.441,146,1,250.68
2099,6.49,0.187,-14.44,142,1,250.63
2100,6.476,0.205,-14.467,153,1,251.23
2101,6.477,0.194,-14.47,149,1,251.33
2102,6.476,0.183,-14.466,155,1,251.2
2103,6.478,0.172,-14.473,143,1,251.43
2104,6.474,0.16,-14.463,146,1,251.09
2105,6.475,0.15,-14.464,146,1,251.13
2106,6.474,0.139,-14.462,147,1,251.06
2107,6.475,0.127,-14.465,146,1,251.16
2108,6.476,0.116,-14.467,148,1,251.23
2109,6.476,0.105,-14.467,142,1,251.23
2110,6.477,0.094,-14.469,77,1,251.3
2111,6.476,0.083,-14.467,46,1,251.23
2112,6.478,0.072,-14.471,40,1,251.37
2113,6.484,0.384,-14.461,61,1,251.16
2114,6.483,0.373,-14.458,53,1,251.06
2115,6.483,0.362,-14.457,60,1,251.03
2116,6.484,0.351,-14.459,87,1,251.1
2117,6.483,0.34,-14.458,134,1,251.06
2118,6.481,0.329,-14.454,151,1,250.92
2119,6.48,0.318,-14.451,147,1,250.82
2120,6.481,0.307,-14.455,147,1,250.95
2121,6.48,0.296,-14.452,147,1,250.85
2122,6.48,0.285,-14.451,147,1,250.82
2123,6.482,0.273,-14.455,146,1,250.96
2124,6.479,0.262,-14.45,148,1,250.78
2125,6.481,0.251,-14.454,147,1,250.92
2126,6.48,0.241,-14.451,150,1,250.82
2127,6.482,0.229,-14.455,151,1,250.96
2128,6.482,0.218,-14.456,144,1,250.99
2129,6.48,0.207,-14.451,143,1,250.82
2130,6.484,0.196,-14.46,143,1,251.13
2131,6.481,0.185,-14.453,145,1,250.89
2132,6.485,0.174,-14.462,147,1,251.2
2133,6.482,0.163,-14.454,142,1,250.93
2134,6.482,0.152,-14.457,146,1,251.02
2135,6.481,0.141,-14.453,144,1,250.89
2136,6.483,0.13,-14.459,134,1,251.09
2137,6.481,0.119,-14.453,77,1,250.89
2138,6.483,0.108,-14.458,42,1,251.06
2139,6.481,0.097,-14.452,48,1,250.86
2140,6.486,0.086,-14.465,15,1,251.3
2141,6.492,0.353,-14.444,67,1,250.78
2142,6.492,0.343,-14.444,64,1,250.78
