1.2528e+06,3.078,-0.008,-14.859,112,1,230.26
1.2528e+06,3.075,-0.019,-14.844,114,1,229.8
1.2528e+06,3.075,-0.029,-14.842,117,1,229.74
1.2528e+06,3.075,-0.04,-14.843,111,1,229.77
1.2528e+06,3.073,-0.05,-14.834,112,1,229.49
1.2528e+06,3.073,-0.06,-14.834,19,1,229.49
1.2528e+06,3.073,-0.071,-14.834,10,1,229.49
1.2528e+06,3.092,-0.006,-14.867,111,1,230.59
1.2528e+06,3.09,-0.016,-14.854,116,1,230.19
1.2528e+06,3.089,-0.027,-14.849,113,1,230.03
1.2528e+06,3.089,-0.038,-14.849,99,1,230.03
1.2528e+06,3.09,-0.049,-14.856,17,1,230.25
1.2528e+06,3.086,-0.059,-14.837,6,1,229.66
1.2528e+06,3.101,-0.009,-14.865,112,1,230.58
1.2528e+06,3.101,-0.02,-14.864,98,1,230.55
1.2528e+06,3.102,-0.031,-14.871,20,1,230.77
1.2528e+06,3.099,-0.041,-14.852,10,1,230.19
1.2528e+06,3.116,-0.003,-14.886,29,1,231.3
1.2528e+06,3.112,-0.014,-14.865,23,1,230.65
1.2528e+06,3.112,-0.025,-14.866,23,1,230.68
1.2562e+06,2.675,-0.004,-14.662,45,1,222.13
1.2562e+06,2.687,-0.009,-14.666,50,1,222.31
1.2562e+06,2.686,-0.02,-14.661,34,1,222.16
1.2562e+06,2.702,-0.006,-14.679,96,1,222.77
1.2562e+06,2.7,-0.017,-14.666,33,1,222.38
1.2562e+06,2.7,-0.027,-14.666,56,1,222.38
1.2562e+06,2.709,-0.009,-14.677,117,1,222.75
1.2562e+06,2.709,-0.019,-14.675,82,1,222.69
1.2562e+06,2.707,-0.029,-14.667,47,1,222.45
1.2562e+06,2.707,-0.04,-14.667,32,1,222.45
1.2562e+06,2.72,-0.006,-14.684,112,1,223.02
1.2562e+06,2.718,-0.016,-14.674,111,1,222.71
1.2562e+06,2.72,-0.027,-14.679,104,1,222.87
1.2562e+06,2.717,-0.037,-14.668,39,1,222.53
1.2562e+06,2.717,-0.047,-14.665,54,1,222.44
1.2562e+06,2.737,-0.004,-14.697,113,1,223.49
1.2562e+06,2.735,-0.014,-14.684,117,1,223.1
1.2562e+06,2.734,-0.024,-14.68,115,1,222.98
1.2562e+06,2.733,-0.035,-14.675,114,1,222.82
1.2562e+06,2.732,-0.045,-14.669,32,1,222.64
1.2562e+06,2.732,-0.056,-14.669,79,1,222.64
1.2562e+06,2.747,-0.003,-14.7,115,1,223.64
1.2562e+06,2.745,-0.014,-14.691,114,1,223.36
1.2562e+06,2.744,-0.024,-14.687,113,1,223.24
1.2562e+06,2.743,-0.034,-14.68,115,1,223.03
1.2562e+06,2.743,-0.045,-14.681,119,1,223.06
1.2562e+06,2.741,-0.055,-14.669,32,1,222.69
1.2562e+06,2.741,-0.065,-14.671,63,1,222.75
1.2562e+06,2.755,-0.008,-14.697,116,1,223.59
1.2562e+06,2.754,-0.019,-14.689,123,1,223.35
1.2562e+06,2.753,-0.029,-14.686,120,1,223.26
1.2562e+06,2.752,-0.04,-14.681,113,1,223.11
1.2562e+06,2.752,-0.05,-14.68,115,1,223.08
1.2562e+06,2.751,-0.06,-14.677,56,1,222.98
1.2562e+06,2.75,-0.071,-14.668,65,1,222.71
1.2562e+06,2.772,-0.004,-14.712,115,1,224.13
1.2562e+06,2.77,-0.014,-14.704,113,1,223.88
1.2562e+06,2.769,-0.025,-14.697,119,1,223.67
1.2563e+06,2.769,-0.036,-14.696,112,1,223.64
1.2563e+06,2.767,-0.046,-14.686,114,1,223.33
1.2563e+06,2.766,-0.056,-14.684,117,1,223.27
1.2563e+06,2.766,-0.067,-14.685,97,1,223.3
1.2563e+06,2.766,-0.077,-14.679,60,1,223.12
1.2563e+06,2.776,-0.088,-14.733,10,1,224.77
1.2563e+06,2.782,-0.004,-14.71,113,1,224.12
1.2563e+06,2.782,-0.015,-14.71,115,1,224.12
1.2563e+06,2.78,-0.025,-14.702,114,1,223.88
1.2563e+06,2.78,-0.036,-14.699,120,1,223.79
1.2563e+06,2.779,-0.046,-14.695,118,1,223.67
1.2563e+06,2.778,-0.056,-14.69,113,1,223.51
1.2563e+06,2.777,-0.067,-14.686,113,1,223.39
1.2563e+06,2.776,-0.078,-14.681,49,1,223.24
1.2563e+06,2.775,-0.088,-14.674,40,1,223.03
1.2563e+06,2.793,0,-14.716,112,1,224.36
1.2563e+06,2.791,-0.01,-14.708,108,1,224.11
1.2563e+06,2.792,-0.021,-14.714,109,1,224.3
1.2563e+06,2.79,-0.032,-14.704,112,1,223.99
1.2563e+06,2.79,-0.042,-14.705,111,1,224.02
1.2563e+06,2.789,-0.053,-14.696,112,1,223.75
1.2563e+06,2.789,-0.063,-14.694,113,1,223.69
1.2563e+06,2.787,-0.073,-14.688,115,1,223.5
1.2563e+06,2.786,-0.084,-14.684,47,1,223.38
1.2563e+06,2.786,-0.094,-14.681,34,1,223.29
1.2563e+06,2.804,-0.008,-14.716,108,1,224.42
1.2563e+06,2.805,-0.018,-14.719,112,1,224.52
1.2563e+06,2.803,-0.029,-14.71,114,1,224.24
1.2563e+06,2.802,-0.039,-14.706,113,1,224.12
1.2563e+06,2.801,-0.05,-14.701,117,1,223.97
1.2563e+06,2.8,-0.06,-14.695,114,1,223.78
1.2563e+06,2.799,-0.071,-14.691,109,1,223.66
1.2563e+06,2.798,-0.081,-14.685,116,1,223.48
1.2563e+06,2.798,-0.091,-14.682,30,1,223.39
1.2563e+06,2.797,-0.102,-14.679,30,1,223.3
1.2563e+06,2.815,-0.001,-14.727,112,1,224.81
1.2563e+06,2.815,-0.012,-14.724,114,1,224.72
1.2563e+06,2.814,-0.022,-14.72,117,1,224.6
1.2563e+06,2.813,-0.032,-14.716,111,1,224.47
1.2563e+06,2.813,-0.043,-14.714,111,1,224.41
1.2563e+06,2.811,-0.053,-14.706,111,1,224.17
1.2563e+06,2.811,-0.064,-14.708,113,1,224.23
1.2563e+06,2.809,-0.074,-14.697,115,1,223.89
1.2563e+06,2.81,-0.085,-14.699,120,1,223.96
1.2563e+06,2.808,-0.095,-14.691,48,1,223.71
1.2563e+06,2.807,-0.105,-14.686,27,1,223.56
1.2563e+06,2.826,-0.01,-14.729,113,1,224.93
1.2563e+06,2.826,-0.02,-14.728,113,1,224.9
1.2563e+06,2.825,-0.03,-14.721,115,1,224.69
1.2563e+06,2.825,-0.041,-14.721,113,1,224.69
1.2563e+06,2.824,-0.052,-14.715,124,1,224.51
1.2563e+06,2.824,-0.062,-14.715,111,1,224.51
1.2563e+06,2.822,-0.072,-14.703,110,1,224.14
1.2563e+06,2.822,-0.083,-14.703,110,1,224.14
1.2563e+06,2.821,-0.093,-14.698,110,1,223.99
1.2563e+06,2.819,-0.104,-14.69,22,1,223.74
1.2563e+06,2.819,-0.114,-14.691,19,1,223.77
1.2563e+06,2.841,-0.009,-14.739,111,1,225.31
1.2563e+06,2.841,-0.019,-14.735,111,1,225.19
1.2563e+06,2.839,-0.03,-14.728,116,1,224.97
1.2563e+06,2.839,-0.04,-14.724,121,1,224.86
1.2563e+06,2.838,-0.05,-14.72,123,1,224.73
1.2563e+06,2.837,-0.061,-14.718,116,1,224.67
1.2563e+06,2.836,-0.071,-14.712,114,1,224.49
1.2563e+06,2.835,-0.082,-14.706,113,1,224.3
1.2563e+06,2.834,-0.092,-14.702,114,1,224.18
1.2563e+06,2.834,-0.102,-14.701,43,1,224.15
1.2563e+06,2.832,-0.113,-14.691,25,1,223.85
1.2563e+06,2.851,-0.124,-14.788,8,1,226.81
1.2563e+06,2.85,-0.001,-14.748,112,1,225.63
1.2563e+06,2.849,-0.011,-14.742,114,1,225.44
1.2563e+06,2.849,-0.022,-14.743,112,1,225.47
1.2563e+06,2.847,-0.032,-14.729,115,1,225.05
1.2563e+06,2.847,-0.043,-14.732,116,1,225.14
1.2563e+06,2.846,-0.053,-14.725,113,1,224.93
1.2563e+06,2.845,-0.063,-14.72,111,1,224.77
1.2563e+06,2.844,-0.074,-14.715,111,1,224.62
1.2563e+06,2.842,-0.084,-14.706,108,1,224.34
1.2563e+06,2.843,-0.095,-14.709,113,1,224.44
1.2563e+06,2.842,-0.105,-14.702,45,1,224.23
1.2563e+06,2.84,-0.116,-14.692,26,1,223.92
1.2563e+06,2.862,-0.007,-14.752,108,1,225.81
1.2563e+06,2.861,-0.018,-14.746,111,1,225.63
1.2563e+06,2.86,-0.028,-14.743,113,1,225.54
1.2563e+06,2.859,-0.038,-14.737,113,1,225.35
1.2563e+06,2.858,-0.049,-14.732,112,1,225.2
1.2563e+06,2.858,-0.06,-14.729,117,1,225.11
1.2563e+06,2.857,-0.07,-14.727,117,1,225.05
1.2563e+06,2.855,-0.08,-14.716,113,1,224.71
1.2563e+06,2.855,-0.09,-14.713,121,1,224.62
1.2563e+06,2.854,-0.101,-14.708,110,1,224.47
1.2563e+06,2.853,-0.112,-14.706,11,1,224.41
1.2563e+06,2.853,-0.122,-14.705,30,1,224.38
1.2564e+06,2.877,-0.005,-14.755,113,1,225.99
1.2564e+06,2.876,-0.016,-14.747,111,1,225.75
1.2564e+06,2.875,-0.026,-14.744,114,1,225.65
1.2564e+06,2.875,-0.037,-14.743,113,1,225.62
1.2564e+06,2.874,-0.047,-14.738,116,1,225.47
1.2564e+06,2.874,-0.058,-14.736,112,1,225.41
1.2564e+06,2.872,-0.068,-14.729,115,1,225.19
1.2564e+06,2.872,-0.079,-14.726,111,1,225.1
1.2564e+06,2.87,-0.089,-14.718,121,1,224.86
1.2564e+06,2.87,-0.1,-14.715,114,1,224.77
1.2564e+06,2.87,-0.11,-14.718,91,1,224.86
1.2564e+06,2.868,-0.12,-14.705,24,1,224.46
1.2564e+06,2.877,-0.131,-14.754,29,1,225.96
1.2564e+06,2.887,-0.008,-14.764,112,1,226.31
1.2564e+06,2.886,-0.019,-14.759,112,1,226.16
1.2564e+06,2.885,-0.029,-14.753,116,1,225.97
1.2564e+06,2.883,-0.04,-14.744,113,1,225.7
1.2564e+06,2.882,-0.05,-14.739,117,1,225.54
1.2564e+06,2.882,-0.061,-14.737,117,1,225.49
1.2564e+06,2.881,-0.071,-14.733,123,1,225.36
1.2564e+06,2.881,-0.081,-14.733,118,1,225.36
1.2564e+06,2.879,-0.092,-14.725,118,1,225.11
1.2564e+06,2.878,-0.102,-14.72,119,1,224.96
1.2564e+06,2.879,-0.113,-14.723,85,1,225.06
1.2564e+06,2.877,-0.123,-14.715,21,1,224.81
1.2564e+06,2.897,-0.006,-14.765,115,1,226.4
1.2564e+06,2.896,-0.017,-14.762,113,1,226.3
1.2564e+06,2.896,-0.027,-14.759,111,1,226.21
1.2564e+06,2.895,-0.037,-14.755,109,1,226.09
1.2564e+06,2.894,-0.048,-14.752,113,1,226
1.2564e+06,2.894,-0.058,-14.748,115,1,225.88
1.2564e+06,2.892,-0.069,-14.741,116,1,225.66
1.2564e+06,2.892,-0.08,-14.74,115,1,225.63
1.2564e+06,2.891,-0.09,-14.735,112,1,225.48
1.2564e+06,2.888,-0.1,-14.721,107,1,225.05
1.2564e+06,2.889,-0.111,-14.725,113,1,225.17
1.2564e+06,2.888,-0.121,-14.72,15,1,225.02
1.2564e+06,2.892,-0.132,-14.742,65,1,225.69
1.2564e+06,2.913,-0.006,-14.773,115,1,226.73
1.2564e+06,2.914,-0.016,-14.774,115,1,226.76
1.2564e+06,2.911,-0.027,-14.761,112,1,226.36
1.2564e+06,2.911,-0.038,-14.763,111,1,226.42
1.2564e+06,2.91,-0.048,-14.755,112,1,226.18
1.2564e+06,2.909,-0.059,-14.751,112,1,226.05
1.2564e+06,2.908,-0.069,-14.747,114,1,225.93
1.2564e+06,2.907,-0.079,-14.743,115,1,225.81
1.2564e+06,2.907,-0.09,-14.738,111,1,225.66
1.2564e+06,2.905,-0.101,-14.732,112,1,225.47
1.2564e+06,2.905,-0.111,-14.732,113,1,225.47
1.2564e+06,2.905,-0.121,-14.732,8,1,225.47
1.2564e+06,2.907,-0.132,-14.738,49,1,225.66
1.2565e+06,2.922,-0.007,-14.776,109,1,226.87
1.2565e+06,2.922,-0.018,-14.773,117,1,226.78
1.2565e+06,2.921,-0.028,-14.768,117,1,226.63
1.2565e+06,2.92,-0.038,-14.762,115,1,226.44
1.2565e+06,2.919,-0.049,-14.758,111,1,226.32
1.2565e+06,2.919,-0.06,-14.759,114,1,226.35
1.2565e+06,2.918,-0.07,-14.756,121,1,226.25
1.2565e+06,2.917,-0.081,-14.746,114,1,225.95
1.2565e+06,2.916,-0.091,-14.745,111,1,225.92
1.2565e+06,2.915,-0.101,-14.739,111,1,225.74
1.2565e+06,2.915,-0.112,-14.738,116,1,225.71
1.2565e+06,2.914,-0.122,-14.731,12,1,225.49
1.2565e+06,2.932,-0.002,-14.782,111,1,227.1
1.2565e+06,2.931,-0.013,-14.778,108,1,226.98
1.2565e+06,2.931,-0.023,-14.777,112,1,226.95
1.2565e+06,2.931,-0.034,-14.777,117,1,226.95
1.2565e+06,2.929,-0.045,-14.767,112,1,226.64
1.2565e+06,2.929,-0.055,-14.766,115,1,226.61
1.2565e+06,2.928,-0.065,-14.763,111,1,226.52
1.2565e+06,2.927,-0.076,-14.753,115,1,226.22
1.2565e+06,2.927,-0.086,-14.754,109,1,226.25
1.2565e+06,2.924,-0.097,-14.74,108,1,225.82
1.2565e+06,2.924,-0.107,-14.743,114,1,225.91
1.2565e+06,2.923,-0.118,-14.738,60,1,225.75
1.2565e+06,2.922,-0.128,-14.732,14,1,225.57
1.2566e+06,2.948,-0.01,-14.788,109,1,227.38
1.2566e+06,2.948,-0.021,-14.787,115,1,227.35
1.2566e+06,2.947,-0.031,-14.78,109,1,227.13
1.2566e+06,2.947,-0.042,-14.78,112,1,227.13
1.2566e+06,2.945,-0.052,-14.77,110,1,226.83
1.2566e+06,2.944,-0.063,-14.766,118,1,226.7
1.2566e+06,2.943,-0.073,-14.761,112,1,226.55
1.2566e+06,2.942,-0.083,-14.756,113,1,226.39
1.2566e+06,2.941,-0.094,-14.75,111,1,226.21
1.2566e+06,2.94,-0.105,-14.746,113,1,226.09
1.2566e+06,2.941,-0.115,-14.749,84,1,226.18
1.2566e+06,2.938,-0.125,-14.738,8,1,225.84
1.2566e+06,2.958,-0.002,-14.8,124,1,227.79
1.2566e+06,2.958,-0.013,-14.796,113,1,227.67
1.2566e+06,2.957,-0.023,-14.791,112,1,227.52
1.2566e+06,2.955,-0.034,-14.783,113,1,227.27
1.2566e+06,2.955,-0.044,-14.782,114,1,227.24
1.2566e+06,2.954,-0.055,-14.774,117,1,227
1.2566e+06,2.953,-0.065,-14.773,118,1,226.96
1.2566e+06,2.951,-0.076,-14.763,122,1,226.65
1.2566e+06,2.951,-0.086,-14.763,119,1,226.65
1.2566e+06,2.95,-0.097,-14.754,119,1,226.38
1.2566e+06,2.95,-0.107,-14.754,120,1,226.38
1.2566e+06,2.951,-0.118,-14.76,26,1,226.57
1.2566e+06,2.95,-0.128,-14.755,11,1,226.41
1.2567e+06,2.966,-0.01,-14.793,114,1,227.63
1.2567e+06,2.967,-0.021,-14.797,111,1,227.75
1.2567e+06,2.964,-0.031,-14.786,111,1,227.41
1.2567e+06,2.964,-0.042,-14.786,113,1,227.41
1.2567e+06,2.962,-0.052,-14.774,113,1,227.04
1.2567e+06,2.963,-0.062,-14.776,109,1,227.11
1.2567e+06,2.961,-0.073,-14.769,113,1,226.89
1.2567e+06,2.96,-0.083,-14.764,115,1,226.74
1.2567e+06,2.96,-0.094,-14.762,114,1,226.68
1.2567e+06,2.958,-0.105,-14.755,116,1,226.46
1.2567e+06,2.96,-0.115,-14.762,56,1,226.68
1.2567e+06,2.961,-0.125,-14.766,13,1,226.8
1.2567e+06,2.983,-0.009,-14.804,111,1,228.06
1.2567e+06,2.984,-0.02,-14.805,112,1,228.09
1.2567e+06,2.982,-0.03,-14.797,114,1,227.84
1.2567e+06,2.982,-0.041,-14.797,111,1,227.84
1.2567e+06,2.979,-0.052,-14.783,110,1,227.41
1.2567e+06,2.979,-0.062,-14.783,117,1,227.41
1.2567e+06,2.979,-0.073,-14.782,111,1,227.38
1.2567e+06,2.976,-0.083,-14.77,115,1,227.01
1.2567e+06,2.976,-0.093,-14.767,118,1,226.92
1.2567e+06,2.975,-0.104,-14.762,113,1,226.77
1.2567e+06,2.977,-0.115,-14.774,10,1,227.13
1.2567e+06,2.975,-0.125,-14.764,23,1,226.83
1.2568e+06,2.994,-0.002,-14.815,115,1,228.45
1.2568e+06,2.994,-0.013,-14.815,116,1,228.45
1.2568e+06,2.993,-0.023,-14.811,118,1,228.32
1.2568e+06,2.992,-0.034,-14.804,113,1,228.11
1.2568e+06,2.99,-0.045,-14.797,118,1,227.89
1.2568e+06,2.99,-0.055,-14.797,118,1,227.89
1.2568e+06,2.988,-0.065,-14.787,118,1,227.58
1.2568e+06,2.987,-0.076,-14.782,114,1,227.43
1.2568e+06,2.986,-0.086,-14.777,120,1,227.28
1.2568e+06,2.986,-0.097,-14.773,114,1,227.16
1.2568e+06,2.986,-0.108,-14.773,86,1,227.16
1.2568e+06,2.988,-0.118,-14.787,13,1,227.58
1.2568e+06,3.005,-0.001,-14.821,116,1,228.69
1.2568e+06,3.003,-0.012,-14.811,112,1,228.38
1.2568e+06,3.003,-0.022,-14.811,112,1,228.38
1.2568e+06,3.001,-0.032,-14.8,108,1,228.05
1.2568e+06,3.001,-0.043,-14.804,119,1,228.16
1.2568e+06,3,-0.054,-14.797,116,1,227.95
1.2568e+06,3,-0.064,-14.797,113,1,227.95
1.2568e+06,2.998,-0.074,-14.788,114,1,227.67
1.2568e+06,2.998,-0.085,-14.785,111,1,227.58
1.2568e+06,2.997,-0.095,-14.783,114,1,227.52
1.2568e+06,2.997,-0.106,-14.781,28,1,227.46
1.2568e+06,3.004,-0.117,-14.815,8,1,228.51
1.2569e+06,3.019,-0.001,-14.823,114,1,228.84
1.2569e+06,3.018,-0.011,-14.819,112,1,228.71
1.2569e+06,3.018,-0.022,-14.817,120,1,228.65
1.2569e+06,3.016,-0.032,-14.809,114,1,228.4
1.2569e+06,3.016,-0.043,-14.807,113,1,228.34
1.2569e+06,3.015,-0.053,-14.802,114,1,228.19
1.2569e+06,3.014,-0.064,-14.8,113,1,228.12
1.2569e+06,3.013,-0.075,-14.792,112,1,227.88
1.2569e+06,3.012,-0.085,-14.79,109,1,227.82
1.2569e+06,3.012,-0.096,-14.791,107,1,227.85
1.2569e+06,3.011,-0.106,-14.787,16,1,227.72
1.2569e+06,3.03,-0.005,-14.828,111,1,229.05
1.2569e+06,3.029,-0.015,-14.822,115,1,228.87
1.2569e+06,3.029,-0.026,-14.821,118,1,228.84
1.2569e+06,3.027,-0.036,-14.814,114,1,228.62
1.2569e+06,3.027,-0.047,-14.812,113,1,228.56
1.2569e+06,3.026,-0.058,-14.807,112,1,228.4
1.2569e+06,3.026,-0.068,-14.806,113,1,228.37
1.2569e+06,3.025,-0.079,-14.801,117,1,228.22
1.2569e+06,3.025,-0.089,-14.802,108,1,228.25
1.2569e+06,3.024,-0.1,-14.8,17,1,228.18
1.2569e+06,3.024,-0.11,-14.8,7,1,228.18
1.257e+06,3.041,-0.01,-14.837,116,1,229.38
1.257e+06,3.039,-0.02,-14.83,110,1,229.16
1.257e+06,3.038,-0.031,-14.823,117,1,228.95
1.257e+06,3.038,-0.041,-14.823,119,1,228.95
1.257e+06,3.037,-0.052,-14.817,111,1,228.77
1.257e+06,3.036,-0.063,-14.811,115,1,228.58
1.257e+06,3.034,-0.073,-14.805,113,1,228.39
1.257e+06,3.035,-0.084,-14.806,101,1,228.43
1.257e+06,3.035,-0.094,-14.806,19,1,228.43
1.257e+06,3.037,-0.105,-14.817,5,1,228.77
1.257e+06,3.055,-0.007,-14.842,115,1,229.62
1.257e+06,3.054,-0.018,-14.835,113,1,229.4
1.257e+06,3.052,-0.029,-14.828,108,1,229.18
1.257e+06,3.052,-0.039,-14.826,113,1,229.12
1.257e+06,3.052,-0.05,-14.824,113,1,229.07
1.257e+06,3.05,-0.06,-14.818,120,1,228.88
1.257e+06,3.049,-0.071,-14.813,112,1,228.72
1.257e+06,3.049,-0.081,-14.81,23,1,228.63
1.257e+06,3.054,-0.092,-14.837,14,1,229.46
1.2571e+06,3.066,-0.01,-14.845,114,1,229.77
1.2571e+06,3.065,-0.021,-14.842,118,1,229.68
1.2571e+06,3.065,-0.031,-14.838,112,1,229.56
1.2571e+06,3.063,-0.041,-14.833,117,1,229.4
1.2571e+06,3.062,-0.052,-14.827,117,1,229.22
1.2571e+06,3.061,-0.063,-14.821,116,1,229.03
1.2571e+06,3.062,-0.073,-14.825,21,1,229.16
1.2571e+06,3.063,-0.083,-14.833,6,1,229.4
2.6168e+06,3.074,0.279,-15,25,1,234.45
2.6168e+06,3.083,0.27,-14.981,30,1,233.94
2.6168e+06,3.086,0.26,-14.995,43,1,234.37
2.6168e+06,3.082,0.249,-14.972,105,1,233.66
2.6168e+06,3.08,0.238,-14.964,111,1,233.41
2.6168e+06,3.078,0.228,-14.955,113,1,233.13
2.6168e+06,3.077,0.216,-14.95,115,1,232.97
2.6168e+06,3.077,0.206,-14.949,109,1,232.94
2.6168e+06,3.076,0.195,-14.943,112,1,232.76
2.6168e+06,3.076,0.184,-14.942,111,1,232.73
2.6168e+06,3.073,0.174,-14.928,109,1,232.29
2.6168e+06,3.073,0.163,-14.931,104,1,232.38
2.6168e+06,3.094,0.257,-14.981,10,1,234
2.6168e+06,3.094,0.247,-14.981,30,1,234
2.6168e+06,3.094,0.236,-14.982,86,1,234.03
2.6168e+06,3.091,0.225,-14.965,108,1,233.51
2.6168e+06,3.09,0.214,-14.964,108,1,233.47
2.6168e+06,3.088,0.204,-14.95,111,1,233.04
2.6168e+06,3.088,0.193,-14.951,112,1,233.07
2.6168e+06,3.086,0.182,-14.944,114,1,232.85
2.6168e+06,3.085,0.171,-14.936,115,1,232.6
2.6168e+06,3.084,0.161,-14.932,117,1,232.48
2.6168e+06,3.082,0.15,-14.925,113,1,232.25
2.6168e+06,3.082,0.14,-14.922,109,1,232.16
2.6168e+06,3.08,0.129,-14.915,113,1,231.94
2.6168e+06,3.079,0.118,-14.909,110,1,231.76
2.6168e+06,3.079,0.107,-14.908,113,1,231.73
2.6168e+06,3.076,0.096,-14.895,112,1,231.32
2.6168e+06,3.076,0.086,-14.891,111,1,231.2
2.6168e+06,3.076,0.075,-14.891,114,1,231.2
2.6168e+06,3.074,0.065,-14.885,112,1,231.01
2.6168e+06,3.072,0.054,-14.877,109,1,230.76
2.6168e+06,3.073,0.043,-14.878,108,1,230.8
2.6168e+06,3.102,0.238,-14.977,28,1,233.93
2.6169e+06,3.113,0.228,-15.028,25,1,235.53
2.6169e+06,3.101,0.216,-14.97,105,1,233.72
2.6169e+06,3.1,0.206,-14.964,114,1,233.53
2.6169e+06,3.099,0.194,-14.958,109,1,233.35
2.6169e+06,3.097,0.184,-14.95,114,1,233.09
2.6169e+06,3.095,0.173,-14.942,115,1,232.84
2.6169e+06,3.095,0.162,-14.939,108,1,232.75
2.6169e+06,3.092,0.152,-14.927,109,1,232.38
2.6169e+06,3.092,0.141,-14.925,112,1,232.32
2.6169e+06,3.091,0.13,-14.918,113,1,232.1
2.6169e+06,3.089,0.12,-14.913,115,1,231.94
2.6169e+06,3.088,0.109,-14.906,114,1,231.72
2.6169e+06,3.088,0.098,-14.908,112,1,231.78
2.6169e+06,3.086,0.088,-14.896,112,1,231.41
2.6169e+06,3.086,0.077,-14.895,118,1,231.38
2.6169e+06,3.084,0.067,-14.889,113,1,231.19
2.6169e+06,3.084,0.056,-14.887,112,1,231.13
2.6169e+06,3.083,0.045,-14.881,115,1,230.95
2.6169e+06,3.082,0.034,-14.876,111,1,230.79
2.6169e+06,3.08,0.024,-14.869,114,1,230.57
2.6169e+06,3.08,0.014,-14.868,107,1,230.54
2.6169e+06,3.078,0.003,-14.856,116,1,230.17
2.6169e+06,3.116,0.219,-14.979,40,1,234.08
2.6169e+06,3.128,0.208,-15.039,21,1,235.96
2.6169e+06,3.113,0.197,-14.967,88,1,233.7
2.6169e+06,3.111,0.186,-14.957,114,1,233.39
2.6169e+06,3.109,0.175,-14.95,109,1,233.17
2.6169e+06,3.109,0.164,-14.946,110,1,233.05
2.6169e+06,3.107,0.154,-14.938,117,1,232.8
2.6169e+06,3.106,0.143,-14.932,112,1,232.61
2.6169e+06,3.105,0.132,-14.928,111,1,232.49
2.6169e+06,3.104,0.122,-14.923,115,1,232.33
2.6169e+06,3.104,0.111,-14.922,107,1,232.3
2.6169e+06,3.102,0.101,-14.912,111,1,231.99
2.6169e+06,3.101,0.09,-14.908,112,1,231.86
2.6169e+06,3.1,0.079,-14.902,110,1,231.68
2.6169e+06,3.098,0.068,-14.895,111,1,231.46
2.6169e+06,3.099,0.058,-14.896,110,1,231.49
2.6169e+06,3.097,0.047,-14.889,109,1,231.27
2.6169e+06,3.095,0.036,-14.882,109,1,231.05
2.6169e+06,3.095,0.026,-14.882,112,1,231.05
2.6169e+06,3.093,0.015,-14.868,114,1,230.62
2.6169e+06,3.093,0.004,-14.87,110,1,230.68
2.6169e+06,3.122,0.193,-14.969,42,1,233.82
2.6169e+06,3.123,0.183,-14.972,43,1,233.91
2.6169e+06,3.12,0.172,-14.958,76,1,233.48
2.6169e+06,3.118,0.161,-14.949,111,1,233.19
2.6169e+06,3.117,0.15,-14.943,112,1,233.01
2.6169e+06,3.118,0.14,-14.944,113,1,233.05
2.6169e+06,3.115,0.129,-14.93,112,1,232.61
2.6169e+06,3.116,0.119,-14.936,108,1,232.79
2.6169e+06,3.113,0.108,-14.922,108,1,232.36
2.6169e+06,3.113,0.097,-14.922,108,1,232.36
2.6169e+06,3.112,0.086,-14.916,113,1,232.17
2.6169e+06,3.11,0.076,-14.909,120,1,231.95
2.6169e+06,3.109,0.065,-14.903,114,1,231.77
2.6169e+06,3.108,0.054,-14.899,111,1,231.64
2.6169e+06,3.106,0.044,-14.89,115,1,231.36
2.6169e+06,3.104,0.033,-14.878,108,1,230.99
2.6169e+06,3.105,0.022,-14.882,114,1,231.11
2.6169e+06,3.102,0.012,-14.871,113,1,230.77
2.6169e+06,3.102,0.001,-14.867,114,1,230.65
2.6169e+06,3.132,0.167,-14.961,11,1,233.64
2.6169e+06,3.131,0.156,-14.957,25,1,233.52
2.6169e+06,3.135,0.146,-14.976,29,1,234.11
2.6169e+06,3.128,0.135,-14.945,71,1,233.14
2.6169e+06,3.128,0.124,-14.941,99,1,233.02
2.6169e+06,3.126,0.114,-14.936,109,1,232.86
2.6169e+06,3.125,0.103,-14.927,111,1,232.58
2.6169e+06,3.124,0.092,-14.922,111,1,232.43
2.6169e+06,3.123,0.082,-14.92,109,1,232.36
2.6169e+06,3.124,0.071,-14.921,106,1,232.4
2.6169e+06,3.121,0.06,-14.907,114,1,231.96
2.6169e+06,3.119,0.05,-14.903,113,1,231.83
2.6169e+06,3.119,0.039,-14.899,107,1,231.71
2.6169e+06,3.117,0.029,-14.89,110,1,231.43
2.6169e+06,3.116,0.018,-14.887,101,1,231.33
2.6169e+06,3.116,0.007,-14.884,86,1,231.24
2.6169e+06,3.141,0.129,-14.947,22,1,233.28
2.6169e+06,3.141,0.118,-14.945,17,1,233.22
2.6169e+06,3.14,0.107,-14.939,21,1,233.03
2.6169e+06,3.141,0.097,-14.943,27,1,233.16
2.6169e+06,3.139,0.086,-14.937,24,1,232.97
2.6169e+06,3.141,0.075,-14.943,25,1,233.16
2.6169e+06,3.137,0.065,-14.927,23,1,232.66
2.6169e+06,3.138,0.054,-14.931,18,1,232.78
2.6169e+06,3.136,0.043,-14.922,21,1,232.5
2.6169e+06,3.132,0.033,-14.903,21,1,231.91
2.6169e+06,3.13,0.022,-14.892,19,1,231.57
2.6169e+06,3.129,0.012,-14.889,26,1,231.47
2.6169e+06,3.127,0.001,-14.879,19,1,231.16
2.62e+06,2.612,0.22,-14.712,11,1,223.27
2.62e+06,2.612,0.199,-14.712,13,1,223.27
2.62e+06,2.627,0.281,-14.748,23,1,224.4
2.62e+06,2.626,0.271,-14.743,21,1,224.25
2.62e+06,2.625,0.26,-14.736,19,1,224.04
2.62e+06,2.625,0.25,-14.736,20,1,224.04
2.62e+06,2.624,0.239,-14.726,16,1,223.74
2.62e+06,2.623,0.228,-14.724,16,1,223.68
2.62e+06,2.621,0.218,-14.714,12,1,223.37
2.62e+06,2.621,0.207,-14.715,10,1,223.4
2.62e+06,2.621,0.197,-14.709,20,1,223.22
2.62e+06,2.619,0.186,-14.705,20,1,223.1
2.62e+06,2.618,0.176,-14.698,25,1,222.89
2.62e+06,2.618,0.166,-14.697,26,1,222.86
2.62e+06,2.617,0.155,-14.691,16,1,222.67
2.62e+06,2.616,0.145,-14.685,34,1,222.49
2.62e+06,2.615,0.134,-14.68,18,1,222.34
2.62e+06,2.64,0.306,-14.764,24,1,224.95
2.62e+06,2.639,0.296,-14.759,18,1,224.79
2.62e+06,2.638,0.285,-14.752,14,1,224.58
2.62e+06,2.638,0.275,-14.751,17,1,224.55
2.62e+06,2.636,0.264,-14.743,21,1,224.3
2.62e+06,2.636,0.254,-14.743,38,1,224.3
2.62e+06,2.635,0.243,-14.736,63,1,224.09
2.62e+06,2.635,0.233,-14.735,95,1,224.06
2.62e+06,2.634,0.222,-14.73,109,1,223.91
2.62e+06,2.634,0.212,-14.727,105,1,223.82
2.62e+06,2.633,0.201,-14.724,98,1,223.73
2.62e+06,2.631,0.191,-14.714,98,1,223.42
2.62e+06,2.631,0.18,-14.712,97,1,223.37
2.62e+06,2.631,0.169,-14.709,80,1,223.28
2.62e+06,2.629,0.159,-14.7,56,1,223
2.62e+06,2.628,0.149,-14.696,20,1,222.88
2.62e+06,2.628,0.138,-14.693,12,1,222.79
2.6201e+06,2.626,0.127,-14.684,12,1,222.52
2.6201e+06,2.626,0.117,-14.682,22,1,222.46
2.6201e+06,2.625,0.106,-14.675,43,1,222.25
2.6201e+06,2.625,0.097,-14.676,14,1,222.28
2.6201e+06,2.657,0.329,-14.786,25,1,225.69
2.6201e+06,2.656,0.319,-14.778,7,1,225.44
2.6201e+06,2.655,0.308,-14.773,13,1,225.29
2.6201e+06,2.654,0.298,-14.768,13,1,225.14
2.6201e+06,2.653,0.287,-14.763,87,1,224.98
2.6201e+06,2.652,0.276,-14.76,112,1,224.89
2.6201e+06,2.651,0.266,-14.75,116,1,224.59
2.6201e+06,2.651,0.255,-14.748,117,1,224.53
2.6201e+06,2.65,0.245,-14.747,111,1,224.5
2.6201e+06,2.649,0.234,-14.739,114,1,224.26
2.6201e+06,2.648,0.223,-14.734,117,1,224.1
2.6201e+06,2.648,0.213,-14.733,115,1,224.07
2.6201e+06,2.646,0.202,-14.725,114,1,223.83
2.6201e+06,2.645,0.192,-14.716,117,1,223.56
2.6201e+06,2.645,0.182,-14.716,115,1,223.56
2.6201e+06,2.643,0.171,-14.707,112,1,223.28
2.6201e+06,2.642,0.161,-14.705,111,1,223.22
2.6201e+06,2.642,0.15,-14.7,114,1,223.07
2.6201e+06,2.641,0.14,-14.696,114,1,222.95
2.6201e+06,2.641,0.129,-14.694,112,1,222.89
2.6201e+06,2.641,0.119,-14.693,91,1,222.86
2.6201e+06,2.638,0.108,-14.681,31,1,222.49
2.6201e+06,2.638,0.098,-14.678,23,1,222.4
2.6201e+06,2.637,0.087,-14.673,32,1,222.25
2.6201e+06,2.638,0.077,-14.676,55,1,222.34
2.6201e+06,2.636,0.067,-14.667,47,1,222.07
2.6201e+06,2.669,0.349,-14.802,7,1,226.22
2.6201e+06,2.667,0.338,-14.792,20,1,225.92
2.6201e+06,2.667,0.328,-14.788,27,1,225.8
2.6201e+06,2.666,0.317,-14.784,23,1,225.67
2.6201e+06,2.665,0.307,-14.78,108,1,225.55
2.6201e+06,2.665,0.296,-14.777,116,1,225.46
2.6201e+06,2.664,0.285,-14.771,115,1,225.28
2.6201e+06,2.662,0.275,-14.762,114,1,225
2.6201e+06,2.661,0.264,-14.758,113,1,224.88
2.6201e+06,2.661,0.254,-14.758,110,1,224.88
2.6201e+06,2.66,0.243,-14.752,114,1,224.7
2.6201e+06,2.659,0.233,-14.746,117,1,224.51
2.6201e+06,2.658,0.222,-14.736,114,1,224.21
2.6201e+06,2.657,0.212,-14.733,119,1,224.12
2.6201e+06,2.657,0.201,-14.732,116,1,224.09
2.6201e+06,2.655,0.191,-14.722,113,1,223.79
2.6201e+06,2.655,0.18,-14.721,116,1,223.76
2.6201e+06,2.654,0.169,-14.717,112,1,223.63
2.6201e+06,2.652,0.159,-14.708,113,1,223.36
2.6201e+06,2.652,0.149,-14.707,112,1,223.33
2.6201e+06,2.651,0.138,-14.701,120,1,223.15
2.6201e+06,2.651,0.127,-14.699,113,1,223.09
2.6201e+06,2.651,0.117,-14.699,110,1,223.09
2.6201e+06,2.65,0.107,-14.695,112,1,222.97
2.6201e+06,2.649,0.097,-14.688,117,1,222.75
2.6201e+06,2.648,0.086,-14.682,80,1,222.57
2.6201e+06,2.647,0.075,-14.675,20,1,222.36
2.6201e+06,2.646,0.065,-14.67,36,1,222.21
2.6201e+06,2.645,0.054,-14.668,72,1,222.15
2.6201e+06,2.645,0.045,-14.667,59,1,222.12
2.6201e+06,2.682,0.362,-14.814,14,1,226.65
2.6201e+06,2.681,0.351,-14.806,18,1,226.41
2.6201e+06,2.68,0.341,-14.8,14,1,226.22
2.6201e+06,2.68,0.33,-14.799,96,1,226.19
2.6201e+06,2.678,0.319,-14.79,116,1,225.92
2.6201e+06,2.678,0.309,-14.789,112,1,225.89
2.6201e+06,2.677,0.298,-14.78,112,1,225.61
2.6201e+06,2.676,0.288,-14.776,118,1,225.49
2.6201e+06,2.675,0.277,-14.772,116,1,225.37
2.6201e+06,2.674,0.266,-14.765,118,1,225.16
2.6201e+06,2.672,0.256,-14.759,115,1,224.97
2.6201e+06,2.671,0.245,-14.752,113,1,224.76
2.6201e+06,2.671,0.235,-14.751,117,1,224.73
2.6201e+06,2.67,0.224,-14.745,118,1,224.54
2.6201e+06,2.669,0.213,-14.739,114,1,224.36
2.6201e+06,2.668,0.203,-14.736,114,1,224.27
2.6201e+06,2.667,0.193,-14.727,113,1,224
2.6201e+06,2.668,0.182,-14.73,113,1,224.09
2.6201e+06,2.665,0.171,-14.719,113,1,223.75
2.6201e+06,2.665,0.161,-14.716,117,1,223.66
2.6201e+06,2.664,0.15,-14.712,114,1,223.54
2.6201e+06,2.664,0.14,-14.71,113,1,223.48
2.6201e+06,2.663,0.13,-14.707,113,1,223.39
2.6201e+06,2.663,0.119,-14.706,117,1,223.36
2.6201e+06,2.661,0.109,-14.694,112,1,222.99
2.6201e+06,2.662,0.098,-14.698,114,1,223.12
2.6201e+06,2.66,0.088,-14.688,116,1,222.81
2.6201e+06,2.658,0.078,-14.68,113,1,222.57
2.6201e+06,2.658,0.067,-14.678,112,1,222.51
2.6201e+06,2.658,0.057,-14.681,74,1,222.6
2.6201e+06,2.656,0.046,-14.668,28,1,222.2
2.6201e+06,2.656,0.036,-14.666,68,1,222.15
2.6201e+06,2.655,0.025,-14.662,74,1,222.02
2.6201e+06,2.695,0.364,-14.817,6,1,226.81
2.6201e+06,2.695,0.353,-14.819,7,1,226.87
2.6201e+06,2.693,0.343,-14.808,108,1,226.53
2.6201e+06,2.693,0.332,-14.805,109,1,226.44
2.6201e+06,2.691,0.321,-14.795,116,1,226.13
2.6201e+06,2.69,0.31,-14.789,114,1,225.95
2.6201e+06,2.688,0.3,-14.781,112,1,225.7
2.6202e+06,2.688,0.289,-14.779,114,1,225.64
2.6202e+06,2.687,0.279,-14.771,114,1,225.4
2.6202e+06,2.687,0.268,-14.77,119,1,225.37
2.6202e+06,2.686,0.257,-14.765,110,1,225.22
2.6202e+06,2.685,0.247,-14.761,112,1,225.1
2.6202e+06,2.684,0.236,-14.755,111,1,224.91
2.6202e+06,2.683,0.226,-14.749,109,1,224.73
2.6202e+06,2.682,0.215,-14.745,115,1,224.61
2.6202e+06,2.681,0.205,-14.74,114,1,224.46
2.6202e+06,2.681,0.194,-14.739,116,1,224.43
2.6202e+06,2.68,0.184,-14.734,114,1,224.27
2.6202e+06,2.679,0.174,-14.729,114,1,224.12
2.6202e+06,2.678,0.163,-14.722,113,1,223.91
2.6202e+06,2.678,0.153,-14.724,114,1,223.97
2.6202e+06,2.677,0.142,-14.715,113,1,223.7
2.6202e+06,2.676,0.131,-14.71,113,1,223.55
2.6202e+06,2.674,0.121,-14.703,111,1,223.33
2.6202e+06,2.674,0.111,-14.7,114,1,223.24
2.6202e+06,2.673,0.1,-14.694,117,1,223.06
2.6202e+06,2.673,0.09,-14.693,118,1,223.03
2.6202e+06,2.67,0.079,-14.679,113,1,222.6
2.6202e+06,2.67,0.068,-14.679,114,1,222.6
2.6202e+06,2.67,0.058,-14.676,113,1,222.51
2.6202e+06,2.67,0.048,-14.676,111,1,222.51
2.6202e+06,2.669,0.037,-14.672,52,1,222.39
2.6202e+06,2.668,0.027,-14.665,38,1,222.18
2.6202e+06,2.668,0.016,-14.668,77,1,222.27
2.6202e+06,2.705,0.375,-14.827,16,1,227.16
2.6202e+06,2.704,0.365,-14.82,16,1,226.94
2.6202e+06,2.704,0.354,-14.821,102,1,226.97
2.6202e+06,2.702,0.343,-14.808,114,1,226.58
2.6202e+06,2.702,0.333,-14.81,112,1,226.64
2.6202e+06,2.7,0.322,-14.795,112,1,226.18
2.6202e+06,2.7,0.312,-14.797,118,1,226.24
2.6202e+06,2.698,0.301,-14.788,115,1,225.96
2.6202e+06,2.698,0.29,-14.788,123,1,225.96
2.6202e+06,2.697,0.28,-14.785,119,1,225.87
2.6202e+06,2.697,0.269,-14.783,114,1,225.81
2.6202e+06,2.696,0.259,-14.775,112,1,225.57
2.6202e+06,2.694,0.248,-14.769,112,1,225.38
2.6202e+06,2.694,0.237,-14.766,115,1,225.29
2.6202e+06,2.693,0.227,-14.76,113,1,225.11
2.6202e+06,2.691,0.216,-14.75,111,1,224.8
2.6202e+06,2.691,0.206,-14.747,108,1,224.72
2.6202e+06,2.69,0.195,-14.745,112,1,224.65
2.6202e+06,2.689,0.185,-14.74,108,1,224.5
2.6202e+06,2.688,0.174,-14.734,109,1,224.32
2.6202e+06,2.687,0.163,-14.729,112,1,224.16
2.6202e+06,2.688,0.154,-14.729,114,1,224.17
2.6202e+06,2.686,0.143,-14.72,118,1,223.89
2.6202e+06,2.685,0.132,-14.717,117,1,223.8
2.6202e+06,2.684,0.122,-14.712,116,1,223.65
2.6202e+06,2.684,0.111,-14.711,120,1,223.62
2.6202e+06,2.683,0.101,-14.706,114,1,223.46
2.6202e+06,2.682,0.09,-14.701,118,1,223.31
2.6202e+06,2.682,0.08,-14.698,114,1,223.22
2.6202e+06,2.68,0.069,-14.69,121,1,222.98
2.6202e+06,2.679,0.059,-14.683,115,1,222.77
2.6202e+06,2.679,0.049,-14.683,112,1,222.77
2.6202e+06,2.678,0.038,-14.68,118,1,222.67
2.6202e+06,2.678,0.028,-14.679,102,1,222.64
2.6202e+06,2.676,0.017,-14.668,30,1,222.31
2.6202e+06,2.676,0.007,-14.667,65,1,222.28
2.6202e+06,2.717,0.38,-14.832,13,1,227.37
2.6202e+06,2.718,0.37,-14.837,19,1,227.52
2.6202e+06,2.716,0.359,-14.823,118,1,227.1
2.6202e+06,2.714,0.349,-14.816,111,1,226.88
2.6202e+06,2.714,0.338,-14.813,118,1,226.79
2.6202e+06,2.714,0.327,-14.815,113,1,226.85
2.6202e+06,2.712,0.317,-14.804,115,1,226.51
2.6202e+06,2.712,0.306,-14.802,113,1,226.45
2.6202e+06,2.711,0.296,-14.796,115,1,226.27
2.6202e+06,2.71,0.285,-14.793,115,1,226.18
2.6202e+06,2.709,0.274,-14.787,112,1,225.99
2.6202e+06,2.709,0.264,-14.786,109,1,225.96
2.6202e+06,2.707,0.253,-14.779,108,1,225.75
2.6202e+06,2.707,0.243,-14.774,109,1,225.6
2.6202e+06,2.705,0.232,-14.762,108,1,225.23
2.6202e+06,2.704,0.221,-14.762,109,1,225.23
2.6202e+06,2.704,0.211,-14.757,113,1,225.08
2.6202e+06,2.703,0.2,-14.752,112,1,224.93
2.6202e+06,2.701,0.19,-14.744,108,1,224.68
2.6202e+06,2.701,0.179,-14.741,113,1,224.59
2.6202e+06,2.7,0.169,-14.737,115,1,224.47
2.6202e+06,2.7,0.158,-14.736,110,1,224.44
2.6202e+06,2.698,0.147,-14.729,118,1,224.22
2.6202e+06,2.697,0.137,-14.717,109,1,223.86
2.6202e+06,2.698,0.127,-14.724,108,1,224.08
2.6202e+06,2.697,0.116,-14.717,111,1,223.86
2.6202e+06,2.696,0.106,-14.715,114,1,223.8
2.6202e+06,2.695,0.095,-14.711,118,1,223.68
2.6202e+06,2.694,0.085,-14.708,112,1,223.58
2.6202e+06,2.694,0.075,-14.701,120,1,223.38
2.6202e+06,2.693,0.064,-14.697,119,1,223.25
2.6202e+06,2.692,0.054,-14.692,114,1,223.1
2.6202e+06,2.691,0.043,-14.688,112,1,222.98
2.6202e+06,2.69,0.032,-14.682,114,1,222.8
2.6202e+06,2.69,0.023,-14.681,117,1,222.77
2.6202e+06,2.689,0.012,-14.677,107,1,222.65
2.6202e+06,2.688,0.002,-14.669,33,1,222.4
2.6203e+06,2.734,0.394,-14.849,24,1,227.97
2.6203e+06,2.732,0.384,-14.842,23,1,227.75
2.6203e+06,2.732,0.373,-14.841,100,1,227.72
2.6203e+06,2.73,0.362,-14.832,117,1,227.44
2.6203e+06,2.73,0.352,-14.832,117,1,227.44
2.6203e+06,2.729,0.341,-14.825,117,1,227.23
2.6203e+06,2.728,0.33,-14.818,118,1,227.02
2.6203e+06,2.727,0.319,-14.811,114,1,226.8
2.6203e+06,2.726,0.309,-14.806,110,1,226.65
2.6203e+06,2.725,0.298,-14.803,111,1,226.55
2.6203e+06,2.724,0.287,-14.794,110,1,226.28
2.6203e+06,2.723,0.277,-14.79,114,1,226.16
2.6203e+06,2.722,0.266,-14.787,110,1,226.06
2.6203e+06,2.72,0.256,-14.778,113,1,225.79
2.6203e+06,2.721,0.245,-14.781,111,1,225.88
2.6203e+06,2.718,0.235,-14.766,108,1,225.42
2.6203e+06,2.718,0.224,-14.767,111,1,225.45
2.6203e+06,2.717,0.214,-14.762,111,1,225.3
2.6203e+06,2.716,0.203,-14.756,113,1,225.12
2.6203e+06,2.717,0.192,-14.758,115,1,225.18
2.6203e+06,2.716,0.182,-14.752,110,1,225
2.6203e+06,2.715,0.172,-14.748,112,1,224.87
2.6203e+06,2.713,0.161,-14.738,112,1,224.57
2.6203e+06,2.712,0.15,-14.733,112,1,224.42
2.6203e+06,2.712,0.14,-14.73,111,1,224.33
2.6203e+06,2.711,0.13,-14.726,111,1,224.2
2.6203e+06,2.71,0.119,-14.722,113,1,224.08
2.6203e+06,2.709,0.109,-14.717,112,1,223.93
2.6203e+06,2.708,0.098,-14.713,114,1,223.81
2.6203e+06,2.708,0.087,-14.709,113,1,223.69
2.6203e+06,2.708,0.077,-14.71,111,1,223.72
2.6203e+06,2.706,0.067,-14.698,117,1,223.35
2.6203e+06,2.706,0.056,-14.699,120,1,223.38
2.6203e+06,2.704,0.046,-14.688,109,1,223.05
2.6203e+06,2.703,0.035,-14.681,113,1,222.84
2.6203e+06,2.704,0.025,-14.687,117,1,223.02
2.6203e+06,2.703,0.014,-14.681,111,1,222.84
2.6203e+06,2.701,0.004,-14.675,115,1,222.65
2.6203e+06,2.741,0.392,-14.849,17,1,228.01
2.6203e+06,2.741,0.382,-14.853,36,1,228.12
2.6203e+06,2.74,0.371,-14.843,111,1,227.82
2.6203e+06,2.739,0.361,-14.838,117,1,227.67
2.6203e+06,2.737,0.35,-14.828,114,1,227.36
2.6203e+06,2.737,0.339,-14.826,120,1,227.3
2.6203e+06,2.734,0.328,-14.815,111,1,226.96
2.6203e+06,2.735,0.317,-14.816,116,1,226.99
2.6203e+06,2.733,0.307,-14.807,114,1,226.72
2.6203e+06,2.733,0.296,-14.808,104,1,226.75
2.6203e+06,2.732,0.286,-14.803,109,1,226.59
2.6203e+06,2.73,0.275,-14.793,110,1,226.29
2.6203e+06,2.73,0.264,-14.793,111,1,226.29
2.6203e+06,2.73,0.254,-14.79,111,1,226.2
2.6203e+06,2.729,0.243,-14.786,112,1,226.07
2.6203e+06,2.728,0.233,-14.78,112,1,225.89
2.6203e+06,2.727,0.222,-14.771,113,1,225.62
2.6203e+06,2.726,0.212,-14.767,110,1,225.5
2.6203e+06,2.725,0.201,-14.761,113,1,225.31
2.6203e+06,2.724,0.191,-14.759,113,1,225.25
2.6203e+06,2.723,0.18,-14.75,112,1,224.98
2.6203e+06,2.723,0.169,-14.751,109,1,225.01
2.6203e+06,2.721,0.159,-14.743,116,1,224.76
2.6203e+06,2.72,0.148,-14.738,114,1,224.61
2.6203e+06,2.72,0.138,-14.733,117,1,224.46
2.6203e+06,2.719,0.128,-14.728,116,1,224.31
2.6203e+06,2.717,0.117,-14.719,109,1,224.03
2.6203e+06,2.717,0.106,-14.719,113,1,224.03
2.6203e+06,2.717,0.096,-14.717,111,1,223.97
2.6203e+06,2.716,0.086,-14.714,114,1,223.88
2.6203e+06,2.716,0.075,-14.71,113,1,223.76
2.6203e+06,2.715,0.065,-14.708,116,1,223.7
2.6203e+06,2.714,0.054,-14.704,112,1,223.57
2.6203e+06,2.713,0.043,-14.694,114,1,223.27
2.6203e+06,2.713,0.034,-14.694,115,1,223.27
2.6203e+06,2.711,0.023,-14.688,118,1,223.09
2.6203e+06,2.711,0.013,-14.684,119,1,222.97
2.6203e+06,2.709,0.002,-14.675,111,1,222.69
2.6203e+06,2.751,0.395,-14.853,27,1,228.18
2.6203e+06,2.752,0.384,-14.855,84,1,228.24
2.6203e+06,2.752,0.374,-14.858,116,1,228.33
2.6203e+06,2.75,0.363,-14.847,117,1,228
2.6203e+06,2.749,0.353,-14.84,114,1,227.78
2.6203e+06,2.748,0.342,-14.835,113,1,227.63
2.6203e+06,2.747,0.331,-14.83,106,1,227.47
2.6203e+06,2.747,0.32,-14.826,110,1,227.36
2.6203e+06,2.745,0.31,-14.818,107,1,227.11
2.6203e+06,2.745,0.299,-14.817,104,1,227.08
2.6203e+06,2.744,0.289,-14.811,107,1,226.9
2.6203e+06,2.741,0.278,-14.8,109,1,226.55
2.6203e+06,2.741,0.268,-14.799,114,1,226.52
2.6203e+06,2.741,0.257,-14.796,112,1,226.43
2.6203e+06,2.741,0.246,-14.795,108,1,226.41
2.6203e+06,2.74,0.236,-14.789,108,1,226.22
2.6203e+06,2.739,0.225,-14.784,111,1,226.07
2.6203e+06,2.737,0.214,-14.777,112,1,225.85
2.6203e+06,2.737,0.204,-14.773,113,1,225.73
2.6203e+06,2.736,0.193,-14.77,113,1,225.64
2.6203e+06,2.735,0.183,-14.762,112,1,225.4
2.6203e+06,2.733,0.172,-14.755,114,1,225.18
2.6203e+06,2.733,0.162,-14.752,116,1,225.09
2.6203e+06,2.732,0.151,-14.746,114,1,224.91
2.6204e+06,2.731,0.141,-14.741,116,1,224.76
2.6204e+06,2.73,0.13,-14.739,116,1,224.69
2.6204e+06,2.729,0.12,-14.731,109,1,224.45
2.6204e+06,2.728,0.109,-14.729,114,1,224.39
2.6204e+06,2.727,0.099,-14.722,115,1,224.17
2.6204e+06,2.728,0.088,-14.724,109,1,224.24
2.6204e+06,2.726,0.078,-14.716,114,1,223.99
2.6204e+06,2.726,0.068,-14.715,113,1,223.96
2.6204e+06,2.725,0.057,-14.708,112,1,223.75
2.6204e+06,2.726,0.047,-14.712,112,1,223.87
2.6204e+06,2.724,0.036,-14.701,112,1,223.54
2.6204e+06,2.723,0.025,-14.698,113,1,223.45
2.6204e+06,2.722,0.015,-14.691,115,1,223.23
2.6204e+06,2.72,0.005,-14.685,121,1,223.05
2.6204e+06,2.77,0.408,-14.876,30,1,228.97
2.6204e+06,2.768,0.398,-14.864,24,1,228.6
2.6204e+06,2.769,0.387,-14.867,112,1,228.7
2.6204e+06,2.767,0.377,-14.86,114,1,228.48
2.6204e+06,2.767,0.366,-14.858,116,1,228.42
2.6204e+06,2.766,0.355,-14.854,107,1,228.29
2.6204e+06,2.764,0.344,-14.843,114,1,227.95
2.6204e+06,2.764,0.333,-14.84,111,1,227.87
2.6204e+06,2.763,0.323,-14.837,103,1,227.77
2.6204e+06,2.762,0.313,-14.831,106,1,227.59
2.6204e+06,2.761,0.302,-14.825,107,1,227.4
2.6204e+06,2.76,0.291,-14.818,98,1,227.19
2.6204e+06,2.759,0.28,-14.813,105,1,227.04
2.6204e+06,2.759,0.27,-14.811,96,1,226.98
2.6204e+06,2.758,0.259,-14.808,108,1,226.88
2.6204e+06,2.757,0.249,-14.801,108,1,226.67
2.6204e+06,2.756,0.238,-14.794,109,1,226.46
2.6204e+06,2.754,0.228,-14.789,113,1,226.3
2.6204e+06,2.753,0.217,-14.784,111,1,226.15
2.6204e+06,2.753,0.206,-14.782,106,1,226.09
2.6204e+06,2.752,0.196,-14.774,111,1,225.84
2.6204e+06,2.751,0.185,-14.773,112,1,225.81
2.6204e+06,2.75,0.175,-14.763,113,1,225.51
2.6204e+06,2.749,0.164,-14.761,113,1,225.44
2.6204e+06,2.748,0.154,-14.753,113,1,225.2
2.6204e+06,2.747,0.143,-14.748,114,1,225.05
2.6204e+06,2.746,0.132,-14.742,112,1,224.87
2.6204e+06,2.745,0.122,-14.739,111,1,224.77
2.6204e+06,2.745,0.112,-14.738,109,1,224.74
2.6204e+06,2.745,0.101,-14.736,108,1,224.68
2.6204e+06,2.743,0.091,-14.727,112,1,224.41
2.6204e+06,2.742,0.08,-14.723,111,1,224.29
2.6204e+06,2.74,0.069,-14.711,112,1,223.92
2.6204e+06,2.741,0.059,-14.717,116,1,224.1
2.6204e+06,2.74,0.049,-14.712,112,1,223.95
2.6204e+06,2.741,0.038,-14.715,110,1,224.04
2.6204e+06,2.738,0.028,-14.702,111,1,223.65
2.6204e+06,2.738,0.018,-14.701,120,1,223.62
2.6204e+06,2.737,0.007,-14.694,117,1,223.4
2.6204e+06,2.781,0.41,-14.883,19,1,229.24
2.6204e+06,2.78,0.398,-14.877,13,1,229.05
2.6204e+06,2.779,0.388,-14.875,117,1,228.99
2.6204e+06,2.777,0.377,-14.862,114,1,228.59
2.6204e+06,2.777,0.366,-14.864,118,1,228.65
2.6204e+06,2.776,0.356,-14.856,112,1,228.41
2.6204e+06,2.775,0.345,-14.852,113,1,228.28
2.6204e+06,2.774,0.334,-14.848,108,1,228.16
2.6204e+06,2.773,0.324,-14.84,107,1,227.92
2.6204e+06,2.773,0.313,-14.838,107,1,227.86
2.6204e+06,2.771,0.303,-14.831,108,1,227.64
2.6204e+06,2.77,0.292,-14.824,111,1,227.42
2.6204e+06,2.769,0.281,-14.821,104,1,227.33
2.6204e+06,2.769,0.271,-14.821,93,1,227.33
2.6204e+06,2.769,0.26,-14.817,9,1,227.21
2.6204e+06,2.766,0.25,-14.804,9,1,226.81
2.6204e+06,2.765,0.239,-14.797,14,1,226.6
2.6204e+06,2.763,0.228,-14.787,31,1,226.29
2.6204e+06,2.763,0.218,-14.788,55,1,226.32
2.6204e+06,2.764,0.207,-14.79,94,1,226.38
2.6204e+06,2.763,0.196,-14.786,107,1,226.26
2.6204e+06,2.761,0.186,-14.776,109,1,225.95
2.6204e+06,2.76,0.175,-14.769,114,1,225.74
2.6204e+06,2.759,0.165,-14.765,120,1,225.62
2.6204e+06,2.758,0.154,-14.762,116,1,225.52
2.6204e+06,2.756,0.144,-14.751,113,1,225.19
2.6204e+06,2.757,0.133,-14.755,113,1,225.31
2.6204e+06,2.756,0.123,-14.747,120,1,225.07
2.6204e+06,2.754,0.112,-14.74,113,1,224.85
2.6204e+06,2.753,0.101,-14.735,113,1,224.7
2.6204e+06,2.753,0.091,-14.732,113,1,224.61
2.6204e+06,2.753,0.081,-14.732,112,1,224.61
2.6204e+06,2.751,0.07,-14.722,110,1,224.31
2.6204e+06,2.751,0.06,-14.723,113,1,224.33
2.6204e+06,2.751,0.049,-14.72,105,1,224.25
2.6204e+06,2.75,0.039,-14.718,113,1,224.18
2.6204e+06,2.749,0.028,-14.713,112,1,224.03
2.6204e+06,2.749,0.018,-14.71,106,1,223.94
2.6204e+06,2.747,0.007,-14.698,121,1,223.58
2.6204e+06,2.791,0.414,-14.889,21,1,229.47
2.6204e+06,2.789,0.403,-14.88,17,1,229.19
2.6204e+06,2.789,0.393,-14.88,116,1,229.19
2.6204e+06,2.788,0.382,-14.873,122,1,228.98
2.6204e+06,2.788,0.372,-14.873,112,1,228.98
2.6204e+06,2.787,0.361,-14.866,111,1,228.77
2.6204e+06,2.785,0.35,-14.857,113,1,228.49
2.6204e+06,2.784,0.34,-14.852,116,1,228.33
2.6205e+06,2.783,0.329,-14.849,108,1,228.24
2.6205e+06,2.783,0.319,-14.846,101,1,228.15
2.6205e+06,2.782,0.308,-14.84,103,1,227.97
2.6205e+06,2.781,0.297,-14.835,106,1,227.81
2.6205e+06,2.78,0.287,-14.83,104,1,227.66
2.6205e+06,2.779,0.276,-14.825,99,1,227.5
2.6205e+06,2.778,0.265,-14.82,22,1,227.35
2.6205e+06,2.774,0.233,-14.801,5,1,226.76
2.6205e+06,2.772,0.191,-14.786,6,1,226.31
2.6205e+06,2.77,0.181,-14.78,7,1,226.12
2.6205e+06,2.77,0.17,-14.776,13,1,226
2.6205e+06,2.767,0.16,-14.762,25,1,225.57
2.6205e+06,2.766,0.149,-14.756,55,1,225.39
2.6205e+06,2.766,0.138,-14.755,117,1,225.36
2.6205e+06,2.766,0.128,-14.752,111,1,225.27
2.6205e+06,2.765,0.117,-14.749,116,1,225.18
2.6205e+06,2.763,0.107,-14.742,116,1,224.96
2.6205e+06,2.763,0.096,-14.74,109,1,224.9
2.6205e+06,2.762,0.086,-14.735,112,1,224.75
2.6205e+06,2.762,0.075,-14.733,112,1,224.69
2.6205e+06,2.761,0.065,-14.727,112,1,224.51
2.6205e+06,2.76,0.054,-14.723,110,1,224.38
2.6205e+06,2.76,0.044,-14.721,111,1,224.33
2.6205e+06,2.759,0.034,-14.718,110,1,224.23
2.6205e+06,2.759,0.023,-14.715,112,1,224.14
2.6205e+06,2.757,0.013,-14.705,114,1,223.84
2.6205e+06,2.756,0.002,-14.7,117,1,223.69
2.6205e+06,2.805,0.408,-14.888,18,1,229.52
2.6205e+06,2.804,0.398,-14.887,106,1,229.49
2.6205e+06,2.804,0.387,-14.885,111,1,229.43
2.6205e+06,2.802,0.377,-14.876,112,1,229.15
2.6205e+06,2.802,0.366,-14.872,115,1,229.03
2.6205e+06,2.8,0.355,-14.866,114,1,228.84
2.6205e+06,2.8,0.344,-14.866,114,1,228.84
2.6205e+06,2.799,0.333,-14.858,108,1,228.59
2.6205e+06,2.799,0.323,-14.856,106,1,228.54
2.6205e+06,2.797,0.313,-14.85,106,1,228.35
2.6205e+06,2.797,0.302,-14.847,103,1,228.26
2.6205e+06,2.793,0.291,-14.83,109,1,227.73
2.6205e+06,2.795,0.28,-14.835,107,1,227.89
2.6205e+06,2.793,0.27,-14.827,99,1,227.64
2.6205e+06,2.789,0.238,-14.806,5,1,227
2.6205e+06,2.789,0.216,-14.805,6,1,226.97
2.6205e+06,2.782,0.143,-14.765,78,1,225.74
2.6205e+06,2.78,0.132,-14.759,117,1,225.56
2.6205e+06,2.78,0.122,-14.755,113,1,225.44
2.6205e+06,2.78,0.111,-14.755,115,1,225.44
2.6205e+06,2.778,0.101,-14.747,109,1,225.19
2.6205e+06,2.779,0.09,-14.748,60,1,225.23
2.6205e+06,2.776,0.079,-14.737,13,1,224.89
2.6205e+06,2.774,0.069,-14.728,55,1,224.61
2.6205e+06,2.774,0.058,-14.727,112,1,224.58
2.6205e+06,2.774,0.048,-14.727,112,1,224.58
2.6205e+06,2.774,0.038,-14.726,113,1,224.55
2.6205e+06,2.773,0.027,-14.718,110,1,224.31
2.6205e+06,2.772,0.017,-14.715,114,1,224.22
2.6205e+06,2.772,0.006,-14.711,112,1,224.1
2.6205e+06,2.818,0.419,-14.902,8,1,230.01
2.6205e+06,2.816,0.408,-14.894,23,1,229.76
2.6205e+06,2.816,0.398,-14.896,117,1,229.82
2.6205e+06,2.815,0.387,-14.888,116,1,229.58
2.6205e+06,2.815,0.376,-14.889,116,1,229.61
2.6205e+06,2.813,0.366,-14.88,113,1,229.33
2.6205e+06,2.812,0.355,-14.874,114,1,229.14
2.6205e+06,2.812,0.345,-14.873,109,1,229.11
2.6205e+06,2.811,0.333,-14.868,109,1,228.96
2.6205e+06,2.81,0.323,-14.864,105,1,228.83
2.6205e+06,2.809,0.312,-14.859,106,1,228.68
2.6205e+06,2.809,0.302,-14.854,102,1,228.53
2.6205e+06,2.807,0.291,-14.844,108,1,228.22
2.6205e+06,2.806,0.28,-14.843,107,1,228.19
2.6205e+06,2.805,0.269,-14.833,108,1,227.89
2.6205e+06,2.801,0.227,-14.813,103,1,227.27
2.6205e+06,2.801,0.216,-14.812,98,1,227.24
2.6205e+06,2.8,0.206,-14.807,84,1,227.09
2.6205e+06,2.799,0.195,-14.802,64,1,226.93
2.6205e+06,2.797,0.185,-14.792,6,1,226.63
2.6205e+06,2.796,0.164,-14.784,6,1,226.38
2.6205e+06,2.795,0.153,-14.781,8,1,226.29
2.6205e+06,2.792,0.142,-14.767,50,1,225.86
2.6205e+06,2.793,0.132,-14.769,111,1,225.92
2.6205e+06,2.791,0.122,-14.762,112,1,225.71
2.6205e+06,2.791,0.111,-14.76,111,1,225.65
2.6205e+06,2.791,0.101,-14.758,112,1,225.59
2.6205e+06,2.789,0.09,-14.749,17,1,225.31
2.6205e+06,2.789,0.079,-14.749,6,1,225.31
2.6205e+06,2.788,0.069,-14.743,5,1,225.13
2.6205e+06,2.787,0.058,-14.74,10,1,225.03
2.6205e+06,2.786,0.048,-14.735,76,1,224.88
2.6205e+06,2.785,0.038,-14.728,114,1,224.67
2.6205e+06,2.785,0.027,-14.728,109,1,224.67
2.6205e+06,2.784,0.017,-14.722,116,1,224.49
2.6205e+06,2.784,0.006,-14.724,117,1,224.55
2.6205e+06,2.83,0.445,-14.914,7,1,230.44
2.6205e+06,2.829,0.434,-14.908,27,1,230.25
2.6205e+06,2.829,0.424,-14.912,21,1,230.37
2.6205e+06,2.828,0.413,-14.906,20,1,230.19
2.6205e+06,2.828,0.402,-14.905,78,1,230.16
2.6205e+06,2.826,0.391,-14.892,114,1,229.76
2.6205e+06,2.825,0.38,-14.888,121,1,229.63
2.6206e+06,2.824,0.37,-14.884,114,1,229.51
2.6206e+06,2.823,0.359,-14.879,109,1,229.35
2.6206e+06,2.823,0.349,-14.881,108,1,229.41
2.6206e+06,2.822,0.338,-14.875,104,1,229.23
2.6206e+06,2.821,0.327,-14.87,106,1,229.07
2.6206e+06,2.821,0.317,-14.868,104,1,229.02
2.6206e+06,2.819,0.306,-14.86,107,1,228.77
2.6206e+06,2.819,0.295,-14.859,103,1,228.74
2.6206e+06,2.817,0.284,-14.847,112,1,228.37
2.6206e+06,2.817,0.274,-14.846,98,1,228.34
2.6206e+06,2.816,0.264,-14.841,71,1,228.19
2.6206e+06,2.814,0.242,-14.828,6,1,227.79
2.6206e+06,2.813,0.231,-14.823,9,1,227.63
2.6206e+06,2.811,0.221,-14.815,114,1,227.39
2.6206e+06,2.81,0.21,-14.809,112,1,227.2
2.6206e+06,2.809,0.199,-14.803,112,1,227.02
2.6206e+06,2.809,0.189,-14.805,14,1,227.08
2.6206e+06,2.808,0.178,-14.799,8,1,226.9
2.6206e+06,2.806,0.168,-14.788,6,1,226.56
2.6206e+06,2.805,0.147,-14.783,84,1,226.41
2.6206e+06,2.805,0.136,-14.78,109,1,226.32
2.6206e+06,2.803,0.125,-14.771,109,1,226.04
2.6206e+06,2.803,0.115,-14.769,114,1,225.98
2.6206e+06,2.802,0.105,-14.764,116,1,225.83
2.6206e+06,2.802,0.094,-14.767,85,1,225.92
2.6206e+06,2.8,0.083,-14.755,19,1,225.55
2.6206e+06,2.798,0.073,-14.746,8,1,225.27
2.6206e+06,2.798,0.062,-14.745,11,1,225.24
2.6206e+06,2.796,0.052,-14.738,7,1,225.03
2.6206e+06,2.795,0.041,-14.729,23,1,224.76
2.6206e+06,2.796,0.031,-14.732,120,1,224.85
2.6206e+06,2.794,0.021,-14.725,113,1,224.63
2.6206e+06,2.794,0.01,-14.723,117,1,224.57
2.6206e+06,2.842,0.416,-14.915,27,1,230.53
2.6206e+06,2.841,0.405,-14.911,28,1,230.41
2.6206e+06,2.84,0.394,-14.905,114,1,230.22
2.6206e+06,2.839,0.384,-14.9,116,1,230.07
2.6206e+06,2.839,0.373,-14.898,117,1,230.01
2.6206e+06,2.836,0.363,-14.884,109,1,229.58
2.6206e+06,2.836,0.352,-14.886,109,1,229.64
2.6206e+06,2.835,0.341,-14.88,104,1,229.45
2.6206e+06,2.835,0.33,-14.876,108,1,229.33
2.6206e+06,2.833,0.32,-14.87,107,1,229.14
2.6206e+06,2.832,0.309,-14.864,110,1,228.96
2.6206e+06,2.831,0.298,-14.859,110,1,228.8
2.6206e+06,2.83,0.288,-14.855,108,1,228.68
2.6206e+06,2.829,0.277,-14.85,107,1,228.53
2.6206e+06,2.829,0.266,-14.846,107,1,228.41
2.6206e+06,2.826,0.245,-14.834,8,1,228.03
2.6206e+06,2.825,0.235,-14.825,6,1,227.76
2.6206e+06,2.823,0.224,-14.819,108,1,227.57
2.6206e+06,2.823,0.213,-14.815,118,1,227.45
2.6206e+06,2.823,0.203,-14.816,108,1,227.48
2.6206e+06,2.822,0.192,-14.809,62,1,227.27
2.6206e+06,2.82,0.182,-14.802,8,1,227.05
2.6206e+06,2.819,0.171,-14.795,8,1,226.84
2.6206e+06,2.819,0.16,-14.795,13,1,226.84
2.6206e+06,2.818,0.15,-14.788,108,1,226.63
2.6206e+06,2.817,0.139,-14.782,112,1,226.44
2.6206e+06,2.816,0.128,-14.776,108,1,226.26
2.6206e+06,2.814,0.118,-14.769,109,1,226.04
2.6206e+06,2.814,0.108,-14.769,115,1,226.04
2.6206e+06,2.813,0.097,-14.759,119,1,225.74
2.6206e+06,2.812,0.086,-14.754,108,1,225.59
2.6206e+06,2.812,0.076,-14.757,111,1,225.68
2.6206e+06,2.812,0.065,-14.755,12,1,225.62
2.6206e+06,2.81,0.055,-14.749,5,1,225.43
2.6206e+06,2.807,0.034,-14.734,56,1,224.97
2.6206e+06,2.807,0.023,-14.733,116,1,224.94
2.6206e+06,2.807,0.013,-14.729,114,1,224.82
2.6206e+06,2.806,0.002,-14.729,113,1,224.82
2.6206e+06,2.851,0.412,-14.917,27,1,230.65
2.6206e+06,2.851,0.402,-14.915,80,1,230.59
2.6206e+06,2.85,0.391,-14.912,113,1,230.49
2.6206e+06,2.849,0.38,-14.903,114,1,230.22
2.6206e+06,2.848,0.37,-14.9,118,1,230.12
2.6206e+06,2.847,0.359,-14.894,115,1,229.94
2.6206e+06,2.846,0.348,-14.889,109,1,229.78
2.6206e+06,2.845,0.338,-14.884,107,1,229.63
2.6206e+06,2.845,0.327,-14.881,106,1,229.54
2.6206e+06,2.844,0.316,-14.877,101,1,229.41
2.6206e+06,2.842,0.305,-14.868,107,1,229.13
2.6206e+06,2.841,0.294,-14.861,113,1,228.92
2.6206e+06,2.841,0.284,-14.864,107,1,229.01
2.6206e+06,2.84,0.273,-14.859,109,1,228.86
2.6206e+06,2.839,0.263,-14.854,97,1,228.7
2.6206e+06,2.837,0.241,-14.841,5,1,228.3
2.6206e+06,2.836,0.231,-14.836,14,1,228.15
2.6206e+06,2.834,0.22,-14.828,117,1,227.9
2.6206e+06,2.833,0.209,-14.821,113,1,227.69
2.6206e+06,2.833,0.199,-14.82,107,1,227.66
2.6206e+06,2.831,0.188,-14.811,80,1,227.38
2.6206e+06,2.828,0.167,-14.797,10,1,226.95
2.6207e+06,2.827,0.156,-14.79,13,1,226.74
2.6207e+06,2.827,0.146,-14.788,114,1,226.68
2.6207e+06,2.827,0.135,-14.788,114,1,226.68
2.6207e+06,2.826,0.125,-14.781,113,1,226.46
2.6207e+06,2.825,0.115,-14.777,111,1,226.34
2.6207e+06,2.824,0.104,-14.774,111,1,226.25
2.6207e+06,2.824,0.093,-14.773,114,1,226.22
2.6207e+06,2.822,0.083,-14.76,111,1,225.82
2.6207e+06,2.822,0.072,-14.764,110,1,225.94
2.6207e+06,2.821,0.062,-14.757,20,1,225.73
2.6207e+06,2.82,0.052,-14.755,7,1,225.66
2.6207e+06,2.82,0.041,-14.752,7,1,225.57
2.6207e+06,2.817,0.03,-14.736,56,1,225.09
2.6207e+06,2.817,0.02,-14.738,113,1,225.14
2.6207e+06,2.816,0.009,-14.732,111,1,224.96
2.6207e+06,2.865,0.415,-14.929,16,1,231.08
2.6207e+06,2.864,0.404,-14.925,20,1,230.96
2.6207e+06,2.862,0.393,-14.916,109,1,230.68
2.6207e+06,2.862,0.383,-14.917,108,1,230.71
2.6207e+06,2.86,0.372,-14.906,119,1,230.37
2.6207e+06,2.859,0.361,-14.9,120,1,230.18
2.6207e+06,2.858,0.35,-14.896,113,1,230.06
2.6207e+06,2.858,0.34,-14.891,108,1,229.91
2.6207e+06,2.857,0.329,-14.89,106,1,229.87
2.6207e+06,2.856,0.319,-14.882,105,1,229.63
2.6207e+06,2.855,0.308,-14.877,108,1,229.48
2.6207e+06,2.855,0.297,-14.878,106,1,229.51
2.6207e+06,2.853,0.286,-14.87,108,1,229.26
2.6207e+06,2.852,0.275,-14.865,109,1,229.1
2.6207e+06,2.85,0.265,-14.854,111,1,228.76
2.6207e+06,2.852,0.255,-14.865,16,1,229.1
2.6207e+06,2.85,0.244,-14.851,7,1,228.67
2.6207e+06,2.849,0.233,-14.847,5,1,228.55
2.6207e+06,2.846,0.222,-14.83,90,1,228.03
2.6207e+06,2.846,0.212,-14.833,112,1,228.12
2.6207e+06,2.843,0.201,-14.816,107,1,227.6
2.6207e+06,2.844,0.191,-14.819,113,1,227.69
2.6207e+06,2.843,0.18,-14.815,46,1,227.57
2.6207e+06,2.842,0.169,-14.807,5,1,227.32
2.6207e+06,2.842,0.159,-14.81,9,1,227.41
2.6207e+06,2.839,0.148,-14.797,7,1,227.01
2.6207e+06,2.838,0.138,-14.789,62,1,226.77
2.6207e+06,2.839,0.127,-14.791,106,1,226.83
2.6207e+06,2.838,0.116,-14.788,112,1,226.74
2.6207e+06,2.836,0.106,-14.778,112,1,226.43
2.6207e+06,2.836,0.096,-14.779,111,1,226.46
2.6207e+06,2.834,0.085,-14.77,118,1,226.18
2.6207e+06,2.834,0.075,-14.769,104,1,226.15
2.6207e+06,2.833,0.064,-14.762,9,1,225.94
2.6207e+06,2.832,0.053,-14.757,5,1,225.79
2.6207e+06,2.832,0.043,-14.758,9,1,225.82
2.6207e+06,2.831,0.032,-14.752,13,1,225.64
2.6207e+06,2.83,0.022,-14.746,112,1,225.45
2.6207e+06,2.829,0.012,-14.741,115,1,225.3
2.6207e+06,2.828,0.001,-14.736,112,1,225.15
2.6207e+06,2.878,0.405,-14.929,25,1,231.16
2.6207e+06,2.877,0.395,-14.927,109,1,231.09
2.6207e+06,2.875,0.384,-14.916,113,1,230.75
2.6207e+06,2.875,0.373,-14.916,111,1,230.75
2.6207e+06,2.873,0.363,-14.905,115,1,230.41
2.6207e+06,2.873,0.352,-14.906,111,1,230.44
2.6207e+06,2.872,0.341,-14.899,99,1,230.23
2.6207e+06,2.872,0.331,-14.899,106,1,230.23
2.6207e+06,2.87,0.319,-14.889,108,1,229.92
2.6207e+06,2.869,0.309,-14.886,108,1,229.82
2.6207e+06,2.868,0.299,-14.879,107,1,229.61
2.6207e+06,2.867,0.288,-14.872,109,1,229.4
2.6207e+06,2.867,0.277,-14.872,110,1,229.4
2.6207e+06,2.865,0.266,-14.862,107,1,229.09
2.6207e+06,2.865,0.255,-14.861,105,1,229.06
2.6207e+06,2.862,0.245,-14.85,115,1,228.71
2.6207e+06,2.863,0.235,-14.851,101,1,228.75
2.6207e+06,2.861,0.224,-14.844,78,1,228.53
2.6207e+06,2.86,0.213,-14.837,121,1,228.32
2.6207e+06,2.858,0.202,-14.827,109,1,228.01
2.6207e+06,2.858,0.192,-14.825,114,1,227.95
2.6207e+06,2.856,0.182,-14.819,112,1,227.76
2.6207e+06,2.856,0.171,-14.818,59,1,227.73
2.6207e+06,2.855,0.16,-14.813,11,1,227.58
2.6207e+06,2.854,0.149,-14.804,4,1,227.3
2.6207e+06,2.85,0.107,-14.785,14,1,226.72
2.6207e+06,2.849,0.097,-14.778,16,1,226.51
2.6207e+06,2.849,0.086,-14.776,9,1,226.45
2.6207e+06,2.848,0.076,-14.775,10,1,226.41
2.6207e+06,2.848,0.065,-14.775,8,1,226.41
2.6207e+06,2.846,0.054,-14.763,9,1,226.05
2.6207e+06,2.847,0.044,-14.767,6,1,226.17
2.6207e+06,2.844,0.034,-14.752,12,1,225.71
2.6207e+06,2.843,0.023,-14.75,113,1,225.65
2.6207e+06,2.843,0.013,-14.747,119,1,225.56
2.6207e+06,2.842,0.002,-14.742,118,1,225.4
2.6208e+06,2.886,0.403,-14.933,39,1,231.32
2.6208e+06,2.885,0.392,-14.927,112,1,231.14
2.6208e+06,2.884,0.382,-14.925,117,1,231.07
2.6208e+06,2.883,0.37,-14.917,111,1,230.83
2.6208e+06,2.882,0.36,-14.912,116,1,230.67
2.6208e+06,2.881,0.349,-14.909,114,1,230.58
2.6208e+06,2.881,0.338,-14.907,106,1,230.52
2.6208e+06,2.88,0.328,-14.901,109,1,230.33
2.6208e+06,2.878,0.317,-14.892,108,1,230.05
2.6208e+06,2.877,0.306,-14.888,109,1,229.93
2.6208e+06,2.877,0.296,-14.887,102,1,229.9
2.6208e+06,2.877,0.285,-14.885,105,1,229.84
2.6208e+06,2.874,0.274,-14.868,112,1,229.32
2.6208e+06,2.873,0.264,-14.865,109,1,229.22
2.6208e+06,2.872,0.253,-14.862,113,1,229.13
2.6208e+06,2.871,0.242,-14.854,111,1,228.88
2.6208e+06,2.87,0.231,-14.85,111,1,228.76
2.6208e+06,2.869,0.221,-14.844,113,1,228.58
2.6208e+06,2.869,0.211,-14.844,111,1,228.58
2.6208e+06,2.866,0.199,-14.833,114,1,228.23
2.6208e+06,2.866,0.189,-14.829,118,1,228.11
2.6208e+06,2.866,0.178,-14.828,107,1,228.08
2.6208e+06,2.865,0.168,-14.824,107,1,227.96
2.6208e+06,2.864,0.157,-14.817,26,1,227.75
2.6208e+06,2.863,0.147,-14.812,7,1,227.59
2.6208e+06,2.86,0.115,-14.797,10,1,227.13
2.6208e+06,2.859,0.105,-14.79,11,1,226.92
2.6208e+06,2.858,0.094,-14.787,10,1,226.82
2.6208e+06,2.858,0.083,-14.785,11,1,226.76
2.6208e+06,2.856,0.073,-14.778,7,1,226.55
2.6208e+06,2.854,0.062,-14.767,7,1,226.21
2.6208e+06,2.854,0.052,-14.766,11,1,226.18
2.6208e+06,2.854,0.041,-14.767,11,1,226.21
2.6208e+06,2.853,0.031,-14.764,98,1,226.12
2.6208e+06,2.852,0.02,-14.757,113,1,225.9
2.6208e+06,2.851,0.009,-14.752,112,1,225.75
2.6208e+06,2.898,0.407,-14.942,23,1,231.66
2.6208e+06,2.9,0.397,-14.948,29,1,231.85
2.6208e+06,2.898,0.386,-14.938,114,1,231.54
2.6208e+06,2.897,0.375,-14.934,111,1,231.42
2.6208e+06,2.895,0.364,-14.923,109,1,231.08
2.6208e+06,2.895,0.354,-14.923,113,1,231.08
2.6208e+06,2.894,0.343,-14.915,111,1,230.83
2.6208e+06,2.893,0.332,-14.913,106,1,230.77
2.6208e+06,2.891,0.322,-14.904,110,1,230.49
2.6208e+06,2.891,0.311,-14.902,104,1,230.43
2.6208e+06,2.889,0.3,-14.893,105,1,230.15
2.6208e+06,2.889,0.289,-14.89,108,1,230.06
2.6208e+06,2.887,0.279,-14.882,111,1,229.81
2.6208e+06,2.886,0.268,-14.877,112,1,229.65
2.6208e+06,2.885,0.257,-14.868,112,1,229.38
2.6208e+06,2.884,0.247,-14.864,112,1,229.26
2.6208e+06,2.883,0.236,-14.859,117,1,229.1
2.6208e+06,2.882,0.226,-14.856,113,1,229.01
2.6208e+06,2.881,0.214,-14.849,113,1,228.79
2.6208e+06,2.88,0.204,-14.843,112,1,228.61
2.6208e+06,2.879,0.194,-14.84,111,1,228.51
2.6208e+06,2.878,0.183,-14.836,110,1,228.39
2.6208e+06,2.877,0.172,-14.83,114,1,228.21
2.6208e+06,2.876,0.162,-14.824,111,1,228.02
2.6208e+06,2.875,0.151,-14.819,108,1,227.87
2.6208e+06,2.875,0.141,-14.819,79,1,227.87
2.6208e+06,2.874,0.13,-14.811,15,1,227.63
2.6208e+06,2.873,0.119,-14.807,9,1,227.5
2.6208e+06,2.872,0.109,-14.803,8,1,227.38
2.6208e+06,2.87,0.098,-14.793,4,1,227.07
2.6208e+06,2.869,0.088,-14.789,7,1,226.95
2.6208e+06,2.869,0.077,-14.789,6,1,226.95
2.6208e+06,2.868,0.067,-14.781,8,1,226.7
2.6208e+06,2.868,0.056,-14.782,6,1,226.73
2.6208e+06,2.866,0.045,-14.771,69,1,226.4
2.6208e+06,2.865,0.035,-14.769,110,1,226.33
2.6208e+06,2.865,0.025,-14.764,119,1,226.18
2.6208e+06,2.863,0.014,-14.757,107,1,225.97
2.6208e+06,2.862,0.004,-14.755,113,1,225.9
2.6208e+06,2.915,0.399,-14.952,32,1,232.06
2.6208e+06,2.914,0.388,-14.944,99,1,231.81
2.6208e+06,2.912,0.377,-14.937,110,1,231.59
2.6208e+06,2.911,0.366,-14.931,113,1,231.41
2.6208e+06,2.911,0.356,-14.926,115,1,231.26
2.6208e+06,2.908,0.345,-14.912,108,1,230.82
2.6208e+06,2.909,0.335,-14.917,103,1,230.98
2.6208e+06,2.908,0.324,-14.911,109,1,230.79
2.6208e+06,2.907,0.313,-14.907,106,1,230.67
2.6208e+06,2.906,0.302,-14.902,107,1,230.51
2.6208e+06,2.905,0.292,-14.899,99,1,230.42
2.6208e+06,2.904,0.281,-14.892,103,1,230.2
2.6208e+06,2.902,0.27,-14.884,107,1,229.96
2.6208e+06,2.902,0.259,-14.881,106,1,229.87
2.6208e+06,2.899,0.249,-14.866,111,1,229.4
2.6208e+06,2.9,0.238,-14.871,112,1,229.56
2.6208e+06,2.899,0.228,-14.865,110,1,229.37
2.6208e+06,2.898,0.217,-14.861,105,1,229.25
2.6209e+06,2.896,0.206,-14.853,83,1,229
2.6209e+06,2.895,0.196,-14.844,81,1,228.73
2.6209e+06,2.894,0.185,-14.842,85,1,228.66
2.6209e+06,2.893,0.175,-14.836,101,1,228.48
2.6209e+06,2.893,0.164,-14.835,105,1,228.45
2.6209e+06,2.891,0.153,-14.825,113,1,228.14
2.6209e+06,2.889,0.142,-14.818,111,1,227.92
2.6209e+06,2.888,0.132,-14.809,112,1,227.65
2.6209e+06,2.888,0.122,-14.813,113,1,227.77
2.6209e+06,2.887,0.111,-14.804,116,1,227.49
2.6209e+06,2.886,0.1,-14.802,112,1,227.43
2.6209e+06,2.885,0.09,-14.797,108,1,227.27
2.6209e+06,2.885,0.079,-14.793,112,1,227.16
2.6209e+06,2.884,0.068,-14.791,112,1,227.09
2.6209e+06,2.884,0.058,-14.789,110,1,227.03
2.6209e+06,2.882,0.047,-14.781,117,1,226.78
2.6209e+06,2.881,0.037,-14.774,109,1,226.57
2.6209e+06,2.881,0.026,-14.773,109,1,226.54
2.6209e+06,2.879,0.016,-14.767,111,1,226.35
2.6209e+06,2.88,0.005,-14.767,108,1,226.36
2.6209e+06,2.923,0.396,-14.952,35,1,232.11
2.6209e+06,2.922,0.385,-14.949,98,1,232.01
2.6209e+06,2.921,0.375,-14.941,112,1,231.77
2.6209e+06,2.92,0.364,-14.936,113,1,231.61
2.6209e+06,2.919,0.353,-14.932,113,1,231.49
2.6209e+06,2.918,0.342,-14.924,114,1,231.24
2.6209e+06,2.917,0.331,-14.92,108,1,231.12
2.6209e+06,2.917,0.321,-14.92,100,1,231.12
2.6209e+06,2.915,0.31,-14.912,108,1,230.86
2.6209e+06,2.914,0.299,-14.908,107,1,230.74
2.6209e+06,2.912,0.288,-14.896,107,1,230.37
2.6209e+06,2.912,0.278,-14.896,105,1,230.37
2.6209e+06,2.911,0.267,-14.889,109,1,230.16
2.6209e+06,2.911,0.257,-14.887,105,1,230.1
2.6209e+06,2.909,0.246,-14.878,106,1,229.82
2.6209e+06,2.908,0.235,-14.876,55,1,229.75
2.6209e+06,2.911,0.225,-14.887,9,1,230.1
2.6209e+06,2.908,0.214,-14.873,6,1,229.66
2.6209e+06,2.904,0.192,-14.85,8,1,228.96
2.6209e+06,2.904,0.182,-14.855,9,1,229.1
2.6209e+06,2.901,0.161,-14.835,10,1,228.49
2.6209e+06,2.899,0.15,-14.83,9,1,228.33
2.6209e+06,2.898,0.14,-14.824,14,1,228.15
2.6209e+06,2.896,0.129,-14.811,38,1,227.75
2.6209e+06,2.896,0.118,-14.813,76,1,227.81
2.6209e+06,2.896,0.108,-14.812,105,1,227.78
2.6209e+06,2.894,0.097,-14.802,113,1,227.47
2.6209e+06,2.894,0.087,-14.799,114,1,227.39
2.6209e+06,2.893,0.076,-14.797,120,1,227.32
2.6209e+06,2.892,0.065,-14.79,118,1,227.11
2.6209e+06,2.892,0.055,-14.791,114,1,227.14
2.6209e+06,2.89,0.044,-14.781,118,1,226.83
2.6209e+06,2.889,0.034,-14.776,109,1,226.68
2.6209e+06,2.889,0.023,-14.775,119,1,226.65
2.6209e+06,2.889,0.013,-14.774,108,1,226.62
2.6209e+06,2.887,0.002,-14.764,114,1,226.31
2.6209e+06,2.934,0.387,-14.955,28,1,232.26
2.6209e+06,2.933,0.377,-14.949,111,1,232.08
2.6209e+06,2.931,0.366,-14.941,109,1,231.82
2.6209e+06,2.93,0.355,-14.936,113,1,231.67
2.6209e+06,2.929,0.345,-14.929,113,1,231.45
2.6209e+06,2.928,0.334,-14.927,110,1,231.39
2.6209e+06,2.928,0.323,-14.923,103,1,231.27
2.6209e+06,2.927,0.312,-14.921,105,1,231.2
2.6209e+06,2.926,0.302,-14.915,107,1,231.02
2.6209e+06,2.925,0.291,-14.911,106,1,230.89
2.6209e+06,2.924,0.28,-14.906,105,1,230.74
2.6209e+06,2.922,0.269,-14.894,108,1,230.37
2.6209e+06,2.922,0.259,-14.896,106,1,230.43
2.6209e+06,2.921,0.248,-14.889,86,1,230.21
2.6209e+06,2.92,0.216,-14.882,8,1,230
2.6209e+06,2.917,0.194,-14.865,5,1,229.48
2.6209e+06,2.916,0.184,-14.864,8,1,229.44
2.6209e+06,2.914,0.163,-14.853,6,1,229.1
2.6209e+06,2.911,0.141,-14.836,8,1,228.58
2.6209e+06,2.905,0.099,-14.809,7,1,227.75
2.6209e+06,2.906,0.089,-14.811,10,1,227.81
2.6209e+06,2.904,0.078,-14.8,18,1,227.47
2.6209e+06,2.905,0.068,-14.804,85,1,227.6
2.6209e+06,2.902,0.057,-14.79,109,1,227.17
2.6209e+06,2.902,0.047,-14.79,112,1,227.17
2.6209e+06,2.901,0.036,-14.785,116,1,227.01
2.6209e+06,2.9,0.025,-14.78,116,1,226.86
2.6209e+06,2.899,0.015,-14.776,108,1,226.73
2.6209e+06,2.899,0.004,-14.776,110,1,226.73
2.6209e+06,2.951,0.388,-14.964,27,1,232.63
2.6209e+06,2.95,0.377,-14.961,69,1,232.53
2.621e+06,2.947,0.366,-14.947,109,1,232.1
2.621e+06,2.947,0.356,-14.947,112,1,232.1
2.621e+06,2.947,0.345,-14.943,113,1,231.98
2.621e+06,2.945,0.334,-14.934,109,1,231.7
2.621e+06,2.944,0.323,-14.931,106,1,231.6
2.621e+06,2.944,0.313,-14.928,104,1,231.51
2.621e+06,2.943,0.302,-14.922,104,1,231.33
2.621e+06,2.941,0.291,-14.914,99,1,231.08
2.621e+06,2.941,0.28,-14.913,106,1,231.05
2.621e+06,2.938,0.269,-14.897,108,1,230.55
2.621e+06,2.938,0.259,-14.896,109,1,230.52
2.621e+06,2.938,0.248,-14.898,45,1,230.58
2.621e+06,2.934,0.216,-14.882,9,1,230.08
2.621e+06,2.935,0.206,-14.883,24,1,230.12
2.621e+06,2.932,0.195,-14.869,63,1,229.68
2.621e+06,2.932,0.184,-14.868,80,1,229.65
2.621e+06,2.93,0.174,-14.858,69,1,229.35
2.621e+06,2.929,0.163,-14.853,49,1,229.19
2.621e+06,2.927,0.152,-14.842,20,1,228.85
2.621e+06,2.928,0.142,-14.849,8,1,229.07
2.621e+06,2.929,0.131,-14.851,9,1,229.13
2.621e+06,2.925,0.12,-14.836,8,1,228.66
2.621e+06,2.924,0.11,-14.828,10,1,228.42
2.621e+06,2.922,0.1,-14.819,9,1,228.14
2.621e+06,2.922,0.078,-14.816,8,1,228.05
2.621e+06,2.919,0.057,-14.801,6,1,227.59
2.621e+06,2.918,0.047,-14.797,11,1,227.47
2.621e+06,2.917,0.036,-14.789,108,1,227.22
2.621e+06,2.917,0.025,-14.79,112,1,227.25
2.621e+06,2.916,0.015,-14.787,108,1,227.16
2.621e+06,2.915,0.004,-14.784,111,1,227.06
2.621e+06,2.959,0.376,-14.965,25,1,232.71
2.621e+06,2.957,0.366,-14.953,113,1,232.34
2.621e+06,2.957,0.355,-14.953,108,1,232.34
2.621e+06,2.955,0.344,-14.942,111,1,232
2.621e+06,2.954,0.333,-14.938,115,1,231.87
2.621e+06,2.953,0.322,-14.933,109,1,231.71
2.621e+06,2.953,0.312,-14.932,106,1,231.68
2.621e+06,2.952,0.301,-14.925,113,1,231.47
2.621e+06,2.95,0.29,-14.917,103,1,231.22
2.621e+06,2.95,0.28,-14.917,107,1,231.22
2.621e+06,2.948,0.258,-14.907,105,1,230.91
2.621e+06,2.947,0.248,-14.904,40,1,230.81
2.621e+06,2.943,0.215,-14.882,24,1,230.14
2.621e+06,2.942,0.205,-14.878,110,1,230.01
2.621e+06,2.94,0.194,-14.867,114,1,229.67
2.621e+06,2.939,0.184,-14.863,113,1,229.55
2.621e+06,2.938,0.173,-14.855,115,1,229.3
2.621e+06,2.938,0.162,-14.853,119,1,229.24
2.621e+06,2.937,0.151,-14.848,115,1,229.09
2.621e+06,2.935,0.141,-14.843,111,1,228.93
2.621e+06,2.935,0.13,-14.839,108,1,228.81
2.621e+06,2.935,0.12,-14.84,104,1,228.84
2.621e+06,2.934,0.109,-14.837,82,1,228.74
2.621e+06,2.933,0.098,-14.832,46,1,228.59
2.621e+06,2.934,0.088,-14.833,18,1,228.63
2.621e+06,2.931,0.078,-14.821,7,1,228.25
2.621e+06,2.93,0.067,-14.814,12,1,228.04
2.621e+06,2.929,0.056,-14.81,12,1,227.92
2.621e+06,2.928,0.035,-14.804,9,1,227.73
2.621e+06,2.926,0.025,-14.795,100,1,227.45
2.621e+06,2.925,0.014,-14.791,109,1,227.33
2.621e+06,2.923,0.004,-14.78,117,1,226.99
2.621e+06,2.969,0.37,-14.969,29,1,232.89
2.621e+06,2.967,0.359,-14.958,113,1,232.54
2.621e+06,2.966,0.349,-14.955,110,1,232.45
2.621e+06,2.964,0.338,-14.945,111,1,232.14
2.621e+06,2.963,0.327,-14.938,111,1,231.92
2.621e+06,2.962,0.316,-14.936,112,1,231.86
2.621e+06,2.962,0.306,-14.935,98,1,231.83
2.621e+06,2.961,0.295,-14.929,100,1,231.64
2.621e+06,2.961,0.284,-14.926,108,1,231.55
2.621e+06,2.959,0.273,-14.918,106,1,231.3
2.621e+06,2.958,0.263,-14.915,110,1,231.21
2.621e+06,2.957,0.252,-14.908,105,1,230.99
2.621e+06,2.952,0.209,-14.883,108,1,230.22
2.621e+06,2.951,0.199,-14.875,114,1,229.97
2.621e+06,2.95,0.188,-14.875,110,1,229.97
2.621e+06,2.948,0.177,-14.861,110,1,229.54
2.621e+06,2.947,0.167,-14.86,111,1,229.5
2.621e+06,2.946,0.156,-14.853,113,1,229.29
2.621e+06,2.946,0.146,-14.852,109,1,229.26
2.621e+06,2.944,0.135,-14.844,110,1,229.01
2.621e+06,2.944,0.124,-14.843,117,1,228.98
2.621e+06,2.944,0.114,-14.84,105,1,228.89
2.621e+06,2.941,0.103,-14.83,113,1,228.58
2.621e+06,2.941,0.093,-14.828,114,1,228.52
2.621e+06,2.94,0.082,-14.821,109,1,228.31
2.621e+06,2.94,0.071,-14.821,93,1,228.31
2.621e+06,2.939,0.061,-14.816,16,1,228.15
2.621e+06,2.939,0.05,-14.819,12,1,228.24
2.621e+06,2.937,0.04,-14.809,10,1,227.93
2.621e+06,2.937,0.029,-14.804,11,1,227.78
2.621e+06,2.934,0.019,-14.795,106,1,227.5
2.621e+06,2.933,0.008,-14.786,114,1,227.23
2.6211e+06,2.985,0.363,-14.973,21,1,233.1
2.6211e+06,2.983,0.352,-14.963,112,1,232.79
2.6211e+06,2.983,0.341,-14.96,109,1,232.7
2.6211e+06,2.981,0.33,-14.956,109,1,232.57
2.6211e+06,2.98,0.32,-14.948,114,1,232.32
2.6211e+06,2.98,0.309,-14.947,109,1,232.29
2.6211e+06,2.979,0.298,-14.942,102,1,232.14
2.6211e+06,2.977,0.287,-14.934,106,1,231.89
2.6211e+06,2.976,0.276,-14.928,102,1,231.7
2.6211e+06,2.975,0.266,-14.925,107,1,231.61
2.6211e+06,2.974,0.255,-14.92,107,1,231.45
2.6211e+06,2.973,0.245,-14.914,101,1,231.27
2.6211e+06,2.968,0.202,-14.89,22,1,230.52
2.6211e+06,2.967,0.191,-14.885,96,1,230.37
2.6211e+06,2.966,0.181,-14.875,113,1,230.06
2.6211e+06,2.965,0.17,-14.874,112,1,230.03
2.6211e+06,2.965,0.159,-14.872,113,1,229.97
2.6211e+06,2.963,0.149,-14.86,113,1,229.6
2.6211e+06,2.962,0.138,-14.858,116,1,229.53
2.6211e+06,2.961,0.127,-14.854,110,1,229.41
2.6211e+06,2.96,0.117,-14.849,109,1,229.25
2.6211e+06,2.959,0.106,-14.844,117,1,229.1
2.6211e+06,2.958,0.096,-14.837,110,1,228.89
2.6211e+06,2.957,0.085,-14.83,113,1,228.67
2.6211e+06,2.956,0.074,-14.826,115,1,228.55
2.6211e+06,2.955,0.064,-14.821,115,1,228.39
2.6211e+06,2.954,0.053,-14.818,108,1,228.3
2.6211e+06,2.954,0.022,-14.815,9,1,228.21
2.6211e+06,2.951,0.011,-14.8,106,1,227.75
2.6211e+06,2.949,0,-14.794,112,1,227.56
2.6211e+06,2.993,0.36,-14.975,32,1,233.21
2.6211e+06,2.993,0.35,-14.976,73,1,233.24
2.6211e+06,2.99,0.338,-14.961,112,1,232.77
2.6211e+06,2.991,0.328,-14.962,114,1,232.81
2.6211e+06,2.99,0.317,-14.955,106,1,232.59
2.6211e+06,2.988,0.306,-14.947,113,1,232.34
2.6211e+06,2.985,0.296,-14.934,110,1,231.93
2.6211e+06,2.986,0.285,-14.938,108,1,232.06
2.6211e+06,2.985,0.274,-14.932,108,1,231.87
2.6211e+06,2.983,0.263,-14.925,109,1,231.65
2.6211e+06,2.983,0.252,-14.922,109,1,231.56
2.6211e+06,2.981,0.242,-14.915,109,1,231.34
2.6211e+06,2.981,0.231,-14.914,68,1,231.31
2.6211e+06,2.978,0.189,-14.899,8,1,230.85
2.6211e+06,2.974,0.178,-14.877,22,1,230.17
2.6211e+06,2.974,0.167,-14.877,84,1,230.17
2.6211e+06,2.973,0.156,-14.873,105,1,230.04
2.6211e+06,2.971,0.146,-14.865,114,1,229.8
2.6211e+06,2.971,0.135,-14.861,112,1,229.68
2.6211e+06,2.969,0.124,-14.851,112,1,229.37
2.6211e+06,2.969,0.114,-14.852,113,1,229.4
2.6211e+06,2.967,0.103,-14.844,112,1,229.15
2.6211e+06,2.967,0.093,-14.841,112,1,229.06
2.6211e+06,2.966,0.082,-14.835,113,1,228.87
2.6211e+06,2.965,0.072,-14.833,115,1,228.81
2.6211e+06,2.964,0.061,-14.826,116,1,228.6
2.6211e+06,2.964,0.051,-14.825,86,1,228.57
2.6211e+06,2.964,0.04,-14.826,12,1,228.6
2.6211e+06,2.962,0.029,-14.816,10,1,228.29
2.6211e+06,2.961,0.019,-14.815,10,1,228.25
2.6211e+06,2.96,0.008,-14.806,112,1,227.98
2.6211e+06,3.003,0.352,-14.977,34,1,233.33
2.6211e+06,3.002,0.342,-14.975,79,1,233.26
2.6211e+06,2.999,0.331,-14.959,111,1,232.77
2.6211e+06,2.998,0.32,-14.953,110,1,232.58
2.6211e+06,2.996,0.309,-14.942,115,1,232.24
2.6211e+06,2.997,0.299,-14.946,109,1,232.36
2.6211e+06,2.996,0.287,-14.942,112,1,232.24
2.6211e+06,2.995,0.277,-14.939,106,1,232.14
2.6211e+06,2.994,0.266,-14.932,109,1,231.93
2.6211e+06,2.993,0.255,-14.928,108,1,231.8
2.6211e+06,2.992,0.245,-14.925,105,1,231.71
2.6211e+06,2.991,0.234,-14.917,111,1,231.46
2.6211e+06,2.99,0.224,-14.916,89,1,231.43
2.6211e+06,2.985,0.17,-14.889,6,1,230.59
2.6211e+06,2.982,0.149,-14.875,6,1,230.16
2.6211e+06,2.986,0.139,-14.892,8,1,230.69
2.6211e+06,2.981,0.127,-14.867,20,1,229.91
2.6211e+06,2.979,0.117,-14.858,48,1,229.63
2.6211e+06,2.978,0.106,-14.851,75,1,229.42
2.6211e+06,2.977,0.096,-14.849,84,1,229.36
2.6211e+06,2.976,0.085,-14.842,88,1,229.14
2.6211e+06,2.975,0.075,-14.837,86,1,228.99
2.6211e+06,2.973,0.064,-14.829,70,1,228.74
2.6211e+06,2.974,0.054,-14.835,9,1,228.92
2.6211e+06,2.974,0.043,-14.833,7,1,228.86
2.6211e+06,2.97,0.011,-14.81,90,1,228.16
2.6211e+06,2.969,0,-14.807,113,1,228.06
2.6211e+06,3.018,0.343,-14.978,39,1,233.45
2.6211e+06,3.023,0.333,-15.003,59,1,234.23
2.6211e+06,3.016,0.321,-14.969,107,1,233.17
2.6211e+06,3.015,0.31,-14.964,111,1,233.01
2.6211e+06,3.013,0.299,-14.951,114,1,232.61
2.6211e+06,3.012,0.289,-14.949,110,1,232.54
2.6211e+06,3.011,0.278,-14.944,110,1,232.39
2.6211e+06,3.011,0.267,-14.943,107,1,232.36
2.6212e+06,3.009,0.257,-14.934,106,1,232.08
2.6212e+06,3.007,0.246,-14.925,110,1,231.8
2.6212e+06,3.007,0.235,-14.925,109,1,231.8
2.6212e+06,3.007,0.224,-14.92,104,1,231.65
2.6212e+06,3.005,0.214,-14.914,112,1,231.46
2.6212e+06,3.004,0.203,-14.907,106,1,231.24
2.6212e+06,3.005,0.192,-14.912,68,1,231.4
2.6212e+06,3.001,0.171,-14.894,6,1,230.84
2.6212e+06,3.001,0.149,-14.892,5,1,230.78
2.6212e+06,2.999,0.107,-14.882,6,1,230.47
2.6212e+06,2.996,0.086,-14.866,7,1,229.97
2.6212e+06,2.989,0.033,-14.831,8,1,228.89
2.6212e+06,2.988,0.023,-14.829,8,1,228.83
2.6212e+06,2.986,0.012,-14.816,109,1,228.43
2.6212e+06,2.985,0.001,-14.812,113,1,228.31
2.6212e+06,3.029,0.329,-14.99,31,1,233.87
2.6212e+06,3.026,0.318,-14.973,108,1,233.35
2.6212e+06,3.024,0.307,-14.964,114,1,233.07
2.6212e+06,3.023,0.296,-14.96,114,1,232.94
2.6212e+06,3.023,0.285,-14.957,110,1,232.85
2.6212e+06,3.02,0.275,-14.946,109,1,232.5
2.6212e+06,3.02,0.264,-14.944,109,1,232.44
2.6212e+06,3.019,0.253,-14.938,110,1,232.26
2.6212e+06,3.018,0.242,-14.934,112,1,232.13
2.6212e+06,3.016,0.231,-14.925,116,1,231.85
2.6212e+06,3.015,0.221,-14.92,115,1,231.7
2.6212e+06,3.015,0.211,-14.921,109,1,231.73
2.6212e+06,3.014,0.199,-14.913,109,1,231.48
2.6212e+06,3.013,0.189,-14.911,105,1,231.42
2.6212e+06,3.011,0.178,-14.903,110,1,231.17
2.6212e+06,3.011,0.168,-14.9,106,1,231.08
2.6212e+06,3.011,0.157,-14.9,64,1,231.08
2.6212e+06,3.01,0.146,-14.896,32,1,230.95
2.6212e+06,3.014,0.136,-14.915,13,1,231.54
2.6212e+06,3.008,0.125,-14.886,14,1,230.64
2.6212e+06,3.007,0.115,-14.883,10,1,230.55
2.6212e+06,3.006,0.104,-14.873,7,1,230.24
2.6212e+06,3.005,0.093,-14.871,7,1,230.18
2.6212e+06,3.007,0.083,-14.879,10,1,230.43
2.6212e+06,3.002,0.061,-14.856,7,1,229.71
2.6212e+06,3.001,0.051,-14.849,6,1,229.5
2.6212e+06,3.001,0.04,-14.851,9,1,229.56
2.6212e+06,2.998,0.03,-14.833,27,1,229.01
2.6212e+06,2.997,0.019,-14.831,118,1,228.94
2.6212e+06,2.996,0.008,-14.823,117,1,228.7
2.6212e+06,3.037,0.319,-14.979,28,1,233.59
2.6212e+06,3.036,0.309,-14.976,101,1,233.5
2.6212e+06,3.033,0.298,-14.963,109,1,233.09
2.6212e+06,3.034,0.287,-14.964,108,1,233.13
2.6212e+06,3.031,0.276,-14.951,119,1,232.72
2.6212e+06,3.031,0.266,-14.951,112,1,232.72
2.6212e+06,3.03,0.255,-14.946,114,1,232.56
2.6212e+06,3.03,0.244,-14.946,107,1,232.56
2.6212e+06,3.029,0.233,-14.94,109,1,232.38
2.6212e+06,3.026,0.222,-14.927,109,1,231.97
2.6212e+06,3.026,0.212,-14.925,110,1,231.91
2.6212e+06,3.024,0.201,-14.917,109,1,231.66
2.6212e+06,3.024,0.191,-14.915,112,1,231.6
2.6212e+06,3.023,0.18,-14.908,106,1,231.39
2.6212e+06,3.022,0.169,-14.903,113,1,231.23
2.6212e+06,3.02,0.158,-14.895,114,1,230.98
2.6212e+06,3.019,0.148,-14.889,113,1,230.8
2.6212e+06,3.018,0.137,-14.887,118,1,230.73
2.6212e+06,3.017,0.126,-14.882,108,1,230.58
2.6212e+06,3.017,0.116,-14.88,110,1,230.52
2.6212e+06,3.016,0.105,-14.875,106,1,230.36
2.6212e+06,3.015,0.095,-14.873,87,1,230.3
2.6212e+06,3.013,0.084,-14.864,82,1,230.02
2.6212e+06,3.012,0.073,-14.856,82,1,229.77
2.6212e+06,3.013,0.063,-14.858,86,1,229.84
2.6212e+06,3.011,0.052,-14.852,97,1,229.65
2.6212e+06,3.008,0.041,-14.837,108,1,229.18
2.6212e+06,3.007,0.031,-14.833,112,1,229.06
2.6212e+06,3.007,0.02,-14.834,114,1,229.09
2.6212e+06,3.006,0.01,-14.825,112,1,228.82
2.6212e+06,3.051,0.309,-14.983,32,1,233.8
2.6212e+06,3.049,0.299,-14.974,95,1,233.52
2.6212e+06,3.049,0.287,-14.972,107,1,233.46
2.6212e+06,3.047,0.277,-14.962,112,1,233.15
2.6212e+06,3.046,0.266,-14.959,108,1,233.05
2.6212e+06,3.045,0.255,-14.951,112,1,232.8
2.6212e+06,3.045,0.244,-14.95,116,1,232.77
2.6212e+06,3.043,0.234,-14.942,114,1,232.52
2.6212e+06,3.044,0.223,-14.945,106,1,232.62
2.6212e+06,3.041,0.212,-14.933,111,1,232.24
2.6212e+06,3.039,0.201,-14.922,119,1,231.9
2.6212e+06,3.039,0.191,-14.922,111,1,231.9
2.6212e+06,3.036,0.18,-14.905,109,1,231.38
2.6212e+06,3.036,0.169,-14.908,109,1,231.47
2.6212e+06,3.034,0.159,-14.9,109,1,231.22
2.6212e+06,3.034,0.148,-14.899,108,1,231.19
2.6212e+06,3.033,0.137,-14.889,109,1,230.88
2.6212e+06,3.032,0.127,-14.888,106,1,230.85
2.6212e+06,3.03,0.116,-14.88,115,1,230.6
2.6212e+06,3.029,0.105,-14.874,111,1,230.41
2.6212e+06,3.029,0.095,-14.873,112,1,230.38
2.6212e+06,3.028,0.084,-14.866,114,1,230.17
2.6212e+06,3.027,0.073,-14.865,115,1,230.13
2.6212e+06,3.026,0.063,-14.861,111,1,230.01
2.6212e+06,3.026,0.052,-14.855,110,1,229.83
2.6213e+06,3.023,0.042,-14.844,114,1,229.48
2.6213e+06,3.023,0.031,-14.841,116,1,229.39
2.6213e+06,3.022,0.02,-14.837,119,1,229.27
2.6213e+06,3.02,0.01,-14.829,109,1,229.02
2.6213e+06,3.062,0.294,-14.986,24,1,233.96
2.6213e+06,3.06,0.283,-14.977,98,1,233.67
2.6213e+06,3.059,0.272,-14.969,111,1,233.43
2.6213e+06,3.058,0.262,-14.967,109,1,233.36
2.6213e+06,3.057,0.251,-14.959,115,1,233.12
2.6213e+06,3.056,0.24,-14.956,108,1,233.02
2.6213e+06,3.054,0.229,-14.946,115,1,232.71
2.6213e+06,3.053,0.219,-14.941,113,1,232.55
2.6213e+06,3.052,0.208,-14.934,113,1,232.34
2.6213e+06,3.049,0.197,-14.923,111,1,231.99
2.6213e+06,3.049,0.186,-14.921,113,1,231.93
2.6213e+06,3.048,0.176,-14.917,109,1,231.81
2.6213e+06,3.047,0.165,-14.91,115,1,231.59
2.6213e+06,3.046,0.155,-14.907,111,1,231.5
2.6213e+06,3.045,0.144,-14.9,110,1,231.28
2.6213e+06,3.045,0.133,-14.902,110,1,231.34
2.6213e+06,3.043,0.123,-14.891,109,1,231
2.6213e+06,3.043,0.112,-14.889,112,1,230.94
2.6213e+06,3.041,0.101,-14.88,115,1,230.66
2.6213e+06,3.041,0.091,-14.881,112,1,230.69
2.6213e+06,3.039,0.08,-14.873,112,1,230.44
2.6213e+06,3.038,0.069,-14.868,117,1,230.29
2.6213e+06,3.038,0.058,-14.865,114,1,230.2
2.6213e+06,3.036,0.048,-14.859,113,1,230.01
2.6213e+06,3.034,0.038,-14.849,110,1,229.7
2.6213e+06,3.034,0.027,-14.849,108,1,229.7
2.6213e+06,3.033,0.016,-14.842,112,1,229.48
2.6213e+06,3.032,0.006,-14.835,112,1,229.27
2.6213e+06,3.072,0.289,-14.989,9,1,234.11
2.6213e+06,3.069,0.268,-14.974,105,1,233.64
2.6213e+06,3.067,0.257,-14.964,112,1,233.33
2.6213e+06,3.066,0.246,-14.962,112,1,233.26
2.6213e+06,3.065,0.235,-14.955,114,1,233.05
2.6213e+06,3.064,0.225,-14.951,114,1,232.92
2.6213e+06,3.064,0.214,-14.949,112,1,232.86
2.6213e+06,3.061,0.203,-14.936,112,1,232.45
2.6213e+06,3.062,0.193,-14.939,108,1,232.55
2.6213e+06,3.06,0.182,-14.929,109,1,232.24
2.6213e+06,3.059,0.171,-14.926,109,1,232.14
2.6213e+06,3.057,0.16,-14.917,113,1,231.86
2.6213e+06,3.055,0.149,-14.906,110,1,231.52
2.6213e+06,3.055,0.139,-14.903,110,1,231.43
2.6213e+06,3.053,0.128,-14.898,117,1,231.27
2.6213e+06,3.053,0.118,-14.896,110,1,231.21
2.6213e+06,3.052,0.107,-14.889,115,1,231
2.6213e+06,3.052,0.097,-14.889,109,1,231
2.6213e+06,3.05,0.086,-14.88,106,1,230.72
2.6213e+06,3.049,0.075,-14.877,110,1,230.62
2.6213e+06,3.048,0.065,-14.87,121,1,230.41
2.6213e+06,3.047,0.054,-14.868,114,1,230.34
2.6213e+06,3.046,0.043,-14.86,110,1,230.1
2.6213e+06,3.046,0.032,-14.86,108,1,230.1
2.6213e+06,3.044,0.022,-14.85,114,1,229.79
2.6213e+06,3.044,0.012,-14.849,118,1,229.76
2.6213e+06,3.042,0.001,-14.839,114,1,229.45
2.6213e+06,3.072,0.152,-14.923,108,1,232.13
2.6213e+06,3.07,0.141,-14.914,111,1,231.85
2.6213e+06,3.069,0.131,-14.908,115,1,231.67
2.6213e+06,3.068,0.12,-14.902,114,1,231.48
2.6213e+06,3.067,0.11,-14.899,108,1,231.39
2.6213e+06,3.065,0.099,-14.892,115,1,231.17
2.6213e+06,3.065,0.088,-14.89,109,1,231.11
2.6267e+06,3.064,0.078,-14.885,110,1,230.95
2.6267e+06,3.061,0.067,-14.872,109,1,230.55
2.6267e+06,3.062,0.056,-14.873,109,1,230.58
2.6267e+06,3.06,0.046,-14.865,111,1,230.33
2.6267e+06,3.059,0.035,-14.861,110,1,230.21
2.6267e+06,3.058,0.024,-14.856,112,1,230.05
2.6267e+06,3.057,0.014,-14.852,111,1,229.93
2.6267e+06,3.056,0.004,-14.848,118,1,229.8
2.6267e+06,3.071,0.033,-14.869,117,1,230.52
2.6267e+06,3.07,0.022,-14.867,118,1,230.45
2.6267e+06,3.068,0.012,-14.855,113,1,230.08
2.6267e+06,3.068,0.001,-14.855,109,1,230.08
