6.273,-0.009,-14.331,1
6.273,-0.02,-14.33,1
6.274,-0.031,-14.333,1
6.273,-0.042,-14.331,1
6.274,-0.053,-14.332,1
6.273,-0.064,-14.331,1
6.283,0,-14.33,1
6.283,-0.011,-14.329,1
6.284,-0.022,-14.332,1
6.283,-0.033,-14.33,1
6.283,-0.044,-14.329,1
6.282,-0.055,-14.327,1
6.28,-0.066,-14.323,1
6.291,-0.007,-14.325,1
6.291,-0.018,-14.325,1
6.292,-0.029,-14.328,1
6.29,-0.04,-14.323,1
6.291,-0.051,-14.324,1
6.293,-0.062,-14.328,1
6.292,-0.072,-14.326,2
6.304,-0.002,-14.321,1
6.305,-0.013,-14.323,1
6.305,-0.024,-14.322,1
6.305,-0.035,-14.321,1
6.305,-0.046,-14.323,1
6.304,-0.057,-14.319,1
6.303,-0.068,-14.318,2
6.306,-0.079,-14.325,2
6.315,-0.001,-14.322,1
6.315,-0.012,-14.322,1
6.314,-0.023,-14.321,1
6.313,-0.034,-14.319,1
6.313,-0.045,-14.318,1
6.312,-0.056,-14.315,1
6.314,-0.067,-14.319,2
6.313,-0.078,-14.319,2
6.322,-0.01,-14.316,1
6.323,-0.021,-14.318,1
6.323,-0.032,-14.317,1
6.322,-0.043,-14.315,1
6.321,-0.054,-14.313,1
6.323,-0.065,-14.316,1
6.323,-0.075,-14.316,1
6.334,-0.008,-14.307,1
6.336,-0.019,-14.311,1
6.335,-0.03,-14.308,1
6.335,-0.041,-14.308,1
6.335,-0.052,-14.309,1
6.336,-0.063,-14.31,1
6.335,-0.074,-14.309,1
6.34,-0.085,-14.321,2
6.345,-0.011,-14.311,1
6.345,-0.022,-14.309,1
6.344,-0.032,-14.309,1
6.343,-0.043,-14.304,1
6.343,-0.054,-14.306,1
6.343,-0.065,-14.306,1
6.343,-0.076,-14.305,1
6.35,-0.087,-14.322,2
6.356,-0.009,-14.309,1
6.353,-0.02,-14.303,1
6.353,-0.031,-14.303,1
6.352,-0.041,-14.302,1
6.352,-0.052,-14.302,1
6.352,-0.063,-14.3,1
6.353,-0.074,-14.304,1
6.353,-0.085,-14.304,2
6.368,-0.009,-14.302,1
6.367,-0.019,-14.299,1
6.366,-0.03,-14.298,1
6.367,-0.041,-14.299,1
6.364,-0.052,-14.292,1
6.366,-0.063,-14.297,1
6.366,-0.074,-14.297,2
6.367,-0.085,-14.3,2
6.376,-0.002,-14.295,1
6.378,-0.013,-14.3,1
6.377,-0.024,-14.298,1
6.376,-0.035,-14.297,1
6.376,-0.045,-14.296,1
6.374,-0.056,-14.293,1
6.376,-0.067,-14.296,2
6.376,-0.078,-14.295,2
6.385,-0.009,-14.291,1
6.385,-0.02,-14.292,1
6.384,-0.031,-14.29,1
6.384,-0.042,-14.29,1
6.384,-0.053,-14.29,1
6.385,-0.064,-14.292,1
6.385,-0.075,-14.292,2
6.398,-0.007,-14.29,1
6.398,-0.018,-14.288,1
6.398,-0.029,-14.288,1
6.397,-0.039,-14.285,1
6.399,-0.051,-14.29,1
6.398,-0.062,-14.288,2
6.397,-0.072,-14.286,2
6.406,-0.004,-14.285,1
6.407,-0.015,-14.287,1
6.406,-0.026,-14.285,1
6.163,-0.01,-14.385,2
6.17,-0.005,-14.375,1
6.171,-0.016,-14.377,2
6.181,-0.004,-14.368,1
6.182,-0.015,-14.37,1
6.185,-0.025,-14.375,2
6.19,-0.003,-14.366,1
6.193,-0.014,-14.371,1
6.192,-0.025,-14.368,2
6.193,-0.036,-14.372,2
6.202,-0.01,-14.366,1
6.201,-0.021,-14.364,1
6.201,-0.032,-14.363,1
6.203,-0.043,-14.368,2
6.214,-0.008,-14.36,1
6.211,-0.019,-14.354,1
6.213,-0.03,-14.359,1
6.213,-0.041,-14.359,1
6.214,-0.052,-14.361,2
6.221,-0.009,-14.356,1
6.221,-0.02,-14.357,1
6.221,-0.031,-14.356,1
6.221,-0.041,-14.356,1
6.22,-0.052,-14.355,2
6.231,-0.005,-14.35,1
6.231,-0.016,-14.35,1
6.233,-0.026,-14.354,1
6.23,-0.038,-14.349,1
6.231,-0.049,-14.351,1
6.231,-0.06,-14.349,2
6.244,-0.002,-14.346,1
6.245,-0.013,-14.348,1
6.244,-0.024,-14.345,1
6.244,-0.035,-14.345,1
6.246,-0.046,-14.35,1
6.245,-0.057,-14.347,1
6.251,-0.003,-14.34,1
6.252,-0.014,-14.342,1
6.252,-0.025,-14.343,1
6.252,-0.036,-14.342,1
6.252,-0.047,-14.342,1
6.252,-0.058,-14.342,1
6.253,-0.069,-14.347,2
6.26,0,-14.336,1
6.26,-0.011,-14.337,1
6.262,-0.022,-14.34,1
6.261,-0.033,-14.337,1
6.261,-0.044,-14.337,1
6.261,-0.055,-14.338,1
6.261,-0.066,-14.339,2
6.278,-0.075,-14.34,2
6.296,-0.077,-14.358,2
6.305,-0.088,-14.379,2
6.304,-0.099,-14.377,2
6.306,-0.083,-14.358,2
6.308,-0.094,-14.363,2
6.307,-0.105,-14.36,2
6.314,-0.09,-14.344,2
6.317,-0.101,-14.35,2
6.324,-0.089,-14.343,1
6.322,-0.1,-14.339,1
6.333,-0.086,-14.339,1
6.332,-0.097,-14.339,2
6.348,-0.096,-14.339,2
6.359,-0.098,-14.343,2
6.486,-0.031,-14.244,2
6.497,-0.004,-14.245,2
6.497,-0.014,-14.245,2
6.493,-0.025,-14.235,2
6.498,-0.002,-14.222,2
6.497,-0.013,-14.221,2
6.457,-0.03,-14.262,1
6.458,-0.041,-14.264,2
6.458,-0.052,-14.263,2
6.468,-0.01,-14.261,1
6.468,-0.022,-14.263,1
6.469,-0.032,-14.265,1
6.469,-0.043,-14.264,2
6.468,-0.054,-14.261,2
6.477,-0.009,-14.257,1
6.475,-0.021,-14.252,1
6.476,-0.031,-14.253,2
6.477,-0.043,-14.257,2
6.485,-0.009,-14.243,1
6.485,-0.02,-14.243,2
6.405,-0.037,-14.283,1
6.407,-0.049,-14.286,1
6.407,-0.059,-14.286,1
6.407,-0.07,-14.287,2
6.417,-0.001,-14.283,1
6.416,-0.012,-14.281,1
6.415,-0.022,-14.279,1
6.415,-0.033,-14.279,1
6.413,-0.044,-14.276,1
6.416,-0.055,-14.282,1
6.415,-0.066,-14.28,2
6.417,-0.077,-14.283,2
6.428,-0.009,-14.276,1
6.426,-0.02,-14.271,1
6.428,-0.031,-14.276,1
6.426,-0.042,-14.271,1
6.428,-0.053,-14.276,2
6.428,-0.064,-14.275,2
6.438,-0.002,-14.276,1
6.437,-0.013,-14.274,1
6.436,-0.024,-14.271,1
6.436,-0.035,-14.271,1
6.435,-0.046,-14.269,1
6.437,-0.057,-14.274,1
6.438,-0.068,-14.276,2
6.448,0,-14.274,1
6.447,-0.011,-14.271,1
6.447,-0.022,-14.271,1
6.445,-0.033,-14.267,1
6.447,-0.044,-14.271,1
6.446,-0.055,-14.269,2
6.448,-0.066,-14.274,2
6.459,-0.009,-14.265,1
6.458,-0.019,-14.263,1
6.239,0.467,-14.335,2
6.238,0.456,-14.333,1
6.238,0.445,-14.332,1
6.238,0.434,-14.333,1
6.239,0.423,-14.335,1
6.239,0.413,-14.334,1
6.247,0.477,-14.332,2
6.247,0.466,-14.332,1
6.247,0.455,-14.333,1
6.246,0.444,-14.331,1
6.247,0.433,-14.331,1
6.247,0.423,-14.332,1
6.246,0.412,-14.331,1
6.248,0.4,-14.334,1
6.248,0.389,-14.334,1
6.248,0.368,-14.336,1
6.248,0.346,-14.335,1
6.259,0.491,-14.335,2
6.256,0.48,-14.328,2
6.255,0.469,-14.325,1
6.257,0.458,-14.329,1
6.256,0.447,-14.327,1
6.256,0.436,-14.328,1
6.256,0.425,-14.327,1
6.257,0.414,-14.328,1
6.257,0.403,-14.328,1
6.258,0.393,-14.33,1
6.258,0.382,-14.33,1
6.258,0.371,-14.331,1
6.258,0.36,-14.33,1
6.259,0.349,-14.333,1
6.26,0.338,-14.335,1
6.271,0.493,-14.325,2
6.271,0.482,-14.325,1
6.269,0.471,-14.322,1
6.271,0.46,-14.325,1
6.271,0.45,-14.326,1
6.27,0.438,-14.323,1
6.271,0.428,-14.325,1
6.27,0.417,-14.323,1
6.272,0.406,-14.327,1
6.271,0.395,-14.326,1
6.272,0.384,-14.328,1
6.272,0.373,-14.327,1
6.272,0.362,-14.327,1
6.272,0.351,-14.328,1
6.271,0.34,-14.326,1
6.274,0.329,-14.333,2
6.275,0.319,-14.335,2
6.275,0.308,-14.335,2
6.274,0.296,-14.333,2
6.275,0.264,-14.334,1
6.275,0.231,-14.335,2
6.275,0.209,-14.335,1
6.275,0.199,-14.334,1
6.275,0.176,-14.336,1
6.275,0.034,-14.335,1
6.275,0.023,-14.335,1
6.275,0.013,-14.334,1
6.274,0.002,-14.333,1
6.279,0.491,-14.321,2
6.28,0.48,-14.323,2
6.277,0.469,-14.317,1
6.279,0.458,-14.321,1
6.279,0.447,-14.321,1
6.28,0.436,-14.323,1
6.28,0.426,-14.323,1
6.28,0.415,-14.322,1
6.281,0.404,-14.326,1
6.28,0.393,-14.324,1
6.281,0.382,-14.325,1
6.281,0.371,-14.325,1
6.282,0.36,-14.327,1
6.28,0.349,-14.323,1
6.283,0.338,-14.329,1
6.283,0.327,-14.33,2
6.285,0.316,-14.333,2
6.285,0.306,-14.333,2
6.283,0.294,-14.329,2
6.284,0.284,-14.332,1
6.284,0.273,-14.331,1
6.284,0.262,-14.332,1
6.285,0.251,-14.335,2
6.285,0.24,-14.334,2
6.286,0.229,-14.336,2
6.285,0.207,-14.333,1
6.285,0.185,-14.335,1
6.285,0.076,-14.335,1
6.285,0.043,-14.335,1
6.286,0.032,-14.335,1
6.286,0.021,-14.335,1
6.284,0.011,-14.332,1
6.287,0.495,-14.317,2
6.289,0.484,-14.321,1
6.287,0.473,-14.317,1
6.288,0.462,-14.318,1
6.288,0.452,-14.319,1
6.287,0.441,-14.316,1
6.287,0.43,-14.317,1
6.289,0.419,-14.32,1
6.287,0.408,-14.317,1
6.288,0.397,-14.318,1
6.289,0.386,-14.32,1
6.29,0.375,-14.323,1
6.288,0.364,-14.318,1
6.29,0.353,-14.322,1
6.29,0.343,-14.323,1
6.291,0.332,-14.324,1
6.293,0.321,-14.328,2
6.293,0.31,-14.328,2
6.292,0.299,-14.328,2
6.293,0.288,-14.329,1
6.293,0.277,-14.329,1
6.293,0.266,-14.33,1
6.292,0.255,-14.326,1
6.294,0.244,-14.333,2
6.294,0.233,-14.333,2
6.293,0.223,-14.33,2
6.294,0.212,-14.333,2
6.293,0.201,-14.329,1
6.294,0.19,-14.332,1
6.29,0.178,-14.322,1
6.295,0.168,-14.333,1
6.294,0.157,-14.332,1
6.295,0.146,-14.335,1
6.294,0.135,-14.333,1
6.295,0.102,-14.333,2
6.296,0.08,-14.335,1
6.294,0.069,-14.332,1
6.295,0.058,-14.333,1
6.293,0.048,-14.33,1
6.292,0.037,-14.327,1
6.293,0.026,-14.329,1
6.292,0.015,-14.327,1
6.291,0.004,-14.325,1
6.301,0.5,-14.314,2
6.299,0.489,-14.309,1
6.299,0.478,-14.309,1
6.3,0.467,-14.311,1
6.3,0.456,-14.311,1
6.3,0.445,-14.313,1
6.3,0.435,-14.312,1
6.3,0.424,-14.312,1
6.3,0.413,-14.312,1
6.301,0.402,-14.314,1
6.301,0.391,-14.314,1
6.301,0.38,-14.314,1
6.303,0.369,-14.319,1
6.303,0.358,-14.318,1
6.305,0.347,-14.323,1
6.305,0.336,-14.322,1
6.306,0.325,-14.325,2
6.305,0.315,-14.323,2
6.305,0.304,-14.321,2
6.306,0.293,-14.325,2
6.305,0.282,-14.323,1
6.305,0.271,-14.323,1
6.306,0.26,-14.325,1
6.306,0.249,-14.325,1
6.308,0.238,-14.329,2
6.307,0.227,-14.327,2
6.307,0.216,-14.326,2
6.307,0.206,-14.328,2
6.308,0.194,-14.33,2
6.309,0.184,-14.332,2
6.309,0.172,-14.332,1
6.311,0.162,-14.335,1
6.309,0.15,-14.332,2
6.31,0.14,-14.333,2
6.309,0.129,-14.331,2
6.31,0.118,-14.333,2
6.307,0.107,-14.327,2
6.308,0.096,-14.33,2
6.306,0.085,-14.326,1
6.306,0.074,-14.325,1
6.307,0.063,-14.328,1
6.306,0.052,-14.323,1
6.306,0.041,-14.325,1
6.306,0.031,-14.324,1
6.306,0.02,-14.324,1
6.306,0.009,-14.323,1
6.31,0.501,-14.311,2
6.309,0.49,-14.31,1
6.309,0.479,-14.309,1
6.309,0.468,-14.31,1
6.309,0.458,-14.309,1
6.308,0.447,-14.308,1
6.309,0.435,-14.31,1
6.31,0.424,-14.311,1
6.309,0.414,-14.31,1
6.31,0.403,-14.312,1
6.311,0.392,-14.313,1
6.312,0.381,-14.317,1
6.311,0.37,-14.314,1
6.313,0.359,-14.318,1
6.313,0.349,-14.319,1
6.313,0.338,-14.318,1
6.314,0.327,-14.322,2
6.314,0.315,-14.321,2
6.315,0.305,-14.322,2
6.315,0.294,-14.324,2
6.314,0.283,-14.321,1
6.315,0.272,-14.322,1
6.313,0.261,-14.319,1
6.315,0.25,-14.324,1
6.318,0.239,-14.329,2
6.315,0.228,-14.324,2
6.318,0.218,-14.33,2
6.318,0.206,-14.328,2
6.318,0.196,-14.328,2
6.317,0.184,-14.328,2
6.319,0.174,-14.331,2
6.319,0.163,-14.332,2
6.319,0.152,-14.331,2
6.319,0.141,-14.331,2
6.318,0.13,-14.329,2
6.319,0.119,-14.33,2
6.316,0.108,-14.325,2
6.318,0.097,-14.329,2
6.317,0.086,-14.325,1
6.315,0.075,-14.323,1
6.316,0.064,-14.325,1
6.315,0.054,-14.322,1
6.314,0.043,-14.321,1
6.315,0.032,-14.323,1
6.314,0.021,-14.321,1
6.314,0.009,-14.32,1
6.316,0.503,-14.302,2
6.319,0.493,-14.307,2
6.318,0.481,-14.306,1
6.317,0.47,-14.304,1
6.318,0.46,-14.306,1
6.318,0.449,-14.305,1
6.319,0.438,-14.307,1
6.319,0.427,-14.307,1
6.32,0.416,-14.311,1
6.319,0.405,-14.309,1
6.319,0.394,-14.308,1
6.32,0.384,-14.311,1
6.32,0.373,-14.31,1
6.321,0.361,-14.314,1
6.32,0.35,-14.312,1
6.323,0.34,-14.318,1
6.324,0.329,-14.319,1
6.324,0.318,-14.319,2
6.323,0.307,-14.318,2
6.326,0.296,-14.323,2
6.323,0.285,-14.318,1
6.325,0.274,-14.321,1
6.323,0.263,-14.316,1
6.324,0.252,-14.32,1
6.324,0.242,-14.319,1
6.326,0.23,-14.325,2
6.326,0.22,-14.323,2
6.324,0.209,-14.319,2
6.326,0.198,-14.324,2
6.326,0.187,-14.323,2
6.328,0.176,-14.328,2
6.327,0.165,-14.326,2
6.327,0.154,-14.326,2
6.327,0.143,-14.326,2
6.327,0.132,-14.327,2
6.327,0.121,-14.326,2
6.325,0.11,-14.321,2
6.326,0.099,-14.325,1
6.325,0.089,-14.321,1
6.325,0.078,-14.321,1
6.324,0.067,-14.318,1
6.325,0.056,-14.321,1
6.324,0.045,-14.319,1
6.324,0.034,-14.318,1
6.324,0.023,-14.318,1
6.321,0.012,-14.313,1
6.323,0.001,-14.316,1
6.329,0.505,-14.296,2
6.332,0.494,-14.303,2
6.33,0.483,-14.298,1
6.332,0.472,-14.302,1
6.33,0.461,-14.299,1
6.33,0.45,-14.298,1
6.331,0.44,-14.301,1
6.331,0.428,-14.3,1
6.332,0.418,-14.303,1
6.333,0.407,-14.304,1
6.333,0.396,-14.306,1
6.332,0.385,-14.304,1
6.334,0.374,-14.307,1
6.334,0.363,-14.307,1
6.336,0.352,-14.311,1
6.334,0.341,-14.308,1
6.336,0.331,-14.311,1
6.336,0.319,-14.312,1
6.336,0.308,-14.311,1
6.338,0.298,-14.315,1
6.337,0.287,-14.313,1
6.338,0.276,-14.316,1
6.337,0.265,-14.314,1
6.338,0.254,-14.316,1
6.338,0.243,-14.315,1
6.339,0.232,-14.318,1
6.338,0.221,-14.316,1
6.339,0.21,-14.319,1
6.34,0.199,-14.322,2
6.34,0.189,-14.321,2
6.341,0.178,-14.322,2
6.339,0.167,-14.319,2
6.34,0.155,-14.321,2
6.341,0.145,-14.322,2
6.34,0.133,-14.32,2
6.34,0.123,-14.319,1
6.339,0.112,-14.319,1
6.339,0.101,-14.317,1
6.338,0.09,-14.316,1
6.338,0.079,-14.315,1
6.338,0.068,-14.315,1
6.338,0.057,-14.315,1
6.339,0.046,-14.317,1
6.337,0.035,-14.312,1
6.336,0.024,-14.311,1
6.335,0.013,-14.308,1
6.336,0.003,-14.31,1
6.34,0.503,-14.3,2
6.339,0.492,-14.298,1
6.337,0.481,-14.293,1
6.339,0.47,-14.299,1
6.338,0.459,-14.295,1
6.34,0.448,-14.3,1
6.34,0.437,-14.3,1
6.34,0.426,-14.3,1
6.341,0.415,-14.303,1
6.341,0.404,-14.302,1
6.342,0.393,-14.304,1
6.342,0.383,-14.304,1
6.343,0.372,-14.306,1
6.343,0.361,-14.306,1
6.343,0.35,-14.307,1
6.343,0.339,-14.306,1
6.344,0.328,-14.309,1
6.345,0.317,-14.31,1
6.345,0.306,-14.311,1
6.344,0.295,-14.309,1
6.345,0.284,-14.311,1
6.345,0.273,-14.309,1
6.346,0.263,-14.312,1
6.345,0.252,-14.312,1
6.346,0.241,-14.313,1
6.346,0.229,-14.313,1
6.348,0.219,-14.317,1
6.348,0.208,-14.317,1
6.348,0.197,-14.317,1
6.347,0.186,-14.316,1
6.348,0.175,-14.318,1
6.348,0.164,-14.318,1
6.349,0.154,-14.319,1
6.347,0.142,-14.316,1
6.348,0.132,-14.319,1
6.347,0.12,-14.315,1
6.347,0.109,-14.314,1
6.346,0.099,-14.312,1
6.347,0.088,-14.314,1
6.345,0.077,-14.309,1
6.346,0.066,-14.314,1
6.345,0.055,-14.311,1
6.345,0.044,-14.311,1
6.345,0.033,-14.309,1
6.345,0.022,-14.31,1
6.345,0.011,-14.309,1
6.346,0,-14.312,1
6.35,0.505,-14.297,2
6.348,0.493,-14.294,2
6.348,0.483,-14.294,1
6.35,0.472,-14.297,1
6.348,0.461,-14.294,1
6.349,0.45,-14.295,1
6.351,0.439,-14.298,1
6.349,0.428,-14.294,1
6.35,0.417,-14.297,1
6.351,0.407,-14.299,1
6.35,0.396,-14.296,1
6.351,0.384,-14.298,1
6.351,0.373,-14.3,1
6.352,0.363,-14.303,1
6.352,0.352,-14.301,1
6.352,0.341,-14.302,1
6.353,0.33,-14.303,1
6.355,0.319,-14.308,1
6.354,0.308,-14.307,1
6.356,0.298,-14.309,1
6.355,0.287,-14.307,1
6.355,0.275,-14.309,1
6.356,0.264,-14.311,1
6.355,0.254,-14.309,1
6.356,0.243,-14.311,1
6.355,0.232,-14.307,1
6.357,0.221,-14.313,1
6.357,0.21,-14.312,1
6.358,0.199,-14.315,1
6.358,0.189,-14.313,1
6.358,0.177,-14.314,1
6.357,0.166,-14.313,1
6.358,0.155,-14.314,1
6.357,0.144,-14.311,1
6.357,0.134,-14.313,1
6.358,0.123,-14.315,1
6.357,0.112,-14.313,1
6.356,0.101,-14.309,1
6.357,0.09,-14.313,1
6.355,0.079,-14.309,1
6.356,0.068,-14.311,1
6.356,0.057,-14.309,1
6.355,0.046,-14.307,1
6.354,0.035,-14.306,1
6.354,0.024,-14.305,1
6.353,0.014,-14.304,1
6.354,0.002,-14.305,1
6.359,0.494,-14.283,2
6.361,0.483,-14.288,1
6.362,0.472,-14.289,1
6.363,0.461,-14.292,1
6.362,0.451,-14.29,1
6.363,0.44,-14.29,1
6.363,0.428,-14.29,1
6.365,0.418,-14.295,1
6.364,0.407,-14.292,1
6.365,0.396,-14.294,1
6.365,0.385,-14.295,1
6.366,0.374,-14.297,1
6.367,0.363,-14.299,1
6.366,0.352,-14.297,1
6.368,0.341,-14.302,1
6.367,0.331,-14.299,1
6.368,0.319,-14.302,1
6.369,0.308,-14.304,1
6.368,0.298,-14.302,1
6.369,0.287,-14.304,1
6.37,0.276,-14.307,2
6.369,0.265,-14.304,2
6.37,0.254,-14.306,2
6.37,0.243,-14.306,2
6.371,0.232,-14.308,2
6.37,0.221,-14.307,2
6.372,0.211,-14.31,2
6.372,0.199,-14.311,2
6.372,0.189,-14.31,2
6.372,0.177,-14.31,2
6.372,0.167,-14.311,2
6.372,0.156,-14.311,2
6.372,0.145,-14.311,2
6.37,0.134,-14.306,2
6.371,0.123,-14.309,2
6.37,0.112,-14.307,1
6.369,0.101,-14.304,1
6.367,0.09,-14.3,1
6.369,0.079,-14.304,1
6.367,0.068,-14.3,1
6.367,0.057,-14.3,1
6.368,0.047,-14.302,1
6.369,0.036,-14.302,1
6.368,0.024,-14.301,1
6.369,0.013,-14.302,1
6.367,0.002,-14.299,1
6.372,0.501,-14.289,2
6.371,0.49,-14.286,2
6.371,0.479,-14.287,1
6.371,0.468,-14.287,1
6.371,0.457,-14.286,1
6.37,0.446,-14.285,1
6.373,0.435,-14.292,1
6.371,0.424,-14.287,1
6.374,0.414,-14.292,1
6.373,0.403,-14.292,1
6.374,0.391,-14.292,1
6.373,0.38,-14.292,1
6.375,0.37,-14.295,1
6.374,0.359,-14.292,1
6.376,0.348,-14.297,1
6.375,0.337,-14.294,1
6.376,0.326,-14.296,1
6.377,0.315,-14.299,1
6.378,0.305,-14.3,2
6.377,0.294,-14.3,2
6.377,0.282,-14.3,2
6.379,0.271,-14.303,2
6.379,0.261,-14.303,2
6.38,0.25,-14.306,2
6.379,0.239,-14.305,2
6.38,0.228,-14.306,2
6.381,0.217,-14.307,2
6.38,0.206,-14.306,2
6.381,0.195,-14.309,2
6.381,0.184,-14.308,2
6.382,0.173,-14.31,2
6.38,0.162,-14.307,2
6.381,0.151,-14.308,2
6.38,0.14,-14.306,2
6.38,0.13,-14.305,2
6.38,0.119,-14.306,2
6.379,0.108,-14.304,2
6.377,0.097,-14.3,1
6.378,0.086,-14.3,1
6.378,0.075,-14.3,1
6.378,0.064,-14.302,1
6.377,0.053,-14.299,1
6.378,0.042,-14.302,1
6.377,0.031,-14.3,1
6.377,0.02,-14.299,1
6.376,0.009,-14.296,1
6.381,0.493,-14.284,2
6.382,0.482,-14.286,2
6.382,0.471,-14.285,1
6.381,0.46,-14.283,1
6.38,0.449,-14.281,1
6.381,0.438,-14.284,1
6.381,0.428,-14.284,1
6.385,0.417,-14.292,1
6.382,0.405,-14.286,1
6.383,0.395,-14.287,1
6.382,0.384,-14.286,1
6.383,0.373,-14.287,1
6.383,0.362,-14.289,1
6.383,0.351,-14.288,1
6.384,0.34,-14.291,1
6.386,0.329,-14.294,1
6.388,0.319,-14.299,2
6.386,0.308,-14.294,2
6.389,0.297,-14.302,2
6.387,0.285,-14.297,2
6.388,0.275,-14.299,2
6.388,0.264,-14.299,2
6.389,0.253,-14.301,2
6.388,0.242,-14.299,2
6.389,0.231,-14.3,2
6.389,0.22,-14.302,2
6.389,0.209,-14.3,2
6.391,0.199,-14.305,2
6.389,0.187,-14.301,2
6.391,0.176,-14.305,2
6.39,0.166,-14.304,2
6.39,0.155,-14.304,2
6.391,0.144,-14.305,2
6.39,0.133,-14.302,2
6.392,0.122,-14.307,2
6.389,0.111,-14.3,2
6.389,0.1,-14.302,2
6.387,0.089,-14.297,1
6.386,0.078,-14.295,1
6.386,0.067,-14.295,1
6.386,0.056,-14.294,1
6.385,0.045,-14.293,1
6.386,0.034,-14.293,1
6.385,0.023,-14.293,1
6.384,0.012,-14.29,1
6.385,0.001,-14.293,1
6.396,0.496,-14.284,2
6.393,0.485,-14.278,1
6.393,0.474,-14.278,1
6.395,0.463,-14.282,1
6.393,0.452,-14.278,1
6.398,0.441,-14.288,1
6.393,0.431,-14.278,1
6.395,0.419,-14.282,1
6.394,0.408,-14.281,1
6.396,0.398,-14.285,1
6.396,0.387,-14.285,1
6.395,0.376,-14.283,1
6.396,0.365,-14.285,1
6.397,0.354,-14.286,1
6.398,0.343,-14.289,1
6.399,0.332,-14.291,1
6.398,0.321,-14.289,2
6.399,0.31,-14.291,2
6.4,0.299,-14.294,2
6.399,0.289,-14.291,2
6.4,0.278,-14.294,2
6.401,0.266,-14.295,2
6.402,0.256,-14.297,1
6.402,0.245,-14.297,1
6.4,0.234,-14.292,1
6.401,0.223,-14.294,1
6.401,0.212,-14.295,1
6.402,0.201,-14.297,1
6.401,0.19,-14.295,1
6.402,0.179,-14.298,1
6.403,0.168,-14.299,1
6.404,0.157,-14.302,1
6.405,0.146,-14.305,2
6.402,0.135,-14.296,2
6.403,0.124,-14.299,2
6.401,0.113,-14.295,2
6.403,0.102,-14.298,2
6.4,0.091,-14.292,2
6.399,0.081,-14.292,1
6.399,0.07,-14.291,1
6.399,0.059,-14.29,1
6.398,0.048,-14.288,1
6.398,0.037,-14.288,1
6.397,0.026,-14.285,1
6.399,0.015,-14.29,1
6.397,0.004,-14.285,1
6.401,0.487,-14.274,2
6.403,0.476,-14.278,1
6.403,0.465,-14.278,1
6.401,0.454,-14.274,1
6.403,0.444,-14.277,1
6.403,0.433,-14.277,1
6.404,0.421,-14.281,1
6.403,0.41,-14.278,1
6.403,0.4,-14.277,1
6.405,0.389,-14.281,1
6.405,0.378,-14.282,1
6.405,0.367,-14.282,1
6.405,0.356,-14.281,1
6.406,0.345,-14.285,1
6.406,0.335,-14.286,1
6.407,0.324,-14.288,2
6.408,0.313,-14.288,2
6.41,0.301,-14.294,2
6.408,0.291,-14.289,2
6.408,0.28,-14.289,1
6.408,0.269,-14.29,1
6.409,0.258,-14.292,1
6.41,0.247,-14.292,1
6.411,0.236,-14.295,1
6.41,0.225,-14.292,1
6.411,0.214,-14.294,1
6.411,0.203,-14.295,1
6.41,0.192,-14.293,1
6.411,0.181,-14.297,1
6.41,0.17,-14.292,1
6.411,0.16,-14.296,1
6.411,0.148,-14.295,1
6.411,0.138,-14.295,1
6.412,0.126,-14.298,1
6.41,0.116,-14.293,2
6.411,0.105,-14.295,2
6.41,0.094,-14.293,2
6.41,0.083,-14.293,2
6.407,0.072,-14.286,1
6.408,0.061,-14.289,1
6.407,0.05,-14.286,1
6.407,0.039,-14.286,1
6.407,0.028,-14.286,1
6.405,0.017,-14.281,1
6.406,0.006,-14.285,1
6.41,0.491,-14.27,2
6.411,0.48,-14.271,1
6.412,0.469,-14.273,1
6.41,0.458,-14.269,1
6.41,0.447,-14.269,1
6.412,0.437,-14.273,1
6.414,0.426,-14.277,1
6.412,0.415,-14.274,1
6.416,0.404,-14.281,1
6.413,0.393,-14.277,1
6.415,0.382,-14.28,1
6.414,0.371,-14.278,1
6.414,0.36,-14.278,1
6.416,0.349,-14.281,1
6.415,0.338,-14.28,1
6.416,0.328,-14.283,2
6.416,0.317,-14.283,2
6.418,0.306,-14.288,2
6.417,0.294,-14.284,2
6.417,0.283,-14.284,1
6.416,0.273,-14.281,1
6.419,0.262,-14.288,1
6.419,0.251,-14.289,1
6.42,0.24,-14.291,1
6.42,0.229,-14.292,1
6.42,0.218,-14.291,1
6.421,0.207,-14.293,1
6.42,0.197,-14.291,1
6.421,0.185,-14.293,1
6.418,0.175,-14.285,1
6.421,0.163,-14.293,1
6.42,0.153,-14.29,1
6.42,0.142,-14.29,1
6.419,0.131,-14.289,1
6.42,0.12,-14.29,1
6.42,0.109,-14.292,2
6.419,0.098,-14.289,2
6.419,0.087,-14.288,2
6.417,0.076,-14.284,1
6.418,0.065,-14.286,1
6.417,0.054,-14.284,1
6.418,0.043,-14.287,1
6.417,0.032,-14.283,1
6.417,0.022,-14.283,1
6.415,0.01,-14.278,1
6.424,0.482,-14.268,2
6.425,0.472,-14.271,2
6.423,0.461,-14.266,1
6.425,0.45,-14.271,1
6.425,0.439,-14.27,1
6.425,0.428,-14.27,1
6.427,0.417,-14.276,1
6.423,0.406,-14.265,1
6.425,0.395,-14.271,1
6.425,0.384,-14.271,1
6.427,0.373,-14.273,1
6.426,0.363,-14.272,1
6.427,0.352,-14.274,1
6.427,0.341,-14.275,1
6.429,0.33,-14.279,1
6.43,0.319,-14.28,2
6.431,0.308,-14.283,2
6.43,0.298,-14.281,2
6.43,0.286,-14.28,1
6.432,0.275,-14.285,1
6.43,0.264,-14.281,1
6.433,0.253,-14.288,1
6.432,0.243,-14.285,1
6.433,0.232,-14.288,1
6.432,0.221,-14.285,1
6.432,0.21,-14.285,1
6.431,0.199,-14.283,1
6.432,0.188,-14.285,1
6.433,0.177,-14.288,1
6.433,0.166,-14.287,1
6.433,0.155,-14.288,1
6.431,0.144,-14.284,1
6.432,0.133,-14.286,1
6.432,0.123,-14.285,1
6.433,0.111,-14.288,2
6.433,0.101,-14.287,2
6.431,0.089,-14.283,2
6.431,0.078,-14.284,1
6.431,0.068,-14.283,1
6.43,0.057,-14.279,1
6.431,0.046,-14.283,1
6.43,0.035,-14.279,1
6.428,0.023,-14.276,1
6.428,0.013,-14.276,1
6.428,0.002,-14.275,1
6.435,0.479,-14.271,2
6.433,0.468,-14.266,2
6.433,0.457,-14.265,1
6.434,0.446,-14.267,1
6.434,0.435,-14.268,1
6.434,0.424,-14.269,1
6.434,0.413,-14.268,1
6.435,0.402,-14.27,1
6.435,0.391,-14.269,1
6.436,0.381,-14.272,1
6.435,0.37,-14.269,1
6.437,0.359,-14.273,1
6.436,0.348,-14.272,1
6.437,0.337,-14.275,1
6.438,0.326,-14.276,2
6.437,0.315,-14.274,2
6.442,0.304,-14.285,2
6.439,0.293,-14.278,2
6.442,0.282,-14.285,2
6.441,0.272,-14.282,1
6.441,0.261,-14.283,1
6.442,0.25,-14.284,1
6.441,0.239,-14.283,1
6.441,0.228,-14.283,1
6.442,0.216,-14.284,1
6.441,0.206,-14.283,1
6.442,0.195,-14.284,1
6.442,0.184,-14.285,1
6.441,0.173,-14.283,1
6.442,0.162,-14.284,1
6.44,0.151,-14.282,1
6.442,0.14,-14.285,1
6.442,0.129,-14.284,2
6.441,0.118,-14.283,2
6.442,0.107,-14.284,2
6.441,0.097,-14.283,2
6.439,0.086,-14.279,2
6.44,0.075,-14.28,1
6.439,0.064,-14.278,1
6.438,0.052,-14.274,1
6.438,0.041,-14.276,1
6.436,0.031,-14.271,1
6.438,0.02,-14.276,1
6.437,0.009,-14.273,1
6.444,0.481,-14.267,2
6.443,0.47,-14.264,2
6.442,0.458,-14.261,1
6.442,0.448,-14.262,1
6.443,0.437,-14.263,1
6.442,0.426,-14.261,1
6.444,0.415,-14.265,1
6.444,0.404,-14.266,1
6.444,0.393,-14.266,1
6.446,0.382,-14.27,1
6.445,0.371,-14.269,1
6.447,0.361,-14.273,1
6.446,0.35,-14.271,1
6.447,0.338,-14.271,1
6.448,0.328,-14.274,1
6.448,0.317,-14.273,2
6.449,0.306,-14.277,2
6.447,0.295,-14.273,2
6.451,0.284,-14.28,2
6.449,0.273,-14.276,2
6.449,0.262,-14.277,2
6.451,0.251,-14.282,2
6.45,0.241,-14.279,2
6.451,0.229,-14.281,2
6.451,0.219,-14.281,2
6.451,0.207,-14.282,2
6.451,0.196,-14.282,2
6.453,0.186,-14.285,2
6.452,0.175,-14.283,2
6.453,0.164,-14.285,2
6.451,0.153,-14.281,2
6.451,0.142,-14.281,2
6.451,0.131,-14.281,2
6.45,0.12,-14.279,2
6.449,0.109,-14.277,2
6.45,0.098,-14.278,2
6.45,0.087,-14.277,2
6.447,0.076,-14.273,1
6.447,0.065,-14.272,1
6.446,0.054,-14.271,1
6.448,0.043,-14.274,1
6.447,0.032,-14.271,1
6.448,0.021,-14.274,1
6.448,0.011,-14.273,1
6.456,0.472,-14.259,2
6.456,0.461,-14.259,2
6.456,0.451,-14.259,1
6.453,0.44,-14.255,1
6.457,0.429,-14.262,1
6.456,0.418,-14.259,1
6.456,0.407,-14.261,1
6.457,0.396,-14.262,1
6.457,0.385,-14.262,1
6.459,0.374,-14.266,1
6.456,0.363,-14.26,1
6.459,0.352,-14.266,1
6.457,0.341,-14.263,1
6.459,0.331,-14.267,1
6.458,0.319,-14.264,1
6.462,0.309,-14.273,2
6.461,0.298,-14.271,2
6.462,0.287,-14.272,2
6.461,0.276,-14.271,2
6.463,0.265,-14.275,2
6.463,0.254,-14.275,2
6.462,0.243,-14.274,2
6.464,0.232,-14.276,2
6.463,0.221,-14.276,2
6.464,0.211,-14.278,2
6.464,0.199,-14.278,2
6.464,0.189,-14.278,2
6.464,0.177,-14.277,2
6.464,0.167,-14.277,2
6.462,0.156,-14.273,2
6.462,0.145,-14.273,2
6.462,0.134,-14.272,2
6.463,0.123,-14.274,2
6.463,0.112,-14.276,2
6.461,0.101,-14.271,2
6.46,0.09,-14.269,1
6.46,0.079,-14.269,1
6.459,0.068,-14.266,1
6.461,0.057,-14.27,1
6.46,0.047,-14.268,1
6.459,0.035,-14.267,1
6.459,0.024,-14.267,1
6.459,0.013,-14.267,1
6.459,0.002,-14.266,1
6.466,0.47,-14.259,2
6.464,0.46,-14.255,2
6.465,0.449,-14.256,1
6.464,0.438,-14.255,1
6.467,0.427,-14.26,1
6.467,0.416,-14.26,1
6.465,0.405,-14.256,1
6.465,0.394,-14.257,1
6.466,0.383,-14.259,1
6.467,0.372,-14.26,1
6.467,0.361,-14.261,1
6.469,0.35,-14.264,1
6.468,0.339,-14.262,1
6.469,0.328,-14.264,1
6.469,0.317,-14.266,1
6.47,0.307,-14.268,1
6.471,0.296,-14.269,2
6.471,0.285,-14.269,2
6.471,0.274,-14.269,2
6.471,0.263,-14.271,2
6.472,0.252,-14.271,2
6.471,0.241,-14.269,2
6.473,0.23,-14.273,2
6.473,0.219,-14.274,2
6.474,0.208,-14.276,2
6.473,0.197,-14.274,2
6.475,0.186,-14.277,2
6.475,0.176,-14.277,2
6.473,0.164,-14.273,2
6.473,0.154,-14.273,2
6.47,0.142,-14.268,2
6.473,0.132,-14.273,2
6.469,0.121,-14.265,2
6.47,0.11,-14.266,1
6.469,0.099,-14.264,1
6.47,0.088,-14.266,1
6.469,0.077,-14.264,1
6.469,0.066,-14.265,1
6.469,0.055,-14.265,1
6.467,0.044,-14.259,1
6.467,0.033,-14.26,1
6.467,0.022,-14.261,1
6.47,0.012,-14.266,1
6.47,0.001,-14.266,1
6.476,0.46,-14.256,2
6.476,0.45,-14.255,2
6.473,0.438,-14.25,1
6.476,0.428,-14.254,1
6.476,0.417,-14.254,1
6.475,0.406,-14.253,1
6.475,0.395,-14.253,1
6.477,0.384,-14.257,1
6.478,0.373,-14.259,1
6.478,0.362,-14.259,1
6.479,0.351,-14.261,1
6.478,0.34,-14.259,1
6.481,0.33,-14.265,1
6.479,0.319,-14.262,1
6.48,0.308,-14.263,1
6.479,0.296,-14.261,1
6.479,0.285,-14.261,1
6.478,0.275,-14.26,1
6.482,0.264,-14.268,1
6.48,0.253,-14.264,1
6.481,0.242,-14.266,2
6.48,0.231,-14.264,2
6.479,0.22,-14.262,2
6.478,0.209,-14.259,2
6.478,0.198,-14.26,1
6.478,0.187,-14.26,1
6.478,0.176,-14.259,1
6.478,0.166,-14.26,1
6.478,0.154,-14.259,1
6.48,0.144,-14.263,1
6.478,0.132,-14.259,1
6.478,0.122,-14.259,1
6.476,0.111,-14.254,1
6.479,0.1,-14.261,1
6.477,0.089,-14.255,1
6.477,0.078,-14.257,1
6.477,0.067,-14.255,1
6.477,0.056,-14.257,1
6.477,0.045,-14.257,1
6.476,0.034,-14.255,1
6.477,0.023,-14.255,1
6.477,0.012,-14.256,1
6.477,0.001,-14.255,1
6.486,0.45,-14.245,2
6.489,0.439,-14.251,2
6.489,0.429,-14.252,1
6.487,0.418,-14.248,1
6.488,0.407,-14.25,1
6.49,0.396,-14.253,1
6.488,0.385,-14.25,1
6.488,0.374,-14.25,1
6.489,0.363,-14.252,1
6.49,0.352,-14.254,1
6.49,0.341,-14.254,1
6.49,0.33,-14.255,1
6.491,0.319,-14.256,1
6.491,0.308,-14.256,1
6.491,0.298,-14.256,1
6.491,0.287,-14.256,1
6.491,0.275,-14.256,1
6.49,0.264,-14.255,1
6.491,0.254,-14.256,1
6.49,0.243,-14.253,1
6.491,0.232,-14.255,1
6.488,0.221,-14.25,1
6.487,0.21,-14.248,1
6.485,0.199,-14.243,1
6.485,0.188,-14.243,1
6.484,0.177,-14.24,1
6.485,0.166,-14.243,2
6.485,0.155,-14.243,2
6.486,0.144,-14.245,1
6.486,0.133,-14.245,1
6.486,0.123,-14.246,1
6.488,0.112,-14.248,1
6.487,0.101,-14.247,1
6.487,0.09,-14.247,1
6.487,0.079,-14.247,1
6.487,0.068,-14.248,1
6.487,0.057,-14.247,1
6.486,0.046,-14.245,1
6.485,0.035,-14.244,1
6.488,0.024,-14.248,1
6.484,0.013,-14.242,1
6.487,0.002,-14.248,1
6.498,0.444,-14.246,2
6.498,0.433,-14.248,2
6.498,0.423,-14.247,1
6.497,0.412,-14.245,1
6.498,0.4,-14.248,1
6.497,0.39,-14.245,1
6.498,0.379,-14.247,1
6.496,0.368,-14.243,1
6.498,0.357,-14.246,1
6.498,0.346,-14.248,1
6.498,0.335,-14.247,1
6.497,0.324,-14.244,1
6.497,0.313,-14.245,1
6.498,0.302,-14.247,1
6.497,0.291,-14.244,1
6.497,0.28,-14.244,1
6.497,0.269,-14.245,1
6.497,0.259,-14.246,1
6.499,0.248,-14.248,1
6.497,0.236,-14.244,1
6.492,0.225,-14.234,1
6.492,0.215,-14.234,1
6.49,0.204,-14.228,1
6.49,0.192,-14.228,1
6.488,0.182,-14.224,1
6.486,0.17,-14.221,1
6.488,0.16,-14.225,1
6.489,0.149,-14.225,1
6.489,0.138,-14.227,1
6.49,0.127,-14.227,1
6.49,0.116,-14.227,1
6.49,0.105,-14.228,1
6.489,0.094,-14.227,1
6.49,0.083,-14.228,1
6.491,0.072,-14.232,1
6.492,0.062,-14.233,1
6.491,0.051,-14.231,1
6.491,0.04,-14.231,1
6.491,0.029,-14.23,1
6.491,0.018,-14.232,1
6.492,0.007,-14.232,1
6.506,0.435,-14.241,2
6.504,0.425,-14.237,2
6.505,0.414,-14.238,1
6.505,0.403,-14.238,1
6.506,0.392,-14.24,1
6.505,0.381,-14.238,1
6.506,0.37,-14.24,1
6.506,0.359,-14.24,1
6.503,0.348,-14.235,1
6.505,0.337,-14.239,1
6.504,0.326,-14.236,1
6.505,0.315,-14.238,1
6.505,0.305,-14.237,1
6.504,0.294,-14.236,1
6.502,0.282,-14.232,1
6.502,0.271,-14.232,1
6.503,0.26,-14.234,1
6.502,0.25,-14.232,1
6.502,0.239,-14.23,1
6.499,0.228,-14.225,1
6.497,0.216,-14.222,1
6.495,0.206,-14.215,1
6.494,0.195,-14.213,1
6.491,0.184,-14.208,1
6.492,0.173,-14.208,1
6.491,0.162,-14.207,1
6.491,0.151,-14.207,1
6.491,0.14,-14.207,1
6.492,0.129,-14.209,1
6.491,0.119,-14.208,1
6.491,0.107,-14.208,1
6.492,0.097,-14.21,1
6.491,0.086,-14.207,1
6.495,0.075,-14.214,1
6.493,0.064,-14.212,1
6.494,0.053,-14.213,1
6.493,0.042,-14.211,1
6.495,0.031,-14.216,1
6.495,0.021,-14.215,1
6.515,0.009,-14.26,2
6.516,0.427,-14.231,2
6.516,0.416,-14.23,2
6.513,0.405,-14.226,1
6.515,0.394,-14.228,1
6.516,0.384,-14.23,1
6.515,0.373,-14.229,1
6.515,0.361,-14.228,1
6.516,0.351,-14.232,1
6.515,0.34,-14.229,1
6.516,0.329,-14.23,1
6.513,0.318,-14.225,1
6.512,0.306,-14.222,1
6.513,0.296,-14.225,1
6.511,0.285,-14.22,1
6.512,0.274,-14.222,1
6.51,0.263,-14.217,1
6.51,0.252,-14.218,1
6.509,0.241,-14.215,1
6.506,0.23,-14.21,1
6.505,0.219,-14.206,1
6.502,0.208,-14.2,1
6.501,0.197,-14.198,1
6.498,0.186,-14.192,1
6.499,0.176,-14.194,1
6.497,0.164,-14.189,1
6.497,0.154,-14.189,1
6.496,0.142,-14.186,1
6.498,0.132,-14.191,1
6.496,0.12,-14.188,1
6.496,0.11,-14.188,1
6.498,0.099,-14.191,1
6.497,0.088,-14.19,1
6.498,0.077,-14.191,1
6.499,0.066,-14.195,1
6.498,0.056,-14.193,1
6.501,0.045,-14.197,1
6.517,0.034,-14.233,2
6.503,0.023,-14.203,2
6.503,0.012,-14.201,2
6.522,0.414,-14.224,2
6.523,0.403,-14.225,2
6.522,0.392,-14.224,1
6.521,0.381,-14.22,1
6.52,0.371,-14.219,1
6.521,0.36,-14.22,1
6.519,0.349,-14.217,1
6.52,0.338,-14.218,1
6.517,0.326,-14.213,1
6.52,0.316,-14.218,1
6.517,0.305,-14.212,1
6.517,0.294,-14.213,1
6.519,0.283,-14.217,1
6.517,0.272,-14.212,1
6.516,0.261,-14.208,1
6.514,0.25,-14.205,1
6.512,0.239,-14.2,1
6.509,0.228,-14.194,1
6.509,0.217,-14.193,1
6.505,0.206,-14.186,1
6.505,0.196,-14.186,1
6.502,0.184,-14.18,1
6.501,0.174,-14.176,1
6.501,0.162,-14.176,1
6.499,0.152,-14.172,1
6.499,0.141,-14.173,1
6.498,0.13,-14.171,1
6.499,0.119,-14.173,1
6.499,0.108,-14.173,1
6.501,0.097,-14.177,1
6.499,0.086,-14.174,1
6.503,0.075,-14.181,1
6.507,0.065,-14.191,2
6.53,0.054,-14.241,2
6.506,0.043,-14.188,2
6.503,0.032,-14.182,2
6.53,0.408,-14.216,2
6.529,0.397,-14.212,2
6.529,0.386,-14.214,2
6.529,0.375,-14.213,1
6.528,0.364,-14.21,1
6.526,0.353,-14.206,1
6.527,0.342,-14.209,1
6.524,0.331,-14.202,1
6.524,0.32,-14.202,1
6.523,0.309,-14.2,1
6.523,0.299,-14.2,1
6.519,0.287,-14.192,1
6.521,0.276,-14.196,1
6.517,0.265,-14.187,1
6.518,0.254,-14.189,1
6.517,0.243,-14.186,1
6.516,0.233,-14.184,1
6.514,0.222,-14.18,1
6.512,0.211,-14.177,1
6.51,0.199,-14.172,1
6.508,0.189,-14.168,1
6.507,0.178,-14.165,1
6.505,0.167,-14.161,1
6.503,0.156,-14.157,1
6.503,0.145,-14.155,1
6.503,0.134,-14.156,1
6.502,0.123,-14.153,1
6.503,0.113,-14.156,2
6.505,0.102,-14.161,2
6.507,0.091,-14.164,2
6.503,0.08,-14.156,2
6.504,0.069,-14.159,2
6.508,0.058,-14.167,2
6.539,0.389,-14.203,2
6.536,0.378,-14.197,2
6.538,0.367,-14.201,2
6.536,0.356,-14.198,1
6.534,0.345,-14.193,1
6.533,0.334,-14.19,1
6.532,0.323,-14.189,1
6.53,0.312,-14.184,1
6.533,0.301,-14.191,1
6.53,0.29,-14.184,1
6.531,0.279,-14.186,1
6.528,0.269,-14.178,1
6.527,0.257,-14.176,1
6.525,0.247,-14.172,1
6.522,0.235,-14.166,1
6.521,0.225,-14.165,1
6.518,0.214,-14.158,1
6.517,0.203,-14.156,1
6.516,0.192,-14.153,1
6.515,0.181,-14.151,1
6.514,0.17,-14.148,1
6.513,0.159,-14.146,2
6.513,0.148,-14.147,2
6.511,0.137,-14.142,2
6.508,0.126,-14.135,2
6.509,0.115,-14.138,2
6.509,0.105,-14.139,2
6.543,0.378,-14.191,2
6.543,0.367,-14.191,2
6.541,0.357,-14.187,2
6.542,0.346,-14.19,2
6.542,0.335,-14.189,1
6.539,0.324,-14.182,1
6.54,0.313,-14.184,1
6.537,0.302,-14.178,1
6.534,0.291,-14.173,1
6.534,0.28,-14.17,1
6.532,0.269,-14.168,1
6.53,0.258,-14.162,1
6.529,0.247,-14.16,1
6.527,0.236,-14.156,1
6.524,0.225,-14.15,1
6.524,0.214,-14.15,1
6.523,0.203,-14.147,2
6.526,0.192,-14.155,2
6.522,0.182,-14.145,2
6.518,0.17,-14.137,2
6.513,0.16,-14.127,2
6.514,0.148,-14.129,2
6.514,0.138,-14.128,2
6.549,0.352,-14.179,2
6.545,0.341,-14.172,2
6.545,0.33,-14.17,2
6.548,0.319,-14.176,2
6.56,0.309,-14.203,2
6.57,0.299,-14.226,2
6.558,0.287,-14.198,2
6.549,0.276,-14.178,2
6.544,0.265,-14.167,2
6.54,0.254,-14.16,2
6.534,0.242,-14.147,2
6.531,0.231,-14.141,2
6.53,0.221,-14.137,2
6.526,0.21,-14.13,2
6.526,0.199,-14.129,2
6.525,0.188,-14.127,2
6.554,0.301,-14.156,2
6.549,0.289,-14.146,2
6.549,0.278,-14.146,2
6.546,0.267,-14.139,2
6.544,0.257,-14.135,2
6.145,0.417,-14.365,2
6.144,0.395,-14.364,2
6.144,0.362,-14.364,1
6.144,0.34,-14.363,1
6.145,0.33,-14.365,1
6.145,0.319,-14.365,1
6.145,0.308,-14.364,1
6.145,0.297,-14.365,1
6.147,0.286,-14.369,1
6.147,0.275,-14.369,1
6.147,0.264,-14.37,1
6.148,0.253,-14.371,1
6.148,0.242,-14.371,1
6.148,0.232,-14.371,1
6.146,0.221,-14.368,1
6.148,0.21,-14.373,1
6.148,0.199,-14.373,1
6.148,0.188,-14.373,1
6.148,0.177,-14.372,1
6.149,0.166,-14.374,1
6.15,0.155,-14.377,1
6.149,0.144,-14.374,1
6.15,0.133,-14.377,1
6.15,0.122,-14.376,1
6.152,0.112,-14.382,1
6.151,0.101,-14.38,1
6.153,0.09,-14.383,1
6.152,0.079,-14.382,1
6.154,0.068,-14.386,1
6.154,0.057,-14.385,1
6.153,0.046,-14.383,1
6.153,0.035,-14.384,1
6.152,0.024,-14.382,1
6.154,0.013,-14.385,1
6.154,0.002,-14.384,2
6.152,0.426,-14.36,2
6.153,0.415,-14.361,2
6.154,0.405,-14.363,2
6.153,0.394,-14.361,1
6.155,0.382,-14.366,1
6.154,0.372,-14.363,1
6.154,0.361,-14.365,1
6.154,0.35,-14.363,1
6.153,0.339,-14.362,1
6.154,0.328,-14.364,1
6.153,0.317,-14.362,1
6.154,0.306,-14.364,1
6.154,0.295,-14.364,1
6.155,0.285,-14.366,1
6.155,0.273,-14.365,1
6.156,0.263,-14.369,1
6.155,0.252,-14.366,1
6.156,0.241,-14.369,1
6.156,0.23,-14.368,1
6.156,0.219,-14.368,1
6.158,0.208,-14.373,1
6.157,0.198,-14.371,1
6.158,0.186,-14.372,1
6.159,0.176,-14.374,1
6.157,0.164,-14.371,1
6.16,0.154,-14.376,1
6.16,0.143,-14.376,1
6.159,0.132,-14.374,1
6.159,0.121,-14.375,1
6.16,0.11,-14.377,1
6.16,0.099,-14.377,1
6.162,0.089,-14.383,1
6.161,0.078,-14.381,1
6.161,0.067,-14.379,1
6.162,0.056,-14.382,1
6.162,0.045,-14.382,1
6.164,0.034,-14.387,1
6.163,0.023,-14.384,1
6.164,0.012,-14.386,1
6.161,0.001,-14.379,1
6.163,0.431,-14.36,2
6.163,0.42,-14.358,2
6.161,0.41,-14.354,1
6.162,0.398,-14.358,1
6.162,0.387,-14.356,1
6.163,0.377,-14.358,1
6.162,0.366,-14.357,1
6.162,0.355,-14.357,1
6.163,0.344,-14.359,1
6.163,0.333,-14.358,1
6.164,0.322,-14.36,1
6.163,0.311,-14.359,1
6.165,0.301,-14.364,1
6.166,0.29,-14.365,1
6.166,0.279,-14.365,1
6.165,0.268,-14.363,1
6.166,0.257,-14.365,1
6.165,0.245,-14.364,1
6.165,0.235,-14.362,1
6.165,0.224,-14.363,1
6.166,0.213,-14.365,1
6.167,0.202,-14.366,1
6.168,0.191,-14.37,1
6.167,0.181,-14.366,1
6.168,0.169,-14.371,1
6.167,0.159,-14.368,1
6.168,0.147,-14.37,1
6.169,0.137,-14.373,1
6.17,0.126,-14.376,1
6.17,0.115,-14.374,1
6.172,0.104,-14.379,1
6.17,0.093,-14.376,1
6.171,0.082,-14.376,1
6.171,0.071,-14.377,1
6.172,0.06,-14.379,1
6.17,0.049,-14.376,1
6.17,0.038,-14.375,1
6.17,0.027,-14.375,1
6.169,0.016,-14.373,1
6.17,0.006,-14.374,1
6.176,0.444,-14.356,2
6.177,0.433,-14.358,2
6.176,0.422,-14.355,1
6.177,0.411,-14.358,1
6.174,0.4,-14.351,1
6.175,0.389,-14.354,1
6.175,0.378,-14.353,1
6.176,0.367,-14.355,1
6.175,0.356,-14.353,1
6.175,0.345,-14.354,1
6.177,0.334,-14.357,1
6.175,0.324,-14.354,1
6.177,0.313,-14.357,1
6.176,0.302,-14.356,1
6.178,0.291,-14.36,1
6.177,0.28,-14.357,1
6.179,0.269,-14.361,1
6.179,0.258,-14.361,1
6.177,0.247,-14.358,1
6.179,0.236,-14.362,1
6.179,0.225,-14.361,1
6.18,0.215,-14.363,1
6.18,0.204,-14.363,1
6.179,0.193,-14.362,1
6.18,0.182,-14.365,1
6.179,0.171,-14.363,1
6.181,0.16,-14.367,1
6.18,0.149,-14.365,1
6.183,0.139,-14.371,1
6.181,0.127,-14.368,1
6.182,0.116,-14.37,1
6.183,0.105,-14.371,1
6.184,0.095,-14.373,1
6.185,0.084,-14.375,1
6.184,0.073,-14.373,1
6.185,0.062,-14.375,1
6.185,0.051,-14.375,1
6.185,0.04,-14.375,1
6.183,0.029,-14.371,1
6.182,0.018,-14.37,1
6.183,0.007,-14.372,1
6.187,0.456,-14.358,2
6.184,0.444,-14.352,2
6.183,0.433,-14.349,2
6.183,0.423,-14.349,1
6.185,0.412,-14.354,1
6.182,0.4,-14.348,1
6.185,0.39,-14.354,1
6.185,0.379,-14.354,1
6.185,0.368,-14.354,1
6.183,0.357,-14.349,1
6.185,0.346,-14.354,1
6.186,0.335,-14.356,1
6.186,0.324,-14.356,1
6.187,0.313,-14.359,1
6.187,0.303,-14.358,1
6.187,0.292,-14.357,1
6.187,0.281,-14.357,1
6.187,0.27,-14.358,1
6.187,0.259,-14.357,1
6.187,0.248,-14.358,1
6.187,0.237,-14.358,1
6.188,0.226,-14.359,1
6.187,0.215,-14.358,1
6.189,0.204,-14.363,1
6.188,0.193,-14.36,1
6.189,0.183,-14.363,1
6.188,0.172,-14.361,1
6.189,0.161,-14.363,1
6.19,0.15,-14.365,1
6.192,0.139,-14.368,1
6.193,0.128,-14.371,1
6.192,0.117,-14.369,1
6.193,0.106,-14.372,1
6.192,0.095,-14.37,1
6.193,0.084,-14.371,1
6.192,0.074,-14.37,1
6.193,0.063,-14.372,1
6.192,0.052,-14.369,1
6.193,0.041,-14.37,1
6.192,0.03,-14.369,1
6.192,0.019,-14.368,1
6.191,0.008,-14.368,1
6.194,0.459,-14.348,2
6.195,0.449,-14.35,2
6.194,0.438,-14.348,1
6.193,0.426,-14.345,1
6.194,0.415,-14.349,1
6.194,0.405,-14.348,1
6.195,0.394,-14.35,1
6.195,0.383,-14.35,1
6.196,0.372,-14.352,1
6.196,0.361,-14.352,1
6.196,0.35,-14.354,1
6.195,0.34,-14.35,1
6.197,0.329,-14.355,1
6.196,0.318,-14.352,1
6.196,0.306,-14.353,1
6.197,0.296,-14.354,1
6.196,0.285,-14.353,1
6.198,0.274,-14.357,1
6.196,0.263,-14.352,1
6.197,0.252,-14.354,1
6.197,0.241,-14.354,1
6.198,0.23,-14.356,1
6.197,0.22,-14.355,1
6.198,0.208,-14.356,1
6.199,0.198,-14.359,1
6.2,0.187,-14.362,1
6.2,0.176,-14.36,1
6.2,0.165,-14.361,1
6.201,0.154,-14.363,1
6.2,0.143,-14.361,1
6.201,0.132,-14.363,1
6.201,0.121,-14.364,1
6.201,0.11,-14.364,1
6.202,0.1,-14.367,1
6.202,0.089,-14.366,1
6.202,0.078,-14.366,1
6.201,0.067,-14.363,1
6.202,0.056,-14.366,1
6.201,0.045,-14.365,1
6.202,0.034,-14.367,1
6.202,0.023,-14.366,1
6.201,0.012,-14.365,1
6.202,0.001,-14.366,1
6.207,0.461,-14.345,2
6.207,0.451,-14.347,2
6.206,0.44,-14.344,1
6.206,0.429,-14.344,1
6.208,0.418,-14.348,1
6.208,0.407,-14.349,1
6.209,0.396,-14.351,1
6.208,0.385,-14.348,1
6.207,0.374,-14.347,1
6.206,0.363,-14.344,1
6.207,0.352,-14.346,1
6.208,0.341,-14.348,1
6.207,0.33,-14.347,1
6.207,0.319,-14.345,1
6.208,0.309,-14.349,1
6.208,0.298,-14.347,1
6.208,0.287,-14.347,1
6.209,0.276,-14.351,1
6.208,0.265,-14.349,1
6.208,0.254,-14.349,1
6.21,0.243,-14.353,1
6.211,0.232,-14.355,1
6.212,0.221,-14.358,1
6.212,0.21,-14.356,1
6.213,0.2,-14.36,1
6.21,0.189,-14.354,1
6.212,0.178,-14.356,1
6.212,0.167,-14.356,1
6.213,0.156,-14.358,1
6.212,0.145,-14.358,1
6.214,0.134,-14.362,1
6.213,0.123,-14.359,1
6.213,0.112,-14.36,1
6.213,0.101,-14.36,1
6.214,0.09,-14.361,1
6.214,0.08,-14.363,1
6.213,0.069,-14.359,1
6.215,0.058,-14.365,1
6.214,0.047,-14.363,1
6.215,0.036,-14.365,1
6.213,0.025,-14.36,1
6.214,0.014,-14.361,1
6.214,0.003,-14.363,1
6.215,0.472,-14.344,2
6.215,0.461,-14.344,2
6.214,0.45,-14.342,1
6.213,0.439,-14.339,1
6.214,0.428,-14.342,1
6.214,0.417,-14.342,1
6.215,0.406,-14.342,1
6.215,0.395,-14.344,1
6.216,0.384,-14.344,1
6.216,0.373,-14.347,1
6.218,0.362,-14.349,1
6.216,0.351,-14.346,1
6.217,0.341,-14.348,1
6.218,0.33,-14.349,1
6.216,0.319,-14.345,1
6.217,0.308,-14.347,1
6.218,0.297,-14.349,1
6.217,0.286,-14.347,1
6.217,0.275,-14.347,1
6.218,0.264,-14.349,1
6.217,0.253,-14.348,1
6.218,0.242,-14.349,1
6.217,0.231,-14.347,1
6.219,0.221,-14.351,1
6.219,0.21,-14.353,1
6.22,0.199,-14.353,1
6.22,0.188,-14.355,1
6.221,0.177,-14.356,1
6.221,0.166,-14.356,1
6.221,0.155,-14.357,1
6.221,0.144,-14.358,1
6.223,0.133,-14.36,1
6.22,0.122,-14.355,1
6.222,0.112,-14.359,1
6.222,0.101,-14.359,1
6.222,0.09,-14.358,1
6.221,0.079,-14.357,1
6.221,0.068,-14.356,1
6.22,0.056,-14.354,1
6.22,0.046,-14.355,1
6.222,0.035,-14.36,1
6.221,0.024,-14.357,1
6.221,0.013,-14.358,1
6.221,0.002,-14.356,1
6.225,0.475,-14.338,2
6.225,0.464,-14.338,1
6.225,0.453,-14.337,1
6.225,0.442,-14.338,1
6.226,0.432,-14.34,1
6.226,0.421,-14.34,1
6.227,0.41,-14.341,1
6.227,0.399,-14.342,1
6.228,0.388,-14.344,1
6.228,0.377,-14.344,1
6.228,0.366,-14.345,1
6.229,0.355,-14.347,1
6.228,0.344,-14.344,1
6.228,0.333,-14.345,1
6.228,0.323,-14.344,2
6.229,0.312,-14.346,2
6.228,0.301,-14.345,2
6.229,0.29,-14.347,2
6.229,0.279,-14.345,2
6.229,0.268,-14.347,2
6.229,0.257,-14.347,2
6.229,0.246,-14.346,2
6.232,0.235,-14.353,2
6.232,0.224,-14.353,2
6.231,0.213,-14.351,2
6.232,0.203,-14.354,2
6.232,0.192,-14.352,1
6.231,0.181,-14.351,1
6.233,0.17,-14.356,1
6.232,0.159,-14.354,1
6.234,0.148,-14.358,1
6.235,0.137,-14.359,2
6.233,0.126,-14.356,2
6.233,0.115,-14.355,2
6.233,0.104,-14.356,1
6.233,0.093,-14.356,1
6.232,0.083,-14.354,1
6.232,0.072,-14.354,1
6.232,0.06,-14.352,1
6.234,0.049,-14.356,1
6.232,0.038,-14.352,1
6.232,0.028,-14.352,1
6.232,0.017,-14.353,1
6.233,0.006,-14.355,1
6.24,0.478,-14.339,2
6.239,0.402,-14.336,1
6.24,0.391,-14.337,1
6.241,0.38,-14.34,1
6.241,0.369,-14.34,1
6.241,0.358,-14.34,1
6.242,0.347,-14.343,1
6.241,0.336,-14.34,1
6.243,0.325,-14.344,2
6.243,0.314,-14.345,2
6.243,0.303,-14.344,2
6.242,0.293,-14.342,2
6.243,0.282,-14.344,2
6.242,0.271,-14.342,2
6.243,0.26,-14.344,2
6.242,0.249,-14.343,2
6.243,0.238,-14.344,2
6.244,0.227,-14.345,2
6.245,0.216,-14.347,2
6.245,0.205,-14.348,2
6.246,0.194,-14.351,1
6.244,0.184,-14.347,1
6.245,0.172,-14.348,1
6.245,0.162,-14.349,1
6.246,0.15,-14.351,1
6.248,0.14,-14.355,2
6.247,0.128,-14.352,2
6.246,0.118,-14.351,2
6.248,0.107,-14.356,2
6.246,0.096,-14.351,2
6.246,0.085,-14.351,1
6.245,0.074,-14.347,1
6.244,0.064,-14.346,1
6.245,0.052,-14.349,1
6.245,0.041,-14.348,1
6.243,0.031,-14.344,1
6.245,0.02,-14.348,1
6.245,0.009,-14.347,1
6.249,0.379,-14.337,1
6.249,0.357,-14.336,1
6.249,0.335,-14.338,1
6.251,0.324,-14.341,2
6.252,0.314,-14.342,2
6.252,0.303,-14.344,2
6.25,0.292,-14.34,2
6.252,0.28,-14.343,2
6.25,0.27,-14.338,2
6.252,0.259,-14.343,2
6.252,0.248,-14.342,2
6.252,0.237,-14.344,2
6.254,0.226,-14.347,2
6.252,0.215,-14.342,2
6.254,0.205,-14.347,2
6.252,0.193,-14.342,1
6.252,0.183,-14.343,1
6.253,0.171,-14.347,1
6.254,0.161,-14.347,1
6.256,0.15,-14.352,1
6.255,0.139,-14.349,2
6.256,0.128,-14.353,2
6.255,0.117,-14.35,2
6.256,0.106,-14.354,2
6.254,0.095,-14.348,2
6.254,0.084,-14.349,1
6.253,0.073,-14.347,1
6.254,0.062,-14.347,1
6.253,0.051,-14.346,1
6.253,0.04,-14.346,1
6.252,0.03,-14.343,1
6.252,0.019,-14.344,1
6.252,0.008,-14.344,1
6.26,0.327,-14.337,2
6.26,0.316,-14.337,2
6.261,0.306,-14.34,2
6.261,0.294,-14.338,2
6.261,0.283,-14.339,2
6.261,0.273,-14.338,2
6.263,0.262,-14.342,2
6.261,0.25,-14.338,2
6.262,0.24,-14.34,2
6.261,0.229,-14.339,2
6.262,0.218,-14.34,2
6.262,0.207,-14.341,2
6.264,0.196,-14.345,1
6.262,0.185,-14.341,1
6.263,0.175,-14.342,1
6.263,0.163,-14.342,1
6.264,0.153,-14.344,1
6.265,0.141,-14.347,1
6.266,0.131,-14.348,1
6.265,0.12,-14.346,2
6.266,0.109,-14.349,2
6.264,0.098,-14.345,2
6.264,0.087,-14.344,2
6.263,0.076,-14.343,1
6.263,0.065,-14.342,1
6.262,0.054,-14.341,1
6.262,0.043,-14.341,1
6.262,0.032,-14.34,1
6.262,0.021,-14.34,1
6.261,0.011,-14.337,1
6.276,0.286,-14.337,1
6.276,0.275,-14.336,1
6.277,0.253,-14.339,1
6.276,0.242,-14.337,2
6.276,0.221,-14.337,2
6.276,0.188,-14.337,1
6.277,0.166,-14.338,1
6.277,0.155,-14.338,1
6.277,0.144,-14.34,1
6.278,0.133,-14.34,1
6.279,0.122,-14.343,1
6.28,0.111,-14.347,2
6.277,0.1,-14.34,2
6.278,0.089,-14.34,2
6.278,0.078,-14.341,1
6.279,0.067,-14.342,1
6.276,0.056,-14.336,1
6.276,0.045,-14.337,1
6.286,0.218,-14.336,2
6.286,0.196,-14.337,1
6.286,0.175,-14.337,1
6.286,0.163,-14.336,1
6.286,0.153,-14.337,1
6.286,0.141,-14.338,1
6.286,0.131,-14.336,1
6.287,0.12,-14.338,1
6.287,0.109,-14.339,2
6.287,0.098,-14.339,2
6.287,0.087,-14.339,2
6.286,0.065,-14.336,1
6.287,0.054,-14.339,1
6.297,0.124,-14.339,1
6.297,0.113,-14.338,2
6.297,0.091,-14.337,2
6.1,0.361,-14.379,2
6.1,0.35,-14.379,2
6.1,0.339,-14.378,1
6.1,0.329,-14.378,2
6.101,0.317,-14.38,1
6.099,0.306,-14.377,1
6.098,0.296,-14.375,1
6.101,0.285,-14.381,1
6.099,0.273,-14.377,1
6.1,0.263,-14.379,1
6.112,0.376,-14.375,2
6.111,0.365,-14.373,2
6.112,0.354,-14.375,2
6.112,0.343,-14.375,1
6.112,0.332,-14.375,1
6.112,0.321,-14.374,1
6.111,0.31,-14.373,1
6.111,0.299,-14.373,1
6.112,0.289,-14.375,1
6.112,0.278,-14.374,1
6.112,0.266,-14.375,1
6.113,0.256,-14.377,1
6.113,0.245,-14.377,1
6.114,0.234,-14.378,1
6.114,0.223,-14.38,1
6.114,0.212,-14.379,1
6.115,0.201,-14.382,1
6.116,0.191,-14.384,1
6.117,0.18,-14.387,1
6.118,0.169,-14.388,1
6.117,0.158,-14.385,1
6.117,0.147,-14.387,1
6.116,0.136,-14.384,1
6.116,0.125,-14.384,1
6.119,0.114,-14.39,1
6.117,0.103,-14.387,1
6.119,0.092,-14.389,1
6.118,0.081,-14.387,1
6.121,0.071,-14.395,1
6.12,0.06,-14.393,2
6.12,0.049,-14.392,2
6.122,0.038,-14.396,2
6.122,0.395,-14.374,2
6.122,0.384,-14.372,2
6.121,0.373,-14.37,2
6.122,0.363,-14.373,1
6.121,0.351,-14.37,1
6.121,0.34,-14.37,1
6.122,0.33,-14.372,1
6.121,0.319,-14.37,1
6.12,0.308,-14.368,1
6.122,0.297,-14.372,1
6.123,0.286,-14.374,1
6.121,0.275,-14.37,1
6.123,0.264,-14.374,1
6.123,0.254,-14.375,1
6.125,0.243,-14.378,1
6.123,0.231,-14.375,1
6.125,0.221,-14.378,1
6.126,0.21,-14.381,1
6.126,0.199,-14.381,1
6.126,0.188,-14.381,1
6.126,0.177,-14.38,1
6.127,0.166,-14.383,1
6.126,0.155,-14.382,1
6.127,0.145,-14.383,1
6.126,0.133,-14.38,1
6.128,0.123,-14.385,1
6.128,0.112,-14.385,1
6.128,0.101,-14.386,1
6.129,0.09,-14.388,1
6.128,0.079,-14.387,1
6.129,0.068,-14.389,1
6.129,0.057,-14.388,1
6.131,0.046,-14.394,2
6.132,0.036,-14.395,2
6.134,0.024,-14.399,2
6.13,0.4,-14.367,2
6.13,0.389,-14.366,1
6.131,0.379,-14.369,2
6.13,0.368,-14.368,1
6.129,0.357,-14.365,1
6.13,0.346,-14.367,1
6.13,0.335,-14.366,1
6.129,0.324,-14.365,1
6.131,0.313,-14.369,1
6.13,0.302,-14.367,1
6.132,0.292,-14.371,1
6.131,0.28,-14.369,1
6.132,0.269,-14.372,1
6.133,0.259,-14.373,1
6.133,0.248,-14.373,1
6.134,0.237,-14.375,1
6.134,0.226,-14.376,1
6.134,0.215,-14.374,1
6.134,0.204,-14.375,1
6.136,0.193,-14.38,1
6.134,0.183,-14.376,1
6.136,0.171,-14.382,1
6.135,0.161,-14.378,1
6.139,0.149,-14.386,1
6.136,0.139,-14.381,1
6.137,0.128,-14.382,1
6.137,0.117,-14.382,1
6.139,0.106,-14.386,1
6.137,0.095,-14.382,1
6.139,0.084,-14.387,1
6.138,0.073,-14.385,1
6.14,0.063,-14.389,1
6.143,0.384,-14.361,1
6.143,0.373,-14.361,1
6.144,0.351,-14.362,1
6.14,0.052,-14.388,1
6.14,0.041,-14.389,1
6.139,0.03,-14.387,1
6.14,0.019,-14.389,2
6.142,0.008,-14.394,2
6.143,0.406,-14.362,2
