5968,8.863,-0.007,-13.865,66,1,270.79
5994,8.874,-0.005,-13.856,64,1,270.74
6021,8.882,-0.008,-13.852,70,1,270.77
6050,8.892,-0.002,-13.849,79,1,270.86
6051,8.894,-0.014,-13.851,49,1,270.95
6078,8.906,-0.011,-13.843,74,1,270.95
6079,8.908,-0.022,-13.847,37,1,271.09
6105,8.915,-0.01,-13.84,90,1,271.02
6106,8.917,-0.021,-13.842,68,1,271.11
6131,8.927,-0.007,-13.839,98,1,271.21
6132,8.926,-0.019,-13.838,43,1,271.16
6155,8.939,-0.004,-13.828,143,1,271.12
6156,8.94,-0.015,-13.83,70,1,271.19
6157,8.953,-0.027,-13.85,52,1,271.98
6188,8.948,-0.004,-13.828,154,1,271.28
6189,8.948,-0.015,-13.826,87,1,271.22
6190,8.96,-0.027,-13.845,62,1,271.97
6228,8.958,-0.009,-13.823,89,1,271.32
6229,8.964,-0.02,-13.831,70,1,271.65
6230,8.966,-0.032,-13.835,107,1,271.8
6288,8.972,-0.006,-13.818,129,1,271.43
6289,8.972,-0.017,-13.817,50,1,271.41
6290,8.98,-0.029,-13.83,100,1,271.91
6372,8.979,-0.003,-13.809,145,1,271.31
6373,8.98,-0.015,-13.811,57,1,271.38
6374,8.988,-0.026,-13.824,62,1,271.89
6453,8.991,-0.011,-13.809,98,1,271.53
6454,9.002,-0.023,-13.827,45,1,272.22
6532,9.003,-0.009,-13.802,97,1,271.55
6533,9.003,-0.02,-13.802,62,1,271.55
6599,9.013,0,-13.8,116,1,271.67
6600,9.011,-0.012,-13.797,71,1,271.56
6649,9.02,-0.008,-13.792,47,1,271.58
6681,9.033,-0.005,-13.785,45,1,271.62
6701,9.045,-0.006,-13.785,39,1,271.84
6707,9.053,-0.002,-13.778,44,1,271.79
22,8.695,0.387,-13.923,41,1,269.45
23,8.696,0.376,-13.925,89,1,269.53
24,8.694,0.364,-13.922,93,1,269.41
25,8.692,0.353,-13.918,141,1,269.26
26,8.696,0.342,-13.925,106,1,269.53
27,8.693,0.33,-13.921,78,1,269.36
28,8.698,0.319,-13.929,119,1,269.67
29,8.696,0.307,-13.925,132,1,269.53
30,8.696,0.296,-13.925,148,1,269.53
31,8.697,0.284,-13.927,155,1,269.6
32,8.696,0.273,-13.924,159,1,269.5
33,8.696,0.262,-13.925,160,1,269.53
44,8.707,0.412,-13.917,21,1,269.49
45,8.705,0.4,-13.915,75,1,269.4
46,8.705,0.388,-13.914,111,1,269.38
47,8.706,0.377,-13.915,123,1,269.42
48,8.708,0.366,-13.918,84,1,269.54
49,8.703,0.354,-13.911,144,1,269.26
50,8.706,0.343,-13.916,163,1,269.45
51,8.706,0.331,-13.915,163,1,269.42
52,8.706,0.319,-13.916,162,1,269.45
53,8.705,0.308,-13.915,157,1,269.4
54,8.707,0.297,-13.916,155,1,269.47
55,8.706,0.285,-13.915,161,1,269.42
56,8.707,0.274,-13.917,165,1,269.49
57,8.707,0.262,-13.917,161,1,269.49
58,8.708,0.251,-13.918,166,1,269.54
59,8.71,0.24,-13.922,164,1,269.69
60,8.709,0.228,-13.92,156,1,269.61
61,8.71,0.216,-13.921,159,1,269.66
62,8.709,0.205,-13.92,159,1,269.61
63,8.712,0.194,-13.925,159,1,269.8
64,8.712,0.182,-13.925,147,1,269.8
65,8.713,0.171,-13.927,100,1,269.88
66,8.712,0.159,-13.925,91,1,269.8
67,8.712,0.147,-13.925,70,1,269.8
68,8.714,0.136,-13.927,70,1,269.9
69,8.719,0.431,-13.917,24,1,269.7
70,8.717,0.42,-13.912,71,1,269.53
71,8.715,0.408,-13.91,113,1,269.44
72,8.715,0.397,-13.91,86,1,269.44
73,8.717,0.386,-13.913,128,1,269.56
74,8.716,0.374,-13.911,156,1,269.48
75,8.718,0.363,-13.914,159,1,269.6
76,8.719,0.351,-13.915,156,1,269.65
77,8.717,0.34,-13.913,162,1,269.56
78,8.716,0.328,-13.911,160,1,269.48
79,8.718,0.317,-13.914,160,1,269.6
80,8.718,0.305,-13.914,162,1,269.6
81,8.717,0.294,-13.913,164,1,269.56
82,8.718,0.282,-13.914,162,1,269.6
83,8.716,0.271,-13.911,164,1,269.48
84,8.718,0.259,-13.914,162,1,269.6
85,8.719,0.248,-13.916,164,1,269.68
86,8.719,0.236,-13.915,161,1,269.65
87,8.719,0.225,-13.915,155,1,269.65
88,8.722,0.214,-13.92,154,1,269.84
89,8.72,0.202,-13.917,159,1,269.72
90,8.723,0.191,-13.922,158,1,269.91
91,8.72,0.179,-13.918,162,1,269.75
92,8.724,0.168,-13.924,160,1,269.99
93,8.723,0.156,-13.922,157,1,269.91
94,8.724,0.145,-13.923,120,1,269.96
95,8.724,0.133,-13.924,107,1,269.99
96,8.725,0.122,-13.925,61,1,270.03
97,8.725,0.11,-13.925,53,1,270.03
98,8.725,0.438,-13.906,62,1,269.5
99,8.725,0.426,-13.905,109,1,269.47
100,8.724,0.414,-13.904,78,1,269.43
101,8.723,0.403,-13.903,151,1,269.38
102,8.724,0.391,-13.904,159,1,269.43
103,8.726,0.38,-13.908,161,1,269.58
104,8.726,0.369,-13.906,163,1,269.52
105,8.728,0.357,-13.91,154,1,269.67
106,8.727,0.346,-13.91,159,1,269.65
107,8.728,0.334,-13.91,154,1,269.67
108,8.727,0.323,-13.909,164,1,269.62
109,8.728,0.312,-13.91,155,1,269.67
110,8.726,0.3,-13.908,161,1,269.58
111,8.725,0.288,-13.906,163,1,269.5
112,8.727,0.277,-13.908,161,1,269.59
113,8.727,0.266,-13.909,161,1,269.62
114,8.727,0.254,-13.909,152,1,269.62
115,8.729,0.243,-13.911,159,1,269.71
116,8.729,0.231,-13.911,157,1,269.71
117,8.729,0.22,-13.911,163,1,269.71
118,8.729,0.208,-13.913,167,1,269.77
119,8.729,0.197,-13.913,162,1,269.77
120,8.732,0.185,-13.916,160,1,269.9
121,8.732,0.174,-13.916,159,1,269.9
122,8.734,0.162,-13.92,161,1,270.05
123,8.733,0.151,-13.917,156,1,269.95
124,8.734,0.14,-13.92,160,1,270.05
125,8.732,0.128,-13.917,145,1,269.93
126,8.732,0.117,-13.916,78,1,269.9
127,8.735,0.105,-13.921,72,1,270.09
128,8.736,0.094,-13.923,55,1,270.17
129,8.738,0.453,-13.899,44,1,269.53
130,8.738,0.441,-13.901,113,1,269.59
131,8.738,0.43,-13.9,103,1,269.56
132,8.735,0.419,-13.895,158,1,269.37
133,8.739,0.407,-13.901,161,1,269.61
134,8.737,0.396,-13.899,162,1,269.52
135,8.739,0.384,-13.901,168,1,269.61
136,8.738,0.373,-13.9,168,1,269.56
137,8.74,0.361,-13.903,159,1,269.68
138,8.738,0.35,-13.901,158,1,269.59
139,8.74,0.338,-13.902,158,1,269.65
140,8.741,0.327,-13.904,160,1,269.73
141,8.739,0.315,-13.901,161,1,269.61
142,8.742,0.304,-13.906,161,1,269.8
143,8.738,0.292,-13.901,162,1,269.59
144,8.74,0.281,-13.903,163,1,269.68
145,8.739,0.269,-13.901,160,1,269.61
146,8.741,0.258,-13.903,163,1,269.7
147,8.74,0.246,-13.902,166,1,269.65
148,8.741,0.235,-13.905,157,1,269.75
149,8.742,0.224,-13.906,162,1,269.8
150,8.742,0.212,-13.906,155,1,269.8
151,8.743,0.2,-13.908,159,1,269.87
152,8.745,0.189,-13.91,160,1,269.96
153,8.745,0.178,-13.91,161,1,269.96
154,8.745,0.167,-13.91,161,1,269.96
155,8.746,0.155,-13.912,160,1,270.04
156,8.746,0.143,-13.913,151,1,270.06
157,8.745,0.132,-13.91,161,1,269.96
158,8.746,0.12,-13.912,157,1,270.04
159,8.747,0.109,-13.913,142,1,270.08
160,8.745,0.097,-13.911,95,1,269.99
161,8.748,0.086,-13.916,50,1,270.18
162,8.75,0.075,-13.919,24,1,270.3
163,8.745,0.463,-13.895,51,1,269.55
164,8.747,0.451,-13.897,99,1,269.64
165,8.742,0.44,-13.889,137,1,269.33
166,8.745,0.428,-13.895,162,1,269.55
167,8.745,0.417,-13.894,161,1,269.52
168,8.747,0.405,-13.896,158,1,269.61
169,8.745,0.394,-13.895,162,1,269.55
170,8.747,0.382,-13.896,162,1,269.61
171,8.745,0.371,-13.895,162,1,269.55
172,8.746,0.359,-13.896,159,1,269.59
173,8.745,0.348,-13.895,162,1,269.55
174,8.749,0.337,-13.9,161,1,269.76
175,8.748,0.325,-13.899,161,1,269.71
176,8.748,0.314,-13.899,164,1,269.71
177,8.749,0.302,-13.9,166,1,269.76
178,8.751,0.291,-13.904,163,1,269.9
179,8.752,0.279,-13.905,161,1,269.95
180,8.75,0.268,-13.903,166,1,269.86
181,8.751,0.257,-13.903,161,1,269.87
182,8.749,0.245,-13.901,164,1,269.78
183,8.749,0.234,-13.901,167,1,269.78
184,8.749,0.222,-13.9,161,1,269.76
185,8.751,0.211,-13.904,157,1,269.9
186,8.75,0.199,-13.901,161,1,269.8
187,8.753,0.188,-13.906,156,1,269.99
188,8.752,0.176,-13.904,161,1,269.92
189,8.752,0.164,-13.905,157,1,269.95
190,8.753,0.154,-13.906,159,1,269.99
191,8.753,0.142,-13.907,159,1,270.02
192,8.755,0.131,-13.909,156,1,270.11
193,8.754,0.119,-13.908,151,1,270.06
194,8.756,0.107,-13.911,162,1,270.18
195,8.756,0.096,-13.912,148,1,270.21
196,8.756,0.084,-13.911,92,1,270.18
197,8.755,0.073,-13.91,63,1,270.14
198,8.762,0.062,-13.92,14,1,270.54
199,8.756,0.477,-13.892,44,1,269.66
200,8.756,0.466,-13.892,106,1,269.66
201,8.759,0.454,-13.895,138,1,269.79
202,8.755,0.443,-13.889,157,1,269.55
203,8.757,0.432,-13.892,161,1,269.67
204,8.756,0.42,-13.891,159,1,269.63
205,8.756,0.408,-13.891,159,1,269.63
206,8.755,0.397,-13.89,165,1,269.58
207,8.754,0.385,-13.889,164,1,269.54
208,8.756,0.375,-13.891,156,1,269.63
209,8.755,0.363,-13.891,157,1,269.61
210,8.757,0.351,-13.892,157,1,269.67
211,8.757,0.34,-13.892,163,1,269.67
212,8.757,0.328,-13.894,158,1,269.73
213,8.756,0.317,-13.891,157,1,269.63
214,8.757,0.306,-13.894,161,1,269.73
215,8.758,0.294,-13.895,160,1,269.77
216,8.76,0.282,-13.897,165,1,269.86
217,8.761,0.271,-13.898,166,1,269.91
218,8.76,0.259,-13.898,169,1,269.89
219,8.759,0.248,-13.896,166,1,269.82
220,8.761,0.237,-13.899,164,1,269.94
221,8.76,0.225,-13.898,170,1,269.89
222,8.761,0.214,-13.899,164,1,269.94
223,8.76,0.202,-13.898,165,1,269.89
224,8.76,0.191,-13.898,172,1,269.89
225,8.763,0.179,-13.901,160,1,270.03
226,8.764,0.168,-13.904,160,1,270.13
227,8.761,0.156,-13.899,158,1,269.94
228,8.763,0.145,-13.901,154,1,270.03
229,8.762,0.133,-13.901,160,1,270.01
230,8.763,0.122,-13.902,154,1,270.06
231,8.765,0.111,-13.905,160,1,270.17
232,8.766,0.099,-13.906,156,1,270.22
233,8.767,0.087,-13.908,159,1,270.29
234,8.767,0.076,-13.909,96,1,270.32
235,8.765,0.065,-13.906,69,1,270.2
236,8.768,0.053,-13.91,42,1,270.37
237,8.768,0.491,-13.885,57,1,269.67
238,8.768,0.479,-13.885,95,1,269.67
239,8.769,0.468,-13.885,122,1,269.69
240,8.767,0.457,-13.883,161,1,269.6
241,8.771,0.445,-13.89,156,1,269.86
242,8.767,0.433,-13.882,158,1,269.57
243,8.768,0.422,-13.884,155,1,269.64
244,8.767,0.411,-13.883,162,1,269.6
245,8.769,0.4,-13.886,156,1,269.72
246,8.768,0.388,-13.885,160,1,269.67
247,8.769,0.377,-13.885,156,1,269.69
248,8.77,0.365,-13.887,165,1,269.76
249,8.768,0.353,-13.885,165,1,269.67
250,8.769,0.342,-13.887,160,1,269.74
251,8.77,0.331,-13.887,164,1,269.76
252,8.77,0.319,-13.888,159,1,269.79
253,8.771,0.308,-13.89,164,1,269.86
254,8.772,0.296,-13.891,168,1,269.91
255,8.771,0.285,-13.889,164,1,269.83
256,8.773,0.273,-13.892,167,1,269.95
257,8.773,0.262,-13.891,160,1,269.93
258,8.771,0.25,-13.889,166,1,269.83
259,8.772,0.239,-13.891,165,1,269.91
260,8.771,0.228,-13.889,161,1,269.83
261,8.773,0.216,-13.892,167,1,269.95
262,8.773,0.205,-13.893,166,1,269.98
263,8.775,0.193,-13.895,166,1,270.07
264,8.774,0.181,-13.894,170,1,270.03
265,8.773,0.17,-13.892,168,1,269.95
266,8.775,0.159,-13.895,164,1,270.07
267,8.776,0.147,-13.896,160,1,270.12
268,8.776,0.135,-13.897,159,1,270.14
269,8.776,0.124,-13.898,168,1,270.17
270,8.778,0.112,-13.901,159,1,270.29
271,8.778,0.101,-13.901,156,1,270.29
272,8.78,0.09,-13.903,155,1,270.38
273,8.779,0.078,-13.902,159,1,270.34
274,8.779,0.067,-13.901,132,1,270.31
275,8.779,0.055,-13.901,82,1,270.31
276,8.779,0.044,-13.902,50,1,270.34
277,8.778,0.498,-13.882,46,1,269.76
278,8.776,0.486,-13.88,93,1,269.67
279,8.775,0.474,-13.878,142,1,269.6
280,8.778,0.463,-13.882,162,1,269.76
281,8.777,0.451,-13.882,157,1,269.75
282,8.778,0.44,-13.883,159,1,269.79
283,8.776,0.428,-13.88,170,1,269.67
284,8.776,0.417,-13.878,160,1,269.62
285,8.777,0.405,-13.882,163,1,269.75
286,8.776,0.394,-13.88,160,1,269.67
287,8.78,0.382,-13.885,169,1,269.88
288,8.777,0.371,-13.881,166,1,269.72
289,8.78,0.36,-13.885,162,1,269.88
290,8.779,0.348,-13.884,162,1,269.84
291,8.779,0.337,-13.884,161,1,269.84
292,8.779,0.325,-13.884,168,1,269.84
293,8.78,0.314,-13.885,167,1,269.88
294,8.781,0.303,-13.887,162,1,269.95
295,8.783,0.291,-13.89,170,1,270.07
296,8.781,0.28,-13.887,162,1,269.95
297,8.782,0.268,-13.889,166,1,270.03
298,8.781,0.257,-13.887,164,1,269.95
299,8.782,0.245,-13.888,162,1,270
300,8.781,0.234,-13.888,165,1,269.98
301,8.782,0.222,-13.888,167,1,270
302,8.781,0.211,-13.887,170,1,269.95
303,8.782,0.199,-13.889,166,1,270.03
304,8.783,0.188,-13.89,166,1,270.07
305,8.783,0.176,-13.891,168,1,270.1
306,8.784,0.165,-13.892,168,1,270.15
307,8.784,0.153,-13.891,166,1,270.12
308,8.787,0.142,-13.897,161,1,270.34
309,8.784,0.131,-13.892,160,1,270.15
310,8.785,0.119,-13.894,162,1,270.22
311,8.788,0.108,-13.898,160,1,270.38
312,8.787,0.096,-13.896,156,1,270.31
313,8.788,0.084,-13.897,160,1,270.36
314,8.788,0.073,-13.899,157,1,270.41
315,8.79,0.062,-13.9,156,1,270.47
316,8.788,0.05,-13.898,96,1,270.38
317,8.788,0.039,-13.899,59,1,270.41
318,8.789,0.512,-13.879,24,1,269.87
319,8.786,0.5,-13.875,82,1,269.71
320,8.785,0.488,-13.873,75,1,269.64
321,8.786,0.477,-13.876,160,1,269.74
322,8.787,0.466,-13.876,161,1,269.75
323,8.786,0.454,-13.875,155,1,269.71
324,8.786,0.443,-13.876,157,1,269.74
325,8.789,0.431,-13.879,162,1,269.87
326,8.789,0.421,-13.88,164,1,269.9
327,8.79,0.409,-13.881,160,1,269.95
328,8.788,0.397,-13.877,163,1,269.8
329,8.787,0.386,-13.877,166,1,269.78
330,8.788,0.374,-13.878,166,1,269.83
331,8.789,0.363,-13.88,166,1,269.9
332,8.79,0.352,-13.88,161,1,269.92
333,8.788,0.34,-13.877,162,1,269.8
334,8.79,0.328,-13.881,160,1,269.95
335,8.787,0.317,-13.876,165,1,269.75
336,8.79,0.305,-13.881,165,1,269.95
337,8.788,0.294,-13.878,158,1,269.83
338,8.791,0.283,-13.882,162,1,269.99
339,8.792,0.271,-13.884,157,1,270.06
340,8.793,0.259,-13.887,158,1,270.17
341,8.791,0.248,-13.882,163,1,269.99
342,8.792,0.236,-13.884,166,1,270.06
343,8.794,0.226,-13.887,162,1,270.18
344,8.786,0.214,-13.874,170,1,269.68
345,8.791,0.202,-13.882,170,1,269.99
346,8.792,0.191,-13.884,165,1,270.06
347,8.795,0.179,-13.888,164,1,270.23
348,8.792,0.168,-13.884,165,1,270.06
349,8.792,0.156,-13.885,168,1,270.09
350,8.793,0.145,-13.885,166,1,270.11
351,8.793,0.133,-13.885,162,1,270.11
352,8.794,0.122,-13.887,161,1,270.18
353,8.795,0.111,-13.888,163,1,270.23
354,8.795,0.099,-13.888,156,1,270.23
355,8.798,0.087,-13.893,156,1,270.42
356,8.797,0.076,-13.892,161,1,270.37
357,8.797,0.064,-13.892,162,1,270.37
358,8.797,0.053,-13.892,154,1,270.37
359,8.797,0.042,-13.892,97,1,270.37
360,8.799,0.03,-13.895,56,1,270.49
361,8.799,0.514,-13.87,46,1,269.8
362,8.799,0.502,-13.869,80,1,269.77
363,8.8,0.491,-13.87,160,1,269.82
364,8.799,0.479,-13.87,162,1,269.8
365,8.799,0.468,-13.869,158,1,269.77
366,8.799,0.456,-13.869,157,1,269.77
367,8.8,0.445,-13.87,161,1,269.82
368,8.797,0.433,-13.866,160,1,269.65
369,8.799,0.422,-13.869,160,1,269.77
370,8.799,0.41,-13.869,165,1,269.77
371,8.798,0.399,-13.867,161,1,269.7
372,8.8,0.388,-13.87,160,1,269.82
373,8.8,0.376,-13.871,157,1,269.84
374,8.802,0.364,-13.873,161,1,269.94
375,8.801,0.353,-13.873,166,1,269.92
376,8.803,0.342,-13.875,159,1,270.01
377,8.802,0.331,-13.875,169,1,269.99
378,8.801,0.319,-13.873,162,1,269.92
379,8.803,0.307,-13.875,166,1,270.01
380,8.802,0.296,-13.875,163,1,269.99
381,8.804,0.284,-13.876,163,1,270.05
382,8.801,0.273,-13.872,167,1,269.89
383,8.804,0.262,-13.877,158,1,270.08
384,8.802,0.25,-13.873,166,1,269.94
385,8.803,0.238,-13.875,159,1,270.01
386,8.802,0.227,-13.874,161,1,269.96
387,8.804,0.215,-13.877,160,1,270.08
388,8.805,0.204,-13.878,161,1,270.13
389,8.806,0.192,-13.879,164,1,270.17
390,8.806,0.181,-13.88,167,1,270.2
391,8.806,0.169,-13.879,166,1,270.17
392,8.807,0.158,-13.882,164,1,270.27
393,8.808,0.147,-13.883,160,1,270.32
394,8.807,0.135,-13.882,168,1,270.27
395,8.808,0.124,-13.883,166,1,270.32
396,8.808,0.112,-13.883,162,1,270.32
397,8.809,0.101,-13.884,157,1,270.36
398,8.809,0.089,-13.885,158,1,270.39
399,8.808,0.078,-13.883,162,1,270.32
400,8.809,0.066,-13.885,162,1,270.39
401,8.807,0.055,-13.882,162,1,270.27
402,8.808,0.043,-13.883,154,1,270.32
403,8.811,0.032,-13.887,103,1,270.48
404,8.814,0.021,-13.892,49,1,270.67
405,8.809,0.522,-13.867,57,1,269.89
406,8.809,0.511,-13.866,90,1,269.86
407,8.806,0.499,-13.861,144,1,269.67
408,8.809,0.488,-13.866,163,1,269.86
409,8.809,0.477,-13.868,157,1,269.92
410,8.807,0.465,-13.863,156,1,269.75
411,8.81,0.454,-13.868,165,1,269.94
412,8.807,0.442,-13.864,140,1,269.77
413,8.809,0.43,-13.868,161,1,269.92
414,8.808,0.419,-13.865,158,1,269.82
415,8.809,0.408,-13.868,163,1,269.92
416,8.809,0.396,-13.866,162,1,269.86
417,8.81,0.384,-13.868,166,1,269.94
418,8.809,0.373,-13.867,165,1,269.89
419,8.809,0.362,-13.867,168,1,269.89
420,8.811,0.35,-13.87,165,1,270.01
421,8.811,0.339,-13.868,165,1,269.96
422,8.812,0.327,-13.871,159,1,270.06
423,8.811,0.316,-13.869,163,1,269.98
424,8.811,0.305,-13.87,161,1,270.01
425,8.813,0.293,-13.872,169,1,270.1
426,8.814,0.282,-13.873,165,1,270.15
427,8.813,0.27,-13.873,165,1,270.13
428,8.814,0.259,-13.874,162,1,270.17
429,8.814,0.247,-13.873,162,1,270.15
430,8.814,0.236,-13.873,167,1,270.15
431,8.814,0.224,-13.874,161,1,270.17
432,8.811,0.213,-13.87,165,1,270.01
433,8.815,0.201,-13.876,164,1,270.25
434,8.818,0.19,-13.88,162,1,270.41
435,8.817,0.178,-13.878,165,1,270.34
436,8.815,0.167,-13.875,162,1,270.22
437,8.815,0.155,-13.876,165,1,270.25
438,8.816,0.144,-13.877,169,1,270.29
439,8.816,0.132,-13.877,166,1,270.29
440,8.818,0.121,-13.88,166,1,270.41
441,8.818,0.109,-13.88,164,1,270.41
442,8.818,0.098,-13.88,163,1,270.41
443,8.819,0.086,-13.883,156,1,270.51
444,8.819,0.075,-13.882,154,1,270.48
445,8.819,0.063,-13.883,161,1,270.51
446,8.818,0.052,-13.88,158,1,270.41
447,8.819,0.041,-13.883,163,1,270.51
448,8.82,0.029,-13.884,103,1,270.56
449,8.821,0.018,-13.884,53,1,270.58
450,8.82,0.528,-13.863,55,1,269.98
451,8.819,0.516,-13.861,87,1,269.9
452,8.817,0.505,-13.858,157,1,269.78
453,8.817,0.493,-13.858,154,1,269.78
454,8.818,0.482,-13.86,158,1,269.86
455,8.819,0.47,-13.861,157,1,269.9
456,8.821,0.459,-13.865,156,1,270.05
457,8.82,0.447,-13.863,159,1,269.98
458,8.823,0.436,-13.866,157,1,270.11
459,8.819,0.424,-13.861,162,1,269.9
460,8.821,0.413,-13.865,158,1,270.05
461,8.822,0.402,-13.866,154,1,270.09
462,8.821,0.39,-13.865,163,1,270.05
463,8.823,0.379,-13.866,123,1,270.11
464,8.821,0.367,-13.864,85,1,270.02
465,8.821,0.356,-13.863,110,1,269.99
466,8.822,0.345,-13.866,121,1,270.09
467,8.823,0.333,-13.868,137,1,270.17
468,8.823,0.322,-13.867,143,1,270.14
469,8.822,0.31,-13.866,150,1,270.09
470,8.821,0.298,-13.863,160,1,269.99
471,8.823,0.287,-13.866,163,1,270.11
472,8.824,0.276,-13.868,157,1,270.18
473,8.824,0.264,-13.868,163,1,270.18
474,8.823,0.252,-13.867,166,1,270.14
475,8.822,0.241,-13.865,168,1,270.07
476,8.826,0.229,-13.871,163,1,270.3
477,8.824,0.218,-13.868,164,1,270.18
478,8.825,0.207,-13.87,164,1,270.26
479,8.824,0.195,-13.869,165,1,270.21
480,8.825,0.184,-13.87,164,1,270.26
481,8.825,0.172,-13.87,166,1,270.26
482,8.826,0.161,-13.871,163,1,270.3
483,8.826,0.149,-13.871,163,1,270.3
484,8.827,0.138,-13.873,162,1,270.38
485,8.826,0.126,-13.872,171,1,270.33
486,8.83,0.115,-13.878,165,1,270.57
487,8.827,0.103,-13.873,164,1,270.38
488,8.827,0.092,-13.873,163,1,270.38
489,8.827,0.08,-13.873,158,1,270.38
490,8.83,0.069,-13.877,159,1,270.54
491,8.829,0.058,-13.876,160,1,270.49
492,8.829,0.046,-13.877,162,1,270.52
493,8.83,0.035,-13.879,157,1,270.6
494,8.833,0.023,-13.882,115,1,270.73
495,8.83,0.012,-13.878,54,1,270.57
496,8.832,0.531,-13.855,44,1,269.97
497,8.83,0.52,-13.852,73,1,269.85
498,8.831,0.508,-13.854,158,1,269.92
499,8.83,0.497,-13.851,162,1,269.82
500,8.83,0.486,-13.851,155,1,269.82
501,8.83,0.474,-13.853,163,1,269.87
502,8.832,0.463,-13.855,161,1,269.97
503,8.832,0.451,-13.855,157,1,269.97
504,8.834,0.44,-13.858,164,1,270.08
505,8.831,0.428,-13.854,163,1,269.92
506,8.833,0.417,-13.857,160,1,270.04
507,8.832,0.405,-13.856,162,1,269.99
508,8.832,0.394,-13.856,161,1,269.99
509,8.832,0.382,-13.856,143,1,269.99
510,8.834,0.371,-13.858,59,1,270.08
511,8.833,0.359,-13.856,54,1,270.01
512,8.833,0.348,-13.857,59,1,270.04
513,8.833,0.336,-13.856,59,1,270.01
514,8.837,0.325,-13.863,52,1,270.28
515,8.834,0.314,-13.858,60,1,270.08
516,8.833,0.302,-13.858,51,1,270.07
517,8.835,0.29,-13.861,64,1,270.18
518,8.835,0.279,-13.86,48,1,270.16
519,8.836,0.268,-13.861,59,1,270.2
520,8.834,0.256,-13.858,55,1,270.08
521,8.838,0.245,-13.864,124,1,270.32
522,8.839,0.233,-13.866,162,1,270.39
523,8.837,0.222,-13.863,171,1,270.28
524,8.836,0.21,-13.861,169,1,270.2
525,8.837,0.199,-13.863,160,1,270.28
526,8.835,0.188,-13.861,143,1,270.18
527,8.84,0.176,-13.867,138,1,270.44
528,8.838,0.164,-13.864,164,1,270.32
529,8.838,0.153,-13.865,166,1,270.35
530,8.837,0.141,-13.863,167,1,270.28
531,8.839,0.13,-13.866,165,1,270.39
532,8.838,0.119,-13.865,165,1,270.35
533,8.839,0.107,-13.866,162,1,270.39
534,8.841,0.095,-13.869,164,1,270.51
535,8.84,0.084,-13.867,155,1,270.44
536,8.841,0.073,-13.868,161,1,270.48
537,8.841,0.061,-13.869,162,1,270.51
538,8.843,0.05,-13.872,162,1,270.63
539,8.842,0.038,-13.871,160,1,270.59
540,8.843,0.026,-13.872,162,1,270.63
541,8.844,0.015,-13.873,97,1,270.68
542,8.845,0.004,-13.876,58,1,270.78
543,8.841,0.54,-13.852,57,1,270.04
544,8.841,0.529,-13.852,92,1,270.04
545,8.84,0.517,-13.849,155,1,269.94
546,8.84,0.506,-13.85,159,1,269.97
547,8.84,0.494,-13.851,156,1,270
548,8.839,0.482,-13.849,163,1,269.92
549,8.84,0.471,-13.851,161,1,270
550,8.839,0.46,-13.849,163,1,269.92
551,8.839,0.448,-13.849,161,1,269.92
552,8.842,0.437,-13.853,167,1,270.09
553,8.84,0.425,-13.851,170,1,270
554,8.842,0.414,-13.854,162,1,270.11
555,8.842,0.403,-13.854,164,1,270.11
556,8.843,0.391,-13.855,163,1,270.16
557,8.846,0.38,-13.86,95,1,270.35
558,8.843,0.368,-13.855,61,1,270.16
559,8.842,0.356,-13.853,53,1,270.09
560,8.843,0.345,-13.854,56,1,270.13
561,8.842,0.333,-13.852,52,1,270.06
562,8.844,0.322,-13.856,53,1,270.21
563,8.844,0.31,-13.856,57,1,270.21
564,8.844,0.299,-13.856,56,1,270.21
565,8.844,0.288,-13.857,54,1,270.23
566,8.844,0.276,-13.857,58,1,270.23
567,8.844,0.264,-13.857,54,1,270.23
568,8.842,0.253,-13.854,60,1,270.11
569,8.843,0.242,-13.855,152,1,270.16
570,8.846,0.23,-13.859,165,1,270.32
571,8.846,0.219,-13.859,160,1,270.32
572,8.847,0.207,-13.86,165,1,270.37
573,8.847,0.196,-13.862,162,1,270.42
574,8.848,0.184,-13.862,55,1,270.44
575,8.847,0.172,-13.86,53,1,270.37
576,8.848,0.162,-13.863,62,1,270.47
577,8.847,0.15,-13.862,157,1,270.42
578,8.848,0.139,-13.863,164,1,270.47
579,8.848,0.127,-13.863,163,1,270.47
580,8.85,0.115,-13.866,163,1,270.59
581,8.849,0.104,-13.863,165,1,270.49
582,8.847,0.093,-13.861,171,1,270.4
583,8.849,0.081,-13.864,160,1,270.52
584,8.849,0.069,-13.865,160,1,270.54
585,8.85,0.058,-13.866,158,1,270.59
586,8.849,0.047,-13.864,165,1,270.52
587,8.851,0.035,-13.868,163,1,270.66
588,8.851,0.024,-13.867,160,1,270.63
589,8.855,0.012,-13.873,125,1,270.87
590,8.854,0.001,-13.871,52,1,270.8
591,8.851,0.544,-13.846,61,1,270.05
592,8.851,0.532,-13.847,77,1,270.08
593,8.852,0.521,-13.848,156,1,270.13
594,8.851,0.51,-13.846,159,1,270.05
595,8.848,0.498,-13.842,156,1,269.89
596,8.851,0.486,-13.847,161,1,270.08
597,8.851,0.475,-13.847,162,1,270.08
598,8.851,0.463,-13.846,162,1,270.05
599,8.851,0.452,-13.845,165,1,270.02
600,8.851,0.441,-13.847,164,1,270.08
601,8.851,0.429,-13.845,163,1,270.02
602,8.853,0.418,-13.849,160,1,270.17
603,8.851,0.406,-13.846,162,1,270.05
604,8.852,0.394,-13.847,166,1,270.1
605,8.854,0.384,-13.85,149,1,270.22
606,8.854,0.372,-13.85,50,1,270.22
607,8.852,0.36,-13.848,60,1,270.13
608,8.855,0.349,-13.852,54,1,270.29
609,8.854,0.337,-13.851,57,1,270.24
610,8.855,0.326,-13.852,56,1,270.29
611,8.856,0.315,-13.853,52,1,270.33
612,8.856,0.303,-13.854,57,1,270.36
613,8.853,0.292,-13.849,50,1,270.17
614,8.855,0.28,-13.852,54,1,270.29
615,8.854,0.269,-13.851,52,1,270.24
616,8.855,0.257,-13.851,57,1,270.26
617,8.854,0.246,-13.851,125,1,270.24
618,8.854,0.234,-13.851,163,1,270.24
619,8.856,0.222,-13.853,160,1,270.33
620,8.857,0.211,-13.855,160,1,270.41
621,8.858,0.2,-13.858,165,1,270.51
622,8.858,0.188,-13.856,57,1,270.45
623,8.859,0.177,-13.858,63,1,270.53
624,8.858,0.165,-13.856,63,1,270.45
625,8.859,0.154,-13.858,51,1,270.53
626,8.86,0.142,-13.859,133,1,270.57
627,8.859,0.131,-13.858,164,1,270.53
628,8.859,0.119,-13.858,164,1,270.53
629,8.86,0.108,-13.859,157,1,270.57
630,8.86,0.096,-13.86,165,1,270.6
631,8.861,0.085,-13.861,164,1,270.64
632,8.861,0.074,-13.861,160,1,270.64
633,8.861,0.062,-13.861,164,1,270.64
634,8.863,0.051,-13.864,155,1,270.76
635,8.861,0.039,-13.861,157,1,270.64
636,8.862,0.027,-13.863,161,1,270.72
637,8.86,0.016,-13.859,159,1,270.57
638,8.865,0.005,-13.866,99,1,270.85
639,8.862,0.546,-13.839,60,1,270.05
640,8.862,0.535,-13.839,77,1,270.05
641,8.861,0.523,-13.837,163,1,269.98
642,8.863,0.512,-13.841,157,1,270.13
643,8.862,0.5,-13.839,158,1,270.05
644,8.864,0.489,-13.842,155,1,270.17
645,8.863,0.477,-13.84,162,1,270.1
646,8.865,0.466,-13.843,154,1,270.22
647,8.863,0.454,-13.84,160,1,270.1
648,8.865,0.443,-13.843,159,1,270.22
649,8.865,0.431,-13.843,157,1,270.22
650,8.865,0.42,-13.843,163,1,270.22
651,8.865,0.408,-13.843,165,1,270.22
652,8.863,0.397,-13.84,157,1,270.1
653,8.863,0.385,-13.841,145,1,270.13
654,8.866,0.374,-13.845,52,1,270.29
655,8.865,0.363,-13.842,53,1,270.19
656,8.866,0.351,-13.844,55,1,270.26
657,8.865,0.34,-13.843,162,1,270.22
658,8.865,0.328,-13.843,164,1,270.22
659,8.866,0.317,-13.844,161,1,270.26
660,8.866,0.305,-13.845,146,1,270.29
661,8.866,0.294,-13.845,53,1,270.29
662,8.866,0.282,-13.845,58,1,270.29
663,8.867,0.271,-13.847,55,1,270.36
664,8.866,0.259,-13.844,59,1,270.26
665,8.87,0.248,-13.85,122,1,270.5
666,8.869,0.236,-13.85,161,1,270.48
667,8.868,0.225,-13.847,165,1,270.38
668,8.87,0.213,-13.851,163,1,270.53
669,8.869,0.202,-13.849,154,1,270.45
670,8.869,0.19,-13.849,74,1,270.45
671,8.867,0.179,-13.846,57,1,270.34
672,8.87,0.168,-13.85,59,1,270.5
673,8.869,0.156,-13.849,52,1,270.45
674,8.872,0.144,-13.854,59,1,270.65
675,8.869,0.133,-13.849,161,1,270.45
676,8.872,0.122,-13.853,165,1,270.62
677,8.871,0.11,-13.852,171,1,270.57
678,8.872,0.098,-13.854,167,1,270.65
679,8.872,0.087,-13.853,163,1,270.62
680,8.874,0.075,-13.857,159,1,270.76
681,8.873,0.064,-13.856,164,1,270.72
682,8.875,0.053,-13.859,159,1,270.84
683,8.873,0.041,-13.856,161,1,270.72
684,8.875,0.03,-13.858,157,1,270.81
685,8.875,0.018,-13.859,163,1,270.84
686,8.875,0.007,-13.858,150,1,270.81
687,8.873,0.555,-13.84,30,1,270.28
688,8.871,0.543,-13.835,90,1,270.1
689,8.87,0.532,-13.835,154,1,270.08
690,8.872,0.521,-13.837,160,1,270.17
691,8.872,0.509,-13.838,156,1,270.2
692,8.872,0.498,-13.836,158,1,270.15
693,8.872,0.486,-13.838,156,1,270.2
694,8.873,0.474,-13.839,161,1,270.25
695,8.868,0.463,-13.831,162,1,269.94
696,8.873,0.452,-13.839,162,1,270.25
697,8.872,0.44,-13.837,158,1,270.17
698,8.873,0.428,-13.838,167,1,270.22
699,8.873,0.417,-13.838,162,1,270.22
700,8.872,0.405,-13.837,163,1,270.17
701,8.873,0.394,-13.839,165,1,270.25
702,8.875,0.383,-13.842,102,1,270.37
703,8.874,0.371,-13.84,53,1,270.29
704,8.872,0.359,-13.837,54,1,270.17
705,8.875,0.348,-13.842,65,1,270.37
706,8.875,0.337,-13.842,165,1,270.37
707,8.874,0.326,-13.84,162,1,270.29
708,8.874,0.314,-13.84,171,1,270.29
709,8.877,0.302,-13.844,60,1,270.46
710,8.876,0.291,-13.843,53,1,270.41
711,8.875,0.279,-13.842,55,1,270.37
712,8.875,0.268,-13.841,74,1,270.34
713,8.877,0.257,-13.844,165,1,270.46
714,8.875,0.245,-13.842,169,1,270.37
715,8.877,0.234,-13.845,165,1,270.49
716,8.876,0.222,-13.842,162,1,270.38
717,8.878,0.211,-13.847,164,1,270.56
718,8.877,0.199,-13.844,166,1,270.46
719,8.878,0.188,-13.847,166,1,270.56
720,8.88,0.176,-13.849,131,1,270.65
721,8.879,0.164,-13.847,57,1,270.58
722,8.88,0.154,-13.849,57,1,270.65
723,8.881,0.142,-13.85,55,1,270.69
724,8.88,0.13,-13.848,155,1,270.62
725,8.883,0.119,-13.854,162,1,270.84
726,8.88,0.107,-13.849,164,1,270.65
727,8.882,0.095,-13.852,166,1,270.77
728,8.881,0.084,-13.85,169,1,270.69
729,8.882,0.073,-13.852,166,1,270.77
730,8.882,0.061,-13.852,161,1,270.77
731,8.882,0.05,-13.852,154,1,270.77
732,8.883,0.038,-13.854,164,1,270.84
733,8.882,0.027,-13.851,158,1,270.74
734,8.884,0.015,-13.854,158,1,270.86
735,8.883,0.004,-13.854,153,1,270.84
736,8.88,0.548,-13.829,63,1,270.1
737,8.878,0.537,-13.827,136,1,270
738,8.88,0.525,-13.83,151,1,270.12
739,8.881,0.514,-13.831,154,1,270.17
740,8.88,0.502,-13.83,156,1,270.12
741,8.88,0.491,-13.83,155,1,270.12
742,8.881,0.479,-13.831,164,1,270.17
743,8.884,0.468,-13.835,161,1,270.33
744,8.882,0.456,-13.834,160,1,270.27
745,8.881,0.445,-13.832,158,1,270.2
746,8.884,0.434,-13.836,161,1,270.36
747,8.884,0.422,-13.836,164,1,270.36
748,8.883,0.41,-13.834,160,1,270.29
749,8.882,0.399,-13.833,162,1,270.24
750,8.885,0.387,-13.837,149,1,270.41
751,8.884,0.377,-13.836,58,1,270.36
752,8.882,0.365,-13.833,57,1,270.24
753,8.883,0.353,-13.835,52,1,270.31
754,8.882,0.342,-13.833,157,1,270.24
755,8.884,0.33,-13.835,157,1,270.33
756,8.884,0.319,-13.836,164,1,270.36
757,8.882,0.308,-13.833,138,1,270.24
758,8.885,0.296,-13.837,51,1,270.41
759,8.885,0.284,-13.838,47,1,270.43
760,8.884,0.273,-13.837,57,1,270.39
761,8.888,0.261,-13.842,159,1,270.6
762,8.885,0.25,-13.838,163,1,270.43
763,8.888,0.238,-13.842,163,1,270.6
764,8.887,0.227,-13.84,163,1,270.52
765,8.887,0.215,-13.841,159,1,270.55
766,8.886,0.204,-13.839,162,1,270.48
767,8.887,0.193,-13.84,160,1,270.52
768,8.887,0.181,-13.84,170,1,270.52
769,8.889,0.17,-13.844,91,1,270.67
770,8.889,0.158,-13.844,49,1,270.67
771,8.891,0.147,-13.846,55,1,270.76
772,8.888,0.135,-13.842,76,1,270.6
773,8.889,0.124,-13.843,166,1,270.64
774,8.889,0.112,-13.843,165,1,270.64
775,8.889,0.101,-13.844,161,1,270.67
776,8.892,0.089,-13.847,157,1,270.81
777,8.891,0.078,-13.847,164,1,270.79
778,8.891,0.067,-13.846,163,1,270.76
779,8.892,0.055,-13.849,157,1,270.86
780,8.892,0.043,-13.848,160,1,270.83
781,8.892,0.032,-13.849,161,1,270.86
782,8.892,0.02,-13.848,154,1,270.83
783,8.893,0.009,-13.849,155,1,270.88
784,8.892,0.552,-13.822,58,1,270.12
785,8.895,0.54,-13.827,132,1,270.31
786,8.894,0.529,-13.825,161,1,270.23
787,8.894,0.517,-13.826,161,1,270.26
788,8.894,0.506,-13.826,157,1,270.26
789,8.898,0.495,-13.831,159,1,270.47
790,8.895,0.483,-13.828,162,1,270.33
791,8.896,0.472,-13.828,163,1,270.35
792,8.896,0.46,-13.83,163,1,270.41
793,8.895,0.449,-13.827,161,1,270.31
794,8.895,0.437,-13.827,165,1,270.31
795,8.896,0.426,-13.828,156,1,270.35
796,8.896,0.414,-13.829,161,1,270.38
797,8.897,0.403,-13.83,162,1,270.43
798,8.896,0.391,-13.828,156,1,270.35
799,8.898,0.38,-13.832,58,1,270.5
800,8.897,0.368,-13.83,55,1,270.43
801,8.897,0.357,-13.83,54,1,270.43
802,8.896,0.345,-13.828,148,1,270.35
803,8.896,0.334,-13.828,161,1,270.35
804,8.898,0.322,-13.832,169,1,270.5
805,8.896,0.311,-13.829,161,1,270.38
806,8.899,0.299,-13.832,56,1,270.52
807,8.899,0.288,-13.833,55,1,270.54
808,8.899,0.277,-13.833,54,1,270.54
809,8.898,0.265,-13.831,76,1,270.47
810,8.899,0.254,-13.833,157,1,270.54
811,8.899,0.242,-13.833,163,1,270.54
812,8.901,0.231,-13.835,158,1,270.64
813,8.9,0.219,-13.835,162,1,270.62
814,8.901,0.208,-13.835,164,1,270.64
815,8.901,0.196,-13.835,160,1,270.64
816,8.899,0.184,-13.833,162,1,270.54
817,8.901,0.173,-13.835,79,1,270.64
818,8.901,0.162,-13.836,52,1,270.66
819,8.901,0.15,-13.837,50,1,270.69
820,8.901,0.139,-13.836,59,1,270.66
821,8.904,0.127,-13.84,163,1,270.83
822,8.903,0.116,-13.84,163,1,270.81
823,8.905,0.105,-13.842,162,1,270.9
824,8.905,0.093,-13.842,163,1,270.9
825,8.905,0.081,-13.841,160,1,270.87
826,8.905,0.07,-13.842,165,1,270.9
827,8.903,0.058,-13.839,165,1,270.78
828,8.905,0.047,-13.842,158,1,270.9
829,8.904,0.036,-13.841,157,1,270.85
830,8.905,0.024,-13.841,155,1,270.87
831,8.903,0.012,-13.84,155,1,270.81
832,8.905,0.001,-13.842,146,1,270.9
833,8.903,0.553,-13.822,69,1,270.31
834,8.903,0.541,-13.821,126,1,270.28
835,8.904,0.53,-13.823,163,1,270.36
836,8.901,0.518,-13.819,162,1,270.19
837,8.903,0.507,-13.823,161,1,270.34
838,8.903,0.495,-13.822,162,1,270.31
839,8.903,0.484,-13.822,154,1,270.31
840,8.906,0.472,-13.827,162,1,270.5
841,8.905,0.461,-13.825,163,1,270.43
842,8.906,0.45,-13.826,161,1,270.48
843,8.905,0.438,-13.824,166,1,270.4
844,8.904,0.426,-13.823,165,1,270.36
845,8.907,0.415,-13.828,158,1,270.55
846,8.905,0.403,-13.825,161,1,270.43
847,8.905,0.392,-13.825,167,1,270.43
848,8.906,0.381,-13.827,58,1,270.5
849,8.905,0.369,-13.825,57,1,270.43
850,8.906,0.357,-13.827,54,1,270.5
851,8.906,0.346,-13.827,144,1,270.5
852,8.905,0.334,-13.825,161,1,270.43
853,8.907,0.323,-13.827,164,1,270.52
854,8.906,0.312,-13.826,163,1,270.48
855,8.908,0.3,-13.83,92,1,270.62
856,8.908,0.289,-13.829,61,1,270.59
857,8.908,0.277,-13.83,54,1,270.62
858,8.908,0.266,-13.83,63,1,270.62
859,8.91,0.255,-13.833,59,1,270.74
860,8.909,0.243,-13.831,99,1,270.67
861,8.911,0.231,-13.835,135,1,270.81
862,8.909,0.22,-13.831,145,1,270.67
863,8.91,0.208,-13.832,155,1,270.71
864,8.907,0.197,-13.828,136,1,270.55
865,8.91,0.185,-13.832,65,1,270.71
866,8.91,0.174,-13.832,53,1,270.71
867,8.911,0.162,-13.833,51,1,270.76
868,8.911,0.151,-13.834,58,1,270.79
869,8.909,0.14,-13.831,76,1,270.67
870,8.912,0.128,-13.835,164,1,270.83
871,8.91,0.116,-13.833,162,1,270.74
872,8.913,0.105,-13.837,169,1,270.9
873,8.913,0.094,-13.836,163,1,270.88
874,8.915,0.082,-13.84,160,1,271.02
875,8.913,0.071,-13.837,164,1,270.9
876,8.914,0.059,-13.839,162,1,270.98
877,8.914,0.047,-13.838,158,1,270.95
878,8.913,0.036,-13.837,156,1,270.9
879,8.916,0.024,-13.842,154,1,271.1
880,8.913,0.013,-13.837,156,1,270.9
881,8.915,0.002,-13.84,152,1,271.02
882,8.912,0.555,-13.816,50,1,270.31
883,8.913,0.544,-13.819,122,1,270.41
884,8.912,0.532,-13.816,147,1,270.31
885,8.911,0.521,-13.815,157,1,270.26
886,8.913,0.509,-13.817,161,1,270.35
887,8.911,0.498,-13.816,161,1,270.29
888,8.913,0.486,-13.818,156,1,270.38
889,8.913,0.475,-13.817,163,1,270.35
890,8.913,0.463,-13.818,160,1,270.38
891,8.915,0.452,-13.82,160,1,270.47
892,8.914,0.44,-13.819,165,1,270.42
893,8.914,0.429,-13.819,157,1,270.42
894,8.914,0.418,-13.82,161,1,270.45
895,8.915,0.406,-13.821,164,1,270.5
896,8.915,0.394,-13.821,159,1,270.5
897,8.916,0.383,-13.822,70,1,270.54
898,8.915,0.371,-13.821,59,1,270.5
899,8.916,0.36,-13.823,65,1,270.57
900,8.916,0.349,-13.822,119,1,270.54
901,8.917,0.337,-13.823,161,1,270.59
902,8.914,0.326,-13.819,159,1,270.42
903,8.917,0.314,-13.823,161,1,270.59
904,8.916,0.303,-13.822,166,1,270.54
905,8.917,0.292,-13.823,75,1,270.59
906,8.916,0.28,-13.822,56,1,270.54
907,8.917,0.268,-13.824,60,1,270.62
908,8.918,0.257,-13.825,55,1,270.66
909,8.918,0.245,-13.826,57,1,270.69
910,8.919,0.234,-13.826,53,1,270.71
911,8.919,0.222,-13.827,53,1,270.73
912,8.918,0.211,-13.825,52,1,270.66
913,8.92,0.199,-13.828,57,1,270.78
914,8.918,0.188,-13.826,60,1,270.69
915,8.921,0.177,-13.829,57,1,270.83
916,8.92,0.165,-13.828,55,1,270.78
917,8.92,0.154,-13.828,55,1,270.78
918,8.92,0.142,-13.829,134,1,270.81
919,8.92,0.131,-13.828,162,1,270.78
920,8.92,0.119,-13.828,161,1,270.78
921,8.922,0.108,-13.831,166,1,270.9
922,8.922,0.096,-13.832,159,1,270.93
923,8.923,0.084,-13.833,162,1,270.97
924,8.923,0.073,-13.832,163,1,270.94
925,8.925,0.062,-13.835,163,1,271.06
926,8.923,0.05,-13.833,152,1,270.97
927,8.925,0.039,-13.835,153,1,271.06
928,8.924,0.027,-13.834,150,1,271.02
929,8.926,0.015,-13.837,157,1,271.14
930,8.923,0.004,-13.833,156,1,270.97
931,8.927,0.559,-13.811,47,1,270.44
932,8.927,0.548,-13.81,87,1,270.41
933,8.929,0.536,-13.814,156,1,270.55
934,8.927,0.525,-13.811,154,1,270.44
935,8.926,0.513,-13.809,160,1,270.36
936,8.929,0.502,-13.815,158,1,270.58
937,8.927,0.49,-13.811,161,1,270.44
938,8.927,0.479,-13.811,159,1,270.44
939,8.928,0.467,-13.813,158,1,270.51
940,8.929,0.456,-13.814,152,1,270.55
941,8.927,0.444,-13.81,159,1,270.41
942,8.929,0.433,-13.814,159,1,270.55
943,8.928,0.421,-13.812,163,1,270.48
944,8.929,0.41,-13.813,160,1,270.53
945,8.929,0.398,-13.814,161,1,270.55
946,8.93,0.387,-13.815,161,1,270.6
947,8.929,0.375,-13.814,166,1,270.55
948,8.929,0.363,-13.814,165,1,270.55
949,8.931,0.352,-13.817,160,1,270.67
950,8.929,0.341,-13.813,160,1,270.53
951,8.932,0.329,-13.818,162,1,270.72
952,8.932,0.318,-13.817,163,1,270.69
953,8.929,0.306,-13.814,162,1,270.55
954,8.931,0.295,-13.816,159,1,270.64
955,8.93,0.283,-13.815,149,1,270.6
956,8.931,0.272,-13.817,62,1,270.67
957,8.932,0.261,-13.818,58,1,270.72
958,8.931,0.249,-13.817,59,1,270.67
959,8.932,0.237,-13.818,56,1,270.72
960,8.932,0.226,-13.818,55,1,270.72
961,8.934,0.214,-13.822,61,1,270.86
962,8.933,0.203,-13.819,53,1,270.76
963,8.933,0.191,-13.82,53,1,270.79
964,8.934,0.18,-13.821,57,1,270.84
965,8.934,0.168,-13.822,58,1,270.86
966,8.937,0.157,-13.825,126,1,271
967,8.935,0.146,-13.822,165,1,270.88
968,8.937,0.134,-13.825,162,1,271
969,8.935,0.123,-13.823,161,1,270.91
970,8.938,0.111,-13.826,159,1,271.05
971,8.936,0.1,-13.824,161,1,270.96
972,8.935,0.088,-13.823,166,1,270.91
973,8.935,0.077,-13.822,161,1,270.88
974,8.935,0.065,-13.822,163,1,270.88
975,8.936,0.054,-13.824,162,1,270.96
976,8.937,0.042,-13.826,156,1,271.03
977,8.938,0.031,-13.827,152,1,271.07
978,8.937,0.019,-13.825,156,1,271
979,8.939,0.008,-13.829,152,1,271.15
980,8.936,0.559,-13.808,42,1,270.51
981,8.936,0.548,-13.809,86,1,270.54
982,8.934,0.536,-13.807,157,1,270.45
983,8.935,0.525,-13.807,161,1,270.47
984,8.934,0.513,-13.807,160,1,270.45
985,8.935,0.501,-13.807,164,1,270.47
986,8.934,0.49,-13.806,162,1,270.42
987,8.937,0.479,-13.811,166,1,270.61
988,8.936,0.467,-13.808,161,1,270.51
989,8.937,0.456,-13.811,158,1,270.61
990,8.937,0.444,-13.81,160,1,270.59
991,8.938,0.433,-13.811,160,1,270.63
992,8.937,0.421,-13.81,160,1,270.59
993,8.94,0.41,-13.814,160,1,270.75
994,8.937,0.398,-13.811,161,1,270.61
995,8.939,0.387,-13.813,160,1,270.7
996,8.938,0.375,-13.811,163,1,270.63
997,8.938,0.364,-13.812,161,1,270.66
998,8.938,0.352,-13.811,162,1,270.63
999,8.939,0.341,-13.813,164,1,270.7
1000,8.938,0.329,-13.812,165,1,270.66
1001,8.936,0.317,-13.809,168,1,270.54
1002,8.939,0.306,-13.813,166,1,270.7
1003,8.939,0.295,-13.813,166,1,270.7
1004,8.94,0.283,-13.814,158,1,270.75
1005,8.94,0.272,-13.814,164,1,270.75
1006,8.942,0.26,-13.818,125,1,270.9
1007,8.94,0.249,-13.814,67,1,270.75
1008,8.942,0.238,-13.817,64,1,270.87
1009,8.942,0.226,-13.818,65,1,270.9
1010,8.941,0.214,-13.816,57,1,270.82
1011,8.941,0.203,-13.816,60,1,270.82
1012,8.941,0.192,-13.816,62,1,270.82
1013,8.943,0.18,-13.819,76,1,270.94
1014,8.942,0.169,-13.818,145,1,270.9
1015,8.941,0.157,-13.816,168,1,270.82
1016,8.943,0.146,-13.819,162,1,270.94
1017,8.942,0.134,-13.818,159,1,270.9
1018,8.943,0.123,-13.819,157,1,270.94
1019,8.944,0.111,-13.821,159,1,271.02
1020,8.943,0.1,-13.819,162,1,270.94
1021,8.945,0.088,-13.821,164,1,271.03
1022,8.944,0.076,-13.82,166,1,270.99
1023,8.946,0.065,-13.824,169,1,271.13
1024,8.946,0.054,-13.824,165,1,271.13
1025,8.946,0.042,-13.824,156,1,271.13
1026,8.947,0.031,-13.825,159,1,271.18
1027,8.948,0.019,-13.827,151,1,271.25
1028,8.946,0.008,-13.823,156,1,271.11
1029,8.944,0.554,-13.802,78,1,270.49
1030,8.945,0.542,-13.803,153,1,270.54
1031,8.946,0.531,-13.805,156,1,270.61
1032,8.944,0.52,-13.802,161,1,270.49
1033,8.946,0.508,-13.804,163,1,270.58
1034,8.944,0.496,-13.802,160,1,270.49
1035,8.946,0.485,-13.804,163,1,270.58
1036,8.946,0.474,-13.805,162,1,270.61
1037,8.945,0.462,-13.803,162,1,270.54
1038,8.945,0.451,-13.803,165,1,270.54
1039,8.946,0.439,-13.804,163,1,270.58
1040,8.948,0.428,-13.808,160,1,270.73
1041,8.947,0.416,-13.806,160,1,270.65
1042,8.948,0.405,-13.807,163,1,270.7
1043,8.948,0.393,-13.807,163,1,270.7
1044,8.95,0.382,-13.811,163,1,270.85
1045,8.948,0.37,-13.807,166,1,270.7
1046,8.948,0.359,-13.808,162,1,270.73
1047,8.95,0.347,-13.81,161,1,270.82
1048,8.948,0.336,-13.807,166,1,270.7
1049,8.95,0.324,-13.809,164,1,270.79
1050,8.948,0.313,-13.806,164,1,270.67
1051,8.95,0.301,-13.811,159,1,270.85
1052,8.949,0.29,-13.808,165,1,270.75
1053,8.948,0.278,-13.808,160,1,270.73
1054,8.948,0.267,-13.807,167,1,270.7
1055,8.95,0.255,-13.809,156,1,270.79
1056,8.95,0.244,-13.809,163,1,270.79
1057,8.951,0.233,-13.812,159,1,270.89
1058,8.952,0.221,-13.813,164,1,270.94
1059,8.953,0.209,-13.815,161,1,271.01
1060,8.951,0.198,-13.812,164,1,270.89
1061,8.953,0.186,-13.815,161,1,271.01
1062,8.956,0.175,-13.819,164,1,271.17
1063,8.955,0.163,-13.818,163,1,271.13
1064,8.954,0.152,-13.816,160,1,271.06
1065,8.956,0.14,-13.819,165,1,271.17
1066,8.953,0.129,-13.814,166,1,270.98
1067,8.953,0.117,-13.815,162,1,271.01
1068,8.953,0.106,-13.814,163,1,270.98
1069,8.955,0.095,-13.817,162,1,271.1
1070,8.955,0.083,-13.817,161,1,271.1
1071,8.954,0.072,-13.816,165,1,271.06
1072,8.956,0.06,-13.819,159,1,271.17
1073,8.955,0.049,-13.817,154,1,271.1
1074,8.957,0.037,-13.82,155,1,271.22
1075,8.956,0.025,-13.82,156,1,271.2
1076,8.958,0.014,-13.823,152,1,271.32
1077,8.958,0.002,-13.821,157,1,271.27
1078,8.959,0.558,-13.797,45,1,270.62
1079,8.959,0.546,-13.798,121,1,270.65
1080,8.959,0.534,-13.797,156,1,270.62
1081,8.958,0.522,-13.795,157,1,270.55
1082,8.958,0.512,-13.796,160,1,270.58
1083,8.958,0.5,-13.795,152,1,270.55
1084,8.96,0.488,-13.8,160,1,270.72
1085,8.96,0.477,-13.799,167,1,270.69
1086,8.96,0.465,-13.8,164,1,270.72
1087,8.959,0.454,-13.797,163,1,270.62
1088,8.96,0.442,-13.798,153,1,270.67
1089,8.961,0.431,-13.8,161,1,270.74
1090,8.96,0.419,-13.799,166,1,270.69
1091,8.962,0.408,-13.801,158,1,270.79
1092,8.96,0.396,-13.799,164,1,270.69
1093,8.96,0.385,-13.799,168,1,270.69
1094,8.959,0.373,-13.797,165,1,270.62
1095,8.962,0.362,-13.802,143,1,270.81
1096,8.963,0.35,-13.804,91,1,270.89
1097,8.961,0.339,-13.8,63,1,270.74
1098,8.962,0.328,-13.801,52,1,270.79
1099,8.96,0.316,-13.8,52,1,270.72
1100,8.965,0.305,-13.805,58,1,270.95
1101,8.962,0.293,-13.801,58,1,270.79
1102,8.962,0.282,-13.802,52,1,270.81
1103,8.963,0.27,-13.803,52,1,270.86
1104,8.963,0.259,-13.804,56,1,270.89
1105,8.965,0.247,-13.807,71,1,271
1106,8.965,0.236,-13.806,104,1,270.98
1107,8.965,0.224,-13.806,138,1,270.98
1108,8.964,0.213,-13.804,153,1,270.9
1109,8.963,0.201,-13.803,163,1,270.86
1110,8.965,0.19,-13.806,164,1,270.98
1111,8.965,0.178,-13.806,166,1,270.98
1112,8.964,0.167,-13.804,165,1,270.9
1113,8.967,0.155,-13.809,167,1,271.1
1114,8.966,0.144,-13.808,164,1,271.05
1115,8.965,0.132,-13.807,162,1,271
1116,8.965,0.121,-13.807,167,1,271
1117,8.968,0.109,-13.81,153,1,271.14
1118,8.969,0.098,-13.811,162,1,271.19
1119,8.969,0.086,-13.813,166,1,271.24
1120,8.968,0.075,-13.811,163,1,271.17
1121,8.969,0.064,-13.811,161,1,271.19
1122,8.968,0.052,-13.811,160,1,271.17
1123,8.97,0.04,-13.814,152,1,271.29
1124,8.969,0.029,-13.812,154,1,271.21
1125,8.969,0.018,-13.813,156,1,271.24
1126,8.968,0.006,-13.811,149,1,271.17
1127,8.97,0.559,-13.797,55,1,270.82
1128,8.968,0.548,-13.793,89,1,270.67
1129,8.968,0.537,-13.794,164,1,270.7
1130,8.969,0.525,-13.795,159,1,270.74
1131,8.97,0.514,-13.796,161,1,270.79
1132,8.969,0.502,-13.795,156,1,270.74
1133,8.971,0.491,-13.798,160,1,270.86
1134,8.971,0.479,-13.797,162,1,270.84
1135,8.97,0.468,-13.797,159,1,270.82
1136,8.968,0.456,-13.794,165,1,270.7
1137,8.967,0.444,-13.792,160,1,270.63
1138,8.969,0.433,-13.796,160,1,270.77
1139,8.969,0.422,-13.795,162,1,270.74
1140,8.971,0.41,-13.798,161,1,270.86
1141,8.97,0.399,-13.797,161,1,270.82
1142,8.97,0.387,-13.796,160,1,270.79
1143,8.972,0.376,-13.8,100,1,270.94
1144,8.97,0.364,-13.796,63,1,270.79
1145,8.971,0.353,-13.798,59,1,270.86
1146,8.972,0.341,-13.799,58,1,270.91
1147,8.972,0.33,-13.8,53,1,270.94
1148,8.972,0.318,-13.8,57,1,270.94
1149,8.972,0.307,-13.799,60,1,270.91
1150,8.974,0.296,-13.802,55,1,271.03
1151,8.971,0.284,-13.798,49,1,270.86
1152,8.972,0.272,-13.8,52,1,270.94
1153,8.974,0.261,-13.802,58,1,271.03
1154,8.974,0.249,-13.802,60,1,271.03
1155,8.974,0.238,-13.802,51,1,271.03
1156,8.973,0.227,-13.8,53,1,270.95
1157,8.975,0.215,-13.804,52,1,271.1
1158,8.974,0.203,-13.802,58,1,271.03
1159,8.975,0.192,-13.804,72,1,271.1
1160,8.973,0.181,-13.801,144,1,270.98
1161,8.977,0.169,-13.807,161,1,271.22
1162,8.977,0.157,-13.806,159,1,271.19
1163,8.977,0.146,-13.807,162,1,271.22
1164,8.977,0.134,-13.806,163,1,271.19
1165,8.976,0.123,-13.805,158,1,271.15
1166,8.977,0.112,-13.807,169,1,271.22
1167,8.978,0.1,-13.808,164,1,271.27
1168,8.978,0.089,-13.808,163,1,271.27
1169,8.976,0.077,-13.806,162,1,271.17
1170,8.977,0.065,-13.807,162,1,271.22
1171,8.978,0.054,-13.808,163,1,271.27
1172,8.978,0.043,-13.808,156,1,271.27
1173,8.979,0.031,-13.809,152,1,271.31
1174,8.976,0.02,-13.806,153,1,271.17
1175,8.978,0.008,-13.808,152,1,271.27
1176,8.976,0.552,-13.788,72,1,270.68
1177,8.979,0.54,-13.792,156,1,270.84
1178,8.978,0.529,-13.79,155,1,270.77
1179,8.98,0.517,-13.793,156,1,270.89
1180,8.979,0.506,-13.792,160,1,270.84
1181,8.979,0.495,-13.792,162,1,270.84
1182,8.979,0.483,-13.791,161,1,270.81
1183,8.979,0.471,-13.792,156,1,270.84
1184,8.976,0.46,-13.788,165,1,270.68
1185,8.977,0.449,-13.789,160,1,270.72
1186,8.978,0.437,-13.79,164,1,270.77
1187,8.979,0.426,-13.791,160,1,270.81
1188,8.98,0.414,-13.793,162,1,270.89
1189,8.979,0.403,-13.792,161,1,270.84
1190,8.981,0.391,-13.794,143,1,270.93
1191,8.979,0.38,-13.792,59,1,270.84
1192,8.98,0.368,-13.792,58,1,270.86
1193,8.979,0.356,-13.792,53,1,270.84
1194,8.982,0.345,-13.795,55,1,270.98
1195,8.979,0.334,-13.792,53,1,270.84
1196,8.983,0.322,-13.797,54,1,271.05
1197,8.98,0.31,-13.792,56,1,270.86
1198,8.981,0.299,-13.794,57,1,270.93
1199,8.979,0.287,-13.791,60,1,270.81
1200,8.983,0.276,-13.797,53,1,271.05
1201,8.983,0.265,-13.798,58,1,271.08
1202,8.982,0.253,-13.796,48,1,271.01
1203,8.981,0.242,-13.795,57,1,270.96
1204,8.984,0.23,-13.799,69,1,271.12
1205,8.985,0.219,-13.8,68,1,271.17
1206,8.983,0.207,-13.797,52,1,271.05
1207,8.984,0.196,-13.798,58,1,271.1
1208,8.984,0.184,-13.798,52,1,271.1
1209,8.983,0.173,-13.798,64,1,271.08
1210,8.984,0.162,-13.799,145,1,271.12
1211,8.988,0.15,-13.804,163,1,271.33
1212,8.988,0.139,-13.804,156,1,271.33
1213,8.985,0.127,-13.8,172,1,271.17
1214,8.988,0.115,-13.804,162,1,271.33
1215,8.989,0.104,-13.806,159,1,271.41
1216,8.986,0.093,-13.802,157,1,271.24
1217,8.984,0.081,-13.799,166,1,271.12
1218,8.986,0.069,-13.802,162,1,271.24
1219,8.988,0.058,-13.804,163,1,271.33
1220,8.987,0.046,-13.803,157,1,271.29
1221,8.987,0.035,-13.804,154,1,271.32
1222,8.988,0.023,-13.804,160,1,271.33
1223,8.988,0.012,-13.805,154,1,271.36
1224,8.99,0,-13.807,156,1,271.45
1225,8.993,0.555,-13.786,46,1,270.93
1226,8.991,0.543,-13.784,102,1,270.84
1227,8.991,0.532,-13.783,159,1,270.81
1228,8.992,0.52,-13.785,157,1,270.88
1229,8.991,0.508,-13.783,152,1,270.81
1230,8.991,0.497,-13.784,160,1,270.84
1231,8.99,0.486,-13.783,160,1,270.79
1232,8.991,0.474,-13.783,166,1,270.81
1233,8.992,0.463,-13.785,160,1,270.88
1234,8.992,0.451,-13.785,160,1,270.88
1235,8.993,0.44,-13.786,159,1,270.93
1236,8.993,0.428,-13.787,163,1,270.96
1237,8.995,0.417,-13.79,166,1,271.07
1238,8.993,0.405,-13.786,160,1,270.93
1239,8.995,0.394,-13.79,96,1,271.07
1240,8.995,0.382,-13.789,52,1,271.05
1241,8.992,0.371,-13.785,54,1,270.88
1242,8.995,0.359,-13.79,56,1,271.07
1243,8.993,0.348,-13.786,64,1,270.93
1244,8.995,0.336,-13.79,116,1,271.07
1245,8.993,0.325,-13.785,136,1,270.9
1246,8.995,0.313,-13.788,132,1,271.02
1247,8.993,0.302,-13.785,142,1,270.9
1248,8.995,0.29,-13.789,140,1,271.05
1249,8.996,0.279,-13.79,131,1,271.09
1250,8.995,0.267,-13.789,108,1,271.05
1251,8.995,0.256,-13.79,80,1,271.07
1252,8.997,0.244,-13.792,67,1,271.17
1253,8.997,0.233,-13.792,57,1,271.17
1254,8.998,0.221,-13.794,57,1,271.24
1255,8.997,0.21,-13.792,53,1,271.17
1256,8.997,0.199,-13.792,57,1,271.17
1257,8.998,0.187,-13.794,50,1,271.24
1258,8.999,0.176,-13.795,53,1,271.28
1259,9,0.164,-13.796,55,1,271.33
1260,8.999,0.153,-13.795,139,1,271.28
1261,8.998,0.141,-13.794,162,1,271.24
1262,8.997,0.13,-13.792,162,1,271.17
1263,9.002,0.118,-13.799,162,1,271.45
1264,8.999,0.106,-13.796,168,1,271.31
1265,8.999,0.095,-13.795,162,1,271.28
1266,8.998,0.083,-13.794,163,1,271.24
1267,9,0.072,-13.797,166,1,271.36
1268,9,0.061,-13.796,164,1,271.33
1269,9.001,0.049,-13.798,157,1,271.4
1270,9.002,0.038,-13.8,157,1,271.48
1271,9.002,0.026,-13.8,149,1,271.48
1272,9.002,0.015,-13.8,156,1,271.48
1273,9.002,0.003,-13.8,150,1,271.48
1274,9.002,0.552,-13.784,44,1,271.03
1275,9,0.54,-13.781,105,1,270.92
1276,8.998,0.529,-13.779,157,1,270.82
1277,8.998,0.517,-13.778,158,1,270.8
1278,8.998,0.505,-13.779,157,1,270.82
1279,9,0.494,-13.781,154,1,270.92
1280,8.998,0.482,-13.778,149,1,270.8
1281,9,0.471,-13.78,164,1,270.89
1282,9,0.46,-13.781,168,1,270.92
1283,8.999,0.448,-13.779,160,1,270.84
1284,9.001,0.437,-13.782,161,1,270.96
1285,9.002,0.425,-13.783,158,1,271.01
1286,9.001,0.414,-13.782,167,1,270.96
1287,9.002,0.402,-13.785,165,1,271.06
1288,8.999,0.391,-13.779,58,1,270.84
1289,9.004,0.379,-13.786,51,1,271.13
1290,9.003,0.368,-13.785,51,1,271.08
1291,9.003,0.356,-13.785,107,1,271.08
1292,9,0.345,-13.781,166,1,270.92
1293,9.001,0.333,-13.782,165,1,270.96
1294,9,0.322,-13.781,162,1,270.92
1295,9.002,0.31,-13.783,163,1,271.01
1296,9.003,0.298,-13.785,164,1,271.08
1297,9.002,0.287,-13.783,162,1,271.01
1298,9.003,0.276,-13.785,163,1,271.08
1299,9.005,0.264,-13.788,154,1,271.2
1300,9.003,0.252,-13.786,156,1,271.11
1301,9.005,0.241,-13.788,160,1,271.2
1302,9.004,0.23,-13.787,162,1,271.15
1303,9.006,0.218,-13.79,152,1,271.27
1304,9.007,0.207,-13.79,122,1,271.29
1305,9.008,0.195,-13.792,58,1,271.36
1306,9.005,0.184,-13.788,53,1,271.2
1307,9.007,0.172,-13.791,50,1,271.32
1308,9.005,0.161,-13.788,56,1,271.2
1309,9.008,0.149,-13.793,89,1,271.39
1310,9.007,0.138,-13.791,160,1,271.32
1311,9.007,0.126,-13.792,161,1,271.35
1312,9.007,0.115,-13.791,162,1,271.32
1313,9.005,0.103,-13.788,161,1,271.2
1314,9.007,0.092,-13.791,158,1,271.32
1315,9.007,0.08,-13.79,157,1,271.29
1316,9.009,0.069,-13.793,167,1,271.41
1317,9.009,0.057,-13.793,162,1,271.41
1318,9.005,0.046,-13.787,162,1,271.17
1319,9.011,0.034,-13.797,148,1,271.56
1320,9.011,0.023,-13.797,150,1,271.56
1321,9.01,0.011,-13.795,153,1,271.48
1322,9.011,0.555,-13.779,22,1,271.06
1323,9.009,0.544,-13.775,90,1,270.91
1324,9.01,0.532,-13.777,161,1,270.99
1325,9.007,0.52,-13.774,155,1,270.85
1326,9.008,0.509,-13.774,151,1,270.87
1327,9.009,0.498,-13.776,152,1,270.94
1328,9.009,0.486,-13.775,164,1,270.91
1329,9.009,0.474,-13.776,157,1,270.94
1330,9.01,0.463,-13.776,161,1,270.96
1331,9.01,0.452,-13.778,164,1,271.01
1332,9.01,0.44,-13.777,161,1,270.99
1333,9.013,0.429,-13.782,164,1,271.18
1334,9.012,0.417,-13.78,162,1,271.1
1335,9.011,0.405,-13.779,154,1,271.06
1336,9.01,0.394,-13.777,60,1,270.99
1337,9.012,0.383,-13.781,55,1,271.13
1338,9.01,0.371,-13.777,57,1,270.99
1339,9.012,0.359,-13.779,116,1,271.08
1340,9.009,0.348,-13.776,165,1,270.94
1341,9.01,0.336,-13.778,158,1,271.01
1342,9.009,0.325,-13.776,157,1,270.94
1343,9.012,0.314,-13.779,164,1,271.08
1344,9.011,0.302,-13.778,155,1,271.03
1345,9.012,0.29,-13.779,161,1,271.08
1346,9.014,0.279,-13.782,162,1,271.2
1347,9.014,0.268,-13.783,159,1,271.22
1348,9.014,0.256,-13.783,155,1,271.22
1349,9.014,0.245,-13.783,156,1,271.22
1350,9.015,0.233,-13.785,163,1,271.3
1351,9.014,0.221,-13.783,161,1,271.22
1352,9.015,0.21,-13.785,162,1,271.3
1353,9.016,0.199,-13.786,161,1,271.34
1354,9.016,0.187,-13.785,134,1,271.31
1355,9.014,0.176,-13.784,63,1,271.25
1356,9.014,0.164,-13.783,63,1,271.22
1357,9.014,0.153,-13.783,55,1,271.22
1358,9.016,0.141,-13.786,156,1,271.34
1359,9.015,0.13,-13.784,155,1,271.27
1360,9.015,0.118,-13.784,151,1,271.27
1361,9.016,0.107,-13.786,161,1,271.34
1362,9.016,0.095,-13.786,165,1,271.34
1363,9.017,0.084,-13.786,159,1,271.36
1364,9.019,0.072,-13.79,165,1,271.51
1365,9.019,0.061,-13.791,164,1,271.53
1366,9.021,0.049,-13.793,159,1,271.63
1367,9.018,0.038,-13.788,152,1,271.43
1368,9.021,0.026,-13.793,158,1,271.63
1369,9.019,0.015,-13.791,155,1,271.53
1370,9.021,0.003,-13.793,112,1,271.63
1371,9.023,0.547,-13.771,55,1,271.05
1372,9.023,0.535,-13.771,95,1,271.05
1373,9.019,0.523,-13.764,157,1,270.79
1374,9.021,0.512,-13.768,158,1,270.94
1375,9.021,0.5,-13.768,148,1,270.94
1376,9.024,0.489,-13.772,149,1,271.1
1377,9.021,0.477,-13.767,157,1,270.91
1378,9.023,0.466,-13.771,161,1,271.05
1379,9.024,0.454,-13.772,165,1,271.1
1380,9.026,0.443,-13.774,163,1,271.19
1381,9.024,0.431,-13.771,155,1,271.07
1382,9.024,0.42,-13.771,161,1,271.07
1383,9.024,0.408,-13.772,157,1,271.1
1384,9.028,0.397,-13.778,106,1,271.34
1385,9.026,0.385,-13.774,51,1,271.19
1386,9.024,0.374,-13.771,58,1,271.07
1387,9.026,0.363,-13.775,53,1,271.22
1388,9.026,0.351,-13.775,144,1,271.22
1389,9.023,0.339,-13.77,159,1,271.03
1390,9.024,0.328,-13.772,167,1,271.1
1391,9.024,0.316,-13.771,157,1,271.07
1392,9.025,0.305,-13.773,157,1,271.15
1393,9.025,0.294,-13.773,164,1,271.15
1394,9.026,0.282,-13.775,162,1,271.22
1395,9.025,0.27,-13.773,166,1,271.15
1396,9.027,0.259,-13.776,165,1,271.26
1397,9.027,0.247,-13.776,162,1,271.26
1398,9.031,0.236,-13.781,162,1,271.47
1399,9.028,0.225,-13.778,162,1,271.34
1400,9.028,0.213,-13.778,162,1,271.34
1401,9.029,0.201,-13.778,167,1,271.36
1402,9.028,0.19,-13.778,166,1,271.34
1403,9.03,0.179,-13.78,65,1,271.43
1404,9.028,0.167,-13.778,57,1,271.34
1405,9.029,0.155,-13.78,55,1,271.41
1406,9.028,0.144,-13.777,132,1,271.31
1407,9.029,0.132,-13.779,162,1,271.38
1408,9.028,0.121,-13.778,163,1,271.34
1409,9.03,0.109,-13.781,156,1,271.46
1410,9.029,0.098,-13.78,161,1,271.41
1411,9.032,0.086,-13.784,163,1,271.58
1412,9.031,0.075,-13.782,158,1,271.5
1413,9.032,0.063,-13.783,153,1,271.55
1414,9.033,0.052,-13.785,150,1,271.62
1415,9.033,0.041,-13.786,153,1,271.65
1416,9.032,0.029,-13.783,157,1,271.55
1417,9.032,0.017,-13.783,155,1,271.55
1418,9.033,0.006,-13.785,102,1,271.62
1419,9.032,0.546,-13.767,52,1,271.11
1420,9.031,0.534,-13.766,89,1,271.06
1421,9.03,0.523,-13.764,160,1,270.99
1422,9.031,0.511,-13.766,159,1,271.06
1423,9.031,0.5,-13.766,161,1,271.06
1424,9.031,0.488,-13.764,156,1,271.01
1425,9.033,0.477,-13.767,161,1,271.13
1426,9.032,0.465,-13.766,161,1,271.08
1427,9.033,0.454,-13.769,155,1,271.18
1428,9.033,0.442,-13.769,160,1,271.18
1429,9.036,0.431,-13.772,152,1,271.32
1430,9.034,0.419,-13.769,162,1,271.2
1431,9.035,0.407,-13.771,163,1,271.27
1432,9.033,0.396,-13.768,151,1,271.15
1433,9.034,0.385,-13.769,54,1,271.2
1434,9.034,0.373,-13.769,51,1,271.2
1435,9.035,0.362,-13.771,51,1,271.27
1436,9.034,0.35,-13.769,59,1,271.2
1437,9.033,0.339,-13.768,56,1,271.15
1438,9.034,0.327,-13.769,113,1,271.2
1439,9.036,0.316,-13.772,142,1,271.32
1440,9.035,0.304,-13.771,162,1,271.27
1441,9.033,0.292,-13.768,162,1,271.15
1442,9.035,0.281,-13.77,166,1,271.24
1443,9.034,0.27,-13.769,164,1,271.2
1444,9.036,0.259,-13.773,159,1,271.34
1445,9.037,0.247,-13.774,162,1,271.39
1446,9.04,0.235,-13.779,161,1,271.58
1447,9.038,0.223,-13.775,162,1,271.44
1448,9.037,0.213,-13.774,160,1,271.39
1449,9.038,0.201,-13.776,152,1,271.46
1450,9.039,0.19,-13.777,92,1,271.51
1451,9.038,0.178,-13.775,55,1,271.44
1452,9.038,0.166,-13.776,51,1,271.46
1453,9.037,0.155,-13.773,58,1,271.36
1454,9.038,0.144,-13.775,151,1,271.44
1455,9.038,0.132,-13.774,161,1,271.41
1456,9.04,0.12,-13.778,158,1,271.55
1457,9.038,0.109,-13.775,161,1,271.44
1458,9.04,0.097,-13.777,169,1,271.53
1459,9.04,0.086,-13.777,163,1,271.53
1460,9.04,0.075,-13.777,162,1,271.53
1461,9.042,0.063,-13.78,153,1,271.65
1462,9.042,0.051,-13.781,155,1,271.67
1463,9.041,0.04,-13.779,156,1,271.6
1464,9.042,0.029,-13.781,153,1,271.67
1465,9.042,0.017,-13.78,156,1,271.65
1466,9.045,0.005,-13.786,100,1,271.87
1467,9.043,0.539,-13.763,59,1,271.2
1468,9.043,0.527,-13.763,93,1,271.2
1469,9.04,0.515,-13.759,153,1,271.03
1470,9.043,0.504,-13.763,153,1,271.2
1471,9.042,0.493,-13.761,159,1,271.12
1472,9.041,0.481,-13.759,153,1,271.05
1473,9.042,0.469,-13.762,157,1,271.15
1474,9.042,0.458,-13.762,162,1,271.15
1475,9.045,0.446,-13.765,162,1,271.29
1476,9.044,0.435,-13.764,165,1,271.24
1477,9.045,0.424,-13.766,156,1,271.31
1478,9.045,0.412,-13.766,164,1,271.31
1479,9.045,0.4,-13.766,163,1,271.31
1480,9.044,0.389,-13.764,147,1,271.24
1481,9.045,0.378,-13.766,53,1,271.31
1482,9.044,0.366,-13.765,51,1,271.27
1483,9.044,0.354,-13.765,54,1,271.27
1484,9.043,0.343,-13.763,50,1,271.2
1485,9.043,0.331,-13.764,57,1,271.22
1486,9.042,0.32,-13.762,56,1,271.15
1487,9.047,0.309,-13.769,57,1,271.43
1488,9.045,0.297,-13.766,58,1,271.31
1489,9.046,0.285,-13.767,54,1,271.36
1490,9.045,0.274,-13.767,56,1,271.34
1491,9.045,0.262,-13.767,58,1,271.34
1492,9.045,0.251,-13.766,55,1,271.31
1493,9.046,0.24,-13.767,60,1,271.36
1494,9.046,0.228,-13.767,55,1,271.36
1495,9.048,0.216,-13.77,54,1,271.48
1496,9.049,0.205,-13.771,61,1,271.52
1497,9.049,0.194,-13.771,55,1,271.52
1498,9.047,0.182,-13.769,59,1,271.43
1499,9.049,0.171,-13.772,55,1,271.55
1500,9.048,0.159,-13.771,50,1,271.51
1501,9.047,0.147,-13.768,154,1,271.41
1502,9.047,0.136,-13.769,161,1,271.43
1503,9.048,0.125,-13.77,158,1,271.48
1504,9.049,0.113,-13.771,162,1,271.52
1505,9.049,0.101,-13.771,157,1,271.52
1506,9.05,0.09,-13.772,165,1,271.57
1507,9.048,0.078,-13.77,160,1,271.48
1508,9.05,0.067,-13.774,151,1,271.63
1509,9.05,0.056,-13.774,162,1,271.63
1510,9.051,0.044,-13.774,154,1,271.64
1511,9.051,0.032,-13.775,149,1,271.67
1512,9.051,0.021,-13.774,144,1,271.64
1513,9.054,0.01,-13.779,100,1,271.84
1514,9.058,0.532,-13.76,47,1,271.38
1515,9.054,0.52,-13.754,92,1,271.15
1516,9.056,0.508,-13.757,159,1,271.27
1517,9.055,0.497,-13.755,151,1,271.19
1518,9.055,0.485,-13.755,151,1,271.19
1519,9.055,0.474,-13.755,154,1,271.19
1520,9.054,0.463,-13.753,156,1,271.12
1521,9.055,0.451,-13.755,158,1,271.19
1522,9.056,0.439,-13.756,162,1,271.24
1523,9.054,0.428,-13.755,157,1,271.17
1524,9.055,0.417,-13.756,161,1,271.22
1525,9.055,0.405,-13.756,162,1,271.22
1526,9.056,0.394,-13.756,161,1,271.24
1527,9.057,0.382,-13.757,162,1,271.28
1528,9.059,0.37,-13.76,103,1,271.4
1529,9.057,0.359,-13.757,53,1,271.28
1530,9.058,0.347,-13.759,56,1,271.36
1531,9.058,0.336,-13.76,54,1,271.38
1532,9.057,0.324,-13.759,56,1,271.34
1533,9.059,0.313,-13.761,51,1,271.43
1534,9.056,0.301,-13.756,57,1,271.24
1535,9.059,0.29,-13.76,57,1,271.4
1536,9.058,0.278,-13.76,52,1,271.38
1537,9.059,0.267,-13.76,50,1,271.4
1538,9.059,0.255,-13.761,50,1,271.43
1539,9.058,0.244,-13.759,52,1,271.36
1540,9.059,0.233,-13.761,54,1,271.43
1541,9.057,0.221,-13.759,53,1,271.34
1542,9.059,0.209,-13.762,53,1,271.46
1543,9.06,0.198,-13.762,54,1,271.48
1544,9.061,0.186,-13.764,49,1,271.55
1545,9.062,0.175,-13.765,52,1,271.6
1546,9.061,0.164,-13.764,62,1,271.55
1547,9.061,0.152,-13.763,166,1,271.52
1548,9.063,0.14,-13.766,161,1,271.64
1549,9.061,0.129,-13.764,164,1,271.55
1550,9.063,0.117,-13.766,162,1,271.64
1551,9.061,0.106,-13.763,166,1,271.52
1552,9.063,0.094,-13.766,161,1,271.64
1553,9.062,0.083,-13.765,159,1,271.6
1554,9.062,0.071,-13.765,154,1,271.6
1555,9.059,0.06,-13.761,154,1,271.43
1556,9.062,0.049,-13.765,159,1,271.6
1557,9.063,0.037,-13.766,145,1,271.64
1558,9.063,0.025,-13.767,148,1,271.67
1559,9.065,0.014,-13.77,82,1,271.79
1560,9.067,0.002,-13.773,22,1,271.91
1561,9.066,0.532,-13.754,14,1,271.36
1562,9.065,0.52,-13.753,78,1,271.32
1563,9.062,0.509,-13.749,148,1,271.15
1564,9.066,0.498,-13.755,151,1,271.39
1565,9.065,0.486,-13.753,159,1,271.32
1566,9.066,0.474,-13.754,155,1,271.36
1567,9.065,0.463,-13.753,158,1,271.32
1568,9.066,0.452,-13.755,153,1,271.39
1569,9.064,0.44,-13.752,164,1,271.27
1570,9.067,0.428,-13.757,161,1,271.47
1571,9.065,0.417,-13.753,163,1,271.32
1572,9.066,0.405,-13.754,162,1,271.36
1573,9.065,0.394,-13.753,160,1,271.32
1574,9.066,0.382,-13.755,163,1,271.39
1575,9.066,0.371,-13.753,157,1,271.34
1576,9.066,0.359,-13.754,158,1,271.36
1577,9.067,0.348,-13.755,137,1,271.41
1578,9.065,0.336,-13.753,69,1,271.32
1579,9.067,0.325,-13.756,61,1,271.44
1580,9.067,0.313,-13.756,57,1,271.44
1581,9.067,0.302,-13.756,57,1,271.44
1582,9.068,0.29,-13.757,55,1,271.48
1583,9.068,0.279,-13.757,56,1,271.48
1584,9.068,0.268,-13.757,59,1,271.48
1585,9.068,0.256,-13.758,58,1,271.51
1586,9.066,0.244,-13.755,59,1,271.39
1587,9.069,0.233,-13.759,56,1,271.56
1588,9.067,0.221,-13.755,52,1,271.41
1589,9.07,0.21,-13.761,49,1,271.63
1590,9.069,0.199,-13.759,56,1,271.56
1591,9.07,0.187,-13.76,57,1,271.6
1592,9.071,0.176,-13.761,102,1,271.65
1593,9.07,0.164,-13.76,161,1,271.6
1594,9.069,0.152,-13.759,162,1,271.56
1595,9.073,0.141,-13.764,162,1,271.77
1596,9.07,0.13,-13.76,158,1,271.6
1597,9.073,0.118,-13.765,156,1,271.79
1598,9.073,0.106,-13.764,163,1,271.77
1599,9.073,0.095,-13.764,159,1,271.77
1600,9.074,0.084,-13.766,155,1,271.84
1601,9.075,0.072,-13.768,150,1,271.91
1602,9.072,0.06,-13.764,152,1,271.75
1603,9.074,0.049,-13.766,151,1,271.84
1604,9.072,0.037,-13.763,154,1,271.72
1605,9.075,0.026,-13.767,106,1,271.89
1606,9.072,0.014,-13.763,44,1,271.72
1607,9.074,0.515,-13.747,71,1,271.32
1608,9.076,0.503,-13.75,131,1,271.44
1609,9.074,0.492,-13.747,152,1,271.32
1610,9.073,0.481,-13.746,155,1,271.27
1611,9.074,0.469,-13.747,155,1,271.32
1612,9.074,0.458,-13.746,153,1,271.29
1613,9.075,0.446,-13.748,160,1,271.36
1614,9.074,0.434,-13.747,157,1,271.32
1615,9.076,0.423,-13.749,157,1,271.41
1616,9.075,0.412,-13.748,161,1,271.36
1617,9.075,0.4,-13.748,164,1,271.36
1618,9.078,0.389,-13.752,161,1,271.53
1619,9.077,0.377,-13.751,165,1,271.48
1620,9.078,0.366,-13.752,161,1,271.53
1621,9.077,0.354,-13.75,159,1,271.45
1622,9.077,0.343,-13.751,159,1,271.48
1623,9.078,0.331,-13.753,162,1,271.56
1624,9.076,0.319,-13.749,163,1,271.41
1625,9.076,0.308,-13.75,165,1,271.44
1626,9.078,0.297,-13.753,157,1,271.56
1627,9.075,0.285,-13.748,146,1,271.36
1628,9.08,0.273,-13.755,137,1,271.65
1629,9.076,0.262,-13.749,142,1,271.41
1630,9.08,0.25,-13.755,133,1,271.65
1631,9.08,0.239,-13.754,127,1,271.62
1632,9.081,0.228,-13.757,133,1,271.72
1633,9.079,0.216,-13.753,146,1,271.57
1634,9.081,0.205,-13.757,155,1,271.72
1635,9.08,0.193,-13.756,159,1,271.67
1636,9.082,0.182,-13.757,155,1,271.74
1637,9.082,0.17,-13.757,163,1,271.74
1638,9.08,0.159,-13.755,156,1,271.65
1639,9.08,0.147,-13.755,164,1,271.65
1640,9.079,0.135,-13.754,159,1,271.6
1641,9.08,0.124,-13.754,161,1,271.62
1642,9.083,0.113,-13.759,160,1,271.81
1643,9.08,0.101,-13.755,154,1,271.65
1644,9.08,0.09,-13.755,160,1,271.65
1645,9.08,0.078,-13.755,157,1,271.65
1646,9.082,0.066,-13.757,154,1,271.74
1647,9.082,0.055,-13.758,150,1,271.77
1648,9.081,0.044,-13.757,156,1,271.72
1649,9.083,0.032,-13.76,91,1,271.84
1650,9.086,0.021,-13.764,46,1,272
1651,9.09,0.518,-13.747,22,1,271.61
1652,9.088,0.507,-13.743,88,1,271.46
1653,9.09,0.495,-13.745,147,1,271.55
1654,9.088,0.484,-13.743,154,1,271.46
1655,9.087,0.472,-13.742,153,1,271.42
1656,9.087,0.461,-13.741,157,1,271.39
1657,9.087,0.449,-13.741,148,1,271.39
1658,9.086,0.438,-13.74,158,1,271.34
1659,9.086,0.426,-13.74,155,1,271.34
1660,9.086,0.414,-13.739,160,1,271.32
1661,9.087,0.403,-13.741,156,1,271.39
1662,9.087,0.391,-13.741,163,1,271.39
1663,9.088,0.38,-13.743,162,1,271.46
1664,9.087,0.368,-13.741,160,1,271.39
1665,9.089,0.357,-13.744,156,1,271.51
1666,9.088,0.346,-13.743,160,1,271.46
1667,9.089,0.334,-13.744,160,1,271.51
1668,9.088,0.322,-13.743,168,1,271.46
1669,9.092,0.311,-13.748,159,1,271.67
1670,9.09,0.299,-13.746,162,1,271.58
1671,9.091,0.288,-13.747,164,1,271.63
1672,9.091,0.277,-13.747,170,1,271.63
1673,9.091,0.265,-13.747,156,1,271.63
1674,9.09,0.254,-13.745,164,1,271.55
1675,9.09,0.242,-13.745,163,1,271.55
1676,9.09,0.23,-13.745,157,1,271.55
1677,9.09,0.219,-13.746,159,1,271.58
1678,9.092,0.207,-13.748,164,1,271.67
1679,9.09,0.196,-13.746,165,1,271.58
1680,9.093,0.184,-13.75,163,1,271.75
1681,9.091,0.173,-13.747,162,1,271.63
1682,9.092,0.162,-13.748,167,1,271.67
1683,9.093,0.15,-13.75,163,1,271.75
1684,9.094,0.139,-13.752,159,1,271.82
1685,9.094,0.127,-13.752,162,1,271.82
1686,9.093,0.115,-13.75,159,1,271.75
1687,9.094,0.104,-13.752,157,1,271.82
1688,9.094,0.093,-13.751,157,1,271.79
1689,9.095,0.081,-13.754,153,1,271.89
1690,9.094,0.069,-13.751,156,1,271.79
1691,9.094,0.058,-13.752,153,1,271.82
1692,9.093,0.046,-13.75,143,1,271.75
1693,9.095,0.035,-13.753,94,1,271.86
1694,9.098,0.023,-13.757,41,1,272.03
1695,9.097,0.503,-13.738,45,1,271.49
1696,9.098,0.493,-13.74,90,1,271.56
1697,9.097,0.481,-13.737,156,1,271.46
1698,9.099,0.469,-13.741,152,1,271.61
1699,9.096,0.458,-13.736,150,1,271.41
1700,9.099,0.446,-13.741,157,1,271.61
1701,9.096,0.435,-13.736,155,1,271.41
1702,9.099,0.423,-13.741,155,1,271.61
1703,9.098,0.412,-13.739,159,1,271.53
1704,9.098,0.4,-13.74,158,1,271.56
1705,9.099,0.389,-13.741,162,1,271.61
1706,9.096,0.377,-13.736,165,1,271.41
1707,9.097,0.366,-13.737,162,1,271.46
1708,9.099,0.354,-13.741,163,1,271.61
1709,9.098,0.343,-13.739,163,1,271.53
1710,9.097,0.331,-13.738,165,1,271.49
1711,9.098,0.319,-13.74,158,1,271.56
1712,9.1,0.308,-13.742,164,1,271.65
1713,9.099,0.297,-13.74,163,1,271.58
1714,9.1,0.285,-13.742,157,1,271.65
1715,9.099,0.273,-13.74,163,1,271.58
1716,9.101,0.262,-13.745,163,1,271.75
1717,9.101,0.251,-13.743,166,1,271.7
1718,9.102,0.239,-13.746,162,1,271.8
1719,9.1,0.228,-13.742,165,1,271.65
1720,9.101,0.216,-13.743,162,1,271.7
1721,9.102,0.205,-13.746,159,1,271.8
1722,9.102,0.193,-13.746,164,1,271.8
1723,9.1,0.182,-13.743,165,1,271.68
1724,9.102,0.17,-13.745,163,1,271.77
1725,9.101,0.159,-13.744,162,1,271.73
1726,9.101,0.147,-13.743,164,1,271.7
1727,9.101,0.135,-13.743,169,1,271.7
1728,9.1,0.124,-13.742,152,1,271.65
1729,9.103,0.113,-13.746,160,1,271.82
1730,9.102,0.101,-13.745,157,1,271.77
1731,9.104,0.09,-13.748,153,1,271.89
1732,9.105,0.078,-13.749,158,1,271.94
1733,9.106,0.067,-13.75,150,1,271.98
1734,9.104,0.055,-13.749,146,1,271.92
1735,9.106,0.043,-13.751,110,1,272.01
1736,9.108,0.032,-13.754,59,1,272.13
1737,9.109,0.495,-13.737,50,1,271.68
1738,9.109,0.483,-13.737,96,1,271.68
1739,9.104,0.472,-13.73,153,1,271.4
1740,9.108,0.461,-13.736,155,1,271.63
1741,9.108,0.449,-13.735,154,1,271.61
1742,9.108,0.437,-13.735,154,1,271.61
1743,9.106,0.426,-13.733,159,1,271.51
1744,9.105,0.414,-13.731,148,1,271.44
1745,9.108,0.403,-13.736,153,1,271.63
1746,9.106,0.391,-13.733,158,1,271.51
1747,9.108,0.38,-13.735,158,1,271.61
1748,9.106,0.368,-13.733,161,1,271.51
1749,9.109,0.356,-13.736,159,1,271.65
1750,9.107,0.345,-13.734,167,1,271.56
1751,9.108,0.334,-13.735,162,1,271.61
1752,9.108,0.322,-13.736,166,1,271.63
1753,9.111,0.311,-13.739,161,1,271.77
1754,9.111,0.299,-13.74,158,1,271.8
1755,9.11,0.288,-13.739,157,1,271.75
1756,9.112,0.276,-13.741,160,1,271.84
1757,9.111,0.265,-13.739,162,1,271.77
1758,9.111,0.253,-13.739,164,1,271.77
1759,9.111,0.242,-13.74,161,1,271.8
1760,9.11,0.23,-13.739,158,1,271.75
1761,9.109,0.219,-13.738,160,1,271.71
1762,9.112,0.207,-13.741,167,1,271.84
1763,9.11,0.196,-13.738,157,1,271.72
1764,9.111,0.184,-13.74,165,1,271.8
1765,9.111,0.172,-13.739,168,1,271.77
1766,9.111,0.161,-13.739,164,1,271.77
1767,9.112,0.15,-13.741,158,1,271.84
1768,9.111,0.138,-13.74,160,1,271.8
1769,9.113,0.126,-13.743,154,1,271.92
1770,9.114,0.115,-13.744,161,1,271.96
1771,9.114,0.104,-13.744,151,1,271.96
1772,9.114,0.092,-13.745,154,1,271.99
1773,9.113,0.081,-13.743,153,1,271.92
1774,9.115,0.069,-13.745,153,1,272.01
1775,9.115,0.058,-13.745,108,1,272.01
1776,9.114,0.046,-13.744,49,1,271.96
1777,9.122,0.486,-13.732,49,1,271.78
1778,9.121,0.474,-13.731,103,1,271.73
1779,9.119,0.462,-13.729,153,1,271.64
1780,9.119,0.451,-13.728,158,1,271.61
1781,9.118,0.44,-13.726,153,1,271.54
1782,9.118,0.428,-13.727,153,1,271.57
1783,9.116,0.416,-13.724,155,1,271.45
1784,9.118,0.405,-13.727,154,1,271.57
1785,9.119,0.393,-13.727,145,1,271.59
1786,9.119,0.382,-13.728,156,1,271.61
1787,9.119,0.37,-13.727,166,1,271.59
1788,9.118,0.359,-13.726,161,1,271.54
1789,9.12,0.347,-13.729,159,1,271.66
1790,9.12,0.336,-13.729,165,1,271.66
1791,9.121,0.324,-13.731,162,1,271.73
1792,9.122,0.313,-13.732,162,1,271.78
1793,9.123,0.301,-13.734,157,1,271.85
1794,9.123,0.29,-13.733,163,1,271.82
1795,9.12,0.278,-13.73,164,1,271.69
1796,9.12,0.267,-13.729,162,1,271.66
1797,9.12,0.255,-13.73,164,1,271.69
1798,9.123,0.244,-13.734,162,1,271.85
1799,9.12,0.232,-13.73,158,1,271.69
1800,9.122,0.221,-13.732,157,1,271.78
1801,9.122,0.209,-13.733,165,1,271.81
1802,9.121,0.198,-13.731,164,1,271.73
1803,9.122,0.186,-13.732,164,1,271.78
1804,9.124,0.175,-13.735,167,1,271.9
1805,9.122,0.163,-13.732,155,1,271.78
1806,9.125,0.152,-13.737,158,1,271.97
1807,9.125,0.14,-13.737,155,1,271.97
1808,9.125,0.129,-13.737,159,1,271.97
1809,9.127,0.117,-13.739,155,1,272.06
1810,9.126,0.106,-13.738,155,1,272.02
1811,9.126,0.094,-13.738,156,1,272.02
1812,9.125,0.083,-13.737,154,1,271.97
1813,9.127,0.071,-13.74,134,1,272.09
1814,9.126,0.06,-13.738,77,1,272.02
1815,9.129,0.048,-13.743,34,1,272.21
1816,9.13,0.472,-13.726,46,1,271.76
1817,9.13,0.461,-13.726,101,1,271.76
1818,9.13,0.449,-13.726,154,1,271.76
1819,9.128,0.438,-13.724,152,1,271.67
1820,9.129,0.426,-13.725,148,1,271.71
1821,9.127,0.415,-13.722,160,1,271.6
1822,9.129,0.403,-13.725,154,1,271.71
1823,9.128,0.392,-13.724,153,1,271.67
1824,9.128,0.38,-13.724,157,1,271.67
1825,9.129,0.368,-13.725,158,1,271.71
1826,9.13,0.357,-13.726,157,1,271.76
1827,9.131,0.346,-13.727,161,1,271.81
1828,9.129,0.334,-13.724,159,1,271.69
1829,9.131,0.323,-13.727,163,1,271.81
1830,9.131,0.311,-13.727,162,1,271.81
1831,9.132,0.3,-13.729,163,1,271.88
1832,9.132,0.289,-13.729,157,1,271.88
1833,9.13,0.277,-13.727,163,1,271.79
1834,9.132,0.265,-13.729,164,1,271.88
1835,9.133,0.254,-13.73,161,1,271.92
1836,9.133,0.242,-13.73,162,1,271.92
1837,9.132,0.231,-13.729,166,1,271.88
1838,9.132,0.219,-13.729,164,1,271.88
1839,9.132,0.208,-13.729,169,1,271.88
1840,9.13,0.196,-13.726,166,1,271.76
1841,9.132,0.184,-13.729,162,1,271.88
1842,9.133,0.173,-13.73,159,1,271.92
1843,9.132,0.162,-13.729,153,1,271.88
1844,9.134,0.15,-13.731,160,1,271.97
1845,9.134,0.139,-13.731,159,1,271.97
1846,9.137,0.127,-13.736,153,1,272.16
1847,9.135,0.116,-13.733,155,1,272.04
1848,9.137,0.104,-13.737,157,1,272.19
1849,9.134,0.093,-13.732,163,1,272
1850,9.137,0.081,-13.736,131,1,272.16
1851,9.135,0.069,-13.734,68,1,272.07
1852,9.139,0.058,-13.739,26,1,272.28
1853,9.142,0.463,-13.724,45,1,271.92
1854,9.139,0.452,-13.721,103,1,271.79
1855,9.141,0.441,-13.724,126,1,271.91
1856,9.141,0.429,-13.722,156,1,271.85
1857,9.141,0.417,-13.723,153,1,271.88
1858,9.141,0.406,-13.722,150,1,271.85
1859,9.141,0.395,-13.722,147,1,271.85
1860,9.14,0.383,-13.722,154,1,271.83
1861,9.139,0.371,-13.72,159,1,271.76
1862,9.138,0.36,-13.719,157,1,271.71
1863,9.139,0.348,-13.72,149,1,271.76
1864,9.139,0.337,-13.719,153,1,271.73
1865,9.139,0.326,-13.721,155,1,271.79
1866,9.14,0.314,-13.722,153,1,271.83
1867,9.14,0.302,-13.722,154,1,271.83
1868,9.14,0.291,-13.722,159,1,271.83
1869,9.14,0.279,-13.721,159,1,271.81
1870,9.141,0.268,-13.722,166,1,271.85
1871,9.143,0.257,-13.726,161,1,272
1872,9.143,0.245,-13.726,166,1,272
1873,9.142,0.233,-13.724,161,1,271.92
1874,9.143,0.222,-13.726,154,1,272
1875,9.144,0.211,-13.727,156,1,272.04
1876,9.143,0.199,-13.726,154,1,272
1877,9.144,0.187,-13.727,157,1,272.04
1878,9.142,0.176,-13.724,158,1,271.92
1879,9.142,0.164,-13.724,156,1,271.92
1880,9.143,0.153,-13.726,162,1,272
1881,9.141,0.141,-13.723,153,1,271.88
1882,9.143,0.13,-13.726,159,1,272
1883,9.144,0.118,-13.727,156,1,272.04
1884,9.142,0.107,-13.724,154,1,271.92
1885,9.145,0.095,-13.729,132,1,272.12
1886,9.145,0.084,-13.729,90,1,272.12
1887,9.146,0.072,-13.73,53,1,272.16
1888,9.155,0.454,-13.719,47,1,272.02
1889,9.151,0.442,-13.714,69,1,271.81
1890,9.154,0.431,-13.718,117,1,271.98
1891,9.152,0.419,-13.715,142,1,271.86
1892,9.15,0.407,-13.712,151,1,271.74
1893,9.151,0.396,-13.714,151,1,271.81
1894,9.152,0.384,-13.715,154,1,271.86
1895,9.152,0.373,-13.715,158,1,271.86
1896,9.151,0.361,-13.714,158,1,271.81
1897,9.153,0.35,-13.715,153,1,271.88
1898,9.153,0.338,-13.715,155,1,271.88
1899,9.155,0.327,-13.719,151,1,272.02
1900,9.153,0.315,-13.717,154,1,271.93
1901,9.155,0.304,-13.719,152,1,272.02
1902,9.156,0.292,-13.721,156,1,272.1
1903,9.156,0.281,-13.72,154,1,272.07
1904,9.154,0.269,-13.717,145,1,271.95
1905,9.155,0.258,-13.719,152,1,272.02
1906,9.156,0.247,-13.72,159,1,272.07
1907,9.155,0.235,-13.719,153,1,272.02
1908,9.156,0.223,-13.72,154,1,272.07
1909,9.156,0.212,-13.72,153,1,272.07
1910,9.154,0.2,-13.718,155,1,271.98
1911,9.155,0.189,-13.719,155,1,272.02
1912,9.155,0.177,-13.719,162,1,272.02
1913,9.156,0.166,-13.721,151,1,272.1
1914,9.155,0.154,-13.719,155,1,272.02
1915,9.155,0.142,-13.719,153,1,272.02
1916,9.16,0.131,-13.726,151,1,272.31
1917,9.158,0.12,-13.724,152,1,272.22
1918,9.158,0.108,-13.724,121,1,272.22
1919,9.156,0.097,-13.721,57,1,272.1
1920,9.158,0.085,-13.723,31,1,272.19
1921,9.163,0.438,-13.714,54,1,272.03
1922,9.162,0.427,-13.712,52,1,271.96
1923,9.161,0.415,-13.711,114,1,271.92
1924,9.163,0.404,-13.714,139,1,272.03
1925,9.162,0.393,-13.712,150,1,271.96
1926,9.161,0.381,-13.711,150,1,271.92
1927,9.163,0.369,-13.713,153,1,272.01
1928,9.164,0.357,-13.715,158,1,272.08
1929,9.162,0.346,-13.712,154,1,271.96
1930,9.166,0.335,-13.717,150,1,272.17
1931,9.163,0.323,-13.714,155,1,272.03
1932,9.163,0.312,-13.713,156,1,272.01
1933,9.163,0.3,-13.712,153,1,271.98
1934,9.164,0.288,-13.715,153,1,272.08
1935,9.161,0.277,-13.71,153,1,271.89
1936,9.162,0.266,-13.712,152,1,271.96
1937,9.163,0.254,-13.713,152,1,272.01
1938,9.164,0.243,-13.715,152,1,272.08
1939,9.163,0.231,-13.713,154,1,272.01
1940,9.166,0.22,-13.717,154,1,272.17
1941,9.164,0.208,-13.715,146,1,272.08
1942,9.164,0.197,-13.715,153,1,272.08
1943,9.166,0.185,-13.717,154,1,272.17
1944,9.166,0.173,-13.717,159,1,272.17
1945,9.166,0.162,-13.717,157,1,272.17
1946,9.167,0.15,-13.718,156,1,272.22
1947,9.166,0.139,-13.717,159,1,272.17
1948,9.166,0.127,-13.717,138,1,272.17
1949,9.167,0.116,-13.719,103,1,272.24
1950,9.167,0.104,-13.718,50,1,272.22
1951,9.174,0.417,-13.71,54,1,272.13
1952,9.172,0.406,-13.707,67,1,272.01
1953,9.173,0.394,-13.709,112,1,272.08
1954,9.174,0.383,-13.71,135,1,272.13
1955,9.173,0.371,-13.708,158,1,272.05
1956,9.173,0.36,-13.708,148,1,272.05
1957,9.174,0.349,-13.709,154,1,272.1
1958,9.17,0.337,-13.704,154,1,271.89
1959,9.173,0.325,-13.708,155,1,272.05
1960,9.171,0.314,-13.706,155,1,271.96
1961,9.174,0.303,-13.709,149,1,272.1
1962,9.173,0.291,-13.708,152,1,272.05
1963,9.173,0.279,-13.708,148,1,272.05
1964,9.175,0.268,-13.71,153,1,272.14
1965,9.171,0.257,-13.705,156,1,271.93
1966,9.174,0.245,-13.709,147,1,272.1
1967,9.172,0.233,-13.707,155,1,272.01
1968,9.175,0.222,-13.712,156,1,272.2
1969,9.175,0.21,-13.711,152,1,272.17
1970,9.176,0.199,-13.712,154,1,272.22
1971,9.177,0.187,-13.714,156,1,272.29
1972,9.176,0.176,-13.712,155,1,272.22
1973,9.175,0.164,-13.711,158,1,272.17
1974,9.177,0.153,-13.715,135,1,272.32
1975,9.177,0.141,-13.714,115,1,272.29
1976,9.176,0.13,-13.713,60,1,272.25
1977,9.181,0.118,-13.719,18,1,272.5
1978,9.189,0.397,-13.706,36,1,272.29
1979,9.186,0.385,-13.703,42,1,272.15
1980,9.185,0.373,-13.7,97,1,272.05
1981,9.188,0.362,-13.705,131,1,272.25
1982,9.183,0.351,-13.698,138,1,271.96
1983,9.186,0.339,-13.703,147,1,272.15
1984,9.187,0.328,-13.703,153,1,272.17
1985,9.186,0.316,-13.701,154,1,272.1
1986,9.187,0.305,-13.703,150,1,272.17
1987,9.187,0.293,-13.703,153,1,272.17
1988,9.188,0.282,-13.704,157,1,272.22
1989,9.186,0.27,-13.702,153,1,272.13
1990,9.188,0.259,-13.705,154,1,272.25
1991,9.19,0.247,-13.708,149,1,272.37
1992,9.188,0.236,-13.705,145,1,272.25
1993,9.188,0.224,-13.705,162,1,272.25
1994,9.189,0.213,-13.707,156,1,272.32
1995,9.188,0.201,-13.705,146,1,272.25
1996,9.184,0.189,-13.699,146,1,272.01
1997,9.191,0.178,-13.71,126,1,272.44
1998,9.188,0.167,-13.704,100,1,272.22
1999,9.188,0.155,-13.705,56,1,272.25
2084,9.208,0.273,-13.698,53,1,272.42
2085,9.206,0.262,-13.694,50,1,272.28
2086,9.208,0.25,-13.698,59,1,272.42
2087,9.205,0.239,-13.693,79,1,272.23
2088,9.209,0.227,-13.699,68,1,272.47
2089,9.209,0.216,-13.699,56,1,272.47
2090,9.208,0.204,-13.697,25,1,272.4
3375,9.188,0.143,-13.705,43,1,272.25
3376,9.199,0.372,-13.704,15,1,272.42
3377,9.196,0.361,-13.699,43,1,272.23
3378,9.196,0.349,-13.699,54,1,272.23
3379,9.196,0.337,-13.698,104,1,272.2
3380,9.2,0.326,-13.704,123,1,272.44
3381,9.198,0.315,-13.702,135,1,272.35
3382,9.198,0.303,-13.701,142,1,272.32
3383,9.195,0.291,-13.698,154,1,272.18
3384,9.197,0.28,-13.7,157,1,272.27
3385,9.196,0.269,-13.699,157,1,272.23
3386,9.195,0.257,-13.698,177,1,272.18
3387,9.176,0.245,-13.669,207,1,271.04
3388,9.182,0.233,-13.677,212,1,271.37
3389,9.197,0.222,-13.701,191,1,272.3
3390,9.199,0.211,-13.703,132,1,272.39
3391,9.2,0.199,-13.705,108,1,272.47
3392,9.198,0.188,-13.702,50,1,272.35
3393,9.198,0.176,-13.703,70,1,272.38
3394,9.202,0.165,-13.708,25,1,272.59
3395,9.208,0.331,-13.697,22,1,272.4
3396,9.21,0.319,-13.7,57,1,272.51
3397,9.208,0.308,-13.698,68,1,272.42
3398,9.206,0.296,-13.695,51,1,272.3
3399,9.207,0.285,-13.696,53,1,272.35
