7000,6.147,-0.005,-14.577,56,1,250.27
7001,6.155,-0.009,-14.576,110,1,250.34
7002,6.156,-0.02,-14.578,24,1,250.41
7003,6.166,-0.007,-14.571,142,1,250.33
7004,6.166,-0.018,-14.57,47,1,250.3
7005,6.177,-0.004,-14.564,172,1,250.27
7006,6.179,-0.015,-14.567,155,1,250.38
7007,6.178,-0.026,-14.566,74,1,250.34
7008,6.186,-0.006,-14.562,176,1,250.32
7009,6.187,-0.017,-14.565,139,1,250.42
7010,6.185,-0.028,-14.56,58,1,250.25
7011,6.196,-0.01,-14.559,170,1,250.35
7012,6.197,-0.021,-14.561,145,1,250.43
7013,6.195,-0.032,-14.556,58,1,250.26
7014,6.208,-0.008,-14.549,168,1,250.21
7015,6.208,-0.019,-14.549,169,1,250.21
7016,6.207,-0.03,-14.545,150,1,250.08
7018,6.215,-0.002,-14.544,170,1,250.15
7019,6.216,-0.013,-14.544,171,1,250.17
7020,6.217,-0.024,-14.547,152,1,250.27
7021,6.218,-0.035,-14.549,109,1,250.34
7022,6.225,-0.001,-14.543,168,1,250.25
7023,6.225,-0.012,-14.542,171,1,250.22
7024,6.224,-0.023,-14.54,169,1,250.15
7025,6.223,-0.034,-14.538,148,1,250.08
7027,6.237,-0.009,-14.533,165,1,250.11
7028,6.238,-0.021,-14.534,164,1,250.15
7029,6.239,-0.032,-14.537,129,1,250.25
7031,6.246,-0.001,-14.529,165,1,250.1
7032,6.247,-0.012,-14.533,167,1,250.23
7033,6.248,-0.023,-14.534,160,1,250.27
7034,6.248,-0.034,-14.536,124,1,250.33
7036,6.256,-0.007,-14.529,169,1,250.23
7037,6.255,-0.019,-14.528,166,1,250.19
7038,6.256,-0.029,-14.531,165,1,250.29
7059,6.268,-0.005,-14.522,172,1,250.18
7060,6.268,-0.016,-14.522,167,1,250.18
7061,6.269,-0.027,-14.524,161,1,250.25
7149,6.275,-0.009,-14.519,170,1,250.18
7150,6.277,-0.019,-14.522,167,1,250.29
7151,6.275,-0.031,-14.519,159,1,250.18
7241,6.284,-0.007,-14.512,169,1,250.09
7242,6.284,-0.018,-14.51,160,1,250.03
7243,6.285,-0.029,-14.514,165,1,250.16
7333,6.298,-0.007,-14.508,171,1,250.15
7334,6.295,-0.017,-14.502,171,1,249.94
7335,6.297,-0.029,-14.506,172,1,250.08
7425,6.306,-0.009,-14.502,172,1,250.07
7426,6.305,-0.02,-14.502,173,1,250.06
7427,6.308,-0.031,-14.508,140,1,250.27
7517,6.316,-0.007,-14.501,168,1,250.17
7518,6.314,-0.018,-14.498,168,1,250.06
7519,6.313,-0.029,-14.493,144,1,249.9
7609,6.327,-0.004,-14.492,169,1,250.05
7610,6.327,-0.015,-14.491,172,1,250.02
7611,6.328,-0.026,-14.493,153,1,250.09
7673,6.334,-0.006,-14.484,161,1,249.91
7674,6.334,-0.017,-14.484,171,1,249.91
7675,6.337,-0.028,-14.489,118,1,250.09
7677,6.345,-0.001,-14.482,167,1,249.99
7678,6.344,-0.012,-14.48,173,1,249.92
7679,6.346,-0.023,-14.484,131,1,250.06
7680,6.345,-0.034,-14.481,62,1,249.96
7681,6.358,-0.009,-14.48,169,1,250.09
7682,6.358,-0.02,-14.48,126,1,250.09
7683,6.355,-0.031,-14.474,51,1,249.88
7684,6.365,-0.008,-14.472,164,1,249.95
7685,6.365,-0.019,-14.472,114,1,249.95
7686,6.365,-0.03,-14.472,47,1,249.95
7687,6.373,-0.005,-14.465,175,1,249.85
7688,6.373,-0.016,-14.464,130,1,249.82
7689,6.374,-0.027,-14.466,55,1,249.89
7690,6.387,-0.002,-14.464,170,1,250
7691,6.385,-0.013,-14.459,149,1,249.83
7692,6.386,-0.024,-14.462,53,1,249.93
7693,6.395,-0.002,-14.461,125,1,250.02
7694,6.392,-0.013,-14.453,68,1,249.75
7695,6.402,-0.011,-14.451,50,1,249.82
7696,6.417,-0.009,-14.448,27,1,249.92
11900,6.135,-0.005,-14.583,37,1,250.3
0,6.144,0.149,-14.571,183,1,250.06
1,6.145,0.127,-14.573,181,1,250.13
2,6.147,0.105,-14.578,178,1,250.3
3,6.146,0.094,-14.575,176,1,250.2
4,6.147,0.083,-14.576,178,1,250.25
5,6.146,0.072,-14.575,173,1,250.2
6,6.147,0.061,-14.578,170,1,250.3
7,6.149,0.05,-14.582,172,1,250.44
8,6.148,0.039,-14.578,175,1,250.32
9,6.146,0.028,-14.576,177,1,250.23
10,6.147,0.017,-14.577,177,1,250.27
11,6.149,0.006,-14.582,137,1,250.44
12,6.148,0.477,-14.559,140,1,249.76
13,6.145,0.465,-14.552,171,1,249.52
14,6.146,0.454,-14.554,183,1,249.59
15,6.146,0.444,-14.554,175,1,249.59
16,6.147,0.433,-14.556,172,1,249.66
17,6.147,0.422,-14.557,162,1,249.69
18,6.147,0.41,-14.556,177,1,249.66
19,6.147,0.4,-14.557,154,1,249.69
20,6.146,0.322,-14.555,148,1,249.62
21,6.146,0.311,-14.555,73,1,249.62
22,6.151,0.268,-14.567,143,1,250.03
23,6.152,0.256,-14.568,153,1,250.07
24,6.151,0.245,-14.566,132,1,250
25,6.155,0.157,-14.576,154,1,250.34
26,6.151,0.146,-14.566,181,1,250
27,6.152,0.135,-14.567,176,1,250.04
28,6.151,0.124,-14.566,181,1,250
29,6.153,0.113,-14.57,179,1,250.14
30,6.153,0.101,-14.571,177,1,250.17
31,6.155,0.091,-14.576,182,1,250.34
32,6.153,0.08,-14.57,179,1,250.14
33,6.155,0.069,-14.574,173,1,250.29
34,6.155,0.058,-14.574,167,1,250.29
35,6.155,0.047,-14.576,179,1,250.34
36,6.156,0.035,-14.577,171,1,250.39
37,6.155,0.024,-14.575,169,1,250.31
38,6.156,0.014,-14.576,169,1,250.36
39,6.154,0.002,-14.573,156,1,250.24
40,6.154,0.512,-14.543,36,1,249.37
41,6.147,0.5,-14.526,16,1,248.79
42,6.16,0.457,-14.556,158,1,249.82
43,6.156,0.445,-14.548,178,1,249.54
44,6.157,0.434,-14.552,176,1,249.67
45,6.159,0.423,-14.554,170,1,249.75
46,6.157,0.412,-14.55,168,1,249.61
47,6.158,0.401,-14.552,174,1,249.68
48,6.158,0.39,-14.552,124,1,249.68
49,6.158,0.379,-14.552,121,1,249.68
50,6.15,0.257,-14.534,22,1,249.06
51,6.16,0.247,-14.556,73,1,249.82
52,6.156,0.236,-14.549,55,1,249.57
53,6.161,0.159,-14.559,82,1,249.92
54,6.161,0.147,-14.559,162,1,249.92
55,6.162,0.137,-14.561,173,1,249.99
56,6.159,0.126,-14.554,185,1,249.75
57,6.163,0.115,-14.565,177,1,250.12
58,6.163,0.104,-14.565,174,1,250.12
59,6.166,0.093,-14.569,171,1,250.28
60,6.165,0.081,-14.568,181,1,250.23
61,6.165,0.07,-14.568,182,1,250.23
62,6.165,0.06,-14.568,179,1,250.23
63,6.165,0.049,-14.567,173,1,250.2
64,6.164,0.037,-14.566,166,1,250.16
65,6.164,0.026,-14.566,172,1,250.16
66,6.165,0.015,-14.567,172,1,250.2
67,6.165,0.004,-14.568,166,1,250.23
68,6.167,0.515,-14.54,77,1,249.44
69,6.166,0.503,-14.538,99,1,249.37
70,6.167,0.448,-14.542,145,1,249.5
71,6.169,0.437,-14.545,184,1,249.61
72,6.168,0.426,-14.543,178,1,249.54
73,6.168,0.415,-14.544,183,1,249.57
74,6.167,0.404,-14.541,162,1,249.47
75,6.169,0.393,-14.545,158,1,249.61
76,6.169,0.382,-14.545,175,1,249.61
77,6.168,0.371,-14.543,103,1,249.54
78,6.17,0.25,-14.547,71,1,249.68
79,6.169,0.238,-14.545,59,1,249.61
80,6.174,0.162,-14.556,68,1,250
81,6.174,0.15,-14.556,79,1,250
82,6.173,0.139,-14.555,81,1,249.95
83,6.174,0.128,-14.557,178,1,250.02
84,6.174,0.117,-14.557,177,1,250.02
85,6.174,0.106,-14.557,179,1,250.02
86,6.175,0.095,-14.558,177,1,250.07
87,6.175,0.084,-14.559,181,1,250.1
88,6.176,0.073,-14.562,176,1,250.19
89,6.175,0.062,-14.559,175,1,250.1
90,6.176,0.051,-14.561,177,1,250.17
91,6.176,0.04,-14.561,177,1,250.17
92,6.176,0.029,-14.562,172,1,250.19
93,6.177,0.018,-14.563,166,1,250.24
94,6.179,0.007,-14.569,168,1,250.44
95,6.175,0.512,-14.539,60,1,249.51
96,6.173,0.501,-14.534,81,1,249.34
97,6.172,0.446,-14.531,34,1,249.24
98,6.177,0.435,-14.542,169,1,249.63
99,6.175,0.424,-14.539,177,1,249.51
100,6.177,0.413,-14.542,168,1,249.63
101,6.172,0.402,-14.531,45,1,249.24
102,6.175,0.391,-14.538,60,1,249.48
103,6.176,0.38,-14.54,163,1,249.55
104,6.174,0.369,-14.535,59,1,249.38
105,6.18,0.16,-14.55,75,1,249.89
106,6.181,0.148,-14.553,66,1,249.99
107,6.181,0.137,-14.554,76,1,250.02
108,6.181,0.127,-14.553,79,1,249.99
109,6.182,0.116,-14.554,176,1,250.04
110,6.183,0.105,-14.557,183,1,250.14
111,6.183,0.093,-14.557,182,1,250.14
112,6.183,0.082,-14.557,180,1,250.14
113,6.183,0.072,-14.556,185,1,250.11
114,6.183,0.06,-14.557,176,1,250.14
115,6.184,0.049,-14.559,178,1,250.21
116,6.184,0.038,-14.559,173,1,250.21
117,6.184,0.027,-14.559,171,1,250.21
118,6.185,0.016,-14.561,173,1,250.28
119,6.184,0.005,-14.559,171,1,250.21
120,6.187,0.52,-14.538,90,1,249.63
121,6.187,0.508,-14.537,114,1,249.6
122,6.176,0.496,-14.512,23,1,248.74
123,6.187,0.453,-14.536,75,1,249.57
124,6.187,0.442,-14.538,167,1,249.63
125,6.186,0.431,-14.535,184,1,249.53
126,6.186,0.42,-14.535,173,1,249.53
127,6.18,0.409,-14.52,17,1,249.02
128,6.185,0.376,-14.533,124,1,249.46
129,6.186,0.177,-14.534,25,1,249.5
130,6.19,0.167,-14.544,74,1,249.84
131,6.192,0.155,-14.547,75,1,249.96
132,6.192,0.144,-14.548,68,1,249.99
133,6.191,0.133,-14.546,76,1,249.91
134,6.191,0.122,-14.547,76,1,249.94
135,6.193,0.112,-14.55,174,1,250.06
136,6.192,0.1,-14.549,176,1,250.01
137,6.193,0.089,-14.55,181,1,250.06
138,6.192,0.078,-14.549,171,1,250.01
139,6.194,0.067,-14.554,179,1,250.18
140,6.193,0.056,-14.552,179,1,250.11
141,6.193,0.045,-14.552,175,1,250.11
142,6.193,0.034,-14.55,178,1,250.06
143,6.194,0.023,-14.555,175,1,250.21
144,6.194,0.012,-14.553,175,1,250.16
145,6.195,0.001,-14.557,175,1,250.28
146,6.198,0.521,-14.526,62,1,249.42
147,6.197,0.51,-14.524,91,1,249.35
148,6.197,0.5,-14.524,88,1,249.35
149,6.2,0.433,-14.531,173,1,249.59
150,6.2,0.423,-14.53,164,1,249.56
151,6.206,0.191,-14.543,123,1,250.01
152,6.203,0.18,-14.537,178,1,249.8
153,6.204,0.169,-14.539,175,1,249.87
154,6.203,0.157,-14.536,165,1,249.77
155,6.204,0.147,-14.54,75,1,249.9
156,6.204,0.136,-14.539,76,1,249.87
157,6.204,0.125,-14.54,83,1,249.9
158,6.205,0.113,-14.542,90,1,249.97
159,6.206,0.102,-14.543,175,1,250.01
160,6.205,0.092,-14.542,183,1,249.97
161,6.207,0.081,-14.546,176,1,250.11
162,6.206,0.069,-14.545,176,1,250.07
163,6.208,0.058,-14.55,175,1,250.24
164,6.207,0.047,-14.545,179,1,250.08
165,6.208,0.036,-14.548,169,1,250.18
166,6.209,0.025,-14.551,166,1,250.28
167,6.207,0.014,-14.547,172,1,250.14
168,6.208,0.003,-14.548,172,1,250.18
169,6.208,0.528,-14.526,89,1,249.54
170,6.207,0.516,-14.526,118,1,249.53
171,6.207,0.505,-14.524,156,1,249.47
172,6.206,0.494,-14.522,90,1,249.4
173,6.207,0.428,-14.526,151,1,249.53
174,6.203,0.417,-14.515,44,1,249.16
175,6.206,0.196,-14.522,16,1,249.4
176,6.212,0.185,-14.536,168,1,249.88
177,6.211,0.175,-14.534,182,1,249.81
178,6.213,0.163,-14.537,173,1,249.93
179,6.213,0.153,-14.538,170,1,249.95
180,6.214,0.141,-14.54,71,1,250.03
181,6.214,0.13,-14.539,76,1,250
182,6.213,0.12,-14.538,74,1,249.95
183,6.214,0.108,-14.539,155,1,250
184,6.214,0.097,-14.539,182,1,250
185,6.215,0.086,-14.542,176,1,250.1
186,6.213,0.075,-14.538,184,1,249.95
187,6.214,0.064,-14.54,180,1,250.03
188,6.215,0.054,-14.542,179,1,250.1
189,6.215,0.042,-14.542,178,1,250.1
190,6.215,0.031,-14.543,171,1,250.13
191,6.215,0.02,-14.543,174,1,250.13
192,6.217,0.009,-14.547,168,1,250.27
193,6.213,0.528,-14.516,41,1,249.32
194,6.214,0.517,-14.517,91,1,249.36
195,6.215,0.507,-14.52,157,1,249.46
196,6.213,0.495,-14.516,131,1,249.32
197,6.218,0.429,-14.526,114,1,249.67
198,6.213,0.418,-14.516,72,1,249.32
199,6.222,0.186,-14.537,130,1,250.04
200,6.22,0.176,-14.531,174,1,249.84
201,6.22,0.164,-14.531,182,1,249.84
202,6.22,0.154,-14.531,171,1,249.84
203,6.22,0.142,-14.532,78,1,249.87
204,6.221,0.132,-14.533,79,1,249.91
205,6.221,0.12,-14.533,77,1,249.91
206,6.219,0.109,-14.529,153,1,249.77
207,6.221,0.098,-14.534,178,1,249.94
208,6.224,0.087,-14.54,177,1,250.15
209,6.221,0.076,-14.533,180,1,249.91
210,6.223,0.065,-14.539,176,1,250.11
211,6.224,0.054,-14.54,182,1,250.15
212,6.224,0.043,-14.541,168,1,250.18
213,6.223,0.032,-14.538,166,1,250.08
214,6.225,0.021,-14.543,166,1,250.25
215,6.224,0.01,-14.54,161,1,250.15
216,6.232,0.509,-14.521,141,1,249.7
217,6.229,0.498,-14.515,158,1,249.49
218,6.227,0.487,-14.51,83,1,249.32
219,6.23,0.432,-14.517,88,1,249.56
220,6.228,0.421,-14.512,162,1,249.39
221,6.234,0.178,-14.525,167,1,249.84
222,6.235,0.167,-14.529,125,1,249.97
223,6.234,0.156,-14.525,75,1,249.84
224,6.233,0.145,-14.523,69,1,249.77
225,6.232,0.134,-14.522,75,1,249.73
226,6.235,0.123,-14.529,81,1,249.97
227,6.235,0.112,-14.53,161,1,250
228,6.237,0.101,-14.532,177,1,250.08
229,6.237,0.09,-14.533,177,1,250.11
230,6.237,0.079,-14.532,180,1,250.08
231,6.238,0.068,-14.535,176,1,250.18
232,6.237,0.057,-14.533,176,1,250.11
233,6.236,0.046,-14.531,176,1,250.04
234,6.235,0.034,-14.53,183,1,250
235,6.238,0.023,-14.534,167,1,250.15
236,6.237,0.013,-14.532,167,1,250.08
237,6.238,0.002,-14.536,170,1,250.21
238,6.236,0.507,-14.508,57,1,249.37
239,6.237,0.495,-14.511,166,1,249.47
240,6.237,0.484,-14.511,155,1,249.47
241,6.237,0.463,-14.511,78,1,249.47
242,6.238,0.451,-14.512,150,1,249.51
243,6.231,0.44,-14.496,31,1,248.96
244,6.229,0.428,-14.492,28,1,248.82
245,6.233,0.418,-14.5,82,1,249.1
246,6.235,0.363,-14.505,34,1,249.27
247,6.238,0.286,-14.512,42,1,249.51
248,6.242,0.176,-14.521,72,1,249.82
249,6.24,0.165,-14.516,59,1,249.65
250,6.238,0.154,-14.512,30,1,249.51
251,6.244,0.12,-14.526,100,1,249.99
252,6.244,0.11,-14.524,180,1,249.93
253,6.243,0.098,-14.524,179,1,249.92
254,6.245,0.087,-14.527,182,1,250.03
255,6.243,0.076,-14.524,177,1,249.92
256,6.244,0.065,-14.525,185,1,249.96
257,6.245,0.054,-14.529,176,1,250.09
258,6.244,0.043,-14.526,175,1,249.99
259,6.245,0.032,-14.528,172,1,250.06
260,6.244,0.021,-14.525,169,1,249.96
261,6.246,0.01,-14.53,170,1,250.13
262,6.248,0.5,-14.512,133,1,249.64
263,6.244,0.489,-14.503,163,1,249.32
264,6.246,0.478,-14.506,165,1,249.44
265,6.247,0.467,-14.509,164,1,249.54
266,6.244,0.456,-14.503,167,1,249.32
267,6.246,0.444,-14.507,123,1,249.47
268,6.249,0.29,-14.514,72,1,249.71
269,6.248,0.279,-14.511,166,1,249.61
270,6.25,0.268,-14.516,142,1,249.78
271,6.253,0.125,-14.522,114,1,249.99
272,6.253,0.114,-14.522,176,1,249.99
273,6.253,0.103,-14.524,184,1,250.05
274,6.252,0.092,-14.521,186,1,249.95
275,6.252,0.081,-14.521,182,1,249.95
276,6.253,0.07,-14.522,177,1,249.99
277,6.253,0.059,-14.524,174,1,250.05
278,6.253,0.048,-14.522,169,1,249.99
279,6.253,0.036,-14.524,176,1,250.05
280,6.254,0.026,-14.524,169,1,250.06
281,6.253,0.015,-14.524,167,1,250.05
282,6.253,0.004,-14.523,168,1,250.02
283,6.259,0.48,-14.501,91,1,249.45
284,6.259,0.469,-14.501,166,1,249.45
285,6.255,0.458,-14.493,95,1,249.17
286,6.26,0.447,-14.503,119,1,249.52
287,6.258,0.436,-14.5,124,1,249.41
288,6.26,0.359,-14.504,168,1,249.55
289,6.26,0.348,-14.505,153,1,249.58
290,6.257,0.336,-14.496,22,1,249.28
291,6.257,0.282,-14.498,28,1,249.34
292,6.261,0.271,-14.507,172,1,249.65
293,6.261,0.259,-14.505,108,1,249.6
294,6.267,0.116,-14.519,125,1,250.08
295,6.265,0.105,-14.514,180,1,249.91
296,6.266,0.094,-14.517,176,1,250.01
297,6.265,0.083,-14.516,175,1,249.96
298,6.266,0.072,-14.519,169,1,250.06
299,6.266,0.061,-14.516,179,1,249.98
300,6.267,0.05,-14.52,175,1,250.11
301,6.265,0.039,-14.515,179,1,249.94
302,6.265,0.028,-14.514,184,1,249.91
303,6.265,0.017,-14.514,165,1,249.91
304,6.266,0.006,-14.517,175,1,250.01
305,6.266,0.477,-14.497,145,1,249.43
306,6.262,0.465,-14.49,56,1,249.17
307,6.261,0.444,-14.487,21,1,249.07
308,6.265,0.433,-14.495,114,1,249.36
309,6.267,0.355,-14.499,176,1,249.5
310,6.267,0.344,-14.501,170,1,249.55
311,6.267,0.333,-14.5,129,1,249.53
312,6.265,0.278,-14.495,50,1,249.36
313,6.268,0.268,-14.503,174,1,249.62
314,6.267,0.256,-14.5,81,1,249.53
315,6.274,0.113,-14.517,164,1,250.11
316,6.271,0.101,-14.509,184,1,249.84
317,6.272,0.091,-14.512,172,1,249.94
318,6.273,0.08,-14.513,178,1,249.98
319,6.273,0.069,-14.512,178,1,249.95
320,6.274,0.058,-14.516,178,1,250.08
321,6.273,0.047,-14.514,179,1,250.01
322,6.273,0.036,-14.513,179,1,249.98
323,6.272,0.025,-14.512,177,1,249.94
324,6.273,0.014,-14.514,165,1,250.01
325,6.274,0.002,-14.517,172,1,250.11
326,6.276,0.489,-14.494,134,1,249.46
327,6.268,0.478,-14.476,24,1,248.84
328,6.279,0.357,-14.499,165,1,249.65
329,6.275,0.346,-14.491,171,1,249.36
330,6.27,0.335,-14.479,29,1,248.95
331,6.28,0.28,-14.502,93,1,249.75
332,6.279,0.269,-14.5,172,1,249.68
333,6.277,0.258,-14.496,161,1,249.53
334,6.284,0.115,-14.512,120,1,250.09
335,6.283,0.104,-14.509,177,1,249.99
336,6.282,0.092,-14.508,176,1,249.95
337,6.282,0.081,-14.506,184,1,249.89
338,6.283,0.071,-14.509,179,1,249.99
339,6.283,0.06,-14.509,183,1,249.99
340,6.283,0.048,-14.508,179,1,249.96
341,6.284,0.037,-14.51,175,1,250.03
342,6.282,0.026,-14.507,175,1,249.92
343,6.284,0.015,-14.51,174,1,250.03
344,6.283,0.004,-14.509,165,1,249.99
345,6.291,0.357,-14.493,139,1,249.62
346,6.283,0.346,-14.474,23,1,248.97
347,6.291,0.269,-14.492,78,1,249.59
348,6.29,0.258,-14.489,83,1,249.5
349,6.292,0.192,-14.495,80,1,249.69
350,6.293,0.181,-14.497,120,1,249.76
351,6.292,0.17,-14.494,119,1,249.67
352,6.286,0.126,-14.479,13,1,249.16
353,6.294,0.115,-14.5,175,1,249.86
354,6.294,0.104,-14.5,175,1,249.86
355,6.294,0.093,-14.499,171,1,249.84
356,6.295,0.082,-14.502,180,1,249.94
357,6.295,0.071,-14.502,177,1,249.94
358,6.297,0.06,-14.506,179,1,250.08
359,6.295,0.049,-14.501,178,1,249.91
360,6.296,0.038,-14.503,175,1,249.98
361,6.296,0.027,-14.504,180,1,250.01
362,6.297,0.015,-14.506,163,1,250.08
363,6.296,0.004,-14.504,163,1,250.01
364,6.296,0.355,-14.481,63,1,249.34
365,6.301,0.266,-14.493,104,1,249.75
366,6.299,0.256,-14.488,92,1,249.58
367,6.295,0.244,-14.478,55,1,249.24
368,6.298,0.2,-14.486,45,1,249.51
369,6.3,0.19,-14.491,89,1,249.68
370,6.301,0.179,-14.492,86,1,249.72
371,6.302,0.168,-14.495,83,1,249.82
372,6.301,0.156,-14.492,70,1,249.72
373,6.299,0.145,-14.489,58,1,249.61
374,6.301,0.134,-14.494,49,1,249.78
375,6.304,0.123,-14.499,175,1,249.96
376,6.304,0.112,-14.498,175,1,249.93
377,6.303,0.101,-14.498,176,1,249.92
378,6.304,0.09,-14.498,177,1,249.93
379,6.303,0.079,-14.496,177,1,249.86
380,6.304,0.068,-14.499,181,1,249.96
381,6.304,0.057,-14.498,181,1,249.93
382,6.305,0.046,-14.5,179,1,250
383,6.304,0.035,-14.498,174,1,249.93
384,6.305,0.024,-14.502,177,1,250.06
385,6.305,0.013,-14.502,165,1,250.06
386,6.306,0.002,-14.503,166,1,250.1
387,6.307,0.511,-14.481,145,1,249.48
388,6.301,0.5,-14.469,20,1,249.05
389,6.3,0.367,-14.465,11,1,248.93
390,6.308,0.356,-14.484,129,1,249.58
391,6.308,0.269,-14.485,66,1,249.61
392,6.308,0.257,-14.483,94,1,249.55
393,6.308,0.246,-14.483,93,1,249.55
394,6.307,0.213,-14.482,53,1,249.51
395,6.31,0.202,-14.488,86,1,249.72
396,6.308,0.191,-14.484,81,1,249.58
397,6.312,0.18,-14.491,84,1,249.83
398,6.311,0.169,-14.489,87,1,249.76
399,6.311,0.158,-14.49,84,1,249.79
400,6.31,0.147,-14.488,77,1,249.72
401,6.31,0.136,-14.487,84,1,249.69
402,6.312,0.125,-14.491,171,1,249.83
403,6.311,0.114,-14.49,178,1,249.79
404,6.312,0.103,-14.492,178,1,249.86
405,6.312,0.092,-14.491,176,1,249.83
406,6.312,0.081,-14.493,176,1,249.89
407,6.313,0.07,-14.494,176,1,249.93
408,6.313,0.059,-14.495,177,1,249.96
409,6.312,0.048,-14.491,180,1,249.83
410,6.313,0.037,-14.495,178,1,249.96
411,6.313,0.026,-14.494,172,1,249.93
412,6.313,0.015,-14.494,165,1,249.93
413,6.313,0.004,-14.495,169,1,249.96
414,6.317,0.525,-14.468,70,1,249.23
415,6.317,0.514,-14.47,146,1,249.29
416,6.317,0.503,-14.469,155,1,249.26
417,6.321,0.371,-14.479,113,1,249.6
418,6.319,0.36,-14.472,80,1,249.37
419,6.324,0.272,-14.484,107,1,249.78
420,6.322,0.261,-14.48,129,1,249.64
421,6.321,0.25,-14.478,132,1,249.57
422,6.324,0.238,-14.483,133,1,249.75
423,6.322,0.228,-14.481,111,1,249.67
424,6.323,0.216,-14.481,108,1,249.68
425,6.322,0.206,-14.48,96,1,249.64
426,6.322,0.194,-14.48,93,1,249.64
427,6.322,0.184,-14.48,85,1,249.64
428,6.323,0.172,-14.481,82,1,249.68
429,6.322,0.161,-14.481,84,1,249.67
430,6.323,0.15,-14.481,87,1,249.68
431,6.324,0.139,-14.484,82,1,249.78
432,6.323,0.128,-14.483,84,1,249.74
433,6.326,0.117,-14.488,169,1,249.92
434,6.324,0.106,-14.484,183,1,249.78
435,6.326,0.095,-14.488,169,1,249.92
436,6.325,0.084,-14.486,175,1,249.85
437,6.326,0.073,-14.489,176,1,249.95
438,6.326,0.062,-14.489,177,1,249.95
439,6.326,0.051,-14.489,176,1,249.95
440,6.325,0.04,-14.486,179,1,249.85
441,6.326,0.029,-14.487,172,1,249.89
442,6.326,0.018,-14.488,174,1,249.92
443,6.326,0.007,-14.49,163,1,249.98
444,6.326,0.523,-14.465,69,1,249.25
445,6.327,0.512,-14.469,133,1,249.38
446,6.327,0.501,-14.469,168,1,249.38
447,6.324,0.49,-14.462,58,1,249.14
448,6.332,0.435,-14.479,119,1,249.74
449,6.322,0.424,-14.456,17,1,248.94
450,6.328,0.413,-14.47,161,1,249.42
451,6.327,0.402,-14.468,103,1,249.35
452,6.323,0.391,-14.459,23,1,249.04
453,6.33,0.38,-14.474,160,1,249.57
454,6.328,0.369,-14.469,173,1,249.4
455,6.327,0.358,-14.468,86,1,249.35
456,6.332,0.281,-14.479,150,1,249.74
457,6.331,0.27,-14.476,173,1,249.64
458,6.33,0.259,-14.475,176,1,249.59
459,6.33,0.248,-14.475,179,1,249.59
460,6.331,0.237,-14.476,188,1,249.64
461,6.329,0.226,-14.473,171,1,249.52
462,6.332,0.215,-14.479,175,1,249.74
463,6.33,0.204,-14.474,185,1,249.57
464,6.33,0.192,-14.475,183,1,249.59
465,6.331,0.182,-14.476,176,1,249.64
466,6.33,0.171,-14.474,145,1,249.57
467,6.332,0.16,-14.479,95,1,249.74
468,6.332,0.148,-14.48,89,1,249.76
469,6.333,0.138,-14.482,84,1,249.84
470,6.331,0.127,-14.477,82,1,249.67
471,6.332,0.116,-14.48,151,1,249.76
472,6.333,0.105,-14.481,179,1,249.81
473,6.335,0.093,-14.485,176,1,249.95
474,6.334,0.082,-14.483,174,1,249.88
475,6.334,0.071,-14.483,177,1,249.88
476,6.335,0.06,-14.486,181,1,249.98
477,6.334,0.049,-14.485,179,1,249.93
478,6.333,0.038,-14.482,185,1,249.84
479,6.334,0.027,-14.483,163,1,249.88
480,6.334,0.016,-14.483,166,1,249.88
481,6.334,0.005,-14.484,170,1,249.91
482,6.337,0.528,-14.465,38,1,249.39
483,6.336,0.517,-14.462,136,1,249.29
484,6.337,0.506,-14.465,169,1,249.39
485,6.335,0.495,-14.461,162,1,249.25
486,6.339,0.44,-14.469,166,1,249.53
487,6.338,0.429,-14.467,176,1,249.46
488,6.338,0.418,-14.467,176,1,249.46
489,6.337,0.407,-14.464,173,1,249.36
490,6.339,0.396,-14.471,166,1,249.59
491,6.339,0.385,-14.468,168,1,249.51
492,6.337,0.374,-14.464,175,1,249.36
493,6.339,0.363,-14.469,98,1,249.53
494,6.332,0.351,-14.452,43,1,248.95
495,6.331,0.296,-14.451,17,1,248.91
496,6.342,0.285,-14.476,167,1,249.78
497,6.34,0.275,-14.47,174,1,249.58
498,6.34,0.264,-14.471,177,1,249.61
499,6.34,0.252,-14.47,176,1,249.58
500,6.341,0.242,-14.473,181,1,249.68
501,6.339,0.23,-14.469,173,1,249.53
502,6.34,0.22,-14.471,189,1,249.61
503,6.339,0.208,-14.467,182,1,249.48
504,6.341,0.198,-14.473,182,1,249.68
505,6.339,0.186,-14.469,183,1,249.53
506,6.341,0.175,-14.472,182,1,249.65
507,6.341,0.164,-14.473,178,1,249.68
508,6.343,0.154,-14.477,124,1,249.82
509,6.341,0.142,-14.474,80,1,249.7
510,6.343,0.131,-14.476,86,1,249.79
511,6.341,0.12,-14.474,83,1,249.7
512,6.342,0.109,-14.476,172,1,249.78
513,6.343,0.098,-14.478,176,1,249.85
514,6.343,0.087,-14.477,174,1,249.82
515,6.345,0.076,-14.481,164,1,249.96
516,6.345,0.065,-14.483,170,1,250.02
517,6.344,0.054,-14.479,181,1,249.89
518,6.343,0.043,-14.479,180,1,249.88
519,6.343,0.032,-14.478,172,1,249.85
520,6.343,0.021,-14.478,166,1,249.85
521,6.343,0.01,-14.478,168,1,249.85
522,6.348,0.52,-14.46,60,1,249.39
523,6.348,0.509,-14.46,110,1,249.39
524,6.347,0.498,-14.457,169,1,249.29
525,6.347,0.487,-14.458,162,1,249.32
526,6.344,0.454,-14.449,38,1,249.02
527,6.348,0.443,-14.46,178,1,249.39
528,6.348,0.432,-14.46,181,1,249.39
529,6.348,0.421,-14.46,180,1,249.39
530,6.349,0.41,-14.46,179,1,249.4
531,6.348,0.399,-14.458,176,1,249.33
532,6.348,0.387,-14.458,176,1,249.33
533,6.348,0.377,-14.46,179,1,249.39
534,6.35,0.366,-14.463,109,1,249.5
535,6.346,0.354,-14.455,85,1,249.22
536,6.351,0.3,-14.464,151,1,249.54
537,6.352,0.289,-14.466,174,1,249.61
538,6.349,0.278,-14.461,182,1,249.43
539,6.351,0.266,-14.465,179,1,249.57
540,6.35,0.256,-14.462,178,1,249.47
541,6.35,0.244,-14.462,177,1,249.47
542,6.351,0.234,-14.464,180,1,249.54
543,6.35,0.222,-14.462,172,1,249.47
544,6.351,0.211,-14.465,182,1,249.57
545,6.351,0.201,-14.464,177,1,249.54
546,6.354,0.19,-14.472,173,1,249.81
547,6.352,0.178,-14.469,179,1,249.7
548,6.354,0.167,-14.471,174,1,249.78
549,6.353,0.156,-14.47,170,1,249.74
550,6.352,0.146,-14.468,83,1,249.67
551,6.353,0.134,-14.469,83,1,249.71
552,6.352,0.123,-14.469,81,1,249.7
553,6.353,0.112,-14.469,162,1,249.71
554,6.354,0.101,-14.472,177,1,249.81
555,6.353,0.09,-14.47,180,1,249.74
556,6.354,0.079,-14.472,182,1,249.81
557,6.355,0.068,-14.473,176,1,249.85
558,6.354,0.057,-14.472,179,1,249.81
559,6.357,0.046,-14.478,176,1,250.02
560,6.355,0.035,-14.474,171,1,249.88
561,6.355,0.024,-14.474,174,1,249.88
562,6.356,0.013,-14.475,169,1,249.92
563,6.356,0.002,-14.477,174,1,249.98
564,6.357,0.521,-14.455,48,1,249.36
565,6.356,0.51,-14.453,162,1,249.29
566,6.358,0.499,-14.457,168,1,249.43
567,6.357,0.488,-14.455,169,1,249.36
568,6.358,0.477,-14.456,164,1,249.4
569,6.359,0.467,-14.46,145,1,249.53
570,6.359,0.455,-14.459,155,1,249.5
571,6.358,0.444,-14.456,174,1,249.4
572,6.357,0.433,-14.455,183,1,249.36
573,6.358,0.422,-14.456,184,1,249.4
574,6.357,0.411,-14.455,181,1,249.36
575,6.357,0.4,-14.455,169,1,249.36
576,6.358,0.389,-14.457,176,1,249.43
577,6.357,0.378,-14.454,176,1,249.33
578,6.358,0.367,-14.457,163,1,249.43
579,6.358,0.356,-14.456,100,1,249.4
580,6.351,0.345,-14.44,12,1,248.85
581,6.36,0.312,-14.462,103,1,249.6
582,6.359,0.301,-14.46,164,1,249.53
583,6.361,0.29,-14.462,174,1,249.61
584,6.36,0.279,-14.46,175,1,249.54
585,6.36,0.268,-14.461,182,1,249.57
586,6.36,0.257,-14.46,185,1,249.54
587,6.362,0.245,-14.465,176,1,249.71
588,6.359,0.235,-14.46,183,1,249.53
589,6.36,0.224,-14.461,186,1,249.57
590,6.36,0.213,-14.46,186,1,249.54
591,6.36,0.201,-14.462,180,1,249.6
592,6.359,0.19,-14.458,182,1,249.47
593,6.361,0.18,-14.464,178,1,249.67
594,6.36,0.169,-14.462,161,1,249.6
595,6.361,0.157,-14.463,96,1,249.64
596,6.361,0.146,-14.464,80,1,249.67
597,6.361,0.135,-14.464,83,1,249.67
598,6.361,0.124,-14.464,82,1,249.67
599,6.364,0.113,-14.469,160,1,249.85
600,6.364,0.102,-14.469,175,1,249.85
601,6.363,0.091,-14.467,182,1,249.78
602,6.364,0.08,-14.469,176,1,249.85
603,6.365,0.069,-14.472,179,1,249.95
604,6.363,0.058,-14.467,179,1,249.78
605,6.364,0.047,-14.47,176,1,249.88
606,6.364,0.036,-14.469,175,1,249.85
607,6.364,0.025,-14.47,166,1,249.88
608,6.365,0.014,-14.471,170,1,249.92
609,6.364,0.003,-14.47,172,1,249.88
610,6.366,0.513,-14.45,73,1,249.33
611,6.366,0.502,-14.451,133,1,249.36
612,6.365,0.491,-14.448,179,1,249.26
613,6.366,0.48,-14.449,175,1,249.3
614,6.366,0.469,-14.45,170,1,249.33
615,6.367,0.458,-14.451,171,1,249.37
616,6.367,0.447,-14.451,174,1,249.37
617,6.366,0.436,-14.45,173,1,249.33
618,6.369,0.425,-14.455,175,1,249.51
619,6.366,0.414,-14.45,186,1,249.33
620,6.366,0.403,-14.45,178,1,249.33
621,6.366,0.392,-14.45,181,1,249.33
622,6.367,0.381,-14.452,176,1,249.4
623,6.365,0.37,-14.446,186,1,249.2
624,6.369,0.359,-14.455,129,1,249.51
625,6.368,0.348,-14.454,102,1,249.47
626,6.368,0.336,-14.455,93,1,249.5
627,6.37,0.326,-14.457,96,1,249.58
628,6.367,0.315,-14.453,99,1,249.43
629,6.368,0.304,-14.454,105,1,249.47
630,6.37,0.292,-14.457,100,1,249.58
631,6.368,0.282,-14.454,99,1,249.47
632,6.369,0.271,-14.456,100,1,249.54
633,6.37,0.26,-14.457,102,1,249.58
634,6.37,0.249,-14.459,106,1,249.64
635,6.37,0.237,-14.458,107,1,249.61
636,6.37,0.227,-14.457,105,1,249.58
637,6.371,0.216,-14.459,103,1,249.65
638,6.369,0.205,-14.455,95,1,249.51
639,6.372,0.193,-14.461,97,1,249.72
640,6.369,0.182,-14.455,94,1,249.51
641,6.371,0.171,-14.46,94,1,249.68
642,6.371,0.16,-14.46,88,1,249.68
643,6.371,0.149,-14.461,85,1,249.71
644,6.371,0.139,-14.46,84,1,249.68
645,6.372,0.127,-14.463,94,1,249.78
646,6.372,0.116,-14.463,160,1,249.78
647,6.372,0.105,-14.462,178,1,249.75
648,6.371,0.094,-14.46,177,1,249.68
649,6.371,0.083,-14.46,182,1,249.68
650,6.373,0.072,-14.465,180,1,249.85
651,6.373,0.061,-14.464,175,1,249.82
652,6.374,0.05,-14.467,174,1,249.92
653,6.374,0.039,-14.467,166,1,249.92
654,6.372,0.028,-14.464,174,1,249.81
655,6.374,0.017,-14.466,166,1,249.89
656,6.374,0.006,-14.467,167,1,249.92
657,6.378,0.505,-14.445,66,1,249.34
658,6.378,0.494,-14.444,118,1,249.31
659,6.378,0.483,-14.445,172,1,249.34
660,6.378,0.472,-14.443,176,1,249.28
661,6.378,0.461,-14.444,181,1,249.31
662,6.378,0.45,-14.445,176,1,249.34
663,6.378,0.439,-14.444,173,1,249.31
664,6.38,0.428,-14.448,170,1,249.45
665,6.378,0.417,-14.443,182,1,249.28
666,6.378,0.406,-14.445,182,1,249.34
667,6.379,0.395,-14.446,182,1,249.38
668,6.378,0.384,-14.444,179,1,249.31
669,6.379,0.373,-14.446,182,1,249.38
670,6.379,0.362,-14.446,182,1,249.38
671,6.382,0.351,-14.452,141,1,249.59
672,6.381,0.34,-14.45,110,1,249.52
673,6.379,0.329,-14.447,107,1,249.41
674,6.379,0.317,-14.447,101,1,249.41
675,6.38,0.307,-14.448,106,1,249.45
676,6.381,0.296,-14.45,103,1,249.52
677,6.381,0.285,-14.45,99,1,249.52
678,6.38,0.273,-14.45,105,1,249.51
679,6.381,0.262,-14.451,105,1,249.55
680,6.381,0.252,-14.451,108,1,249.55
681,6.381,0.241,-14.452,105,1,249.58
682,6.382,0.229,-14.452,114,1,249.59
683,6.381,0.219,-14.451,97,1,249.55
684,6.383,0.207,-14.454,105,1,249.66
685,6.382,0.197,-14.453,93,1,249.62
686,6.382,0.185,-14.452,92,1,249.59
687,6.381,0.175,-14.451,91,1,249.55
688,6.382,0.163,-14.453,90,1,249.62
689,6.383,0.152,-14.454,90,1,249.66
690,6.383,0.141,-14.454,85,1,249.66
691,6.382,0.131,-14.453,93,1,249.62
692,6.384,0.119,-14.457,171,1,249.76
693,6.384,0.108,-14.457,175,1,249.76
694,6.383,0.097,-14.455,173,1,249.69
695,6.383,0.086,-14.455,178,1,249.69
696,6.383,0.075,-14.455,182,1,249.69
697,6.384,0.064,-14.457,171,1,249.76
698,6.384,0.053,-14.458,166,1,249.79
699,6.386,0.042,-14.463,169,1,249.96
700,6.385,0.031,-14.458,173,1,249.8
701,6.386,0.02,-14.462,166,1,249.93
702,6.386,0.009,-14.462,173,1,249.93
703,6.387,0.505,-14.444,68,1,249.42
704,6.385,0.494,-14.439,163,1,249.25
705,6.388,0.483,-14.444,171,1,249.44
706,6.386,0.472,-14.441,178,1,249.32
707,6.388,0.461,-14.445,176,1,249.46
708,6.387,0.45,-14.442,170,1,249.37
709,6.388,0.439,-14.446,175,1,249.49
710,6.387,0.428,-14.443,178,1,249.39
711,6.388,0.417,-14.445,188,1,249.46
712,6.387,0.406,-14.442,185,1,249.37
713,6.386,0.395,-14.441,174,1,249.32
714,6.387,0.384,-14.442,179,1,249.37
715,6.386,0.372,-14.441,189,1,249.32
716,6.388,0.361,-14.444,182,1,249.44
717,6.386,0.35,-14.441,178,1,249.32
718,6.387,0.34,-14.442,159,1,249.37
719,6.389,0.329,-14.446,122,1,249.51
720,6.389,0.317,-14.446,114,1,249.51
721,6.389,0.306,-14.447,120,1,249.54
722,6.39,0.295,-14.448,101,1,249.58
723,6.39,0.285,-14.449,105,1,249.61
724,6.39,0.273,-14.45,105,1,249.63
725,6.39,0.262,-14.448,107,1,249.58
726,6.39,0.251,-14.449,108,1,249.61
727,6.39,0.24,-14.448,106,1,249.58
728,6.391,0.229,-14.45,105,1,249.65
729,6.391,0.218,-14.452,109,1,249.71
730,6.391,0.207,-14.45,99,1,249.65
731,6.391,0.196,-14.451,99,1,249.68
732,6.39,0.185,-14.449,96,1,249.61
733,6.391,0.174,-14.452,103,1,249.71
734,6.39,0.163,-14.448,95,1,249.58
735,6.392,0.152,-14.453,94,1,249.75
736,6.391,0.141,-14.452,114,1,249.71
737,6.391,0.13,-14.45,179,1,249.65
738,6.39,0.119,-14.448,172,1,249.58
739,6.391,0.108,-14.451,183,1,249.68
740,6.392,0.097,-14.454,179,1,249.78
741,6.392,0.086,-14.453,180,1,249.75
742,6.394,0.075,-14.458,175,1,249.92
743,6.392,0.064,-14.454,173,1,249.78
744,6.394,0.053,-14.458,168,1,249.92
745,6.394,0.042,-14.457,168,1,249.89
746,6.394,0.031,-14.458,174,1,249.92
747,6.395,0.02,-14.46,168,1,249.99
748,6.393,0.009,-14.456,169,1,249.85
749,6.396,0.496,-14.438,70,1,249.36
750,6.396,0.486,-14.438,123,1,249.36
751,6.396,0.475,-14.438,169,1,249.36
752,6.395,0.463,-14.436,175,1,249.29
753,6.393,0.452,-14.431,173,1,249.12
754,6.394,0.441,-14.434,174,1,249.22
755,6.394,0.43,-14.434,180,1,249.22
756,6.395,0.419,-14.436,173,1,249.29
757,6.395,0.408,-14.435,175,1,249.27
758,6.396,0.397,-14.438,176,1,249.36
759,6.396,0.386,-14.438,176,1,249.36
760,6.396,0.375,-14.438,180,1,249.36
761,6.397,0.364,-14.439,176,1,249.41
762,6.398,0.353,-14.443,177,1,249.53
763,6.396,0.342,-14.438,183,1,249.36
764,6.397,0.331,-14.44,178,1,249.44
765,6.397,0.32,-14.439,183,1,249.41
766,6.398,0.309,-14.441,157,1,249.48
767,6.398,0.298,-14.441,143,1,249.48
768,6.398,0.287,-14.441,114,1,249.48
769,6.397,0.276,-14.441,115,1,249.46
770,6.397,0.265,-14.439,115,1,249.41
771,6.398,0.254,-14.443,115,1,249.53
772,6.398,0.243,-14.443,108,1,249.53
773,6.398,0.232,-14.443,107,1,249.53
774,6.399,0.221,-14.444,103,1,249.58
775,6.399,0.209,-14.443,104,1,249.55
776,6.399,0.199,-14.445,102,1,249.61
777,6.4,0.188,-14.446,107,1,249.65
778,6.4,0.177,-14.446,112,1,249.65
779,6.399,0.166,-14.444,152,1,249.58
780,6.399,0.154,-14.445,174,1,249.61
781,6.4,0.144,-14.446,175,1,249.65
782,6.4,0.133,-14.447,169,1,249.68
783,6.4,0.122,-14.446,176,1,249.65
784,6.398,0.111,-14.443,175,1,249.53
785,6.4,0.1,-14.448,179,1,249.7
786,6.4,0.089,-14.448,170,1,249.7
787,6.402,0.078,-14.451,173,1,249.82
788,6.402,0.067,-14.45,166,1,249.79
789,6.4,0.056,-14.448,166,1,249.7
790,6.401,0.044,-14.449,167,1,249.75
791,6.401,0.033,-14.448,173,1,249.72
792,6.402,0.023,-14.449,172,1,249.76
793,6.402,0.012,-14.45,168,1,249.79
794,6.403,0,-14.451,124,1,249.83
795,6.409,0.487,-14.43,67,1,249.3
796,6.41,0.477,-14.432,124,1,249.37
797,6.408,0.465,-14.428,175,1,249.23
798,6.408,0.454,-14.428,181,1,249.23
799,6.407,0.443,-14.427,172,1,249.19
800,6.409,0.432,-14.431,168,1,249.33
801,6.408,0.421,-14.427,163,1,249.2
802,6.41,0.41,-14.431,180,1,249.34
803,6.409,0.399,-14.431,176,1,249.33
804,6.409,0.388,-14.431,179,1,249.33
805,6.41,0.377,-14.433,181,1,249.4
806,6.409,0.366,-14.431,179,1,249.33
807,6.411,0.356,-14.434,175,1,249.44
808,6.41,0.344,-14.432,176,1,249.37
809,6.411,0.333,-14.433,175,1,249.41
810,6.41,0.322,-14.432,185,1,249.37
811,6.41,0.311,-14.432,175,1,249.37
812,6.41,0.3,-14.431,186,1,249.34
813,6.411,0.289,-14.433,175,1,249.41
814,6.41,0.278,-14.431,182,1,249.34
815,6.411,0.267,-14.433,183,1,249.41
816,6.41,0.256,-14.431,181,1,249.34
817,6.411,0.245,-14.434,180,1,249.44
818,6.411,0.234,-14.434,173,1,249.44
819,6.411,0.223,-14.435,177,1,249.47
820,6.412,0.212,-14.437,174,1,249.54
821,6.413,0.201,-14.44,176,1,249.64
822,6.414,0.19,-14.44,176,1,249.65
823,6.413,0.179,-14.439,189,1,249.61
824,6.413,0.168,-14.439,182,1,249.61
825,6.413,0.157,-14.438,184,1,249.58
826,6.413,0.146,-14.439,179,1,249.61
827,6.413,0.134,-14.439,182,1,249.61
828,6.413,0.124,-14.44,179,1,249.64
829,6.414,0.113,-14.441,179,1,249.68
830,6.415,0.102,-14.443,174,1,249.75
831,6.413,0.09,-14.439,170,1,249.61
832,6.415,0.079,-14.443,163,1,249.75
833,6.414,0.068,-14.441,182,1,249.68
834,6.416,0.058,-14.444,172,1,249.79
835,6.416,0.047,-14.444,171,1,249.79
836,6.415,0.036,-14.444,169,1,249.78
837,6.417,0.024,-14.448,169,1,249.92
838,6.418,0.013,-14.45,141,1,249.99
839,6.415,0.002,-14.444,95,1,249.78
840,6.417,0.486,-14.429,69,1,249.37
841,6.415,0.474,-14.424,153,1,249.2
842,6.418,0.463,-14.429,158,1,249.39
843,6.416,0.452,-14.427,166,1,249.3
844,6.417,0.442,-14.427,175,1,249.32
845,6.417,0.43,-14.428,173,1,249.35
846,6.418,0.419,-14.431,168,1,249.44
847,6.418,0.408,-14.43,172,1,249.42
848,6.417,0.397,-14.429,175,1,249.37
849,6.417,0.387,-14.428,182,1,249.35
850,6.418,0.375,-14.432,178,1,249.47
851,6.418,0.364,-14.43,187,1,249.42
852,6.418,0.353,-14.431,177,1,249.44
853,6.417,0.342,-14.427,186,1,249.32
854,6.417,0.331,-14.427,183,1,249.32
855,6.418,0.32,-14.431,178,1,249.44
856,6.418,0.309,-14.43,175,1,249.42
857,6.418,0.298,-14.429,181,1,249.39
858,6.417,0.287,-14.428,183,1,249.35
859,6.418,0.276,-14.431,175,1,249.44
860,6.419,0.265,-14.432,182,1,249.49
861,6.418,0.254,-14.431,187,1,249.44
862,6.42,0.243,-14.434,183,1,249.56
863,6.42,0.232,-14.434,180,1,249.56
864,6.42,0.221,-14.435,177,1,249.59
865,6.421,0.21,-14.436,176,1,249.63
866,6.421,0.199,-14.437,179,1,249.66
867,6.42,0.188,-14.436,174,1,249.61
868,6.421,0.177,-14.437,173,1,249.66
869,6.422,0.166,-14.438,178,1,249.7
870,6.42,0.155,-14.434,179,1,249.56
871,6.419,0.144,-14.433,173,1,249.52
872,6.421,0.133,-14.437,183,1,249.66
873,6.421,0.122,-14.437,177,1,249.66
874,6.422,0.111,-14.439,175,1,249.73
875,6.42,0.1,-14.435,183,1,249.59
876,6.422,0.089,-14.438,169,1,249.7
877,6.422,0.078,-14.439,171,1,249.73
878,6.422,0.067,-14.438,174,1,249.7
879,6.423,0.056,-14.441,174,1,249.8
880,6.423,0.044,-14.441,172,1,249.8
881,6.424,0.034,-14.443,166,1,249.87
882,6.424,0.023,-14.444,166,1,249.9
883,6.424,0.012,-14.444,143,1,249.9
884,6.424,0,-14.443,57,1,249.87
885,6.427,0.477,-14.424,62,1,249.36
886,6.426,0.466,-14.423,145,1,249.32
887,6.427,0.455,-14.425,158,1,249.39
888,6.426,0.444,-14.421,168,1,249.26
889,6.426,0.433,-14.422,181,1,249.29
890,6.427,0.422,-14.424,167,1,249.36
891,6.429,0.411,-14.427,169,1,249.47
892,6.427,0.4,-14.425,170,1,249.39
893,6.427,0.389,-14.423,173,1,249.33
894,6.428,0.377,-14.425,174,1,249.4
895,6.426,0.367,-14.423,184,1,249.32
896,6.428,0.356,-14.427,176,1,249.46
897,6.427,0.345,-14.425,180,1,249.39
898,6.427,0.333,-14.424,181,1,249.36
899,6.427,0.322,-14.424,179,1,249.36
900,6.426,0.312,-14.423,182,1,249.32
901,6.424,0.301,-14.418,180,1,249.15
902,6.428,0.289,-14.427,184,1,249.46
903,6.427,0.278,-14.424,172,1,249.36
904,6.428,0.267,-14.425,184,1,249.4
905,6.429,0.256,-14.428,177,1,249.5
906,6.428,0.245,-14.427,176,1,249.46
907,6.43,0.235,-14.429,181,1,249.54
908,6.43,0.223,-14.43,177,1,249.57
909,6.429,0.212,-14.429,179,1,249.53
910,6.431,0.201,-14.433,177,1,249.67
911,6.43,0.191,-14.43,175,1,249.57
912,6.43,0.179,-14.43,177,1,249.57
913,6.431,0.168,-14.432,176,1,249.64
914,6.43,0.157,-14.43,179,1,249.57
915,6.427,0.146,-14.424,174,1,249.36
916,6.43,0.135,-14.43,173,1,249.57
917,6.431,0.124,-14.432,179,1,249.64
918,6.43,0.113,-14.431,188,1,249.6
919,6.432,0.102,-14.434,166,1,249.71
920,6.43,0.091,-14.431,172,1,249.6
921,6.433,0.08,-14.437,173,1,249.81
922,6.431,0.069,-14.433,164,1,249.67
923,6.431,0.058,-14.433,170,1,249.67
924,6.434,0.047,-14.439,168,1,249.88
925,6.433,0.036,-14.436,174,1,249.78
926,6.432,0.025,-14.435,101,1,249.74
927,6.431,0.014,-14.432,57,1,249.64
928,6.44,0.465,-14.417,77,1,249.32
929,6.439,0.454,-14.416,148,1,249.28
930,6.439,0.444,-14.415,168,1,249.25
931,6.439,0.432,-14.415,167,1,249.25
932,6.439,0.421,-14.415,164,1,249.25
933,6.439,0.41,-14.415,169,1,249.25
934,6.438,0.4,-14.414,188,1,249.21
935,6.439,0.388,-14.415,177,1,249.25
936,6.439,0.377,-14.417,173,1,249.31
937,6.439,0.366,-14.416,178,1,249.28
938,6.44,0.355,-14.417,177,1,249.32
939,6.441,0.345,-14.42,178,1,249.42
940,6.44,0.333,-14.417,174,1,249.32
941,6.439,0.322,-14.416,181,1,249.28
942,6.442,0.311,-14.422,176,1,249.49
943,6.443,0.3,-14.423,177,1,249.54
944,6.441,0.289,-14.42,179,1,249.42
945,6.444,0.278,-14.425,175,1,249.61
946,6.442,0.267,-14.421,179,1,249.46
947,6.442,0.256,-14.422,188,1,249.49
948,6.441,0.245,-14.419,183,1,249.39
949,6.441,0.234,-14.42,179,1,249.42
950,6.442,0.223,-14.42,183,1,249.44
951,6.441,0.212,-14.42,184,1,249.42
952,6.442,0.201,-14.42,176,1,249.44
953,6.442,0.19,-14.422,179,1,249.49
954,6.442,0.179,-14.422,186,1,249.49
955,6.442,0.168,-14.422,175,1,249.49
956,6.443,0.157,-14.423,179,1,249.54
957,6.442,0.146,-14.422,179,1,249.49
958,6.444,0.135,-14.426,176,1,249.63
959,6.444,0.123,-14.426,170,1,249.63
960,6.446,0.112,-14.431,171,1,249.8
961,6.447,0.102,-14.433,169,1,249.88
962,6.445,0.091,-14.429,169,1,249.73
963,6.446,0.08,-14.43,171,1,249.78
964,6.445,0.068,-14.429,176,1,249.73
965,6.445,0.057,-14.428,168,1,249.71
966,6.444,0.047,-14.425,166,1,249.61
967,6.445,0.036,-14.429,117,1,249.73
968,6.445,0.024,-14.429,54,1,249.73
969,6.448,0.453,-14.413,62,1,249.31
970,6.449,0.442,-14.416,129,1,249.41
971,6.447,0.431,-14.412,175,1,249.27
972,6.448,0.42,-14.414,166,1,249.34
973,6.448,0.409,-14.414,171,1,249.34
974,6.447,0.398,-14.411,168,1,249.24
975,6.448,0.387,-14.414,176,1,249.34
976,6.437,0.375,-14.39,231,1,248.51
977,6.449,0.365,-14.416,169,1,249.41
978,6.448,0.354,-14.414,179,1,249.34
979,6.448,0.343,-14.415,172,1,249.37
980,6.449,0.331,-14.416,179,1,249.41
981,6.449,0.32,-14.416,185,1,249.41
982,6.449,0.31,-14.416,186,1,249.41
983,6.448,0.299,-14.414,177,1,249.34
984,6.449,0.287,-14.417,181,1,249.44
985,6.45,0.276,-14.418,187,1,249.48
986,6.449,0.265,-14.416,189,1,249.41
987,6.452,0.255,-14.423,176,1,249.65
988,6.45,0.243,-14.418,184,1,249.48
989,6.45,0.233,-14.419,172,1,249.51
990,6.45,0.221,-14.419,182,1,249.51
991,6.45,0.21,-14.417,178,1,249.45
992,6.451,0.199,-14.422,178,1,249.61
993,6.45,0.189,-14.419,182,1,249.51
994,6.453,0.177,-14.425,179,1,249.72
995,6.451,0.166,-14.419,176,1,249.52
996,6.451,0.155,-14.421,178,1,249.58
997,6.451,0.144,-14.422,177,1,249.61
998,6.452,0.133,-14.422,174,1,249.62
999,6.452,0.122,-14.422,174,1,249.62
1000,6.453,0.111,-14.424,168,1,249.69
1001,6.453,0.1,-14.425,172,1,249.72
1002,6.452,0.089,-14.423,173,1,249.65
1003,6.454,0.078,-14.427,168,1,249.79
1004,6.453,0.067,-14.425,172,1,249.72
1005,6.453,0.056,-14.425,169,1,249.72
1006,6.455,0.045,-14.43,128,1,249.89
1007,6.453,0.034,-14.424,75,1,249.69
1008,6.455,0.023,-14.429,38,1,249.86
1009,6.456,0.445,-14.406,68,1,249.21
1010,6.459,0.434,-14.413,148,1,249.45
1011,6.456,0.423,-14.405,153,1,249.18
1012,6.458,0.412,-14.41,168,1,249.35
1013,6.457,0.401,-14.407,192,1,249.25
1014,6.458,0.39,-14.411,180,1,249.38
1015,6.457,0.379,-14.408,169,1,249.28
1016,6.449,0.367,-14.39,226,1,248.66
1017,6.458,0.357,-14.411,206,1,249.38
1018,6.457,0.346,-14.409,174,1,249.31
1019,6.456,0.335,-14.406,171,1,249.21
1020,6.458,0.324,-14.411,171,1,249.38
1021,6.459,0.313,-14.413,179,1,249.45
1022,6.458,0.301,-14.411,178,1,249.38
1023,6.459,0.291,-14.413,187,1,249.45
1024,6.459,0.28,-14.413,187,1,249.45
1025,6.458,0.269,-14.412,174,1,249.41
1026,6.46,0.257,-14.415,176,1,249.52
1027,6.46,0.246,-14.414,176,1,249.49
1028,6.459,0.235,-14.413,182,1,249.45
1029,6.459,0.225,-14.413,182,1,249.45
1030,6.46,0.213,-14.414,180,1,249.49
1031,6.46,0.202,-14.415,180,1,249.52
1032,6.461,0.191,-14.416,179,1,249.57
1033,6.46,0.181,-14.415,174,1,249.52
1034,6.46,0.169,-14.416,176,1,249.55
1035,6.462,0.158,-14.418,165,1,249.64
1036,6.462,0.147,-14.418,168,1,249.64
1037,6.461,0.136,-14.416,177,1,249.57
1038,6.462,0.125,-14.42,175,1,249.69
1039,6.461,0.114,-14.417,173,1,249.59
1040,6.46,0.103,-14.415,167,1,249.52
1041,6.462,0.092,-14.418,171,1,249.64
1042,6.463,0.081,-14.421,175,1,249.74
1043,6.462,0.07,-14.42,174,1,249.69
1044,6.464,0.059,-14.422,134,1,249.78
1045,6.464,0.048,-14.423,123,1,249.81
1046,6.464,0.037,-14.422,54,1,249.78
1047,6.469,0.437,-14.404,60,1,249.32
1048,6.466,0.425,-14.398,146,1,249.11
1049,6.47,0.414,-14.407,124,1,249.42
1050,6.467,0.403,-14.399,173,1,249.15
1051,6.467,0.392,-14.4,177,1,249.18
1052,6.468,0.381,-14.401,175,1,249.22
1053,6.468,0.37,-14.402,196,1,249.25
1054,6.469,0.359,-14.403,186,1,249.29
1055,6.464,0.348,-14.393,216,1,248.94
1056,6.461,0.336,-14.385,240,1,248.67
1057,6.471,0.326,-14.408,179,1,249.46
1058,6.47,0.315,-14.407,185,1,249.42
1059,6.47,0.304,-14.407,173,1,249.42
1060,6.472,0.293,-14.41,174,1,249.53
1061,6.47,0.282,-14.407,173,1,249.42
1062,6.47,0.271,-14.406,176,1,249.39
1063,6.472,0.26,-14.411,179,1,249.56
1064,6.471,0.249,-14.408,175,1,249.46
1065,6.472,0.238,-14.41,179,1,249.53
1066,6.47,0.227,-14.406,180,1,249.39
1067,6.471,0.216,-14.407,182,1,249.44
1068,6.469,0.205,-14.403,174,1,249.29
1069,6.472,0.194,-14.41,170,1,249.53
1070,6.47,0.183,-14.407,176,1,249.42
1071,6.472,0.171,-14.411,170,1,249.56
1072,6.471,0.161,-14.408,176,1,249.46
1073,6.473,0.15,-14.412,173,1,249.61
1074,6.473,0.139,-14.413,167,1,249.63
1075,6.474,0.127,-14.414,175,1,249.68
1076,6.472,0.116,-14.411,171,1,249.56
1077,6.473,0.105,-14.413,174,1,249.63
1078,6.474,0.095,-14.414,174,1,249.68
1079,6.473,0.084,-14.413,163,1,249.63
1080,6.474,0.072,-14.414,137,1,249.68
1081,6.473,0.061,-14.413,116,1,249.63
1082,6.473,0.05,-14.413,54,1,249.63
1083,6.477,0.423,-14.399,70,1,249.28
1084,6.477,0.412,-14.399,128,1,249.28
1085,6.478,0.401,-14.403,124,1,249.41
1086,6.476,0.39,-14.399,173,1,249.27
1087,6.477,0.379,-14.399,174,1,249.28
1088,6.459,0.367,-14.361,252,1,247.96
1089,6.477,0.357,-14.401,186,1,249.34
1090,6.478,0.346,-14.401,173,1,249.35
1091,6.477,0.335,-14.4,179,1,249.31
1092,6.478,0.324,-14.401,176,1,249.35
1093,6.477,0.313,-14.401,192,1,249.34
1094,6.479,0.302,-14.403,183,1,249.42
1095,6.479,0.291,-14.403,173,1,249.42
1096,6.479,0.28,-14.405,166,1,249.48
1097,6.477,0.269,-14.401,170,1,249.34
1098,6.481,0.258,-14.408,175,1,249.59
1099,6.479,0.247,-14.403,173,1,249.42
1100,6.478,0.236,-14.403,172,1,249.41
1101,6.479,0.225,-14.403,176,1,249.42
1102,6.48,0.213,-14.406,166,1,249.52
1103,6.478,0.203,-14.403,178,1,249.41
1104,6.48,0.191,-14.406,171,1,249.52
1105,6.479,0.181,-14.405,173,1,249.48
1106,6.481,0.17,-14.409,166,1,249.62
1107,6.479,0.159,-14.405,193,1,249.48
1108,6.481,0.147,-14.408,172,1,249.59
1109,6.481,0.136,-14.407,178,1,249.57
1110,6.481,0.125,-14.407,175,1,249.57
1111,6.482,0.115,-14.411,165,1,249.69
1112,6.482,0.104,-14.41,169,1,249.66
1113,6.482,0.092,-14.41,168,1,249.66
1114,6.483,0.081,-14.411,123,1,249.71
1115,6.481,0.071,-14.408,83,1,249.59
1116,6.482,0.06,-14.41,48,1,249.66
1117,6.487,0.403,-14.394,77,1,249.27
1118,6.489,0.392,-14.398,130,1,249.41
1119,6.488,0.381,-14.397,116,1,249.37
1120,6.489,0.37,-14.399,168,1,249.44
1121,6.487,0.359,-14.395,173,1,249.3
1122,6.489,0.348,-14.398,178,1,249.41
1123,6.489,0.337,-14.4,176,1,249.47
1124,6.489,0.326,-14.4,175,1,249.47
1125,6.488,0.315,-14.398,178,1,249.4
1126,6.489,0.304,-14.399,175,1,249.44
1127,6.49,0.293,-14.4,171,1,249.48
1128,6.488,0.282,-14.397,173,1,249.37
1129,6.489,0.271,-14.399,174,1,249.44
1130,6.488,0.26,-14.397,175,1,249.37
1131,6.489,0.249,-14.399,171,1,249.44
1132,6.489,0.237,-14.399,171,1,249.44
1133,6.488,0.227,-14.396,169,1,249.34
1134,6.489,0.216,-14.399,173,1,249.44
1135,6.489,0.205,-14.398,169,1,249.41
1136,6.49,0.193,-14.401,172,1,249.51
1137,6.49,0.183,-14.401,175,1,249.51
1138,6.49,0.171,-14.402,169,1,249.54
1139,6.49,0.161,-14.402,174,1,249.54
1140,6.491,0.15,-14.403,173,1,249.58
1141,6.49,0.139,-14.402,167,1,249.54
1142,6.492,0.127,-14.406,171,1,249.68
1143,6.491,0.116,-14.404,168,1,249.61
1144,6.493,0.106,-14.407,130,1,249.72
1145,6.49,0.094,-14.401,144,1,249.51
1146,6.491,0.083,-14.404,67,1,249.61
1147,6.499,0.394,-14.389,51,1,249.28
1148,6.501,0.383,-14.393,62,1,249.42
1149,6.498,0.372,-14.389,151,1,249.27
1150,6.5,0.361,-14.393,112,1,249.41
1151,6.499,0.35,-14.391,157,1,249.34
1152,6.5,0.339,-14.392,170,1,249.38
1153,6.499,0.328,-14.389,171,1,249.28
1154,6.501,0.317,-14.394,175,1,249.45
1155,6.503,0.306,-14.397,172,1,249.56
1156,6.502,0.295,-14.396,169,1,249.52
1157,6.502,0.284,-14.395,168,1,249.49
1158,6.501,0.273,-14.394,170,1,249.45
1159,6.503,0.262,-14.397,168,1,249.56
1160,6.501,0.251,-14.393,174,1,249.42
1161,6.501,0.24,-14.393,168,1,249.42
1162,6.501,0.229,-14.393,169,1,249.42
1163,6.501,0.218,-14.394,171,1,249.45
1164,6.501,0.206,-14.394,168,1,249.45
1165,6.501,0.196,-14.394,173,1,249.45
1166,6.502,0.185,-14.396,177,1,249.52
1167,6.501,0.174,-14.394,176,1,249.45
1168,6.502,0.163,-14.396,174,1,249.52
1169,6.501,0.152,-14.394,172,1,249.45
1170,6.502,0.141,-14.396,174,1,249.52
1171,6.501,0.13,-14.394,165,1,249.45
1172,6.504,0.119,-14.401,137,1,249.69
1173,6.503,0.108,-14.398,92,1,249.59
1174,6.504,0.097,-14.4,57,1,249.66
1175,6.506,0.38,-14.385,13,1,249.26
1176,6.509,0.369,-14.39,71,1,249.44
1177,6.508,0.358,-14.389,100,1,249.4
1178,6.508,0.347,-14.388,174,1,249.37
1179,6.509,0.336,-14.391,131,1,249.47
1180,6.509,0.325,-14.39,158,1,249.44
1181,6.507,0.314,-14.387,168,1,249.33
1182,6.508,0.303,-14.389,170,1,249.4
1183,6.507,0.292,-14.387,173,1,249.33
1184,6.507,0.281,-14.387,179,1,249.33
1185,6.507,0.27,-14.387,172,1,249.33
1186,6.508,0.259,-14.389,171,1,249.4
1187,6.508,0.248,-14.389,174,1,249.4
1188,6.508,0.237,-14.389,174,1,249.4
1189,6.508,0.226,-14.389,177,1,249.4
1190,6.508,0.215,-14.389,176,1,249.4
1191,6.511,0.204,-14.396,170,1,249.64
1192,6.51,0.193,-14.392,179,1,249.51
1193,6.51,0.182,-14.393,176,1,249.54
1194,6.509,0.171,-14.392,174,1,249.5
1195,6.51,0.16,-14.394,165,1,249.57
1196,6.511,0.149,-14.396,144,1,249.64
1197,6.51,0.138,-14.393,156,1,249.54
1198,6.512,0.126,-14.397,105,1,249.68
1199,6.512,0.116,-14.398,107,1,249.71
1381,6.521,0.195,-14.391,142,1,249.62
1382,6.519,0.184,-14.388,151,1,249.51
1383,6.518,0.173,-14.386,165,1,249.44
1384,6.521,0.162,-14.392,139,1,249.65
1385,6.519,0.151,-14.386,67,1,249.45
1386,6.521,0.14,-14.391,79,1,249.62
1387,6.53,0.304,-14.375,44,1,249.28
1388,6.532,0.294,-14.38,66,1,249.45
1389,6.531,0.282,-14.378,72,1,249.38
1390,6.531,0.271,-14.377,70,1,249.35
1391,6.532,0.26,-14.38,102,1,249.45
1392,6.532,0.249,-14.379,104,1,249.42
1393,6.532,0.238,-14.381,98,1,249.48
1394,6.531,0.227,-14.378,79,1,249.38
1395,6.531,0.216,-14.378,60,1,249.38
1396,6.534,0.205,-14.384,66,1,249.59
1397,6.533,0.194,-14.382,74,1,249.52
1398,6.535,0.183,-14.384,69,1,249.61
1399,6.534,0.172,-14.383,30,1,249.56
1584,6.517,0.349,-14.382,46,1,249.31
1585,6.517,0.338,-14.384,53,1,249.37
1586,6.515,0.327,-14.379,78,1,249.2
1587,6.515,0.316,-14.379,158,1,249.2
1588,6.516,0.305,-14.379,145,1,249.21
1589,6.518,0.294,-14.386,132,1,249.44
1590,6.516,0.283,-14.38,151,1,249.24
1591,6.518,0.272,-14.385,154,1,249.41
1592,6.517,0.261,-14.384,172,1,249.37
1593,6.518,0.25,-14.385,168,1,249.41
1594,6.517,0.239,-14.382,168,1,249.31
1595,6.519,0.228,-14.387,171,1,249.48
1596,6.519,0.217,-14.386,164,1,249.45
1597,6.52,0.206,-14.389,157,1,249.55
0,6.01,0.301,-14.628,44,1,250.1
12,6.018,0.338,-14.616,49,1,249.84
13,6.022,0.327,-14.625,71,1,250.16
14,6.018,0.316,-14.616,59,1,249.84
15,6.021,0.305,-14.622,127,1,250.06
16,6.021,0.294,-14.622,130,1,250.06
17,6.021,0.282,-14.623,132,1,250.08
18,6.021,0.272,-14.622,120,1,250.06
19,6.022,0.261,-14.625,115,1,250.16
20,6.022,0.25,-14.623,126,1,250.1
21,6.023,0.238,-14.626,127,1,250.2
22,6.023,0.228,-14.627,122,1,250.23
23,6.022,0.217,-14.625,128,1,250.16
24,6.023,0.206,-14.628,127,1,250.25
25,6.024,0.195,-14.629,140,1,250.3
26,6.024,0.184,-14.63,141,1,250.33
27,6.023,0.172,-14.627,82,1,250.23
28,6.024,0.161,-14.628,76,1,250.27
29,6.026,0.15,-14.633,72,1,250.44
30,6.026,0.37,-14.609,36,1,249.74
31,6.029,0.359,-14.617,71,1,250.01
32,6.028,0.348,-14.614,85,1,249.91
33,6.03,0.337,-14.62,137,1,250.11
34,6.029,0.326,-14.617,120,1,250.01
35,6.03,0.315,-14.618,121,1,250.05
36,6.029,0.304,-14.615,151,1,249.95
37,6.03,0.293,-14.618,170,1,250.05
38,6.029,0.282,-14.616,178,1,249.98
39,6.03,0.271,-14.618,174,1,250.05
40,6.03,0.26,-14.62,172,1,250.11
41,6.03,0.249,-14.619,178,1,250.08
42,6.031,0.238,-14.62,168,1,250.12
43,6.031,0.227,-14.62,172,1,250.12
44,6.031,0.216,-14.62,169,1,250.12
45,6.032,0.205,-14.623,170,1,250.22
46,6.033,0.194,-14.625,169,1,250.29
47,6.034,0.183,-14.627,157,1,250.36
48,6.033,0.172,-14.626,151,1,250.32
49,6.034,0.161,-14.627,151,1,250.36
50,6.033,0.149,-14.625,145,1,250.29
51,6.033,0.139,-14.625,68,1,250.29
52,6.035,0.128,-14.629,81,1,250.43
53,6.035,0.116,-14.63,18,1,250.46
54,6.038,0.386,-14.61,93,1,249.91
55,6.036,0.375,-14.606,81,1,249.77
56,6.036,0.364,-14.606,151,1,249.77
57,6.038,0.353,-14.611,125,1,249.94
58,6.038,0.342,-14.61,158,1,249.91
59,6.039,0.331,-14.613,171,1,250.01
60,6.038,0.32,-14.61,174,1,249.91
61,6.038,0.309,-14.61,177,1,249.91
62,6.04,0.298,-14.616,176,1,250.11
63,6.039,0.287,-14.613,176,1,250.01
64,6.039,0.276,-14.613,168,1,250.01
65,6.038,0.265,-14.612,170,1,249.97
66,6.04,0.254,-14.614,170,1,250.05
67,6.04,0.243,-14.615,172,1,250.08
68,6.039,0.232,-14.614,164,1,250.04
69,6.039,0.221,-14.613,177,1,250.01
70,6.04,0.21,-14.615,178,1,250.08
71,6.04,0.199,-14.616,172,1,250.11
72,6.041,0.188,-14.618,169,1,250.18
73,6.041,0.176,-14.616,176,1,250.12
74,6.042,0.166,-14.621,174,1,250.28
75,6.043,0.154,-14.622,175,1,250.32
76,6.043,0.144,-14.624,164,1,250.38
77,6.043,0.132,-14.623,195,1,250.35
78,6.044,0.121,-14.624,173,1,250.39
79,6.043,0.111,-14.621,65,1,250.29
80,6.044,0.1,-14.626,55,1,250.45
81,6.048,0.401,-14.6,91,1,249.74
82,6.05,0.39,-14.606,121,1,249.94
83,6.049,0.379,-14.602,137,1,249.81
84,6.048,0.368,-14.601,155,1,249.77
85,6.047,0.357,-14.599,180,1,249.7
86,6.049,0.346,-14.604,177,1,249.87
87,6.051,0.335,-14.607,179,1,249.98
88,6.052,0.324,-14.61,167,1,250.08
89,6.051,0.313,-14.608,176,1,250.01
90,6.051,0.302,-14.608,169,1,250.01
91,6.054,0.291,-14.615,167,1,250.25
92,6.051,0.28,-14.608,169,1,250.01
93,6.052,0.269,-14.609,166,1,250.05
94,6.051,0.258,-14.608,172,1,250.01
95,6.051,0.247,-14.608,181,1,250.01
96,6.051,0.236,-14.607,175,1,249.98
97,6.052,0.225,-14.611,171,1,250.11
98,6.052,0.213,-14.609,174,1,250.05
99,6.052,0.203,-14.609,175,1,250.05
100,6.052,0.192,-14.611,173,1,250.11
101,6.052,0.181,-14.611,167,1,250.11
102,6.053,0.169,-14.612,170,1,250.15
103,6.054,0.159,-14.615,165,1,250.25
104,6.054,0.148,-14.614,179,1,250.22
105,6.056,0.137,-14.618,168,1,250.36
106,6.055,0.125,-14.616,176,1,250.29
107,6.057,0.114,-14.621,176,1,250.46
108,6.055,0.103,-14.616,184,1,250.29
109,6.056,0.093,-14.619,56,1,250.39
110,6.057,0.082,-14.622,41,1,250.49
111,6.057,0.408,-14.598,83,1,249.79
112,6.058,0.398,-14.602,138,1,249.92
113,6.058,0.386,-14.6,150,1,249.86
114,6.057,0.375,-14.599,172,1,249.82
115,6.057,0.364,-14.598,174,1,249.79
116,6.057,0.353,-14.599,176,1,249.82
117,6.058,0.342,-14.602,168,1,249.92
118,6.057,0.331,-14.599,174,1,249.82
119,6.058,0.32,-14.601,169,1,249.89
120,6.057,0.309,-14.599,172,1,249.82
121,6.058,0.298,-14.602,170,1,249.92
122,6.059,0.287,-14.602,168,1,249.93
123,6.06,0.276,-14.604,175,1,250
124,6.059,0.265,-14.603,172,1,249.96
125,6.061,0.254,-14.607,172,1,250.1
126,6.06,0.243,-14.606,179,1,250.06
127,6.061,0.232,-14.608,167,1,250.13
128,6.061,0.221,-14.608,178,1,250.13
129,6.061,0.21,-14.608,177,1,250.13
130,6.061,0.199,-14.608,177,1,250.13
131,6.063,0.188,-14.611,170,1,250.24
132,6.063,0.177,-14.613,176,1,250.3
133,6.062,0.166,-14.611,172,1,250.23
134,6.063,0.155,-14.612,179,1,250.27
135,6.062,0.144,-14.611,174,1,250.23
136,6.062,0.132,-14.609,174,1,250.17
137,6.063,0.122,-14.611,175,1,250.24
138,6.062,0.111,-14.611,176,1,250.23
139,6.063,0.1,-14.612,156,1,250.27
140,6.063,0.088,-14.613,166,1,250.3
141,6.064,0.077,-14.616,66,1,250.4
142,6.064,0.066,-14.615,43,1,250.37
143,6.068,0.413,-14.599,105,1,249.95
144,6.065,0.401,-14.591,160,1,249.68
145,6.064,0.391,-14.59,169,1,249.64
146,6.066,0.38,-14.593,170,1,249.75
147,6.066,0.369,-14.593,178,1,249.75
148,6.066,0.357,-14.593,179,1,249.75
149,6.067,0.347,-14.596,172,1,249.85
150,6.067,0.336,-14.596,168,1,249.85
151,6.066,0.325,-14.594,175,1,249.78
152,6.068,0.314,-14.598,175,1,249.92
153,6.068,0.303,-14.598,178,1,249.92
154,6.069,0.291,-14.599,176,1,249.96
155,6.069,0.281,-14.599,170,1,249.96
156,6.069,0.27,-14.602,171,1,250.05
157,6.069,0.259,-14.602,176,1,250.05
158,6.069,0.248,-14.601,178,1,250.02
159,6.07,0.236,-14.604,173,1,250.12
160,6.069,0.225,-14.602,162,1,250.05
161,6.072,0.214,-14.608,153,1,250.26
162,6.069,0.203,-14.602,175,1,250.05
163,6.07,0.192,-14.602,178,1,250.06
164,6.07,0.181,-14.603,173,1,250.09
165,6.07,0.17,-14.602,172,1,250.06
166,6.072,0.159,-14.607,169,1,250.23
167,6.071,0.148,-14.605,171,1,250.16
168,6.074,0.137,-14.611,173,1,250.37
169,6.071,0.126,-14.604,164,1,250.13
170,6.073,0.115,-14.61,171,1,250.33
171,6.073,0.104,-14.61,168,1,250.33
172,6.074,0.093,-14.611,174,1,250.37
173,6.076,0.082,-14.616,142,1,250.55
174,6.075,0.071,-14.614,165,1,250.47
175,6.074,0.06,-14.612,64,1,250.4
176,6.079,0.405,-14.587,170,1,249.73
177,6.08,0.394,-14.589,171,1,249.81
178,6.08,0.383,-14.589,172,1,249.81
179,6.081,0.372,-14.591,168,1,249.88
180,6.08,0.361,-14.587,172,1,249.75
181,6.081,0.35,-14.592,167,1,249.91
182,6.081,0.339,-14.59,172,1,249.85
183,6.081,0.328,-14.592,171,1,249.91
184,6.08,0.317,-14.589,172,1,249.81
185,6.082,0.306,-14.592,173,1,249.92
186,6.08,0.295,-14.589,176,1,249.81
187,6.081,0.284,-14.59,179,1,249.85
188,6.082,0.273,-14.593,178,1,249.95
189,6.082,0.262,-14.592,184,1,249.92
190,6.082,0.251,-14.594,175,1,249.98
191,6.082,0.24,-14.594,173,1,249.98
192,6.08,0.228,-14.587,76,1,249.75
193,6.077,0.206,-14.582,23,1,249.56
194,6.085,0.196,-14.601,169,1,250.22
195,6.084,0.184,-14.597,176,1,250.09
196,6.085,0.174,-14.601,172,1,250.22
197,6.084,0.162,-14.598,173,1,250.12
198,6.085,0.151,-14.601,168,1,250.22
199,6.084,0.14,-14.598,172,1,250.12
200,6.086,0.13,-14.603,170,1,250.29
201,6.086,0.118,-14.602,167,1,250.26
202,6.085,0.107,-14.6,173,1,250.19
203,6.086,0.096,-14.602,169,1,250.26
204,6.088,0.085,-14.606,164,1,250.4
205,6.088,0.074,-14.607,174,1,250.43
206,6.087,0.063,-14.604,133,1,250.33
207,6.088,0.052,-14.606,144,1,250.4
208,6.088,0.041,-14.606,62,1,250.4
209,6.088,0.405,-14.585,170,1,249.79
210,6.087,0.394,-14.583,175,1,249.72
211,6.087,0.383,-14.583,168,1,249.72
212,6.087,0.372,-14.583,169,1,249.72
213,6.088,0.361,-14.586,169,1,249.82
214,6.088,0.35,-14.585,177,1,249.79
215,6.088,0.339,-14.584,178,1,249.76
216,6.088,0.328,-14.585,174,1,249.79
217,6.09,0.317,-14.59,175,1,249.96
218,6.089,0.306,-14.586,177,1,249.83
219,6.089,0.295,-14.588,179,1,249.89
220,6.089,0.284,-14.586,185,1,249.83
221,6.09,0.273,-14.589,182,1,249.93
222,6.09,0.262,-14.59,183,1,249.96
223,6.09,0.251,-14.59,181,1,249.96
224,6.089,0.24,-14.587,167,1,249.86
225,6.085,0.196,-14.577,21,1,249.52
226,6.091,0.185,-14.592,181,1,250.03
227,6.091,0.174,-14.592,188,1,250.03
228,6.093,0.163,-14.596,178,1,250.17
229,6.093,0.152,-14.597,177,1,250.2
230,6.091,0.141,-14.593,176,1,250.06
231,6.094,0.13,-14.599,173,1,250.27
232,6.094,0.119,-14.599,167,1,250.27
233,6.094,0.108,-14.597,174,1,250.21
234,6.095,0.097,-14.601,172,1,250.34
235,6.094,0.086,-14.599,178,1,250.27
236,6.096,0.075,-14.604,173,1,250.44
237,6.094,0.063,-14.598,170,1,250.24
238,6.096,0.053,-14.603,144,1,250.41
239,6.095,0.041,-14.602,145,1,250.37
240,6.095,0.031,-14.602,54,1,250.37
241,6.097,0.409,-14.58,104,1,249.75
242,6.096,0.398,-14.579,147,1,249.71
243,6.092,0.387,-14.569,69,1,249.37
244,6.09,0.375,-14.564,27,1,249.2
245,6.099,0.365,-14.585,133,1,249.92
246,6.097,0.354,-14.582,176,1,249.81
247,6.096,0.343,-14.579,181,1,249.71
248,6.098,0.331,-14.584,173,1,249.88
249,6.097,0.321,-14.581,175,1,249.78
250,6.098,0.31,-14.583,172,1,249.85
251,6.099,0.299,-14.584,181,1,249.89
252,6.098,0.287,-14.583,179,1,249.85
253,6.099,0.276,-14.584,180,1,249.89
254,6.1,0.266,-14.587,179,1,249.99
255,6.1,0.255,-14.586,176,1,249.96
256,6.1,0.244,-14.587,175,1,249.99
257,6.105,0.177,-14.599,155,1,250.4
258,6.102,0.166,-14.592,172,1,250.16
259,6.103,0.155,-14.595,179,1,250.26
260,6.102,0.145,-14.592,178,1,250.16
261,6.102,0.133,-14.59,174,1,250.1
262,6.103,0.122,-14.594,177,1,250.23
263,6.102,0.111,-14.592,175,1,250.16
264,6.104,0.1,-14.597,162,1,250.33
265,6.103,0.089,-14.595,167,1,250.26
266,6.106,0.078,-14.601,168,1,250.47
267,6.104,0.067,-14.596,169,1,250.3
268,6.105,0.056,-14.599,175,1,250.4
269,6.106,0.045,-14.6,170,1,250.44
270,6.104,0.034,-14.597,164,1,250.33
271,6.103,0.023,-14.594,74,1,250.23
272,6.108,0.479,-14.568,48,1,249.53
273,6.108,0.467,-14.568,109,1,249.53
274,6.108,0.401,-14.568,90,1,249.53
275,6.109,0.357,-14.571,166,1,249.63
276,6.113,0.346,-14.58,167,1,249.95
277,6.111,0.335,-14.575,177,1,249.77
278,6.111,0.324,-14.575,183,1,249.77
279,6.111,0.313,-14.576,174,1,249.8
280,6.112,0.302,-14.578,177,1,249.87
281,6.111,0.291,-14.575,173,1,249.77
282,6.111,0.28,-14.576,182,1,249.8
283,6.112,0.269,-14.578,178,1,249.87
284,6.112,0.258,-14.578,182,1,249.87
285,6.111,0.247,-14.576,172,1,249.8
286,6.106,0.235,-14.564,14,1,249.39
287,6.115,0.17,-14.584,97,1,250.09
288,6.115,0.159,-14.585,175,1,250.12
289,6.115,0.147,-14.584,174,1,250.09
290,6.115,0.136,-14.585,183,1,250.12
291,6.116,0.125,-14.587,185,1,250.19
292,6.115,0.115,-14.585,170,1,250.12
293,6.115,0.103,-14.586,173,1,250.14
294,6.117,0.092,-14.59,167,1,250.29
295,6.118,0.081,-14.592,175,1,250.36
296,6.117,0.071,-14.59,170,1,250.29
297,6.118,0.059,-14.591,173,1,250.33
298,6.119,0.048,-14.592,176,1,250.37
299,6.119,0.037,-14.593,170,1,250.4
1458,6.128,0.315,-14.566,173,1,249.72
1459,6.129,0.304,-14.569,179,1,249.82
1460,6.127,0.293,-14.565,173,1,249.68
1461,6.129,0.282,-14.57,179,1,249.85
1462,6.129,0.271,-14.57,179,1,249.85
1463,6.13,0.26,-14.572,172,1,249.92
1464,6.129,0.249,-14.57,164,1,249.85
1465,6.129,0.161,-14.569,50,1,249.82
1466,6.133,0.15,-14.578,184,1,250.13
1467,6.131,0.139,-14.575,180,1,250.02
1468,6.132,0.128,-14.577,181,1,250.09
1469,6.132,0.117,-14.577,177,1,250.09
1470,6.134,0.105,-14.582,178,1,250.26
1471,6.133,0.094,-14.579,178,1,250.16
1472,6.135,0.084,-14.582,170,1,250.27
1473,6.133,0.073,-14.579,177,1,250.16
1474,6.134,0.062,-14.581,169,1,250.23
1475,6.135,0.051,-14.583,173,1,250.3
1476,6.134,0.039,-14.581,170,1,250.23
1477,6.136,0.028,-14.585,174,1,250.37
1478,6.134,0.018,-14.58,171,1,250.2
1479,6.135,0.007,-14.583,149,1,250.3
1480,6.135,0.491,-14.55,61,1,249.34
1481,6.139,0.48,-14.56,104,1,249.68
1482,6.138,0.47,-14.557,177,1,249.58
1483,6.138,0.458,-14.557,166,1,249.58
1484,6.139,0.447,-14.559,164,1,249.65
1485,6.135,0.436,-14.55,38,1,249.34
1486,6.141,0.425,-14.565,144,1,249.85
1487,6.139,0.414,-14.559,171,1,249.65
1488,6.14,0.403,-14.561,145,1,249.72
1489,6.142,0.326,-14.566,169,1,249.89
1490,6.139,0.315,-14.559,173,1,249.65
1491,6.139,0.303,-14.559,157,1,249.65
1492,6.137,0.293,-14.555,29,1,249.51
1493,6.143,0.282,-14.569,133,1,249.99
1494,6.142,0.271,-14.567,176,1,249.92
1495,6.142,0.26,-14.566,166,1,249.89
1496,6.142,0.249,-14.567,128,1,249.92
1497,6.139,0.16,-14.557,14,1,249.59
1498,6.144,0.138,-14.571,181,1,250.06
1499,6.143,0.116,-14.568,182,1,249.96
2661,6.118,0.026,-14.591,165,1,250.33
2662,6.12,0.015,-14.597,67,1,250.53
2663,6.115,0.486,-14.564,24,1,249.5
2664,6.116,0.475,-14.566,99,1,249.57
2665,6.111,0.463,-14.554,89,1,249.16
2666,6.117,0.365,-14.569,77,1,249.67
2667,6.116,0.343,-14.566,57,1,249.57
2668,6.121,0.332,-14.577,170,1,249.96
2669,6.118,0.321,-14.571,183,1,249.74
2670,6.119,0.31,-14.572,178,1,249.79
2671,6.119,0.299,-14.571,177,1,249.76
2672,6.12,0.287,-14.573,188,1,249.83
2673,6.12,0.277,-14.573,176,1,249.83
2674,6.121,0.266,-14.576,184,1,249.93
2675,6.12,0.255,-14.574,180,1,249.86
2676,6.119,0.243,-14.573,165,1,249.81
2677,6.121,0.166,-14.578,66,1,249.98
2678,6.124,0.155,-14.583,178,1,250.17
2679,6.124,0.145,-14.583,179,1,250.17
2680,6.124,0.133,-14.584,182,1,250.2
2681,6.123,0.122,-14.581,178,1,250.1
2682,6.123,0.111,-14.581,180,1,250.1
2683,6.123,0.101,-14.582,175,1,250.13
2684,6.124,0.089,-14.583,175,1,250.17
2685,6.125,0.078,-14.586,177,1,250.27
2686,6.123,0.067,-14.583,176,1,250.16
2687,6.124,0.056,-14.585,172,1,250.23
2688,6.124,0.045,-14.585,172,1,250.23
2689,6.126,0.034,-14.588,172,1,250.34
2690,6.125,0.023,-14.587,155,1,250.3
2691,6.128,0.012,-14.594,136,1,250.54
2692,6.127,0.001,-14.591,28,1,250.44
2693,6.125,0.492,-14.561,52,1,249.54
2694,6.126,0.481,-14.561,106,1,249.55
2695,6.126,0.47,-14.563,124,1,249.61
2696,6.127,0.458,-14.564,94,1,249.65
2697,6.128,0.414,-14.568,132,1,249.78
2698,6.128,0.403,-14.566,142,1,249.72
2699,6.129,0.326,-14.571,173,1,249.88
