4200,6.273,-0.009,-14.331,158,2
4201,6.273,-0.02,-14.33,160,2
4202,6.274,-0.031,-14.333,158,2
4203,6.273,-0.042,-14.331,159,2
4204,6.274,-0.053,-14.332,147,2
4205,6.273,-0.064,-14.331,149,2
4206,6.283,0,-14.33,166,2
4207,6.283,-0.011,-14.329,157,2
4208,6.284,-0.022,-14.332,167,2
4209,6.283,-0.033,-14.33,165,2
4210,6.283,-0.044,-14.329,165,2
4211,6.282,-0.055,-14.327,158,2
4212,6.28,-0.066,-14.323,147,2
4213,6.291,-0.007,-14.325,159,2
4214,6.291,-0.018,-14.325,158,2
4215,6.292,-0.029,-14.328,165,2
4216,6.29,-0.04,-14.323,159,2
4217,6.291,-0.051,-14.324,163,2
4218,6.293,-0.062,-14.328,120,2
4219,6.292,-0.072,-14.326,93,2
4220,6.304,-0.002,-14.321,163,2
4221,6.305,-0.013,-14.323,161,2
4222,6.305,-0.024,-14.322,163,2
4223,6.305,-0.035,-14.321,164,2
4224,6.305,-0.046,-14.323,161,2
4225,6.304,-0.057,-14.319,159,2
4226,6.303,-0.068,-14.318,99,2
4227,6.306,-0.079,-14.325,68,2
4228,6.315,-0.001,-14.322,167,2
4229,6.315,-0.012,-14.322,162,2
4230,6.314,-0.023,-14.321,159,2
4231,6.313,-0.034,-14.319,164,2
4232,6.313,-0.045,-14.318,158,2
4233,6.312,-0.056,-14.315,164,2
4234,6.314,-0.067,-14.319,108,2
4235,6.313,-0.078,-14.319,78,2
4236,6.322,-0.01,-14.316,167,2
4237,6.323,-0.021,-14.318,157,2
4238,6.323,-0.032,-14.317,162,2
4239,6.322,-0.043,-14.315,166,2
4240,6.321,-0.054,-14.313,163,2
4241,6.323,-0.065,-14.316,142,2
4242,6.323,-0.075,-14.316,113,2
4243,6.334,-0.008,-14.307,168,2
4244,6.336,-0.019,-14.311,159,2
4245,6.335,-0.03,-14.308,166,2
4246,6.335,-0.041,-14.308,163,2
4247,6.335,-0.052,-14.309,163,2
4248,6.336,-0.063,-14.31,145,2
4249,6.335,-0.074,-14.309,120,2
4250,6.34,-0.085,-14.321,80,2
4251,6.345,-0.011,-14.311,164,2
4252,6.345,-0.022,-14.309,168,2
4253,6.344,-0.032,-14.309,164,2
4254,6.343,-0.043,-14.304,164,2
4255,6.343,-0.054,-14.306,160,2
4256,6.343,-0.065,-14.306,145,2
4257,6.343,-0.076,-14.305,116,2
4258,6.35,-0.087,-14.322,63,2
4259,6.356,-0.009,-14.309,167,2
4260,6.353,-0.02,-14.303,163,2
4261,6.353,-0.031,-14.303,162,2
4262,6.352,-0.041,-14.302,160,2
4263,6.352,-0.052,-14.302,161,2
4264,6.352,-0.063,-14.3,149,2
4265,6.353,-0.074,-14.304,118,2
4266,6.353,-0.085,-14.304,69,2
4267,6.368,-0.009,-14.302,168,2
4268,6.367,-0.019,-14.299,161,2
4269,6.366,-0.03,-14.298,160,2
4270,6.367,-0.041,-14.299,158,2
4271,6.364,-0.052,-14.292,162,2
4272,6.366,-0.063,-14.297,157,2
4273,6.366,-0.074,-14.297,105,2
4274,6.367,-0.085,-14.3,45,2
4275,6.376,-0.002,-14.295,170,2
4276,6.378,-0.013,-14.3,167,2
4277,6.377,-0.024,-14.298,163,2
4278,6.376,-0.035,-14.297,158,2
4279,6.376,-0.045,-14.296,165,2
4280,6.374,-0.056,-14.293,160,2
4281,6.376,-0.067,-14.296,93,2
4282,6.376,-0.078,-14.295,59,2
4283,6.385,-0.009,-14.291,166,2
4284,6.385,-0.02,-14.292,159,2
4285,6.384,-0.031,-14.29,157,2
4286,6.384,-0.042,-14.29,157,2
4287,6.384,-0.053,-14.29,164,2
4288,6.385,-0.064,-14.292,112,2
4289,6.385,-0.075,-14.292,64,2
4290,6.398,-0.007,-14.29,162,2
4291,6.398,-0.018,-14.288,163,2
4292,6.398,-0.029,-14.288,161,2
4293,6.397,-0.039,-14.285,161,2
4294,6.399,-0.051,-14.29,162,2
4295,6.398,-0.062,-14.288,109,2
4296,6.397,-0.072,-14.286,63,2
4297,6.406,-0.004,-14.285,158,2
4298,6.407,-0.015,-14.287,168,2
4299,6.406,-0.026,-14.285,170,2
7100,6.163,-0.01,-14.385,74,2
7101,6.17,-0.005,-14.375,137,2
7102,6.171,-0.016,-14.377,78,2
7103,6.181,-0.004,-14.368,153,2
7104,6.182,-0.015,-14.37,122,2
7105,6.185,-0.025,-14.375,64,2
7106,6.19,-0.003,-14.366,167,2
7107,6.193,-0.014,-14.371,137,2
7108,6.192,-0.025,-14.368,107,2
7109,6.193,-0.036,-14.372,53,2
7110,6.202,-0.01,-14.366,164,2
7111,6.201,-0.021,-14.364,143,2
7112,6.201,-0.032,-14.363,142,2
7113,6.203,-0.043,-14.368,79,2
7114,6.214,-0.008,-14.36,159,2
7115,6.211,-0.019,-14.354,164,2
7116,6.213,-0.03,-14.359,118,2
7117,6.213,-0.041,-14.359,116,2
7118,6.214,-0.052,-14.361,47,2
7119,6.221,-0.009,-14.356,165,2
7120,6.221,-0.02,-14.357,163,2
7121,6.221,-0.031,-14.356,155,2
7122,6.221,-0.041,-14.356,132,2
7123,6.22,-0.052,-14.355,77,2
7124,6.231,-0.005,-14.35,162,2
7125,6.231,-0.016,-14.35,161,2
7126,6.233,-0.026,-14.354,163,2
7127,6.23,-0.038,-14.349,152,2
7128,6.231,-0.049,-14.351,132,2
7129,6.231,-0.06,-14.349,68,2
7130,6.244,-0.002,-14.346,161,2
7131,6.245,-0.013,-14.348,164,2
7132,6.244,-0.024,-14.345,161,2
7133,6.244,-0.035,-14.345,159,2
7134,6.246,-0.046,-14.35,118,2
7135,6.245,-0.057,-14.347,112,2
7136,6.251,-0.003,-14.34,168,2
7137,6.252,-0.014,-14.342,165,2
7138,6.252,-0.025,-14.343,161,2
7139,6.252,-0.036,-14.342,164,2
7140,6.252,-0.047,-14.342,145,2
7141,6.252,-0.058,-14.342,156,2
7142,6.253,-0.069,-14.347,51,2
7154,6.26,0,-14.336,158,2
7155,6.26,-0.011,-14.337,160,2
7156,6.262,-0.022,-14.34,160,2
7157,6.261,-0.033,-14.337,166,2
7158,6.261,-0.044,-14.337,162,2
7159,6.261,-0.055,-14.338,113,2
7160,6.261,-0.066,-14.339,60,2
7197,6.278,-0.075,-14.34,25,2
7264,6.296,-0.077,-14.358,49,2
7265,6.305,-0.088,-14.379,46,2
7266,6.304,-0.099,-14.377,48,2
7351,6.306,-0.083,-14.358,52,2
7352,6.308,-0.094,-14.363,54,2
7353,6.307,-0.105,-14.36,55,2
7437,6.314,-0.09,-14.344,70,2
7438,6.317,-0.101,-14.35,70,2
7523,6.324,-0.089,-14.343,134,2
7524,6.322,-0.1,-14.339,144,2
7609,6.333,-0.086,-14.339,117,2
7610,6.332,-0.097,-14.339,110,2
7683,6.348,-0.096,-14.339,73,2
7727,6.359,-0.098,-14.343,42,2
7770,6.486,-0.031,-14.244,65,2
7771,6.497,-0.004,-14.245,99,2
7772,6.497,-0.014,-14.245,45,2
7773,6.493,-0.025,-14.235,72,2
7774,6.498,-0.002,-14.222,36,2
7775,6.497,-0.013,-14.221,34,2
11986,6.457,-0.03,-14.262,165,2
11987,6.458,-0.041,-14.264,101,2
11988,6.458,-0.052,-14.263,66,2
11989,6.468,-0.01,-14.261,163,2
11990,6.468,-0.022,-14.263,157,2
11991,6.469,-0.032,-14.265,131,2
11992,6.469,-0.043,-14.264,91,2
11993,6.468,-0.054,-14.261,50,2
11994,6.477,-0.009,-14.257,148,2
11995,6.475,-0.021,-14.252,148,2
11996,6.476,-0.031,-14.253,52,2
11997,6.477,-0.043,-14.257,80,2
11998,6.485,-0.009,-14.243,145,2
11999,6.485,-0.02,-14.243,55,2
12031,6.405,-0.037,-14.283,163,2
12032,6.407,-0.049,-14.286,158,2
12033,6.407,-0.059,-14.286,114,2
12034,6.407,-0.07,-14.287,77,2
12035,6.417,-0.001,-14.283,164,2
12036,6.416,-0.012,-14.281,161,2
12037,6.415,-0.022,-14.279,156,2
12038,6.415,-0.033,-14.279,168,2
12039,6.413,-0.044,-14.276,164,2
12040,6.416,-0.055,-14.282,127,2
12041,6.415,-0.066,-14.28,83,2
12042,6.417,-0.077,-14.283,22,2
12043,6.428,-0.009,-14.276,165,2
12044,6.426,-0.02,-14.271,168,2
12045,6.428,-0.031,-14.276,157,2
12046,6.426,-0.042,-14.271,164,2
12047,6.428,-0.053,-14.276,100,2
12048,6.428,-0.064,-14.275,66,2
12049,6.438,-0.002,-14.276,157,2
12050,6.437,-0.013,-14.274,165,2
12051,6.436,-0.024,-14.271,157,2
12052,6.436,-0.035,-14.271,159,2
12053,6.435,-0.046,-14.269,146,2
12054,6.437,-0.057,-14.274,116,2
12055,6.438,-0.068,-14.276,72,2
12056,6.448,0,-14.274,162,2
12057,6.447,-0.011,-14.271,158,2
12058,6.447,-0.022,-14.271,161,2
12059,6.445,-0.033,-14.267,163,2
12060,6.447,-0.044,-14.271,115,2
12061,6.446,-0.055,-14.269,89,2
12062,6.448,-0.066,-14.274,13,2
12063,6.459,-0.009,-14.265,160,2
12064,6.458,-0.019,-14.263,150,2
0,6.239,0.467,-14.335,106,2
1,6.238,0.456,-14.333,163,2
2,6.238,0.445,-14.332,164,2
3,6.238,0.434,-14.333,159,2
4,6.239,0.423,-14.335,168,2
5,6.239,0.413,-14.334,166,2
6,6.247,0.477,-14.332,96,2
7,6.247,0.466,-14.332,145,2
8,6.247,0.455,-14.333,163,2
9,6.246,0.444,-14.331,165,2
10,6.247,0.433,-14.331,164,2
11,6.247,0.423,-14.332,163,2
12,6.246,0.412,-14.331,160,2
13,6.248,0.4,-14.334,172,2
14,6.248,0.389,-14.334,174,2
15,6.248,0.368,-14.336,167,2
16,6.248,0.346,-14.335,169,2
17,6.259,0.491,-14.335,22,2
18,6.256,0.48,-14.328,111,2
19,6.255,0.469,-14.325,155,2
20,6.257,0.458,-14.329,163,2
21,6.256,0.447,-14.327,164,2
22,6.256,0.436,-14.328,168,2
23,6.256,0.425,-14.327,165,2
24,6.257,0.414,-14.328,166,2
25,6.257,0.403,-14.328,172,2
26,6.258,0.393,-14.33,171,2
27,6.258,0.382,-14.33,169,2
28,6.258,0.371,-14.331,165,2
29,6.258,0.36,-14.33,171,2
30,6.259,0.349,-14.333,171,2
31,6.26,0.338,-14.335,171,2
32,6.271,0.493,-14.325,58,2
33,6.271,0.482,-14.325,117,2
34,6.269,0.471,-14.322,166,2
35,6.271,0.46,-14.325,167,2
36,6.271,0.45,-14.326,163,2
37,6.27,0.438,-14.323,158,2
38,6.271,0.428,-14.325,165,2
39,6.27,0.417,-14.323,168,2
40,6.272,0.406,-14.327,170,2
41,6.271,0.395,-14.326,170,2
42,6.272,0.384,-14.328,172,2
43,6.272,0.373,-14.327,180,2
44,6.272,0.362,-14.327,166,2
45,6.272,0.351,-14.328,165,2
46,6.271,0.34,-14.326,173,2
47,6.274,0.329,-14.333,107,2
48,6.275,0.319,-14.335,54,2
49,6.275,0.308,-14.335,58,2
50,6.274,0.296,-14.333,57,2
51,6.275,0.264,-14.334,161,2
52,6.275,0.231,-14.335,56,2
53,6.275,0.209,-14.335,165,2
54,6.275,0.199,-14.334,169,2
55,6.275,0.176,-14.336,173,2
56,6.275,0.034,-14.335,167,2
57,6.275,0.023,-14.335,166,2
58,6.275,0.013,-14.334,169,2
59,6.274,0.002,-14.333,161,2
60,6.279,0.491,-14.321,53,2
61,6.28,0.48,-14.323,102,2
62,6.277,0.469,-14.317,165,2
63,6.279,0.458,-14.321,169,2
64,6.279,0.447,-14.321,173,2
65,6.28,0.436,-14.323,165,2
66,6.28,0.426,-14.323,161,2
67,6.28,0.415,-14.322,167,2
68,6.281,0.404,-14.326,163,2
69,6.28,0.393,-14.324,166,2
70,6.281,0.382,-14.325,172,2
71,6.281,0.371,-14.325,171,2
72,6.282,0.36,-14.327,169,2
73,6.28,0.349,-14.323,181,2
74,6.283,0.338,-14.329,164,2
75,6.283,0.327,-14.33,80,2
76,6.285,0.316,-14.333,63,2
77,6.285,0.306,-14.333,49,2
78,6.283,0.294,-14.329,61,2
79,6.284,0.284,-14.332,171,2
80,6.284,0.273,-14.331,174,2
81,6.284,0.262,-14.332,166,2
82,6.285,0.251,-14.335,104,2
83,6.285,0.24,-14.334,51,2
84,6.286,0.229,-14.336,51,2
85,6.285,0.207,-14.333,168,2
86,6.285,0.185,-14.335,170,2
87,6.285,0.076,-14.335,159,2
88,6.285,0.043,-14.335,173,2
89,6.286,0.032,-14.335,172,2
90,6.286,0.021,-14.335,166,2
91,6.284,0.011,-14.332,169,2
92,6.287,0.495,-14.317,64,2
93,6.289,0.484,-14.321,117,2
94,6.287,0.473,-14.317,165,2
95,6.288,0.462,-14.318,161,2
96,6.288,0.452,-14.319,163,2
97,6.287,0.441,-14.316,162,2
98,6.287,0.43,-14.317,162,2
99,6.289,0.419,-14.32,170,2
100,6.287,0.408,-14.317,172,2
101,6.288,0.397,-14.318,174,2
102,6.289,0.386,-14.32,168,2
103,6.29,0.375,-14.323,169,2
104,6.288,0.364,-14.318,171,2
105,6.29,0.353,-14.322,165,2
106,6.29,0.343,-14.323,169,2
107,6.291,0.332,-14.324,157,2
108,6.293,0.321,-14.328,62,2
109,6.293,0.31,-14.328,59,2
110,6.292,0.299,-14.328,56,2
111,6.293,0.288,-14.329,159,2
112,6.293,0.277,-14.329,165,2
113,6.293,0.266,-14.33,168,2
114,6.292,0.255,-14.326,164,2
115,6.294,0.244,-14.333,58,2
116,6.294,0.233,-14.333,55,2
117,6.293,0.223,-14.33,57,2
118,6.294,0.212,-14.333,79,2
119,6.293,0.201,-14.329,162,2
120,6.294,0.19,-14.332,167,2
121,6.29,0.178,-14.322,166,2
122,6.295,0.168,-14.333,166,2
123,6.294,0.157,-14.332,164,2
124,6.295,0.146,-14.335,165,2
125,6.294,0.135,-14.333,172,2
126,6.295,0.102,-14.333,60,2
127,6.296,0.08,-14.335,137,2
128,6.294,0.069,-14.332,166,2
129,6.295,0.058,-14.333,166,2
130,6.293,0.048,-14.33,165,2
131,6.292,0.037,-14.327,163,2
132,6.293,0.026,-14.329,167,2
133,6.292,0.015,-14.327,168,2
134,6.291,0.004,-14.325,170,2
135,6.301,0.5,-14.314,49,2
136,6.299,0.489,-14.309,112,2
137,6.299,0.478,-14.309,164,2
138,6.3,0.467,-14.311,165,2
139,6.3,0.456,-14.311,164,2
140,6.3,0.445,-14.313,160,2
141,6.3,0.435,-14.312,164,2
142,6.3,0.424,-14.312,168,2
143,6.3,0.413,-14.312,171,2
144,6.301,0.402,-14.314,166,2
145,6.301,0.391,-14.314,172,2
146,6.301,0.38,-14.314,160,2
147,6.303,0.369,-14.319,170,2
148,6.303,0.358,-14.318,170,2
149,6.305,0.347,-14.323,170,2
150,6.305,0.336,-14.322,172,2
151,6.306,0.325,-14.325,63,2
152,6.305,0.315,-14.323,62,2
153,6.305,0.304,-14.321,67,2
154,6.306,0.293,-14.325,99,2
155,6.305,0.282,-14.323,170,2
156,6.305,0.271,-14.323,164,2
157,6.306,0.26,-14.325,165,2
158,6.306,0.249,-14.325,144,2
159,6.308,0.238,-14.329,55,2
160,6.307,0.227,-14.327,47,2
161,6.307,0.216,-14.326,56,2
162,6.307,0.206,-14.328,59,2
163,6.308,0.194,-14.33,57,2
164,6.309,0.184,-14.332,94,2
165,6.309,0.172,-14.332,118,2
166,6.311,0.162,-14.335,114,2
167,6.309,0.15,-14.332,106,2
168,6.31,0.14,-14.333,67,2
169,6.309,0.129,-14.331,63,2
170,6.31,0.118,-14.333,68,2
171,6.307,0.107,-14.327,63,2
172,6.308,0.096,-14.33,68,2
173,6.306,0.085,-14.326,121,2
174,6.306,0.074,-14.325,168,2
175,6.307,0.063,-14.328,169,2
176,6.306,0.052,-14.323,166,2
177,6.306,0.041,-14.325,167,2
178,6.306,0.031,-14.324,168,2
179,6.306,0.02,-14.324,172,2
180,6.306,0.009,-14.323,167,2
181,6.31,0.501,-14.311,61,2
182,6.309,0.49,-14.31,115,2
183,6.309,0.479,-14.309,163,2
184,6.309,0.468,-14.31,167,2
185,6.309,0.458,-14.309,164,2
186,6.308,0.447,-14.308,159,2
187,6.309,0.435,-14.31,159,2
188,6.31,0.424,-14.311,163,2
189,6.309,0.414,-14.31,170,2
190,6.31,0.403,-14.312,171,2
191,6.311,0.392,-14.313,163,2
192,6.312,0.381,-14.317,167,2
193,6.311,0.37,-14.314,169,2
194,6.313,0.359,-14.318,172,2
195,6.313,0.349,-14.319,166,2
196,6.313,0.338,-14.318,169,2
197,6.314,0.327,-14.322,72,2
198,6.314,0.315,-14.321,57,2
199,6.315,0.305,-14.322,61,2
200,6.315,0.294,-14.324,66,2
201,6.314,0.283,-14.321,167,2
202,6.315,0.272,-14.322,170,2
203,6.313,0.261,-14.319,173,2
204,6.315,0.25,-14.324,168,2
205,6.318,0.239,-14.329,91,2
206,6.315,0.228,-14.324,57,2
207,6.318,0.218,-14.33,52,2
208,6.318,0.206,-14.328,48,2
209,6.318,0.196,-14.328,60,2
210,6.317,0.184,-14.328,59,2
211,6.319,0.174,-14.331,64,2
212,6.319,0.163,-14.332,67,2
213,6.319,0.152,-14.331,62,2
214,6.319,0.141,-14.331,66,2
215,6.318,0.13,-14.329,64,2
216,6.319,0.119,-14.33,71,2
217,6.316,0.108,-14.325,64,2
218,6.318,0.097,-14.329,72,2
219,6.317,0.086,-14.325,166,2
220,6.315,0.075,-14.323,172,2
221,6.316,0.064,-14.325,172,2
222,6.315,0.054,-14.322,165,2
223,6.314,0.043,-14.321,169,2
224,6.315,0.032,-14.323,165,2
225,6.314,0.021,-14.321,174,2
226,6.314,0.009,-14.32,162,2
227,6.316,0.503,-14.302,27,2
228,6.319,0.493,-14.307,105,2
229,6.318,0.481,-14.306,151,2
230,6.317,0.47,-14.304,166,2
231,6.318,0.46,-14.306,168,2
232,6.318,0.449,-14.305,161,2
233,6.319,0.438,-14.307,165,2
234,6.319,0.427,-14.307,160,2
235,6.32,0.416,-14.311,167,2
236,6.319,0.405,-14.309,164,2
237,6.319,0.394,-14.308,175,2
238,6.32,0.384,-14.311,168,2
239,6.32,0.373,-14.31,174,2
240,6.321,0.361,-14.314,170,2
241,6.32,0.35,-14.312,172,2
242,6.323,0.34,-14.318,165,2
243,6.324,0.329,-14.319,112,2
244,6.324,0.318,-14.319,63,2
245,6.323,0.307,-14.318,55,2
246,6.326,0.296,-14.323,64,2
247,6.323,0.285,-14.318,170,2
248,6.325,0.274,-14.321,167,2
249,6.323,0.263,-14.316,176,2
250,6.324,0.252,-14.32,170,2
251,6.324,0.242,-14.319,172,2
252,6.326,0.23,-14.325,110,2
253,6.326,0.22,-14.323,62,2
254,6.324,0.209,-14.319,56,2
255,6.326,0.198,-14.324,55,2
256,6.326,0.187,-14.323,61,2
257,6.328,0.176,-14.328,63,2
258,6.327,0.165,-14.326,67,2
259,6.327,0.154,-14.326,63,2
260,6.327,0.143,-14.326,66,2
261,6.327,0.132,-14.327,70,2
262,6.327,0.121,-14.326,62,2
263,6.325,0.11,-14.321,68,2
264,6.326,0.099,-14.325,143,2
265,6.325,0.089,-14.321,168,2
266,6.325,0.078,-14.321,167,2
267,6.324,0.067,-14.318,172,2
268,6.325,0.056,-14.321,165,2
269,6.324,0.045,-14.319,167,2
270,6.324,0.034,-14.318,170,2
271,6.324,0.023,-14.318,167,2
272,6.321,0.012,-14.313,172,2
273,6.323,0.001,-14.316,168,2
274,6.329,0.505,-14.296,17,2
275,6.332,0.494,-14.303,108,2
276,6.33,0.483,-14.298,165,2
277,6.332,0.472,-14.302,166,2
278,6.33,0.461,-14.299,166,2
279,6.33,0.45,-14.298,164,2
280,6.331,0.44,-14.301,166,2
281,6.331,0.428,-14.3,166,2
282,6.332,0.418,-14.303,166,2
283,6.333,0.407,-14.304,168,2
284,6.333,0.396,-14.306,165,2
285,6.332,0.385,-14.304,167,2
286,6.334,0.374,-14.307,172,2
287,6.334,0.363,-14.307,168,2
288,6.336,0.352,-14.311,163,2
289,6.334,0.341,-14.308,167,2
290,6.336,0.331,-14.311,161,2
291,6.336,0.319,-14.312,166,2
292,6.336,0.308,-14.311,169,2
293,6.338,0.298,-14.315,167,2
294,6.337,0.287,-14.313,167,2
295,6.338,0.276,-14.316,173,2
296,6.337,0.265,-14.314,174,2
297,6.338,0.254,-14.316,170,2
298,6.338,0.243,-14.315,170,2
299,6.339,0.232,-14.318,171,2
300,6.338,0.221,-14.316,166,2
301,6.339,0.21,-14.319,129,2
302,6.34,0.199,-14.322,67,2
303,6.34,0.189,-14.321,60,2
304,6.341,0.178,-14.322,65,2
305,6.339,0.167,-14.319,60,2
306,6.34,0.155,-14.321,66,2
307,6.341,0.145,-14.322,66,2
308,6.34,0.133,-14.32,78,2
309,6.34,0.123,-14.319,141,2
310,6.339,0.112,-14.319,170,2
311,6.339,0.101,-14.317,167,2
312,6.338,0.09,-14.316,168,2
313,6.338,0.079,-14.315,172,2
314,6.338,0.068,-14.315,169,2
315,6.338,0.057,-14.315,172,2
316,6.339,0.046,-14.317,172,2
317,6.337,0.035,-14.312,164,2
318,6.336,0.024,-14.311,165,2
319,6.335,0.013,-14.308,176,2
320,6.336,0.003,-14.31,171,2
321,6.34,0.503,-14.3,57,2
322,6.339,0.492,-14.298,120,2
323,6.337,0.481,-14.293,163,2
324,6.339,0.47,-14.299,166,2
325,6.338,0.459,-14.295,168,2
326,6.34,0.448,-14.3,168,2
327,6.34,0.437,-14.3,161,2
328,6.34,0.426,-14.3,162,2
329,6.341,0.415,-14.303,168,2
330,6.341,0.404,-14.302,170,2
331,6.342,0.393,-14.304,167,2
332,6.342,0.383,-14.304,167,2
333,6.343,0.372,-14.306,173,2
334,6.343,0.361,-14.306,169,2
335,6.343,0.35,-14.307,170,2
336,6.343,0.339,-14.306,170,2
337,6.344,0.328,-14.309,168,2
338,6.345,0.317,-14.31,168,2
339,6.345,0.306,-14.311,169,2
340,6.344,0.295,-14.309,170,2
341,6.345,0.284,-14.311,168,2
342,6.345,0.273,-14.309,166,2
343,6.346,0.263,-14.312,170,2
344,6.345,0.252,-14.312,176,2
345,6.346,0.241,-14.313,171,2
346,6.346,0.229,-14.313,174,2
347,6.348,0.219,-14.317,167,2
348,6.348,0.208,-14.317,169,2
349,6.348,0.197,-14.317,176,2
350,6.347,0.186,-14.316,164,2
351,6.348,0.175,-14.318,166,2
352,6.348,0.164,-14.318,160,2
353,6.349,0.154,-14.319,167,2
354,6.347,0.142,-14.316,168,2
355,6.348,0.132,-14.319,165,2
356,6.347,0.12,-14.315,169,2
357,6.347,0.109,-14.314,168,2
358,6.346,0.099,-14.312,172,2
359,6.347,0.088,-14.314,167,2
360,6.345,0.077,-14.309,171,2
361,6.346,0.066,-14.314,172,2
362,6.345,0.055,-14.311,164,2
363,6.345,0.044,-14.311,167,2
364,6.345,0.033,-14.309,169,2
365,6.345,0.022,-14.31,170,2
366,6.345,0.011,-14.309,168,2
367,6.346,0,-14.312,165,2
368,6.35,0.505,-14.297,12,2
369,6.348,0.493,-14.294,108,2
370,6.348,0.483,-14.294,154,2
371,6.35,0.472,-14.297,164,2
372,6.348,0.461,-14.294,164,2
373,6.349,0.45,-14.295,160,2
374,6.351,0.439,-14.298,165,2
375,6.349,0.428,-14.294,167,2
376,6.35,0.417,-14.297,167,2
377,6.351,0.407,-14.299,169,2
378,6.35,0.396,-14.296,171,2
379,6.351,0.384,-14.298,173,2
380,6.351,0.373,-14.3,170,2
381,6.352,0.363,-14.303,167,2
382,6.352,0.352,-14.301,172,2
383,6.352,0.341,-14.302,171,2
384,6.353,0.33,-14.303,172,2
385,6.355,0.319,-14.308,161,2
386,6.354,0.308,-14.307,165,2
387,6.356,0.298,-14.309,169,2
388,6.355,0.287,-14.307,169,2
389,6.355,0.275,-14.309,172,2
390,6.356,0.264,-14.311,173,2
391,6.355,0.254,-14.309,169,2
392,6.356,0.243,-14.311,166,2
393,6.355,0.232,-14.307,171,2
394,6.357,0.221,-14.313,166,2
395,6.357,0.21,-14.312,164,2
396,6.358,0.199,-14.315,166,2
397,6.358,0.189,-14.313,165,2
398,6.358,0.177,-14.314,165,2
399,6.357,0.166,-14.313,166,2
400,6.358,0.155,-14.314,171,2
401,6.357,0.144,-14.311,164,2
402,6.357,0.134,-14.313,163,2
403,6.358,0.123,-14.315,171,2
404,6.357,0.112,-14.313,171,2
405,6.356,0.101,-14.309,168,2
406,6.357,0.09,-14.313,162,2
407,6.355,0.079,-14.309,167,2
408,6.356,0.068,-14.311,168,2
409,6.356,0.057,-14.309,176,2
410,6.355,0.046,-14.307,166,2
411,6.354,0.035,-14.306,167,2
412,6.354,0.024,-14.305,168,2
413,6.353,0.014,-14.304,180,2
414,6.354,0.002,-14.305,167,2
415,6.359,0.494,-14.283,92,2
416,6.361,0.483,-14.288,156,2
417,6.362,0.472,-14.289,162,2
418,6.363,0.461,-14.292,168,2
419,6.362,0.451,-14.29,165,2
420,6.363,0.44,-14.29,154,2
421,6.363,0.428,-14.29,165,2
422,6.365,0.418,-14.295,169,2
423,6.364,0.407,-14.292,168,2
424,6.365,0.396,-14.294,172,2
425,6.365,0.385,-14.295,170,2
426,6.366,0.374,-14.297,165,2
427,6.367,0.363,-14.299,167,2
428,6.366,0.352,-14.297,165,2
429,6.368,0.341,-14.302,166,2
430,6.367,0.331,-14.299,172,2
431,6.368,0.319,-14.302,165,2
432,6.369,0.308,-14.304,168,2
433,6.368,0.298,-14.302,172,2
434,6.369,0.287,-14.304,143,2
435,6.37,0.276,-14.307,71,2
436,6.369,0.265,-14.304,66,2
437,6.37,0.254,-14.306,61,2
438,6.37,0.243,-14.306,59,2
439,6.371,0.232,-14.308,56,2
440,6.37,0.221,-14.307,60,2
441,6.372,0.211,-14.31,59,2
442,6.372,0.199,-14.311,55,2
443,6.372,0.189,-14.31,64,2
444,6.372,0.177,-14.31,63,2
445,6.372,0.167,-14.311,72,2
446,6.372,0.156,-14.311,72,2
447,6.372,0.145,-14.311,70,2
448,6.37,0.134,-14.306,67,2
449,6.371,0.123,-14.309,108,2
450,6.37,0.112,-14.307,154,2
451,6.369,0.101,-14.304,170,2
452,6.367,0.09,-14.3,174,2
453,6.369,0.079,-14.304,168,2
454,6.367,0.068,-14.3,173,2
455,6.367,0.057,-14.3,170,2
456,6.368,0.047,-14.302,170,2
457,6.369,0.036,-14.302,164,2
458,6.368,0.024,-14.301,169,2
459,6.369,0.013,-14.302,171,2
460,6.367,0.002,-14.299,178,2
461,6.372,0.501,-14.289,49,2
462,6.371,0.49,-14.286,111,2
463,6.371,0.479,-14.287,162,2
464,6.371,0.468,-14.287,159,2
465,6.371,0.457,-14.286,165,2
466,6.37,0.446,-14.285,167,2
467,6.373,0.435,-14.292,165,2
468,6.371,0.424,-14.287,170,2
469,6.374,0.414,-14.292,170,2
470,6.373,0.403,-14.292,168,2
471,6.374,0.391,-14.292,174,2
472,6.373,0.38,-14.292,170,2
473,6.375,0.37,-14.295,171,2
474,6.374,0.359,-14.292,170,2
475,6.376,0.348,-14.297,170,2
476,6.375,0.337,-14.294,171,2
477,6.376,0.326,-14.296,177,2
478,6.377,0.315,-14.299,168,2
479,6.378,0.305,-14.3,106,2
480,6.377,0.294,-14.3,62,2
481,6.377,0.282,-14.3,60,2
482,6.379,0.271,-14.303,61,2
483,6.379,0.261,-14.303,59,2
484,6.38,0.25,-14.306,65,2
485,6.379,0.239,-14.305,65,2
486,6.38,0.228,-14.306,76,2
487,6.381,0.217,-14.307,59,2
488,6.38,0.206,-14.306,57,2
489,6.381,0.195,-14.309,71,2
490,6.381,0.184,-14.308,71,2
491,6.382,0.173,-14.31,66,2
492,6.38,0.162,-14.307,69,2
493,6.381,0.151,-14.308,63,2
494,6.38,0.14,-14.306,60,2
495,6.38,0.13,-14.305,64,2
496,6.38,0.119,-14.306,62,2
497,6.379,0.108,-14.304,67,2
498,6.377,0.097,-14.3,146,2
499,6.378,0.086,-14.3,170,2
500,6.378,0.075,-14.3,171,2
501,6.378,0.064,-14.302,170,2
502,6.377,0.053,-14.299,164,2
503,6.378,0.042,-14.302,169,2
504,6.377,0.031,-14.3,171,2
505,6.377,0.02,-14.299,172,2
506,6.376,0.009,-14.296,169,2
507,6.381,0.493,-14.284,61,2
508,6.382,0.482,-14.286,111,2
509,6.382,0.471,-14.285,163,2
510,6.381,0.46,-14.283,166,2
511,6.38,0.449,-14.281,168,2
512,6.381,0.438,-14.284,165,2
513,6.381,0.428,-14.284,166,2
514,6.385,0.417,-14.292,164,2
515,6.382,0.405,-14.286,172,2
516,6.383,0.395,-14.287,168,2
517,6.382,0.384,-14.286,169,2
518,6.383,0.373,-14.287,170,2
519,6.383,0.362,-14.289,168,2
520,6.383,0.351,-14.288,174,2
521,6.384,0.34,-14.291,170,2
522,6.386,0.329,-14.294,160,2
523,6.388,0.319,-14.299,111,2
524,6.386,0.308,-14.294,60,2
525,6.389,0.297,-14.302,57,2
526,6.387,0.285,-14.297,59,2
527,6.388,0.275,-14.299,65,2
528,6.388,0.264,-14.299,58,2
529,6.389,0.253,-14.301,58,2
530,6.388,0.242,-14.299,61,2
531,6.389,0.231,-14.3,71,2
532,6.389,0.22,-14.302,67,2
533,6.389,0.209,-14.3,68,2
534,6.391,0.199,-14.305,66,2
535,6.389,0.187,-14.301,70,2
536,6.391,0.176,-14.305,73,2
537,6.39,0.166,-14.304,74,2
538,6.39,0.155,-14.304,68,2
539,6.391,0.144,-14.305,63,2
540,6.39,0.133,-14.302,55,2
541,6.392,0.122,-14.307,66,2
542,6.389,0.111,-14.3,53,2
543,6.389,0.1,-14.302,67,2
544,6.387,0.089,-14.297,112,2
545,6.386,0.078,-14.295,167,2
546,6.386,0.067,-14.295,163,2
547,6.386,0.056,-14.294,165,2
548,6.385,0.045,-14.293,173,2
549,6.386,0.034,-14.293,164,2
550,6.385,0.023,-14.293,167,2
551,6.384,0.012,-14.29,175,2
552,6.385,0.001,-14.293,172,2
553,6.396,0.496,-14.284,57,2
554,6.393,0.485,-14.278,114,2
555,6.393,0.474,-14.278,164,2
556,6.395,0.463,-14.282,161,2
557,6.393,0.452,-14.278,164,2
558,6.398,0.441,-14.288,164,2
559,6.393,0.431,-14.278,161,2
560,6.395,0.419,-14.282,167,2
561,6.394,0.408,-14.281,173,2
562,6.396,0.398,-14.285,169,2
563,6.396,0.387,-14.285,168,2
564,6.395,0.376,-14.283,167,2
565,6.396,0.365,-14.285,170,2
566,6.397,0.354,-14.286,168,2
567,6.398,0.343,-14.289,165,2
568,6.399,0.332,-14.291,170,2
569,6.398,0.321,-14.289,62,2
570,6.399,0.31,-14.291,61,2
571,6.4,0.299,-14.294,64,2
572,6.399,0.289,-14.291,56,2
573,6.4,0.278,-14.294,62,2
574,6.401,0.266,-14.295,79,2
575,6.402,0.256,-14.297,125,2
576,6.402,0.245,-14.297,133,2
577,6.4,0.234,-14.292,145,2
578,6.401,0.223,-14.294,147,2
579,6.401,0.212,-14.295,162,2
580,6.402,0.201,-14.297,164,2
581,6.401,0.19,-14.295,153,2
582,6.402,0.179,-14.298,167,2
583,6.403,0.168,-14.299,158,2
584,6.404,0.157,-14.302,142,2
585,6.405,0.146,-14.305,108,2
586,6.402,0.135,-14.296,64,2
587,6.403,0.124,-14.299,63,2
588,6.401,0.113,-14.295,64,2
589,6.403,0.102,-14.298,63,2
590,6.4,0.091,-14.292,61,2
591,6.399,0.081,-14.292,144,2
592,6.399,0.07,-14.291,169,2
593,6.399,0.059,-14.29,171,2
594,6.398,0.048,-14.288,182,2
595,6.398,0.037,-14.288,173,2
596,6.397,0.026,-14.285,172,2
597,6.399,0.015,-14.29,169,2
598,6.397,0.004,-14.285,171,2
599,6.401,0.487,-14.274,77,2
600,6.403,0.476,-14.278,136,2
601,6.403,0.465,-14.278,165,2
602,6.401,0.454,-14.274,162,2
603,6.403,0.444,-14.277,161,2
604,6.403,0.433,-14.277,161,2
605,6.404,0.421,-14.281,167,2
606,6.403,0.41,-14.278,174,2
607,6.403,0.4,-14.277,170,2
608,6.405,0.389,-14.281,170,2
609,6.405,0.378,-14.282,166,2
610,6.405,0.367,-14.282,181,2
611,6.405,0.356,-14.281,176,2
612,6.406,0.345,-14.285,172,2
613,6.406,0.335,-14.286,170,2
614,6.407,0.324,-14.288,64,2
615,6.408,0.313,-14.288,56,2
616,6.41,0.301,-14.294,62,2
617,6.408,0.291,-14.289,69,2
618,6.408,0.28,-14.289,163,2
619,6.408,0.269,-14.29,176,2
620,6.409,0.258,-14.292,166,2
621,6.41,0.247,-14.292,175,2
622,6.411,0.236,-14.295,168,2
623,6.41,0.225,-14.292,168,2
624,6.411,0.214,-14.294,180,2
625,6.411,0.203,-14.295,170,2
626,6.41,0.192,-14.293,170,2
627,6.411,0.181,-14.297,168,2
628,6.41,0.17,-14.292,177,2
629,6.411,0.16,-14.296,171,2
630,6.411,0.148,-14.295,173,2
631,6.411,0.138,-14.295,172,2
632,6.412,0.126,-14.298,163,2
633,6.41,0.116,-14.293,61,2
634,6.411,0.105,-14.295,55,2
635,6.41,0.094,-14.293,64,2
636,6.41,0.083,-14.293,63,2
637,6.407,0.072,-14.286,170,2
638,6.408,0.061,-14.289,168,2
639,6.407,0.05,-14.286,171,2
640,6.407,0.039,-14.286,171,2
641,6.407,0.028,-14.286,167,2
642,6.405,0.017,-14.281,170,2
643,6.406,0.006,-14.285,169,2
644,6.41,0.491,-14.27,48,2
645,6.411,0.48,-14.271,115,2
646,6.412,0.469,-14.273,159,2
647,6.41,0.458,-14.269,168,2
648,6.41,0.447,-14.269,164,2
649,6.412,0.437,-14.273,167,2
650,6.414,0.426,-14.277,161,2
651,6.412,0.415,-14.274,167,2
652,6.416,0.404,-14.281,168,2
653,6.413,0.393,-14.277,171,2
654,6.415,0.382,-14.28,168,2
655,6.414,0.371,-14.278,159,2
656,6.414,0.36,-14.278,174,2
657,6.416,0.349,-14.281,171,2
658,6.415,0.338,-14.28,171,2
659,6.416,0.328,-14.283,66,2
660,6.416,0.317,-14.283,64,2
661,6.418,0.306,-14.288,58,2
662,6.417,0.294,-14.284,71,2
663,6.417,0.283,-14.284,167,2
664,6.416,0.273,-14.281,168,2
665,6.419,0.262,-14.288,167,2
666,6.419,0.251,-14.289,175,2
667,6.42,0.24,-14.291,168,2
668,6.42,0.229,-14.292,167,2
669,6.42,0.218,-14.291,170,2
670,6.421,0.207,-14.293,168,2
671,6.42,0.197,-14.291,168,2
672,6.421,0.185,-14.293,164,2
673,6.418,0.175,-14.285,167,2
674,6.421,0.163,-14.293,168,2
675,6.42,0.153,-14.29,169,2
676,6.42,0.142,-14.29,171,2
677,6.419,0.131,-14.289,166,2
678,6.42,0.12,-14.29,170,2
679,6.42,0.109,-14.292,54,2
680,6.419,0.098,-14.289,54,2
681,6.419,0.087,-14.288,56,2
682,6.417,0.076,-14.284,139,2
683,6.418,0.065,-14.286,175,2
684,6.417,0.054,-14.284,171,2
685,6.418,0.043,-14.287,164,2
686,6.417,0.032,-14.283,175,2
687,6.417,0.022,-14.283,173,2
688,6.415,0.01,-14.278,171,2
689,6.424,0.482,-14.268,54,2
690,6.425,0.472,-14.271,101,2
691,6.423,0.461,-14.266,164,2
692,6.425,0.45,-14.271,164,2
693,6.425,0.439,-14.27,167,2
694,6.425,0.428,-14.27,168,2
695,6.427,0.417,-14.276,164,2
696,6.423,0.406,-14.265,172,2
697,6.425,0.395,-14.271,179,2
698,6.425,0.384,-14.271,172,2
699,6.427,0.373,-14.273,171,2
700,6.426,0.363,-14.272,169,2
701,6.427,0.352,-14.274,175,2
702,6.427,0.341,-14.275,171,2
703,6.429,0.33,-14.279,113,2
704,6.43,0.319,-14.28,60,2
705,6.431,0.308,-14.283,59,2
706,6.43,0.298,-14.281,58,2
707,6.43,0.286,-14.28,167,2
708,6.432,0.275,-14.285,167,2
709,6.43,0.264,-14.281,173,2
710,6.433,0.253,-14.288,172,2
711,6.432,0.243,-14.285,168,2
712,6.433,0.232,-14.288,170,2
713,6.432,0.221,-14.285,173,2
714,6.432,0.21,-14.285,174,2
715,6.431,0.199,-14.283,172,2
716,6.432,0.188,-14.285,172,2
717,6.433,0.177,-14.288,172,2
718,6.433,0.166,-14.287,172,2
719,6.433,0.155,-14.288,169,2
720,6.431,0.144,-14.284,170,2
721,6.432,0.133,-14.286,168,2
722,6.432,0.123,-14.285,144,2
723,6.433,0.111,-14.288,59,2
724,6.433,0.101,-14.287,52,2
725,6.431,0.089,-14.283,53,2
726,6.431,0.078,-14.284,113,2
727,6.431,0.068,-14.283,172,2
728,6.43,0.057,-14.279,165,2
729,6.431,0.046,-14.283,166,2
730,6.43,0.035,-14.279,167,2
731,6.428,0.023,-14.276,169,2
732,6.428,0.013,-14.276,169,2
733,6.428,0.002,-14.275,156,2
734,6.435,0.479,-14.271,47,2
735,6.433,0.468,-14.266,99,2
736,6.433,0.457,-14.265,161,2
737,6.434,0.446,-14.267,165,2
738,6.434,0.435,-14.268,162,2
739,6.434,0.424,-14.269,162,2
740,6.434,0.413,-14.268,166,2
741,6.435,0.402,-14.27,168,2
742,6.435,0.391,-14.269,173,2
743,6.436,0.381,-14.272,174,2
744,6.435,0.37,-14.269,177,2
745,6.437,0.359,-14.273,174,2
746,6.436,0.348,-14.272,171,2
747,6.437,0.337,-14.275,171,2
748,6.438,0.326,-14.276,83,2
749,6.437,0.315,-14.274,52,2
750,6.442,0.304,-14.285,57,2
751,6.439,0.293,-14.278,62,2
752,6.442,0.282,-14.285,71,2
753,6.441,0.272,-14.282,142,2
754,6.441,0.261,-14.283,165,2
755,6.442,0.25,-14.284,165,2
756,6.441,0.239,-14.283,167,2
757,6.441,0.228,-14.283,169,2
758,6.442,0.216,-14.284,171,2
759,6.441,0.206,-14.283,166,2
760,6.442,0.195,-14.284,169,2
761,6.442,0.184,-14.285,171,2
762,6.441,0.173,-14.283,170,2
763,6.442,0.162,-14.284,165,2
764,6.44,0.151,-14.282,157,2
765,6.442,0.14,-14.285,120,2
766,6.442,0.129,-14.284,76,2
767,6.441,0.118,-14.283,64,2
768,6.442,0.107,-14.284,65,2
769,6.441,0.097,-14.283,58,2
770,6.439,0.086,-14.279,62,2
771,6.44,0.075,-14.28,170,2
772,6.439,0.064,-14.278,175,2
773,6.438,0.052,-14.274,178,2
774,6.438,0.041,-14.276,165,2
775,6.436,0.031,-14.271,165,2
776,6.438,0.02,-14.276,164,2
777,6.437,0.009,-14.273,166,2
778,6.444,0.481,-14.267,57,2
779,6.443,0.47,-14.264,101,2
780,6.442,0.458,-14.261,158,2
781,6.442,0.448,-14.262,159,2
782,6.443,0.437,-14.263,160,2
783,6.442,0.426,-14.261,162,2
784,6.444,0.415,-14.265,163,2
785,6.444,0.404,-14.266,164,2
786,6.444,0.393,-14.266,168,2
787,6.446,0.382,-14.27,171,2
788,6.445,0.371,-14.269,171,2
789,6.447,0.361,-14.273,172,2
790,6.446,0.35,-14.271,172,2
791,6.447,0.338,-14.271,173,2
792,6.448,0.328,-14.274,165,2
793,6.448,0.317,-14.273,53,2
794,6.449,0.306,-14.277,59,2
795,6.447,0.295,-14.273,61,2
796,6.451,0.284,-14.28,57,2
797,6.449,0.273,-14.276,60,2
798,6.449,0.262,-14.277,63,2
799,6.451,0.251,-14.282,66,2
800,6.45,0.241,-14.279,65,2
801,6.451,0.229,-14.281,71,2
802,6.451,0.219,-14.281,65,2
803,6.451,0.207,-14.282,67,2
804,6.451,0.196,-14.282,71,2
805,6.453,0.186,-14.285,72,2
806,6.452,0.175,-14.283,76,2
807,6.453,0.164,-14.285,73,2
808,6.451,0.153,-14.281,76,2
809,6.451,0.142,-14.281,70,2
810,6.451,0.131,-14.281,66,2
811,6.45,0.12,-14.279,68,2
812,6.449,0.109,-14.277,67,2
813,6.45,0.098,-14.278,58,2
814,6.45,0.087,-14.277,71,2
815,6.447,0.076,-14.273,165,2
816,6.447,0.065,-14.272,176,2
817,6.446,0.054,-14.271,166,2
818,6.448,0.043,-14.274,167,2
819,6.447,0.032,-14.271,167,2
820,6.448,0.021,-14.274,164,2
821,6.448,0.011,-14.273,154,2
822,6.456,0.472,-14.259,54,2
823,6.456,0.461,-14.259,90,2
824,6.456,0.451,-14.259,157,2
825,6.453,0.44,-14.255,170,2
826,6.457,0.429,-14.262,159,2
827,6.456,0.418,-14.259,155,2
828,6.456,0.407,-14.261,164,2
829,6.457,0.396,-14.262,161,2
830,6.457,0.385,-14.262,171,2
831,6.459,0.374,-14.266,166,2
832,6.456,0.363,-14.26,171,2
833,6.459,0.352,-14.266,165,2
834,6.457,0.341,-14.263,172,2
835,6.459,0.331,-14.267,168,2
836,6.458,0.319,-14.264,165,2
837,6.462,0.309,-14.273,60,2
838,6.461,0.298,-14.271,59,2
839,6.462,0.287,-14.272,65,2
840,6.461,0.276,-14.271,74,2
841,6.463,0.265,-14.275,68,2
842,6.463,0.254,-14.275,71,2
843,6.462,0.243,-14.274,80,2
844,6.464,0.232,-14.276,78,2
845,6.463,0.221,-14.276,86,2
846,6.464,0.211,-14.278,88,2
847,6.464,0.199,-14.278,105,2
848,6.464,0.189,-14.278,91,2
849,6.464,0.177,-14.277,93,2
850,6.464,0.167,-14.277,71,2
851,6.462,0.156,-14.273,73,2
852,6.462,0.145,-14.273,67,2
853,6.462,0.134,-14.272,62,2
854,6.463,0.123,-14.274,64,2
855,6.463,0.112,-14.276,74,2
856,6.461,0.101,-14.271,72,2
857,6.46,0.09,-14.269,164,2
858,6.46,0.079,-14.269,168,2
859,6.459,0.068,-14.266,176,2
860,6.461,0.057,-14.27,174,2
861,6.46,0.047,-14.268,166,2
862,6.459,0.035,-14.267,172,2
863,6.459,0.024,-14.267,161,2
864,6.459,0.013,-14.267,158,2
865,6.459,0.002,-14.266,156,2
866,6.466,0.47,-14.259,29,2
867,6.464,0.46,-14.255,101,2
868,6.465,0.449,-14.256,148,2
869,6.464,0.438,-14.255,159,2
870,6.467,0.427,-14.26,163,2
871,6.467,0.416,-14.26,164,2
872,6.465,0.405,-14.256,159,2
873,6.465,0.394,-14.257,165,2
874,6.466,0.383,-14.259,165,2
875,6.467,0.372,-14.26,170,2
876,6.467,0.361,-14.261,165,2
877,6.469,0.35,-14.264,169,2
878,6.468,0.339,-14.262,169,2
879,6.469,0.328,-14.264,158,2
880,6.469,0.317,-14.266,174,2
881,6.47,0.307,-14.268,175,2
882,6.471,0.296,-14.269,111,2
883,6.471,0.285,-14.269,88,2
884,6.471,0.274,-14.269,78,2
885,6.471,0.263,-14.271,77,2
886,6.472,0.252,-14.271,63,2
887,6.471,0.241,-14.269,71,2
888,6.473,0.23,-14.273,65,2
889,6.473,0.219,-14.274,62,2
890,6.474,0.208,-14.276,61,2
891,6.473,0.197,-14.274,56,2
892,6.475,0.186,-14.277,49,2
893,6.475,0.176,-14.277,49,2
894,6.473,0.164,-14.273,44,2
895,6.473,0.154,-14.273,53,2
896,6.47,0.142,-14.268,50,2
897,6.473,0.132,-14.273,48,2
898,6.469,0.121,-14.265,92,2
899,6.47,0.11,-14.266,157,2
900,6.469,0.099,-14.264,165,2
901,6.47,0.088,-14.266,166,2
902,6.469,0.077,-14.264,169,2
903,6.469,0.066,-14.265,167,2
904,6.469,0.055,-14.265,171,2
905,6.467,0.044,-14.259,175,2
906,6.467,0.033,-14.26,162,2
907,6.467,0.022,-14.261,165,2
908,6.47,0.012,-14.266,160,2
909,6.47,0.001,-14.266,160,2
910,6.476,0.46,-14.256,56,2
911,6.476,0.45,-14.255,100,2
912,6.473,0.438,-14.25,164,2
913,6.476,0.428,-14.254,160,2
914,6.476,0.417,-14.254,161,2
915,6.475,0.406,-14.253,157,2
916,6.475,0.395,-14.253,159,2
917,6.477,0.384,-14.257,160,2
918,6.478,0.373,-14.259,167,2
919,6.478,0.362,-14.259,169,2
920,6.479,0.351,-14.261,172,2
921,6.478,0.34,-14.259,168,2
922,6.481,0.33,-14.265,165,2
923,6.479,0.319,-14.262,171,2
924,6.48,0.308,-14.263,176,2
925,6.479,0.296,-14.261,167,2
926,6.479,0.285,-14.261,167,2
927,6.478,0.275,-14.26,158,2
928,6.482,0.264,-14.268,143,2
929,6.48,0.253,-14.264,125,2
930,6.481,0.242,-14.266,104,2
931,6.48,0.231,-14.264,91,2
932,6.479,0.22,-14.262,75,2
933,6.478,0.209,-14.259,111,2
934,6.478,0.198,-14.26,117,2
935,6.478,0.187,-14.26,116,2
936,6.478,0.176,-14.259,117,2
937,6.478,0.166,-14.26,118,2
938,6.478,0.154,-14.259,135,2
939,6.48,0.144,-14.263,145,2
940,6.478,0.132,-14.259,143,2
941,6.478,0.122,-14.259,144,2
942,6.476,0.111,-14.254,145,2
943,6.479,0.1,-14.261,141,2
944,6.477,0.089,-14.255,145,2
945,6.477,0.078,-14.257,150,2
946,6.477,0.067,-14.255,147,2
947,6.477,0.056,-14.257,154,2
948,6.477,0.045,-14.257,153,2
949,6.476,0.034,-14.255,155,2
950,6.477,0.023,-14.255,159,2
951,6.477,0.012,-14.256,150,2
952,6.477,0.001,-14.255,147,2
953,6.486,0.45,-14.245,60,2
954,6.489,0.439,-14.251,109,2
955,6.489,0.429,-14.252,160,2
956,6.487,0.418,-14.248,166,2
957,6.488,0.407,-14.25,164,2
958,6.49,0.396,-14.253,166,2
959,6.488,0.385,-14.25,162,2
960,6.488,0.374,-14.25,153,2
961,6.489,0.363,-14.252,177,2
962,6.49,0.352,-14.254,165,2
963,6.49,0.341,-14.254,167,2
964,6.49,0.33,-14.255,165,2
965,6.491,0.319,-14.256,159,2
966,6.491,0.308,-14.256,154,2
967,6.491,0.298,-14.256,155,2
968,6.491,0.287,-14.256,155,2
969,6.491,0.275,-14.256,149,2
970,6.49,0.264,-14.255,158,2
971,6.491,0.254,-14.256,163,2
972,6.49,0.243,-14.253,149,2
973,6.491,0.232,-14.255,140,2
974,6.488,0.221,-14.25,123,2
975,6.487,0.21,-14.248,125,2
976,6.485,0.199,-14.243,131,2
977,6.485,0.188,-14.243,121,2
978,6.484,0.177,-14.24,117,2
979,6.485,0.166,-14.243,103,2
980,6.485,0.155,-14.243,108,2
981,6.486,0.144,-14.245,120,2
982,6.486,0.133,-14.245,115,2
983,6.486,0.123,-14.246,115,2
984,6.488,0.112,-14.248,122,2
985,6.487,0.101,-14.247,130,2
986,6.487,0.09,-14.247,121,2
987,6.487,0.079,-14.247,129,2
988,6.487,0.068,-14.248,132,2
989,6.487,0.057,-14.247,140,2
990,6.486,0.046,-14.245,137,2
991,6.485,0.035,-14.244,133,2
992,6.488,0.024,-14.248,134,2
993,6.484,0.013,-14.242,143,2
994,6.487,0.002,-14.248,144,2
995,6.498,0.444,-14.246,101,2
996,6.498,0.433,-14.248,102,2
997,6.498,0.423,-14.247,162,2
998,6.497,0.412,-14.245,159,2
999,6.498,0.4,-14.248,157,2
1000,6.497,0.39,-14.245,161,2
1001,6.498,0.379,-14.247,157,2
1002,6.496,0.368,-14.243,160,2
1003,6.498,0.357,-14.246,159,2
1004,6.498,0.346,-14.248,157,2
1005,6.498,0.335,-14.247,161,2
1006,6.497,0.324,-14.244,157,2
1007,6.497,0.313,-14.245,162,2
1008,6.498,0.302,-14.247,157,2
1009,6.497,0.291,-14.244,166,2
1010,6.497,0.28,-14.244,156,2
1011,6.497,0.269,-14.245,153,2
1012,6.497,0.259,-14.246,144,2
1013,6.499,0.248,-14.248,142,2
1014,6.497,0.236,-14.244,125,2
1015,6.492,0.225,-14.234,131,2
1016,6.492,0.215,-14.234,132,2
1017,6.49,0.204,-14.228,137,2
1018,6.49,0.192,-14.228,122,2
1019,6.488,0.182,-14.224,131,2
1020,6.486,0.17,-14.221,117,2
1021,6.488,0.16,-14.225,114,2
1022,6.489,0.149,-14.225,113,2
1023,6.489,0.138,-14.227,112,2
1024,6.49,0.127,-14.227,113,2
1025,6.49,0.116,-14.227,116,2
1026,6.49,0.105,-14.228,118,2
1027,6.489,0.094,-14.227,115,2
1028,6.49,0.083,-14.228,122,2
1029,6.491,0.072,-14.232,124,2
1030,6.492,0.062,-14.233,126,2
1031,6.491,0.051,-14.231,136,2
1032,6.491,0.04,-14.231,132,2
1033,6.491,0.029,-14.23,130,2
1034,6.491,0.018,-14.232,131,2
1035,6.492,0.007,-14.232,135,2
1036,6.506,0.435,-14.241,62,2
1037,6.504,0.425,-14.237,45,2
1038,6.505,0.414,-14.238,157,2
1039,6.505,0.403,-14.238,155,2
1040,6.506,0.392,-14.24,155,2
1041,6.505,0.381,-14.238,154,2
1042,6.506,0.37,-14.24,154,2
1043,6.506,0.359,-14.24,155,2
1044,6.503,0.348,-14.235,154,2
1045,6.505,0.337,-14.239,157,2
1046,6.504,0.326,-14.236,154,2
1047,6.505,0.315,-14.238,155,2
1048,6.505,0.305,-14.237,156,2
1049,6.504,0.294,-14.236,149,2
1050,6.502,0.282,-14.232,143,2
1051,6.502,0.271,-14.232,145,2
1052,6.503,0.26,-14.234,142,2
1053,6.502,0.25,-14.232,133,2
1054,6.502,0.239,-14.23,131,2
1055,6.499,0.228,-14.225,130,2
1056,6.497,0.216,-14.222,129,2
1057,6.495,0.206,-14.215,130,2
1058,6.494,0.195,-14.213,125,2
1059,6.491,0.184,-14.208,133,2
1060,6.492,0.173,-14.208,131,2
1061,6.491,0.162,-14.207,122,2
1062,6.491,0.151,-14.207,117,2
1063,6.491,0.14,-14.207,117,2
1064,6.492,0.129,-14.209,130,2
1065,6.491,0.119,-14.208,124,2
1066,6.491,0.107,-14.208,123,2
1067,6.492,0.097,-14.21,126,2
1068,6.491,0.086,-14.207,126,2
1069,6.495,0.075,-14.214,129,2
1070,6.493,0.064,-14.212,126,2
1071,6.494,0.053,-14.213,131,2
1072,6.493,0.042,-14.211,127,2
1073,6.495,0.031,-14.216,128,2
1074,6.495,0.021,-14.215,121,2
1075,6.515,0.009,-14.26,66,2
1076,6.516,0.427,-14.231,44,2
1077,6.516,0.416,-14.23,52,2
1078,6.513,0.405,-14.226,149,2
1079,6.515,0.394,-14.228,151,2
1080,6.516,0.384,-14.23,156,2
1081,6.515,0.373,-14.229,151,2
1082,6.515,0.361,-14.228,154,2
1083,6.516,0.351,-14.232,151,2
1084,6.515,0.34,-14.229,150,2
1085,6.516,0.329,-14.23,151,2
1086,6.513,0.318,-14.225,147,2
1087,6.512,0.306,-14.222,145,2
1088,6.513,0.296,-14.225,145,2
1089,6.511,0.285,-14.22,144,2
1090,6.512,0.274,-14.222,138,2
1091,6.51,0.263,-14.217,140,2
1092,6.51,0.252,-14.218,127,2
1093,6.509,0.241,-14.215,127,2
1094,6.506,0.23,-14.21,122,2
1095,6.505,0.219,-14.206,124,2
1096,6.502,0.208,-14.2,126,2
1097,6.501,0.197,-14.198,125,2
1098,6.498,0.186,-14.192,137,2
1099,6.499,0.176,-14.194,143,2
1100,6.497,0.164,-14.189,140,2
1101,6.497,0.154,-14.189,131,2
1102,6.496,0.142,-14.186,140,2
1103,6.498,0.132,-14.191,123,2
1104,6.496,0.12,-14.188,125,2
1105,6.496,0.11,-14.188,129,2
1106,6.498,0.099,-14.191,122,2
1107,6.497,0.088,-14.19,120,2
1108,6.498,0.077,-14.191,127,2
1109,6.499,0.066,-14.195,125,2
1110,6.498,0.056,-14.193,132,2
1111,6.501,0.045,-14.197,119,2
1112,6.517,0.034,-14.233,66,2
1113,6.503,0.023,-14.203,28,2
1114,6.503,0.012,-14.201,35,2
1115,6.522,0.414,-14.224,58,2
1116,6.523,0.403,-14.225,50,2
1117,6.522,0.392,-14.224,144,2
1118,6.521,0.381,-14.22,150,2
1119,6.52,0.371,-14.219,149,2
1120,6.521,0.36,-14.22,147,2
1121,6.519,0.349,-14.217,145,2
1122,6.52,0.338,-14.218,149,2
1123,6.517,0.326,-14.213,150,2
1124,6.52,0.316,-14.218,145,2
1125,6.517,0.305,-14.212,146,2
1126,6.517,0.294,-14.213,147,2
1127,6.519,0.283,-14.217,141,2
1128,6.517,0.272,-14.212,140,2
1129,6.516,0.261,-14.208,133,2
1130,6.514,0.25,-14.205,130,2
1131,6.512,0.239,-14.2,129,2
1132,6.509,0.228,-14.194,134,2
1133,6.509,0.217,-14.193,137,2
1134,6.505,0.206,-14.186,141,2
1135,6.505,0.196,-14.186,135,2
1136,6.502,0.184,-14.18,141,2
1137,6.501,0.174,-14.176,137,2
1138,6.501,0.162,-14.176,133,2
1139,6.499,0.152,-14.172,140,2
1140,6.499,0.141,-14.173,137,2
1141,6.498,0.13,-14.171,130,2
1142,6.499,0.119,-14.173,126,2
1143,6.499,0.108,-14.173,130,2
1144,6.501,0.097,-14.177,123,2
1145,6.499,0.086,-14.174,130,2
1146,6.503,0.075,-14.181,116,2
1147,6.507,0.065,-14.191,102,2
1148,6.53,0.054,-14.241,47,2
1149,6.506,0.043,-14.188,15,2
1150,6.503,0.032,-14.182,33,2
1151,6.53,0.408,-14.216,36,2
1152,6.529,0.397,-14.212,39,2
1153,6.529,0.386,-14.214,44,2
1154,6.529,0.375,-14.213,144,2
1155,6.528,0.364,-14.21,150,2
1156,6.526,0.353,-14.206,145,2
1157,6.527,0.342,-14.209,153,2
1158,6.524,0.331,-14.202,145,2
1159,6.524,0.32,-14.202,144,2
1160,6.523,0.309,-14.2,147,2
1161,6.523,0.299,-14.2,150,2
1162,6.519,0.287,-14.192,143,2
1163,6.521,0.276,-14.196,143,2
1164,6.517,0.265,-14.187,143,2
1165,6.518,0.254,-14.189,138,2
1166,6.517,0.243,-14.186,132,2
1167,6.516,0.233,-14.184,133,2
1168,6.514,0.222,-14.18,134,2
1169,6.512,0.211,-14.177,134,2
1170,6.51,0.199,-14.172,132,2
1171,6.508,0.189,-14.168,134,2
1172,6.507,0.178,-14.165,141,2
1173,6.505,0.167,-14.161,133,2
1174,6.503,0.156,-14.157,139,2
1175,6.503,0.145,-14.155,135,2
1176,6.503,0.134,-14.156,133,2
1177,6.502,0.123,-14.153,117,2
1178,6.503,0.113,-14.156,98,2
1179,6.505,0.102,-14.161,48,2
1180,6.507,0.091,-14.164,24,2
1181,6.503,0.08,-14.156,27,2
1182,6.504,0.069,-14.159,31,2
1183,6.508,0.058,-14.167,21,2
1184,6.539,0.389,-14.203,44,2
1185,6.536,0.378,-14.197,41,2
1186,6.538,0.367,-14.201,42,2
1187,6.536,0.356,-14.198,128,2
1188,6.534,0.345,-14.193,145,2
1189,6.533,0.334,-14.19,145,2
1190,6.532,0.323,-14.189,145,2
1191,6.53,0.312,-14.184,145,2
1192,6.533,0.301,-14.191,141,2
1193,6.53,0.29,-14.184,141,2
1194,6.531,0.279,-14.186,141,2
1195,6.528,0.269,-14.178,137,2
1196,6.527,0.257,-14.176,134,2
1197,6.525,0.247,-14.172,137,2
1198,6.522,0.235,-14.166,138,2
1199,6.521,0.225,-14.165,136,2
1200,6.518,0.214,-14.158,134,2
1201,6.517,0.203,-14.156,140,2
1202,6.516,0.192,-14.153,136,2
1203,6.515,0.181,-14.151,129,2
1204,6.514,0.17,-14.148,122,2
1205,6.513,0.159,-14.146,77,2
1206,6.513,0.148,-14.147,39,2
1207,6.511,0.137,-14.142,35,2
1208,6.508,0.126,-14.135,30,2
1209,6.509,0.115,-14.138,54,2
1210,6.509,0.105,-14.139,31,2
1211,6.543,0.378,-14.191,31,2
1212,6.543,0.367,-14.191,47,2
1213,6.541,0.357,-14.187,35,2
1214,6.542,0.346,-14.19,51,2
1215,6.542,0.335,-14.189,116,2
1216,6.539,0.324,-14.182,144,2
1217,6.54,0.313,-14.184,137,2
1218,6.537,0.302,-14.178,144,2
1219,6.534,0.291,-14.173,145,2
1220,6.534,0.28,-14.17,139,2
1221,6.532,0.269,-14.168,134,2
1222,6.53,0.258,-14.162,144,2
1223,6.529,0.247,-14.16,136,2
1224,6.527,0.236,-14.156,136,2
1225,6.524,0.225,-14.15,139,2
1226,6.524,0.214,-14.15,134,2
1227,6.523,0.203,-14.147,109,2
1228,6.526,0.192,-14.155,50,2
1229,6.522,0.182,-14.145,51,2
1230,6.518,0.17,-14.137,36,2
1231,6.513,0.16,-14.127,60,2
1232,6.514,0.148,-14.129,69,2
1233,6.514,0.138,-14.128,36,2
1234,6.549,0.352,-14.179,34,2
1235,6.545,0.341,-14.172,55,2
1236,6.545,0.33,-14.17,40,2
1237,6.548,0.319,-14.176,21,2
1238,6.56,0.309,-14.203,30,2
1239,6.57,0.299,-14.226,41,2
1240,6.558,0.287,-14.198,54,2
1241,6.549,0.276,-14.178,46,2
1242,6.544,0.265,-14.167,40,2
1243,6.54,0.254,-14.16,33,2
1244,6.534,0.242,-14.147,32,2
1245,6.531,0.231,-14.141,25,2
1246,6.53,0.221,-14.137,28,2
1247,6.526,0.21,-14.13,42,2
1248,6.526,0.199,-14.129,52,2
1249,6.525,0.188,-14.127,31,2
1250,6.554,0.301,-14.156,11,2
1251,6.549,0.289,-14.146,26,2
1252,6.549,0.278,-14.146,19,2
1253,6.546,0.267,-14.139,39,2
1254,6.544,0.257,-14.135,27,2
0,6.145,0.417,-14.365,70,2
1,6.144,0.395,-14.364,79,2
2,6.144,0.362,-14.364,161,2
3,6.144,0.34,-14.363,158,2
4,6.145,0.33,-14.365,159,2
5,6.145,0.319,-14.365,161,2
6,6.145,0.308,-14.364,163,2
7,6.145,0.297,-14.365,158,2
8,6.147,0.286,-14.369,160,2
9,6.147,0.275,-14.369,165,2
10,6.147,0.264,-14.37,171,2
11,6.148,0.253,-14.371,167,2
12,6.148,0.242,-14.371,165,2
13,6.148,0.232,-14.371,168,2
14,6.146,0.221,-14.368,171,2
15,6.148,0.21,-14.373,173,2
16,6.148,0.199,-14.373,176,2
17,6.148,0.188,-14.373,168,2
18,6.148,0.177,-14.372,176,2
19,6.149,0.166,-14.374,166,2
20,6.15,0.155,-14.377,164,2
21,6.149,0.144,-14.374,168,2
22,6.15,0.133,-14.377,156,2
23,6.15,0.122,-14.376,158,2
24,6.152,0.112,-14.382,159,2
25,6.151,0.101,-14.38,163,2
26,6.153,0.09,-14.383,151,2
27,6.152,0.079,-14.382,160,2
28,6.154,0.068,-14.386,163,2
29,6.154,0.057,-14.385,157,2
30,6.153,0.046,-14.383,165,2
31,6.153,0.035,-14.384,151,2
32,6.152,0.024,-14.382,161,2
33,6.154,0.013,-14.385,140,2
34,6.154,0.002,-14.384,88,2
35,6.152,0.426,-14.36,68,2
36,6.153,0.415,-14.361,99,2
37,6.154,0.405,-14.363,85,2
38,6.153,0.394,-14.361,163,2
39,6.155,0.382,-14.366,161,2
40,6.154,0.372,-14.363,163,2
41,6.154,0.361,-14.365,161,2
42,6.154,0.35,-14.363,162,2
43,6.153,0.339,-14.362,164,2
44,6.154,0.328,-14.364,158,2
45,6.153,0.317,-14.362,168,2
46,6.154,0.306,-14.364,159,2
47,6.154,0.295,-14.364,162,2
48,6.155,0.285,-14.366,164,2
49,6.155,0.273,-14.365,169,2
50,6.156,0.263,-14.369,169,2
51,6.155,0.252,-14.366,169,2
52,6.156,0.241,-14.369,166,2
53,6.156,0.23,-14.368,170,2
54,6.156,0.219,-14.368,168,2
55,6.158,0.208,-14.373,167,2
56,6.157,0.198,-14.371,162,2
57,6.158,0.186,-14.372,167,2
58,6.159,0.176,-14.374,174,2
59,6.157,0.164,-14.371,165,2
60,6.16,0.154,-14.376,169,2
61,6.16,0.143,-14.376,166,2
62,6.159,0.132,-14.374,172,2
63,6.159,0.121,-14.375,168,2
64,6.16,0.11,-14.377,162,2
65,6.16,0.099,-14.377,164,2
66,6.162,0.089,-14.383,161,2
67,6.161,0.078,-14.381,163,2
68,6.161,0.067,-14.379,166,2
69,6.162,0.056,-14.382,165,2
70,6.162,0.045,-14.382,162,2
71,6.164,0.034,-14.387,159,2
72,6.163,0.023,-14.384,166,2
73,6.164,0.012,-14.386,126,2
74,6.161,0.001,-14.379,154,2
75,6.163,0.431,-14.36,72,2
76,6.163,0.42,-14.358,91,2
77,6.161,0.41,-14.354,147,2
78,6.162,0.398,-14.358,149,2
79,6.162,0.387,-14.356,157,2
80,6.163,0.377,-14.358,159,2
81,6.162,0.366,-14.357,161,2
82,6.162,0.355,-14.357,159,2
83,6.163,0.344,-14.359,168,2
84,6.163,0.333,-14.358,162,2
85,6.164,0.322,-14.36,169,2
86,6.163,0.311,-14.359,166,2
87,6.165,0.301,-14.364,164,2
88,6.166,0.29,-14.365,165,2
89,6.166,0.279,-14.365,165,2
90,6.165,0.268,-14.363,167,2
91,6.166,0.257,-14.365,163,2
92,6.165,0.245,-14.364,166,2
93,6.165,0.235,-14.362,169,2
94,6.165,0.224,-14.363,166,2
95,6.166,0.213,-14.365,166,2
96,6.167,0.202,-14.366,164,2
97,6.168,0.191,-14.37,169,2
98,6.167,0.181,-14.366,165,2
99,6.168,0.169,-14.371,168,2
100,6.167,0.159,-14.368,170,2
101,6.168,0.147,-14.37,171,2
102,6.169,0.137,-14.373,163,2
103,6.17,0.126,-14.376,170,2
104,6.17,0.115,-14.374,169,2
105,6.172,0.104,-14.379,163,2
106,6.17,0.093,-14.376,172,2
107,6.171,0.082,-14.376,166,2
108,6.171,0.071,-14.377,155,2
109,6.172,0.06,-14.379,154,2
110,6.17,0.049,-14.376,163,2
111,6.17,0.038,-14.375,164,2
112,6.17,0.027,-14.375,162,2
113,6.169,0.016,-14.373,164,2
114,6.17,0.006,-14.374,153,2
115,6.176,0.444,-14.356,51,2
116,6.177,0.433,-14.358,98,2
117,6.176,0.422,-14.355,136,2
118,6.177,0.411,-14.358,155,2
119,6.174,0.4,-14.351,161,2
120,6.175,0.389,-14.354,163,2
121,6.175,0.378,-14.353,159,2
122,6.176,0.367,-14.355,164,2
123,6.175,0.356,-14.353,159,2
124,6.175,0.345,-14.354,159,2
125,6.177,0.334,-14.357,168,2
126,6.175,0.324,-14.354,171,2
127,6.177,0.313,-14.357,170,2
128,6.176,0.302,-14.356,170,2
129,6.178,0.291,-14.36,169,2
130,6.177,0.28,-14.357,151,2
131,6.179,0.269,-14.361,164,2
132,6.179,0.258,-14.361,163,2
133,6.177,0.247,-14.358,168,2
134,6.179,0.236,-14.362,162,2
135,6.179,0.225,-14.361,168,2
136,6.18,0.215,-14.363,167,2
137,6.18,0.204,-14.363,168,2
138,6.179,0.193,-14.362,167,2
139,6.18,0.182,-14.365,169,2
140,6.179,0.171,-14.363,172,2
141,6.181,0.16,-14.367,167,2
142,6.18,0.149,-14.365,171,2
143,6.183,0.139,-14.371,165,2
144,6.181,0.127,-14.368,163,2
145,6.182,0.116,-14.37,166,2
146,6.183,0.105,-14.371,164,2
147,6.184,0.095,-14.373,169,2
148,6.185,0.084,-14.375,160,2
149,6.184,0.073,-14.373,161,2
150,6.185,0.062,-14.375,156,2
151,6.185,0.051,-14.375,161,2
152,6.185,0.04,-14.375,159,2
153,6.183,0.029,-14.371,159,2
154,6.182,0.018,-14.37,160,2
155,6.183,0.007,-14.372,162,2
156,6.187,0.456,-14.358,13,2
157,6.184,0.444,-14.352,68,2
158,6.183,0.433,-14.349,82,2
159,6.183,0.423,-14.349,162,2
160,6.185,0.412,-14.354,166,2
161,6.182,0.4,-14.348,158,2
162,6.185,0.39,-14.354,164,2
163,6.185,0.379,-14.354,162,2
164,6.185,0.368,-14.354,159,2
165,6.183,0.357,-14.349,165,2
166,6.185,0.346,-14.354,170,2
167,6.186,0.335,-14.356,167,2
168,6.186,0.324,-14.356,162,2
169,6.187,0.313,-14.359,167,2
170,6.187,0.303,-14.358,167,2
171,6.187,0.292,-14.357,164,2
172,6.187,0.281,-14.357,168,2
173,6.187,0.27,-14.358,168,2
174,6.187,0.259,-14.357,164,2
175,6.187,0.248,-14.358,166,2
176,6.187,0.237,-14.358,164,2
177,6.188,0.226,-14.359,166,2
178,6.187,0.215,-14.358,166,2
179,6.189,0.204,-14.363,169,2
180,6.188,0.193,-14.36,173,2
181,6.189,0.183,-14.363,168,2
182,6.188,0.172,-14.361,172,2
183,6.189,0.161,-14.363,165,2
184,6.19,0.15,-14.365,160,2
185,6.192,0.139,-14.368,166,2
186,6.193,0.128,-14.371,167,2
187,6.192,0.117,-14.369,162,2
188,6.193,0.106,-14.372,165,2
189,6.192,0.095,-14.37,167,2
190,6.193,0.084,-14.371,162,2
191,6.192,0.074,-14.37,166,2
192,6.193,0.063,-14.372,166,2
193,6.192,0.052,-14.369,159,2
194,6.193,0.041,-14.37,164,2
195,6.192,0.03,-14.369,165,2
196,6.192,0.019,-14.368,164,2
197,6.191,0.008,-14.368,166,2
198,6.194,0.459,-14.348,47,2
199,6.195,0.449,-14.35,99,2
200,6.194,0.438,-14.348,145,2
201,6.193,0.426,-14.345,158,2
202,6.194,0.415,-14.349,156,2
203,6.194,0.405,-14.348,157,2
204,6.195,0.394,-14.35,162,2
205,6.195,0.383,-14.35,161,2
206,6.196,0.372,-14.352,160,2
207,6.196,0.361,-14.352,165,2
208,6.196,0.35,-14.354,169,2
209,6.195,0.34,-14.35,164,2
210,6.197,0.329,-14.355,164,2
211,6.196,0.318,-14.352,158,2
212,6.196,0.306,-14.353,165,2
213,6.197,0.296,-14.354,169,2
214,6.196,0.285,-14.353,171,2
215,6.198,0.274,-14.357,166,2
216,6.196,0.263,-14.352,167,2
217,6.197,0.252,-14.354,165,2
218,6.197,0.241,-14.354,162,2
219,6.198,0.23,-14.356,163,2
220,6.197,0.22,-14.355,169,2
221,6.198,0.208,-14.356,173,2
222,6.199,0.198,-14.359,164,2
223,6.2,0.187,-14.362,165,2
224,6.2,0.176,-14.36,165,2
225,6.2,0.165,-14.361,163,2
226,6.201,0.154,-14.363,166,2
227,6.2,0.143,-14.361,171,2
228,6.201,0.132,-14.363,176,2
229,6.201,0.121,-14.364,168,2
230,6.201,0.11,-14.364,164,2
231,6.202,0.1,-14.367,166,2
232,6.202,0.089,-14.366,163,2
233,6.202,0.078,-14.366,166,2
234,6.201,0.067,-14.363,165,2
235,6.202,0.056,-14.366,170,2
236,6.201,0.045,-14.365,160,2
237,6.202,0.034,-14.367,162,2
238,6.202,0.023,-14.366,163,2
239,6.201,0.012,-14.365,159,2
240,6.202,0.001,-14.366,165,2
241,6.207,0.461,-14.345,77,2
242,6.207,0.451,-14.347,89,2
243,6.206,0.44,-14.344,157,2
244,6.206,0.429,-14.344,161,2
245,6.208,0.418,-14.348,164,2
246,6.208,0.407,-14.349,163,2
247,6.209,0.396,-14.351,156,2
248,6.208,0.385,-14.348,163,2
249,6.207,0.374,-14.347,166,2
250,6.206,0.363,-14.344,170,2
251,6.207,0.352,-14.346,168,2
252,6.208,0.341,-14.348,165,2
253,6.207,0.33,-14.347,161,2
254,6.207,0.319,-14.345,165,2
255,6.208,0.309,-14.349,166,2
256,6.208,0.298,-14.347,167,2
257,6.208,0.287,-14.347,178,2
258,6.209,0.276,-14.351,173,2
259,6.208,0.265,-14.349,164,2
260,6.208,0.254,-14.349,165,2
261,6.21,0.243,-14.353,166,2
262,6.211,0.232,-14.355,165,2
263,6.212,0.221,-14.358,166,2
264,6.212,0.21,-14.356,161,2
265,6.213,0.2,-14.36,167,2
266,6.21,0.189,-14.354,172,2
267,6.212,0.178,-14.356,176,2
268,6.212,0.167,-14.356,166,2
269,6.213,0.156,-14.358,176,2
270,6.212,0.145,-14.358,170,2
271,6.214,0.134,-14.362,164,2
272,6.213,0.123,-14.359,168,2
273,6.213,0.112,-14.36,163,2
274,6.213,0.101,-14.36,167,2
275,6.214,0.09,-14.361,167,2
276,6.214,0.08,-14.363,167,2
277,6.213,0.069,-14.359,163,2
278,6.215,0.058,-14.365,167,2
279,6.214,0.047,-14.363,167,2
280,6.215,0.036,-14.365,164,2
281,6.213,0.025,-14.36,158,2
282,6.214,0.014,-14.361,167,2
283,6.214,0.003,-14.363,165,2
284,6.215,0.472,-14.344,35,2
285,6.215,0.461,-14.344,109,2
286,6.214,0.45,-14.342,144,2
287,6.213,0.439,-14.339,165,2
288,6.214,0.428,-14.342,157,2
289,6.214,0.417,-14.342,162,2
290,6.215,0.406,-14.342,162,2
291,6.215,0.395,-14.344,163,2
292,6.216,0.384,-14.344,168,2
293,6.216,0.373,-14.347,165,2
294,6.218,0.362,-14.349,166,2
295,6.216,0.351,-14.346,166,2
296,6.217,0.341,-14.348,168,2
297,6.218,0.33,-14.349,167,2
298,6.216,0.319,-14.345,172,2
299,6.217,0.308,-14.347,167,2
300,6.218,0.297,-14.349,164,2
301,6.217,0.286,-14.347,167,2
302,6.217,0.275,-14.347,165,2
303,6.218,0.264,-14.349,162,2
304,6.217,0.253,-14.348,168,2
305,6.218,0.242,-14.349,167,2
306,6.217,0.231,-14.347,165,2
307,6.219,0.221,-14.351,168,2
308,6.219,0.21,-14.353,163,2
309,6.22,0.199,-14.353,174,2
310,6.22,0.188,-14.355,159,2
311,6.221,0.177,-14.356,169,2
312,6.221,0.166,-14.356,158,2
313,6.221,0.155,-14.357,167,2
314,6.221,0.144,-14.358,166,2
315,6.223,0.133,-14.36,165,2
316,6.22,0.122,-14.355,171,2
317,6.222,0.112,-14.359,168,2
318,6.222,0.101,-14.359,166,2
319,6.222,0.09,-14.358,166,2
320,6.221,0.079,-14.357,166,2
321,6.221,0.068,-14.356,165,2
322,6.22,0.056,-14.354,172,2
323,6.22,0.046,-14.355,169,2
324,6.222,0.035,-14.36,166,2
325,6.221,0.024,-14.357,163,2
326,6.221,0.013,-14.358,164,2
327,6.221,0.002,-14.356,167,2
328,6.225,0.475,-14.338,40,2
329,6.225,0.464,-14.338,143,2
330,6.225,0.453,-14.337,157,2
331,6.225,0.442,-14.338,166,2
332,6.226,0.432,-14.34,163,2
333,6.226,0.421,-14.34,162,2
334,6.227,0.41,-14.341,166,2
335,6.227,0.399,-14.342,166,2
336,6.228,0.388,-14.344,166,2
337,6.228,0.377,-14.344,168,2
338,6.228,0.366,-14.345,166,2
339,6.229,0.355,-14.347,164,2
340,6.228,0.344,-14.344,166,2
341,6.228,0.333,-14.345,166,2
342,6.228,0.323,-14.344,60,2
343,6.229,0.312,-14.346,55,2
344,6.228,0.301,-14.345,57,2
345,6.229,0.29,-14.347,61,2
346,6.229,0.279,-14.345,54,2
347,6.229,0.268,-14.347,56,2
348,6.229,0.257,-14.347,60,2
349,6.229,0.246,-14.346,56,2
350,6.232,0.235,-14.353,50,2
351,6.232,0.224,-14.353,52,2
352,6.231,0.213,-14.351,58,2
353,6.232,0.203,-14.354,56,2
354,6.232,0.192,-14.352,167,2
355,6.231,0.181,-14.351,165,2
356,6.233,0.17,-14.356,163,2
357,6.232,0.159,-14.354,163,2
358,6.234,0.148,-14.358,165,2
359,6.235,0.137,-14.359,104,2
360,6.233,0.126,-14.356,56,2
361,6.233,0.115,-14.355,62,2
362,6.233,0.104,-14.356,149,2
363,6.233,0.093,-14.356,168,2
364,6.232,0.083,-14.354,164,2
365,6.232,0.072,-14.354,167,2
366,6.232,0.06,-14.352,170,2
367,6.234,0.049,-14.356,166,2
368,6.232,0.038,-14.352,165,2
369,6.232,0.028,-14.352,168,2
370,6.232,0.017,-14.353,163,2
371,6.233,0.006,-14.355,166,2
372,6.24,0.478,-14.339,56,2
373,6.239,0.402,-14.336,164,2
374,6.24,0.391,-14.337,167,2
375,6.241,0.38,-14.34,175,2
376,6.241,0.369,-14.34,165,2
377,6.241,0.358,-14.34,170,2
378,6.242,0.347,-14.343,164,2
379,6.241,0.336,-14.34,159,2
380,6.243,0.325,-14.344,57,2
381,6.243,0.314,-14.345,57,2
382,6.243,0.303,-14.344,51,2
383,6.242,0.293,-14.342,59,2
384,6.243,0.282,-14.344,56,2
385,6.242,0.271,-14.342,49,2
386,6.243,0.26,-14.344,51,2
387,6.242,0.249,-14.343,50,2
388,6.243,0.238,-14.344,52,2
389,6.244,0.227,-14.345,51,2
390,6.245,0.216,-14.347,59,2
391,6.245,0.205,-14.348,49,2
392,6.246,0.194,-14.351,136,2
393,6.244,0.184,-14.347,173,2
394,6.245,0.172,-14.348,170,2
395,6.245,0.162,-14.349,171,2
396,6.246,0.15,-14.351,169,2
397,6.248,0.14,-14.355,74,2
398,6.247,0.128,-14.352,52,2
399,6.246,0.118,-14.351,56,2
400,6.248,0.107,-14.356,66,2
401,6.246,0.096,-14.351,83,2
402,6.246,0.085,-14.351,171,2
403,6.245,0.074,-14.347,167,2
404,6.244,0.064,-14.346,168,2
405,6.245,0.052,-14.349,167,2
406,6.245,0.041,-14.348,164,2
407,6.243,0.031,-14.344,173,2
408,6.245,0.02,-14.348,163,2
409,6.245,0.009,-14.347,164,2
410,6.249,0.379,-14.337,167,2
411,6.249,0.357,-14.336,168,2
412,6.249,0.335,-14.338,168,2
413,6.251,0.324,-14.341,55,2
414,6.252,0.314,-14.342,51,2
415,6.252,0.303,-14.344,51,2
416,6.25,0.292,-14.34,55,2
417,6.252,0.28,-14.343,50,2
418,6.25,0.27,-14.338,55,2
419,6.252,0.259,-14.343,52,2
420,6.252,0.248,-14.342,60,2
421,6.252,0.237,-14.344,55,2
422,6.254,0.226,-14.347,52,2
423,6.252,0.215,-14.342,58,2
424,6.254,0.205,-14.347,58,2
425,6.252,0.193,-14.342,145,2
426,6.252,0.183,-14.343,170,2
427,6.253,0.171,-14.347,167,2
428,6.254,0.161,-14.347,166,2
429,6.256,0.15,-14.352,165,2
430,6.255,0.139,-14.349,57,2
431,6.256,0.128,-14.353,58,2
432,6.255,0.117,-14.35,65,2
433,6.256,0.106,-14.354,67,2
434,6.254,0.095,-14.348,63,2
435,6.254,0.084,-14.349,144,2
436,6.253,0.073,-14.347,170,2
437,6.254,0.062,-14.347,170,2
438,6.253,0.051,-14.346,163,2
439,6.253,0.04,-14.346,174,2
440,6.252,0.03,-14.343,171,2
441,6.252,0.019,-14.344,168,2
442,6.252,0.008,-14.344,162,2
443,6.26,0.327,-14.337,67,2
444,6.26,0.316,-14.337,56,2
445,6.261,0.306,-14.34,52,2
446,6.261,0.294,-14.338,51,2
447,6.261,0.283,-14.339,97,2
448,6.261,0.273,-14.338,97,2
449,6.263,0.262,-14.342,103,2
450,6.261,0.25,-14.338,92,2
451,6.262,0.24,-14.34,56,2
452,6.261,0.229,-14.339,58,2
453,6.262,0.218,-14.34,52,2
454,6.262,0.207,-14.341,57,2
455,6.264,0.196,-14.345,130,2
456,6.262,0.185,-14.341,167,2
457,6.263,0.175,-14.342,166,2
458,6.263,0.163,-14.342,167,2
459,6.264,0.153,-14.344,162,2
460,6.265,0.141,-14.347,165,2
461,6.266,0.131,-14.348,133,2
462,6.265,0.12,-14.346,66,2
463,6.266,0.109,-14.349,69,2
464,6.264,0.098,-14.345,64,2
465,6.264,0.087,-14.344,70,2
466,6.263,0.076,-14.343,175,2
467,6.263,0.065,-14.342,170,2
468,6.262,0.054,-14.341,173,2
469,6.262,0.043,-14.341,166,2
470,6.262,0.032,-14.34,163,2
471,6.262,0.021,-14.34,165,2
472,6.261,0.011,-14.337,171,2
473,6.276,0.286,-14.337,167,2
474,6.276,0.275,-14.336,164,2
475,6.277,0.253,-14.339,138,2
476,6.276,0.242,-14.337,53,2
477,6.276,0.221,-14.337,54,2
478,6.276,0.188,-14.337,167,2
479,6.277,0.166,-14.338,172,2
480,6.277,0.155,-14.338,166,2
481,6.277,0.144,-14.34,167,2
482,6.278,0.133,-14.34,164,2
483,6.279,0.122,-14.343,159,2
484,6.28,0.111,-14.347,68,2
485,6.277,0.1,-14.34,70,2
486,6.278,0.089,-14.34,64,2
487,6.278,0.078,-14.341,145,2
488,6.279,0.067,-14.342,164,2
489,6.276,0.056,-14.336,172,2
490,6.276,0.045,-14.337,164,2
491,6.286,0.218,-14.336,62,2
492,6.286,0.196,-14.337,165,2
493,6.286,0.175,-14.337,165,2
494,6.286,0.163,-14.336,168,2
495,6.286,0.153,-14.337,170,2
496,6.286,0.141,-14.338,168,2
497,6.286,0.131,-14.336,171,2
498,6.287,0.12,-14.338,155,2
499,6.287,0.109,-14.339,70,2
734,6.287,0.098,-14.339,65,2
735,6.287,0.087,-14.339,67,2
736,6.286,0.065,-14.336,164,2
737,6.287,0.054,-14.339,167,2
738,6.297,0.124,-14.339,113,2
739,6.297,0.113,-14.338,66,2
740,6.297,0.091,-14.337,65,2
72,6.1,0.361,-14.379,59,2
73,6.1,0.35,-14.379,81,2
74,6.1,0.339,-14.378,134,2
75,6.1,0.329,-14.378,65,2
76,6.101,0.317,-14.38,142,2
77,6.099,0.306,-14.377,162,2
78,6.098,0.296,-14.375,157,2
79,6.101,0.285,-14.381,164,2
80,6.099,0.273,-14.377,157,2
81,6.1,0.263,-14.379,161,2
101,6.112,0.376,-14.375,68,2
102,6.111,0.365,-14.373,107,2
103,6.112,0.354,-14.375,97,2
104,6.112,0.343,-14.375,116,2
105,6.112,0.332,-14.375,158,2
106,6.112,0.321,-14.374,159,2
107,6.111,0.31,-14.373,154,2
108,6.111,0.299,-14.373,157,2
109,6.112,0.289,-14.375,165,2
110,6.112,0.278,-14.374,171,2
111,6.112,0.266,-14.375,162,2
112,6.113,0.256,-14.377,157,2
113,6.113,0.245,-14.377,163,2
114,6.114,0.234,-14.378,162,2
115,6.114,0.223,-14.38,161,2
116,6.114,0.212,-14.379,167,2
117,6.115,0.201,-14.382,163,2
118,6.116,0.191,-14.384,163,2
119,6.117,0.18,-14.387,165,2
120,6.118,0.169,-14.388,159,2
121,6.117,0.158,-14.385,160,2
122,6.117,0.147,-14.387,159,2
123,6.116,0.136,-14.384,164,2
124,6.116,0.125,-14.384,162,2
125,6.119,0.114,-14.39,163,2
126,6.117,0.103,-14.387,161,2
127,6.119,0.092,-14.389,160,2
128,6.118,0.081,-14.387,154,2
129,6.121,0.071,-14.395,129,2
130,6.12,0.06,-14.393,79,2
131,6.12,0.049,-14.392,54,2
132,6.122,0.038,-14.396,74,2
133,6.122,0.395,-14.374,34,2
134,6.122,0.384,-14.372,70,2
135,6.121,0.373,-14.37,109,2
136,6.122,0.363,-14.373,115,2
137,6.121,0.351,-14.37,164,2
138,6.121,0.34,-14.37,164,2
139,6.122,0.33,-14.372,163,2
140,6.121,0.319,-14.37,163,2
141,6.12,0.308,-14.368,160,2
142,6.122,0.297,-14.372,170,2
143,6.123,0.286,-14.374,164,2
144,6.121,0.275,-14.37,160,2
145,6.123,0.264,-14.374,163,2
146,6.123,0.254,-14.375,162,2
147,6.125,0.243,-14.378,163,2
148,6.123,0.231,-14.375,161,2
149,6.125,0.221,-14.378,159,2
150,6.126,0.21,-14.381,158,2
151,6.126,0.199,-14.381,162,2
152,6.126,0.188,-14.381,162,2
153,6.126,0.177,-14.38,160,2
154,6.127,0.166,-14.383,166,2
155,6.126,0.155,-14.382,166,2
156,6.127,0.145,-14.383,166,2
157,6.126,0.133,-14.38,165,2
158,6.128,0.123,-14.385,162,2
159,6.128,0.112,-14.385,154,2
160,6.128,0.101,-14.386,164,2
161,6.129,0.09,-14.388,157,2
162,6.128,0.079,-14.387,164,2
163,6.129,0.068,-14.389,163,2
164,6.129,0.057,-14.388,151,2
165,6.131,0.046,-14.394,77,2
166,6.132,0.036,-14.395,78,2
167,6.134,0.024,-14.399,73,2
168,6.13,0.4,-14.367,64,2
169,6.13,0.389,-14.366,114,2
170,6.131,0.379,-14.369,91,2
171,6.13,0.368,-14.368,159,2
172,6.129,0.357,-14.365,157,2
173,6.13,0.346,-14.367,162,2
174,6.13,0.335,-14.366,156,2
175,6.129,0.324,-14.365,158,2
176,6.131,0.313,-14.369,158,2
177,6.13,0.302,-14.367,162,2
178,6.132,0.292,-14.371,165,2
179,6.131,0.28,-14.369,166,2
180,6.132,0.269,-14.372,156,2
181,6.133,0.259,-14.373,159,2
182,6.133,0.248,-14.373,165,2
183,6.134,0.237,-14.375,162,2
184,6.134,0.226,-14.376,160,2
185,6.134,0.215,-14.374,162,2
186,6.134,0.204,-14.375,163,2
187,6.136,0.193,-14.38,163,2
188,6.134,0.183,-14.376,157,2
189,6.136,0.171,-14.382,161,2
190,6.135,0.161,-14.378,166,2
191,6.139,0.149,-14.386,161,2
192,6.136,0.139,-14.381,167,2
193,6.137,0.128,-14.382,157,2
194,6.137,0.117,-14.382,166,2
195,6.139,0.106,-14.386,166,2
196,6.137,0.095,-14.382,159,2
197,6.139,0.084,-14.387,162,2
198,6.138,0.073,-14.385,160,2
199,6.14,0.063,-14.389,160,2
2497,6.143,0.384,-14.361,150,2
2498,6.143,0.373,-14.361,166,2
2499,6.144,0.351,-14.362,158,2
2554,6.14,0.052,-14.388,166,2
2555,6.14,0.041,-14.389,144,2
2556,6.139,0.03,-14.387,142,2
2557,6.14,0.019,-14.389,73,2
2558,6.142,0.008,-14.394,57,2
2559,6.143,0.406,-14.362,100,2
