7000,6.152,-0.003,-14.597,114,3,250.92
7001,6.151,-0.014,-14.594,106,3,250.82
7002,6.151,-0.025,-14.595,85,3,250.85
7003,6.15,-0.036,-14.592,85,3,250.75
7004,6.149,-0.047,-14.59,96,3,250.68
7005,6.151,-0.058,-14.594,106,3,250.82
7006,6.149,-0.07,-14.591,113,3,250.71
7007,6.149,-0.081,-14.59,111,3,250.68
7011,6.161,-0.001,-14.594,100,3,250.94
7012,6.161,-0.012,-14.594,99,3,250.94
7013,6.159,-0.023,-14.59,94,3,250.8
7014,6.159,-0.034,-14.59,95,3,250.8
7015,6.159,-0.045,-14.589,114,3,250.77
7016,6.159,-0.056,-14.59,123,3,250.8
7017,6.159,-0.067,-14.59,110,3,250.8
7018,6.159,-0.078,-14.588,113,3,250.74
7022,6.173,-0.009,-14.586,104,3,250.86
7023,6.173,-0.02,-14.583,112,3,250.77
7024,6.172,-0.031,-14.583,115,3,250.76
7025,6.172,-0.043,-14.582,110,3,250.73
7026,6.172,-0.054,-14.582,115,3,250.73
7027,6.172,-0.065,-14.583,109,3,250.76
7028,6.17,-0.075,-14.578,88,3,250.59
7033,6.181,-0.002,-14.581,93,3,250.81
7034,6.179,-0.013,-14.576,95,3,250.64
7035,6.18,-0.024,-14.579,94,3,250.74
7036,6.177,-0.035,-14.573,84,3,250.53
7037,6.179,-0.046,-14.575,88,3,250.61
7038,6.177,-0.057,-14.573,91,3,250.53
7039,6.176,-0.068,-14.569,100,3,250.4
7040,6.177,-0.079,-14.572,106,3,250.5
7044,6.188,-0.007,-14.573,118,3,250.66
7045,6.188,-0.018,-14.573,102,3,250.66
7046,6.187,-0.029,-14.569,97,3,250.53
7047,6.187,-0.041,-14.569,107,3,250.53
7048,6.187,-0.052,-14.57,103,3,250.56
7049,6.186,-0.063,-14.568,121,3,250.49
7050,6.186,-0.073,-14.567,106,3,250.46
7051,6.185,-0.084,-14.566,110,3,250.42
7055,6.202,-0.005,-14.568,109,3,250.69
7056,6.201,-0.016,-14.566,101,3,250.62
7057,6.201,-0.027,-14.566,111,3,250.62
7058,6.2,-0.038,-14.563,112,3,250.52
7059,6.201,-0.049,-14.565,103,3,250.59
7060,6.2,-0.06,-14.562,108,3,250.49
7061,6.199,-0.072,-14.561,92,3,250.45
7062,6.198,-0.083,-14.559,111,3,250.38
7066,6.211,-0.009,-14.564,113,3,250.69
7067,6.211,-0.02,-14.564,104,3,250.69
7068,6.208,-0.032,-14.559,97,3,250.5
7069,6.21,-0.043,-14.562,99,3,250.62
7070,6.209,-0.054,-14.561,109,3,250.57
7071,6.21,-0.064,-14.563,103,3,250.65
7072,6.209,-0.075,-14.561,109,3,250.57
7077,6.219,-0.007,-14.557,88,3,250.58
7078,6.22,-0.018,-14.56,85,3,250.68
7079,6.218,-0.029,-14.555,86,3,250.51
7080,6.218,-0.04,-14.557,87,3,250.57
7081,6.217,-0.051,-14.553,99,3,250.44
7082,6.218,-0.062,-14.554,112,3,250.48
7083,6.216,-0.073,-14.55,92,3,250.34
7088,6.233,-0.003,-14.555,99,3,250.7
7089,6.234,-0.014,-14.557,104,3,250.77
7090,6.234,-0.025,-14.558,120,3,250.8
7091,6.235,-0.036,-14.561,127,3,250.9
7092,6.232,-0.048,-14.553,109,3,250.63
7093,6.23,-0.058,-14.55,95,3,250.52
7094,6.23,-0.069,-14.549,78,3,250.49
7095,6.229,-0.08,-14.546,76,3,250.39
7099,6.243,-0.003,-14.555,177,3,250.82
7100,6.244,-0.014,-14.556,174,3,250.86
7101,6.242,-0.025,-14.554,176,3,250.78
7102,6.244,-0.036,-14.556,173,3,250.86
7103,6.244,-0.047,-14.558,128,3,250.92
7104,6.247,-0.059,-14.565,29,3,251.16
7105,6.253,-0.009,-14.552,176,3,250.86
7106,6.254,-0.02,-14.554,171,3,250.93
7107,6.253,-0.031,-14.554,172,3,250.92
7108,6.254,-0.043,-14.555,120,3,250.96
7109,6.254,-0.053,-14.556,61,3,250.99
7110,6.263,-0.005,-14.543,174,3,250.72
7111,6.264,-0.016,-14.545,174,3,250.79
7112,6.264,-0.027,-14.545,180,3,250.79
7113,6.266,-0.038,-14.549,171,3,250.94
7114,6.266,-0.049,-14.55,132,3,250.97
7115,6.276,-0.061,-14.574,53,3,251.79
7116,6.275,-0.072,-14.571,54,3,251.69
7161,6.273,-0.008,-14.541,176,3,250.79
7162,6.274,-0.02,-14.542,174,3,250.83
7163,6.274,-0.031,-14.542,181,3,250.83
7164,6.277,-0.041,-14.549,151,3,251.07
7165,6.275,-0.052,-14.545,76,3,250.93
7166,6.281,-0.064,-14.56,70,3,251.44
7167,6.281,-0.075,-14.558,76,3,251.39
7253,6.281,-0.007,-14.535,178,3,250.72
7254,6.281,-0.018,-14.535,175,3,250.72
7255,6.282,-0.029,-14.538,179,3,250.82
7256,6.281,-0.04,-14.535,158,3,250.72
7257,6.283,-0.051,-14.54,105,3,250.89
7258,6.289,-0.063,-14.554,130,3,251.37
7259,6.289,-0.073,-14.554,121,3,251.37
7345,6.294,-0.004,-14.531,169,3,250.76
7346,6.294,-0.015,-14.531,179,3,250.76
7347,6.295,-0.026,-14.534,179,3,250.86
7348,6.293,-0.037,-14.529,174,3,250.69
7349,6.297,-0.048,-14.538,157,3,251.01
7350,6.303,-0.06,-14.551,104,3,251.46
7351,6.302,-0.071,-14.549,111,3,251.39
7437,6.304,-0.003,-14.53,176,3,250.86
7438,6.302,-0.014,-14.527,177,3,250.75
7439,6.303,-0.026,-14.53,178,3,250.85
7440,6.302,-0.037,-14.528,171,3,250.78
7441,6.305,-0.048,-14.533,130,3,250.96
7442,6.311,-0.058,-14.547,73,3,251.44
7443,6.311,-0.07,-14.547,74,3,251.44
7529,6.313,-0.011,-14.523,171,3,250.77
7530,6.312,-0.022,-14.521,168,3,250.7
7531,6.313,-0.032,-14.525,176,3,250.83
7532,6.313,-0.044,-14.524,134,3,250.8
7533,6.315,-0.055,-14.53,68,3,251
7534,6.325,-0.066,-14.551,48,3,251.74
7535,6.327,-0.077,-14.556,54,3,251.91
7621,6.323,-0.008,-14.514,176,3,250.64
7622,6.323,-0.019,-14.512,175,3,250.58
7623,6.325,-0.03,-14.517,176,3,250.75
7624,6.326,-0.041,-14.519,130,3,250.82
7625,6.327,-0.052,-14.521,84,3,250.89
7703,6.332,-0.009,-14.51,182,3,250.63
7704,6.332,-0.02,-14.51,179,3,250.63
7705,6.333,-0.032,-14.513,180,3,250.73
7706,6.334,-0.043,-14.515,128,3,250.8
7707,6.336,-0.054,-14.52,55,3,250.98
7744,6.341,-0.007,-14.506,174,3,250.63
7745,6.34,-0.018,-14.504,171,3,250.56
7746,6.342,-0.029,-14.507,163,3,250.67
7747,6.342,-0.04,-14.507,129,3,250.67
7748,6.353,-0.006,-14.497,181,3,250.52
7749,6.355,-0.017,-14.5,178,3,250.64
7750,6.356,-0.028,-14.502,135,3,250.71
7751,6.355,-0.039,-14.5,68,3,250.64
7752,6.361,-0.005,-14.494,185,3,250.54
7753,6.363,-0.016,-14.498,179,3,250.68
7754,6.363,-0.027,-14.498,118,3,250.68
7755,6.363,-0.038,-14.499,46,3,250.71
7756,6.372,-0.003,-14.494,179,3,250.68
7757,6.371,-0.014,-14.491,176,3,250.58
7758,6.371,-0.025,-14.491,129,3,250.58
7759,6.372,-0.036,-14.494,63,3,250.68
7760,6.383,-0.001,-14.483,174,3,250.5
7761,6.382,-0.012,-14.481,162,3,250.43
7762,6.384,-0.023,-14.487,129,3,250.63
7763,6.386,-0.034,-14.49,60,3,250.74
7764,6.391,-0.001,-14.479,173,3,250.49
7765,6.392,-0.012,-14.482,115,3,250.59
7766,6.393,-0.023,-14.484,50,3,250.66
7767,6.4,-0.008,-14.476,123,3,250.51
7768,6.402,-0.019,-14.48,61,3,250.66
7769,6.414,-0.007,-14.474,108,3,250.64
7770,6.417,-0.019,-14.481,24,3,250.88
7771,6.42,-0.001,-14.464,94,3,250.42
7772,6.425,-0.012,-14.474,29,3,250.78
12034,6.091,-0.002,-14.624,108,3,250.96
12035,6.09,-0.013,-14.623,96,3,250.92
12036,6.091,-0.024,-14.624,97,3,250.96
12037,6.091,-0.035,-14.625,103,3,250.99
12038,6.09,-0.046,-14.623,84,3,250.92
12039,6.091,-0.057,-14.623,80,3,250.93
12040,6.092,-0.068,-14.625,85,3,251
12041,6.093,-0.079,-14.628,95,3,251.1
12045,6.1,-0.009,-14.619,119,3,250.93
12046,6.1,-0.02,-14.617,103,3,250.87
12047,6.1,-0.031,-14.617,98,3,250.87
12048,6.1,-0.042,-14.617,98,3,250.87
12049,6.099,-0.053,-14.616,93,3,250.83
12050,6.1,-0.064,-14.618,98,3,250.9
12051,6.101,-0.075,-14.62,100,3,250.97
12052,6.101,-0.086,-14.62,113,3,250.97
12056,6.112,-0.005,-14.611,105,3,250.84
12057,6.111,-0.016,-14.609,109,3,250.77
12058,6.111,-0.027,-14.61,107,3,250.8
12059,6.11,-0.038,-14.608,105,3,250.73
12060,6.113,-0.049,-14.614,96,3,250.94
12061,6.112,-0.06,-14.613,105,3,250.9
12062,6.114,-0.072,-14.616,114,3,251.01
12063,6.113,-0.083,-14.615,108,3,250.97
12067,6.122,-0.009,-14.608,104,3,250.87
12068,6.121,-0.021,-14.606,115,3,250.8
12069,6.121,-0.032,-14.607,101,3,250.83
12070,6.12,-0.043,-14.604,105,3,250.73
12071,6.121,-0.054,-14.606,108,3,250.8
12072,6.121,-0.065,-14.607,107,3,250.83
12073,6.122,-0.076,-14.61,105,3,250.93
12074,6.122,-0.087,-14.609,110,3,250.9
12078,6.13,-0.003,-14.604,102,3,250.85
12079,6.129,-0.014,-14.601,108,3,250.75
12080,6.13,-0.025,-14.603,106,3,250.82
12081,6.128,-0.036,-14.599,112,3,250.68
12082,6.128,-0.047,-14.6,100,3,250.71
12083,6.128,-0.058,-14.6,84,3,250.71
12084,6.128,-0.069,-14.598,80,3,250.65
12085,6.128,-0.08,-14.6,101,3,250.71
12089,6.142,0,-14.597,89,3,250.8
12090,6.142,-0.011,-14.596,99,3,250.77
12091,6.141,-0.023,-14.595,98,3,250.73
12092,6.141,-0.034,-14.594,108,3,250.7
12093,6.141,-0.045,-14.594,96,3,250.7
12094,6.141,-0.056,-14.593,106,3,250.67
12095,6.141,-0.067,-14.593,103,3,250.67
12096,6.14,-0.078,-14.592,110,3,250.63
0,6.145,0.166,-14.603,182,3,251.01
1,6.144,0.122,-14.602,98,3,250.97
2,6.144,0.111,-14.601,95,3,250.94
3,6.146,0.099,-14.606,91,3,251.11
4,6.145,0.088,-14.604,97,3,251.04
5,6.146,0.077,-14.605,111,3,251.08
6,6.147,0.066,-14.607,118,3,251.15
7,6.146,0.055,-14.606,124,3,251.11
8,6.145,0.044,-14.604,113,3,251.04
9,6.145,0.033,-14.603,110,3,251.01
11,6.145,0.483,-14.58,122,3,250.34
12,6.145,0.472,-14.58,170,3,250.34
13,6.144,0.461,-14.579,181,3,250.3
14,6.146,0.449,-14.583,179,3,250.44
15,6.145,0.439,-14.581,184,3,250.37
16,6.145,0.428,-14.58,189,3,250.34
17,6.147,0.417,-14.584,162,3,250.48
18,6.146,0.405,-14.582,183,3,250.41
19,6.147,0.394,-14.585,182,3,250.51
20,6.147,0.384,-14.585,180,3,250.51
21,6.146,0.373,-14.583,183,3,250.44
22,6.147,0.361,-14.585,182,3,250.51
23,6.147,0.35,-14.584,179,3,250.48
24,6.147,0.339,-14.585,190,3,250.51
25,6.146,0.328,-14.582,180,3,250.41
26,6.147,0.317,-14.585,182,3,250.51
27,6.146,0.306,-14.581,194,3,250.38
28,6.148,0.295,-14.588,190,3,250.61
29,6.148,0.284,-14.587,191,3,250.58
30,6.148,0.273,-14.587,193,3,250.58
31,6.149,0.262,-14.59,186,3,250.68
32,6.148,0.251,-14.589,194,3,250.64
33,6.152,0.24,-14.596,147,3,250.89
34,6.148,0.229,-14.589,155,3,250.64
35,6.151,0.218,-14.594,155,3,250.82
36,6.149,0.207,-14.59,186,3,250.68
37,6.15,0.196,-14.591,188,3,250.72
38,6.149,0.185,-14.591,187,3,250.71
39,6.15,0.174,-14.593,188,3,250.78
40,6.15,0.162,-14.592,161,3,250.75
41,6.151,0.152,-14.594,90,3,250.82
42,6.15,0.14,-14.592,87,3,250.75
43,6.153,0.13,-14.598,97,3,250.96
44,6.151,0.118,-14.595,98,3,250.85
45,6.153,0.107,-14.597,94,3,250.93
46,6.153,0.096,-14.598,95,3,250.96
47,6.152,0.085,-14.597,89,3,250.92
48,6.153,0.074,-14.599,111,3,250.99
49,6.154,0.063,-14.601,120,3,251.06
50,6.154,0.052,-14.601,121,3,251.06
51,6.153,0.041,-14.599,121,3,250.99
52,6.154,0.03,-14.601,102,3,251.06
53,6.153,0.019,-14.599,92,3,250.99
54,6.152,0.008,-14.597,90,3,250.92
56,6.154,0.485,-14.579,111,3,250.42
57,6.152,0.474,-14.574,181,3,250.25
58,6.154,0.463,-14.578,183,3,250.39
59,6.154,0.452,-14.579,182,3,250.42
60,6.157,0.441,-14.585,182,3,250.63
61,6.154,0.43,-14.578,192,3,250.39
62,6.155,0.419,-14.58,180,3,250.46
63,6.154,0.408,-14.578,187,3,250.39
64,6.154,0.397,-14.578,187,3,250.39
65,6.154,0.386,-14.579,183,3,250.42
66,6.154,0.375,-14.578,185,3,250.39
67,6.155,0.363,-14.581,180,3,250.49
68,6.155,0.353,-14.58,170,3,250.46
69,6.155,0.342,-14.581,88,3,250.49
70,6.156,0.331,-14.583,84,3,250.56
71,6.156,0.319,-14.583,93,3,250.56
72,6.156,0.308,-14.584,103,3,250.59
73,6.155,0.298,-14.581,109,3,250.49
74,6.158,0.287,-14.587,116,3,250.7
75,6.158,0.275,-14.587,121,3,250.7
76,6.157,0.264,-14.585,125,3,250.63
77,6.157,0.253,-14.585,133,3,250.63
78,6.158,0.242,-14.587,111,3,250.7
79,6.158,0.231,-14.588,121,3,250.73
80,6.158,0.22,-14.587,118,3,250.7
81,6.158,0.209,-14.588,113,3,250.73
82,6.158,0.198,-14.589,99,3,250.76
83,6.159,0.187,-14.59,150,3,250.8
84,6.159,0.176,-14.59,174,3,250.8
85,6.157,0.165,-14.585,174,3,250.63
86,6.159,0.154,-14.59,93,3,250.8
87,6.158,0.142,-14.587,90,3,250.7
88,6.159,0.132,-14.59,99,3,250.8
89,6.159,0.121,-14.589,111,3,250.77
90,6.161,0.109,-14.594,102,3,250.94
91,6.16,0.098,-14.592,95,3,250.87
92,6.161,0.087,-14.594,84,3,250.94
93,6.162,0.076,-14.596,113,3,251.01
94,6.161,0.065,-14.595,105,3,250.97
95,6.163,0.054,-14.599,109,3,251.11
96,6.162,0.043,-14.597,117,3,251.04
97,6.162,0.032,-14.597,114,3,251.04
98,6.161,0.021,-14.594,100,3,250.94
99,6.161,0.01,-14.594,96,3,250.94
101,6.167,0.488,-14.572,126,3,250.38
102,6.167,0.477,-14.571,178,3,250.35
103,6.168,0.466,-14.574,181,3,250.45
104,6.168,0.455,-14.573,180,3,250.42
105,6.166,0.444,-14.57,178,3,250.3
106,6.168,0.433,-14.573,177,3,250.42
107,6.167,0.422,-14.572,181,3,250.38
108,6.168,0.41,-14.573,181,3,250.42
109,6.167,0.399,-14.57,180,3,250.32
110,6.168,0.389,-14.575,180,3,250.47
111,6.167,0.377,-14.571,186,3,250.35
112,6.168,0.366,-14.573,183,3,250.42
113,6.169,0.355,-14.576,170,3,250.52
114,6.169,0.344,-14.575,83,3,250.49
115,6.17,0.333,-14.578,83,3,250.59
116,6.168,0.322,-14.574,80,3,250.45
117,6.169,0.311,-14.577,79,3,250.55
118,6.17,0.3,-14.578,81,3,250.59
119,6.17,0.289,-14.579,77,3,250.62
120,6.171,0.278,-14.58,81,3,250.66
121,6.17,0.267,-14.578,76,3,250.59
122,6.171,0.256,-14.581,84,3,250.69
123,6.17,0.245,-14.578,115,3,250.59
124,6.171,0.234,-14.58,113,3,250.66
125,6.171,0.223,-14.58,103,3,250.66
126,6.171,0.212,-14.581,103,3,250.69
127,6.17,0.201,-14.579,98,3,250.62
128,6.173,0.19,-14.584,118,3,250.8
129,6.172,0.178,-14.583,117,3,250.76
130,6.173,0.168,-14.584,120,3,250.8
131,6.171,0.157,-14.581,92,3,250.69
132,6.171,0.146,-14.58,91,3,250.66
133,6.172,0.134,-14.583,90,3,250.76
134,6.172,0.123,-14.582,104,3,250.73
135,6.174,0.112,-14.587,108,3,250.9
136,6.174,0.101,-14.587,100,3,250.9
137,6.173,0.09,-14.586,94,3,250.86
138,6.174,0.079,-14.586,104,3,250.87
139,6.175,0.068,-14.59,111,3,251
140,6.174,0.057,-14.589,104,3,250.96
141,6.174,0.046,-14.587,109,3,250.9
142,6.175,0.035,-14.589,118,3,250.97
143,6.174,0.024,-14.588,94,3,250.93
144,6.174,0.013,-14.587,91,3,250.9
145,6.173,0.002,-14.585,100,3,250.83
148,6.174,0.484,-14.565,186,3,250.26
149,6.174,0.473,-14.565,179,3,250.26
150,6.174,0.462,-14.566,178,3,250.29
151,6.175,0.451,-14.568,180,3,250.36
152,6.175,0.44,-14.567,188,3,250.33
153,6.175,0.429,-14.568,181,3,250.36
154,6.177,0.418,-14.572,189,3,250.5
155,6.175,0.407,-14.568,185,3,250.36
156,6.176,0.396,-14.57,182,3,250.43
157,6.176,0.385,-14.57,185,3,250.43
158,6.176,0.374,-14.57,184,3,250.43
159,6.178,0.363,-14.575,184,3,250.6
160,6.177,0.352,-14.573,145,3,250.53
161,6.177,0.341,-14.573,84,3,250.53
162,6.178,0.33,-14.575,89,3,250.6
163,6.177,0.319,-14.572,77,3,250.5
164,6.179,0.308,-14.575,79,3,250.61
165,6.177,0.297,-14.573,84,3,250.53
166,6.179,0.286,-14.576,84,3,250.64
167,6.179,0.275,-14.575,82,3,250.61
168,6.178,0.263,-14.575,82,3,250.6
169,6.179,0.252,-14.577,117,3,250.67
170,6.18,0.242,-14.579,139,3,250.74
171,6.18,0.23,-14.578,149,3,250.71
172,6.18,0.219,-14.578,138,3,250.71
173,6.179,0.208,-14.577,136,3,250.67
174,6.181,0.197,-14.58,119,3,250.78
175,6.181,0.186,-14.58,121,3,250.78
176,6.181,0.175,-14.581,124,3,250.81
177,6.18,0.164,-14.58,117,3,250.77
178,6.179,0.153,-14.576,91,3,250.64
179,6.179,0.142,-14.576,85,3,250.64
180,6.18,0.131,-14.579,87,3,250.74
181,6.18,0.12,-14.578,101,3,250.71
182,6.18,0.109,-14.579,86,3,250.74
183,6.181,0.098,-14.581,94,3,250.81
184,6.18,0.086,-14.579,88,3,250.74
185,6.182,0.075,-14.585,111,3,250.94
186,6.181,0.065,-14.581,95,3,250.81
187,6.182,0.054,-14.584,112,3,250.91
188,6.183,0.043,-14.586,105,3,250.98
189,6.183,0.031,-14.586,104,3,250.98
190,6.182,0.02,-14.584,109,3,250.91
191,6.182,0.009,-14.583,101,3,250.88
194,6.182,0.49,-14.56,172,3,250.21
195,6.183,0.479,-14.562,184,3,250.28
196,6.183,0.467,-14.561,185,3,250.25
197,6.185,0.457,-14.564,183,3,250.36
198,6.182,0.445,-14.559,181,3,250.18
199,6.182,0.435,-14.559,180,3,250.18
200,6.183,0.423,-14.561,188,3,250.25
201,6.183,0.412,-14.561,183,3,250.25
202,6.183,0.401,-14.561,183,3,250.25
203,6.182,0.39,-14.559,185,3,250.18
204,6.184,0.379,-14.563,185,3,250.32
205,6.185,0.368,-14.564,185,3,250.36
206,6.185,0.357,-14.566,185,3,250.42
207,6.185,0.346,-14.566,78,3,250.42
208,6.187,0.336,-14.571,85,3,250.59
209,6.185,0.324,-14.566,86,3,250.42
210,6.187,0.313,-14.569,88,3,250.53
211,6.187,0.302,-14.57,83,3,250.56
212,6.187,0.291,-14.569,81,3,250.53
213,6.188,0.28,-14.571,86,3,250.61
214,6.186,0.269,-14.567,84,3,250.46
215,6.188,0.258,-14.571,109,3,250.61
216,6.188,0.247,-14.571,119,3,250.61
217,6.187,0.235,-14.571,122,3,250.59
218,6.187,0.225,-14.57,129,3,250.56
219,6.188,0.214,-14.573,123,3,250.66
220,6.188,0.203,-14.572,115,3,250.63
221,6.189,0.191,-14.575,119,3,250.73
222,6.189,0.18,-14.575,114,3,250.73
223,6.19,0.169,-14.576,110,3,250.78
224,6.187,0.159,-14.569,93,3,250.53
225,6.187,0.147,-14.57,88,3,250.56
226,6.188,0.136,-14.571,85,3,250.61
227,6.188,0.125,-14.572,80,3,250.63
228,6.188,0.114,-14.571,102,3,250.61
229,6.188,0.103,-14.573,86,3,250.66
230,6.188,0.092,-14.571,88,3,250.61
231,6.189,0.081,-14.574,82,3,250.71
232,6.189,0.07,-14.575,84,3,250.73
233,6.189,0.059,-14.575,104,3,250.73
234,6.19,0.048,-14.577,109,3,250.81
235,6.19,0.037,-14.577,109,3,250.81
236,6.19,0.026,-14.578,105,3,250.83
237,6.19,0.015,-14.576,107,3,250.78
238,6.189,0.004,-14.575,106,3,250.73
241,6.195,0.492,-14.552,182,3,250.14
242,6.196,0.481,-14.556,173,3,250.27
243,6.195,0.47,-14.553,182,3,250.17
244,6.196,0.459,-14.556,181,3,250.27
245,6.196,0.448,-14.554,184,3,250.21
246,6.196,0.437,-14.556,181,3,250.27
247,6.196,0.426,-14.556,182,3,250.27
248,6.196,0.415,-14.555,184,3,250.24
249,6.197,0.404,-14.557,178,3,250.31
250,6.198,0.393,-14.56,187,3,250.41
251,6.196,0.381,-14.555,192,3,250.24
252,6.199,0.371,-14.563,189,3,250.51
253,6.197,0.359,-14.557,194,3,250.31
254,6.199,0.349,-14.561,88,3,250.45
255,6.198,0.337,-14.56,85,3,250.41
256,6.199,0.326,-14.561,83,3,250.45
257,6.199,0.315,-14.562,113,3,250.48
258,6.199,0.304,-14.561,188,3,250.45
259,6.199,0.293,-14.561,188,3,250.45
260,6.199,0.282,-14.562,187,3,250.48
261,6.2,0.271,-14.564,89,3,250.55
262,6.199,0.26,-14.562,114,3,250.48
263,6.201,0.249,-14.566,125,3,250.62
264,6.199,0.238,-14.562,131,3,250.48
265,6.201,0.227,-14.566,137,3,250.62
266,6.201,0.216,-14.566,138,3,250.62
267,6.202,0.205,-14.568,127,3,250.69
268,6.201,0.194,-14.567,127,3,250.65
269,6.202,0.183,-14.568,118,3,250.69
270,6.202,0.172,-14.57,102,3,250.75
271,6.199,0.161,-14.561,118,3,250.45
272,6.199,0.149,-14.562,103,3,250.48
273,6.2,0.139,-14.564,85,3,250.55
274,6.2,0.127,-14.563,83,3,250.52
275,6.2,0.116,-14.563,113,3,250.52
276,6.2,0.105,-14.564,92,3,250.55
277,6.199,0.094,-14.562,95,3,250.48
278,6.201,0.083,-14.566,77,3,250.62
279,6.201,0.072,-14.566,84,3,250.62
280,6.202,0.061,-14.568,95,3,250.69
281,6.202,0.05,-14.569,114,3,250.72
282,6.203,0.039,-14.572,98,3,250.82
283,6.203,0.028,-14.57,105,3,250.76
284,6.203,0.017,-14.57,104,3,250.76
285,6.202,0.006,-14.569,103,3,250.72
289,6.205,0.488,-14.552,180,3,250.26
290,6.205,0.477,-14.552,187,3,250.26
291,6.209,0.466,-14.562,179,3,250.6
292,6.205,0.454,-14.552,177,3,250.26
293,6.205,0.444,-14.551,187,3,250.23
294,6.205,0.432,-14.551,178,3,250.23
295,6.205,0.421,-14.552,189,3,250.26
296,6.205,0.41,-14.55,184,3,250.2
297,6.206,0.4,-14.554,182,3,250.33
298,6.206,0.388,-14.553,182,3,250.3
299,6.206,0.377,-14.553,188,3,250.3
300,6.206,0.366,-14.554,188,3,250.33
301,6.206,0.355,-14.553,176,3,250.3
302,6.207,0.344,-14.556,86,3,250.4
303,6.209,0.333,-14.561,90,3,250.57
304,6.207,0.322,-14.556,86,3,250.4
305,6.207,0.311,-14.556,175,3,250.4
306,6.208,0.3,-14.559,188,3,250.5
307,6.208,0.289,-14.558,187,3,250.47
308,6.209,0.278,-14.56,172,3,250.55
309,6.208,0.267,-14.56,105,3,250.53
310,6.209,0.256,-14.56,121,3,250.55
311,6.209,0.245,-14.562,122,3,250.6
312,6.21,0.234,-14.562,145,3,250.62
313,6.21,0.223,-14.563,124,3,250.65
314,6.21,0.212,-14.564,119,3,250.67
315,6.209,0.2,-14.561,127,3,250.57
316,6.21,0.19,-14.564,124,3,250.67
317,6.21,0.178,-14.563,122,3,250.65
318,6.211,0.168,-14.566,124,3,250.74
319,6.209,0.156,-14.561,93,3,250.57
320,6.207,0.145,-14.557,126,3,250.43
321,6.209,0.134,-14.561,156,3,250.57
322,6.209,0.123,-14.562,117,3,250.6
323,6.21,0.112,-14.563,121,3,250.65
324,6.209,0.101,-14.561,88,3,250.57
325,6.209,0.09,-14.56,87,3,250.55
326,6.209,0.079,-14.561,88,3,250.57
327,6.208,0.068,-14.558,85,3,250.47
328,6.21,0.057,-14.563,107,3,250.65
329,6.21,0.046,-14.564,98,3,250.67
330,6.21,0.035,-14.564,119,3,250.67
331,6.212,0.024,-14.567,113,3,250.79
332,6.211,0.013,-14.565,105,3,250.72
333,6.211,0.002,-14.565,104,3,250.72
337,6.213,0.491,-14.545,181,3,250.16
338,6.213,0.479,-14.545,178,3,250.16
339,6.215,0.468,-14.55,182,3,250.33
340,6.214,0.457,-14.548,179,3,250.26
341,6.214,0.446,-14.548,184,3,250.26
342,6.214,0.435,-14.548,186,3,250.26
343,6.214,0.424,-14.549,182,3,250.29
344,6.214,0.413,-14.547,186,3,250.23
345,6.214,0.402,-14.547,184,3,250.23
346,6.216,0.391,-14.552,187,3,250.4
347,6.216,0.38,-14.551,187,3,250.37
348,6.215,0.369,-14.55,187,3,250.33
349,6.217,0.358,-14.555,180,3,250.5
350,6.214,0.347,-14.549,87,3,250.29
351,6.218,0.336,-14.556,87,3,250.54
352,6.215,0.324,-14.55,83,3,250.33
353,6.218,0.314,-14.556,154,3,250.54
354,6.216,0.303,-14.551,189,3,250.37
355,6.216,0.292,-14.551,186,3,250.37
356,6.218,0.28,-14.556,181,3,250.54
357,6.217,0.269,-14.554,123,3,250.47
358,6.218,0.259,-14.556,113,3,250.54
359,6.218,0.248,-14.557,116,3,250.57
360,6.219,0.236,-14.559,122,3,250.64
361,6.219,0.225,-14.558,125,3,250.61
362,6.22,0.214,-14.559,126,3,250.65
363,6.219,0.204,-14.558,125,3,250.61
364,6.22,0.192,-14.561,124,3,250.71
365,6.22,0.181,-14.561,115,3,250.71
366,6.22,0.17,-14.561,122,3,250.71
367,6.22,0.159,-14.56,95,3,250.68
368,6.217,0.148,-14.554,92,3,250.47
369,6.218,0.137,-14.555,91,3,250.51
370,6.216,0.126,-14.552,124,3,250.4
371,6.218,0.115,-14.555,161,3,250.51
372,6.218,0.104,-14.555,141,3,250.51
373,6.218,0.093,-14.555,99,3,250.51
374,6.218,0.082,-14.555,85,3,250.51
375,6.217,0.071,-14.554,94,3,250.47
376,6.219,0.06,-14.558,89,3,250.61
377,6.217,0.049,-14.554,93,3,250.47
378,6.22,0.037,-14.561,99,3,250.71
379,6.219,0.026,-14.558,101,3,250.61
380,6.219,0.015,-14.557,95,3,250.58
381,6.22,0.004,-14.561,99,3,250.71
385,6.225,0.494,-14.537,181,3,250.07
386,6.227,0.483,-14.542,183,3,250.25
387,6.226,0.472,-14.541,182,3,250.2
388,6.228,0.461,-14.545,184,3,250.35
389,6.229,0.45,-14.547,179,3,250.42
390,6.227,0.438,-14.542,181,3,250.25
391,6.228,0.428,-14.546,188,3,250.37
392,6.227,0.417,-14.542,184,3,250.25
393,6.227,0.405,-14.543,180,3,250.27
394,6.226,0.394,-14.54,187,3,250.17
395,6.227,0.383,-14.544,179,3,250.3
396,6.227,0.372,-14.542,185,3,250.25
397,6.227,0.361,-14.543,185,3,250.27
398,6.228,0.35,-14.546,93,3,250.37
399,6.228,0.339,-14.545,86,3,250.35
400,6.228,0.328,-14.546,85,3,250.37
401,6.229,0.317,-14.547,103,3,250.42
402,6.228,0.306,-14.545,190,3,250.35
403,6.229,0.295,-14.547,185,3,250.42
404,6.229,0.284,-14.548,188,3,250.44
405,6.23,0.273,-14.55,123,3,250.52
406,6.231,0.262,-14.552,114,3,250.59
407,6.231,0.251,-14.552,134,3,250.59
408,6.231,0.24,-14.552,130,3,250.59
409,6.231,0.229,-14.552,124,3,250.59
410,6.231,0.218,-14.551,140,3,250.56
411,6.231,0.207,-14.552,134,3,250.59
412,6.231,0.196,-14.551,124,3,250.56
413,6.232,0.184,-14.554,126,3,250.66
414,6.233,0.174,-14.556,117,3,250.73
415,6.233,0.162,-14.556,117,3,250.73
416,6.231,0.151,-14.551,84,3,250.56
417,6.232,0.14,-14.553,91,3,250.63
418,6.23,0.129,-14.549,88,3,250.49
419,6.231,0.119,-14.551,88,3,250.56
420,6.231,0.107,-14.55,100,3,250.53
421,6.231,0.096,-14.552,134,3,250.59
422,6.226,0.085,-14.54,158,3,250.17
423,6.231,0.074,-14.551,117,3,250.56
424,6.23,0.063,-14.55,100,3,250.52
425,6.23,0.052,-14.55,96,3,250.52
426,6.232,0.041,-14.553,104,3,250.63
427,6.231,0.03,-14.552,103,3,250.59
428,6.232,0.019,-14.554,96,3,250.66
429,6.232,0.007,-14.553,100,3,250.63
433,6.233,0.494,-14.532,185,3,250.03
434,6.235,0.483,-14.538,179,3,250.23
435,6.234,0.472,-14.535,182,3,250.13
436,6.234,0.46,-14.535,188,3,250.13
437,6.235,0.449,-14.538,181,3,250.23
438,6.235,0.438,-14.537,193,3,250.2
439,6.236,0.428,-14.539,183,3,250.27
440,6.236,0.416,-14.538,181,3,250.24
441,6.236,0.405,-14.54,183,3,250.3
442,6.236,0.394,-14.54,186,3,250.3
443,6.236,0.384,-14.54,185,3,250.3
444,6.235,0.372,-14.538,186,3,250.23
445,6.237,0.361,-14.54,183,3,250.31
446,6.236,0.35,-14.54,87,3,250.3
447,6.238,0.339,-14.543,87,3,250.41
448,6.237,0.328,-14.542,87,3,250.37
449,6.238,0.317,-14.543,104,3,250.41
450,6.235,0.306,-14.538,187,3,250.23
451,6.238,0.295,-14.543,187,3,250.41
452,6.238,0.284,-14.543,183,3,250.41
453,6.239,0.273,-14.545,139,3,250.48
454,6.239,0.262,-14.546,113,3,250.51
455,6.24,0.251,-14.547,119,3,250.55
456,6.24,0.24,-14.549,131,3,250.61
457,6.24,0.229,-14.549,131,3,250.61
458,6.241,0.218,-14.55,129,3,250.65
459,6.24,0.207,-14.547,130,3,250.55
460,6.241,0.196,-14.551,124,3,250.68
461,6.24,0.184,-14.549,126,3,250.61
462,6.241,0.173,-14.551,124,3,250.68
463,6.241,0.162,-14.55,120,3,250.65
464,6.241,0.152,-14.55,118,3,250.65
465,6.241,0.14,-14.55,129,3,250.65
466,6.242,0.129,-14.552,124,3,250.72
467,6.241,0.118,-14.551,90,3,250.68
468,6.241,0.107,-14.551,153,3,250.68
469,6.241,0.096,-14.552,186,3,250.71
470,6.242,0.085,-14.552,193,3,250.72
471,6.242,0.074,-14.552,188,3,250.72
472,6.241,0.063,-14.55,188,3,250.65
473,6.242,0.052,-14.553,185,3,250.75
474,6.243,0.041,-14.555,183,3,250.82
475,6.242,0.03,-14.553,187,3,250.75
476,6.244,0.019,-14.556,187,3,250.86
477,6.245,0.008,-14.559,172,3,250.96
481,6.244,0.488,-14.532,181,3,250.17
482,6.243,0.477,-14.53,186,3,250.1
483,6.244,0.466,-14.533,189,3,250.2
484,6.243,0.455,-14.531,183,3,250.13
485,6.244,0.444,-14.533,184,3,250.2
486,6.244,0.433,-14.531,182,3,250.14
487,6.244,0.422,-14.532,179,3,250.17
488,6.244,0.411,-14.533,180,3,250.2
489,6.246,0.4,-14.538,186,3,250.37
490,6.245,0.389,-14.535,186,3,250.27
491,6.247,0.377,-14.54,186,3,250.44
492,6.246,0.367,-14.535,184,3,250.28
493,6.248,0.356,-14.542,157,3,250.51
494,6.247,0.345,-14.539,87,3,250.41
495,6.246,0.333,-14.536,83,3,250.31
496,6.247,0.322,-14.539,91,3,250.41
497,6.246,0.311,-14.537,186,3,250.34
498,6.247,0.3,-14.538,183,3,250.38
499,6.246,0.289,-14.538,196,3,250.37
500,6.247,0.278,-14.54,117,3,250.44
501,6.247,0.267,-14.54,135,3,250.44
502,6.248,0.256,-14.542,115,3,250.51
503,6.247,0.245,-14.54,124,3,250.44
504,6.249,0.234,-14.543,122,3,250.55
505,6.248,0.223,-14.542,119,3,250.51
506,6.249,0.212,-14.543,132,3,250.55
507,6.251,0.201,-14.548,130,3,250.72
508,6.25,0.19,-14.545,121,3,250.62
509,6.25,0.179,-14.546,116,3,250.65
510,6.25,0.168,-14.546,121,3,250.65
511,6.251,0.156,-14.547,121,3,250.69
512,6.251,0.146,-14.547,119,3,250.69
513,6.25,0.134,-14.546,129,3,250.65
514,6.251,0.124,-14.548,108,3,250.72
515,6.25,0.112,-14.547,181,3,250.68
516,6.249,0.101,-14.544,184,3,250.58
517,6.251,0.09,-14.547,187,3,250.69
518,6.25,0.079,-14.547,188,3,250.68
519,6.251,0.068,-14.549,186,3,250.75
520,6.25,0.057,-14.545,182,3,250.62
521,6.252,0.046,-14.549,187,3,250.76
522,6.252,0.035,-14.551,182,3,250.82
523,6.253,0.024,-14.552,185,3,250.86
524,6.253,0.013,-14.552,179,3,250.86
525,6.254,0.002,-14.556,178,3,250.99
529,6.256,0.492,-14.528,185,3,250.2
530,6.255,0.481,-14.527,183,3,250.16
531,6.256,0.47,-14.529,180,3,250.23
532,6.257,0.459,-14.53,183,3,250.27
533,6.257,0.448,-14.529,178,3,250.24
534,6.256,0.437,-14.528,183,3,250.2
535,6.257,0.426,-14.53,182,3,250.27
536,6.255,0.414,-14.525,182,3,250.1
537,6.258,0.404,-14.531,188,3,250.31
538,6.255,0.393,-14.526,188,3,250.13
539,6.256,0.382,-14.528,182,3,250.2
540,6.257,0.37,-14.529,188,3,250.24
541,6.256,0.359,-14.528,184,3,250.2
542,6.257,0.348,-14.529,187,3,250.24
543,6.257,0.338,-14.53,187,3,250.27
544,6.258,0.326,-14.532,189,3,250.34
545,6.257,0.315,-14.529,183,3,250.24
546,6.259,0.304,-14.534,183,3,250.41
547,6.26,0.293,-14.535,187,3,250.45
548,6.26,0.282,-14.536,132,3,250.48
549,6.259,0.271,-14.535,121,3,250.44
550,6.26,0.26,-14.537,124,3,250.51
551,6.26,0.249,-14.536,121,3,250.48
552,6.26,0.238,-14.536,138,3,250.48
553,6.259,0.227,-14.533,131,3,250.38
554,6.26,0.216,-14.536,127,3,250.48
555,6.26,0.205,-14.535,126,3,250.45
556,6.261,0.194,-14.538,149,3,250.55
557,6.261,0.183,-14.54,123,3,250.61
558,6.26,0.171,-14.538,133,3,250.54
559,6.262,0.161,-14.542,121,3,250.68
560,6.262,0.149,-14.54,120,3,250.62
561,6.262,0.139,-14.541,126,3,250.65
562,6.261,0.127,-14.539,132,3,250.58
563,6.262,0.116,-14.54,186,3,250.62
564,6.261,0.105,-14.539,188,3,250.58
565,6.263,0.094,-14.544,184,3,250.75
566,6.263,0.083,-14.543,187,3,250.72
567,6.264,0.072,-14.544,181,3,250.77
568,6.263,0.061,-14.542,188,3,250.69
569,6.264,0.05,-14.545,181,3,250.79
570,6.263,0.039,-14.543,183,3,250.72
571,6.265,0.028,-14.547,183,3,250.87
572,6.263,0.017,-14.543,185,3,250.72
573,6.265,0.006,-14.547,175,3,250.87
577,6.265,0.489,-14.521,187,3,250.11
578,6.265,0.477,-14.522,185,3,250.14
579,6.265,0.467,-14.522,184,3,250.14
580,6.265,0.456,-14.521,179,3,250.11
581,6.265,0.444,-14.522,186,3,250.14
582,6.266,0.433,-14.524,182,3,250.21
583,6.265,0.423,-14.521,184,3,250.11
584,6.266,0.412,-14.524,185,3,250.21
585,6.266,0.4,-14.524,183,3,250.21
586,6.267,0.389,-14.527,185,3,250.31
587,6.266,0.378,-14.526,185,3,250.27
588,6.267,0.368,-14.527,189,3,250.31
589,6.266,0.356,-14.526,187,3,250.27
590,6.267,0.345,-14.528,189,3,250.34
591,6.265,0.334,-14.523,179,3,250.17
592,6.266,0.323,-14.524,184,3,250.21
593,6.266,0.312,-14.524,184,3,250.21
594,6.268,0.301,-14.528,184,3,250.35
595,6.267,0.29,-14.526,160,3,250.28
596,6.268,0.279,-14.529,127,3,250.38
597,6.268,0.268,-14.53,153,3,250.41
598,6.269,0.257,-14.533,122,3,250.51
599,6.269,0.246,-14.532,123,3,250.48
600,6.269,0.235,-14.531,129,3,250.45
601,6.27,0.224,-14.534,132,3,250.55
602,6.27,0.213,-14.533,127,3,250.52
603,6.27,0.201,-14.534,119,3,250.55
604,6.27,0.191,-14.534,119,3,250.55
605,6.271,0.179,-14.535,121,3,250.59
606,6.271,0.169,-14.535,124,3,250.59
607,6.271,0.157,-14.535,123,3,250.59
608,6.272,0.146,-14.538,131,3,250.69
609,6.271,0.135,-14.536,123,3,250.62
610,6.271,0.124,-14.536,181,3,250.62
611,6.272,0.113,-14.537,183,3,250.66
612,6.27,0.102,-14.534,186,3,250.55
613,6.272,0.091,-14.537,191,3,250.66
614,6.272,0.08,-14.538,180,3,250.69
615,6.272,0.069,-14.537,181,3,250.66
616,6.272,0.058,-14.537,179,3,250.66
617,6.273,0.047,-14.541,185,3,250.79
618,6.273,0.036,-14.539,187,3,250.73
619,6.274,0.025,-14.544,186,3,250.89
620,6.273,0.014,-14.541,179,3,250.79
621,6.273,0.003,-14.541,173,3,250.79
625,6.273,0.49,-14.518,178,3,250.12
626,6.273,0.479,-14.517,179,3,250.09
627,6.273,0.468,-14.519,180,3,250.15
628,6.272,0.457,-14.516,179,3,250.05
629,6.272,0.446,-14.517,183,3,250.08
630,6.273,0.435,-14.517,184,3,250.09
631,6.274,0.424,-14.519,188,3,250.16
632,6.274,0.412,-14.52,194,3,250.19
633,6.273,0.402,-14.519,186,3,250.15
634,6.274,0.391,-14.52,189,3,250.19
635,6.275,0.38,-14.523,180,3,250.29
636,6.275,0.368,-14.522,180,3,250.26
637,6.273,0.357,-14.519,185,3,250.15
638,6.276,0.347,-14.524,193,3,250.33
639,6.274,0.336,-14.521,185,3,250.22
640,6.274,0.324,-14.52,187,3,250.19
641,6.274,0.313,-14.521,184,3,250.22
642,6.274,0.302,-14.521,191,3,250.22
643,6.277,0.291,-14.526,133,3,250.41
644,6.275,0.28,-14.524,140,3,250.32
645,6.275,0.269,-14.523,130,3,250.29
646,6.276,0.258,-14.525,102,3,250.36
647,6.278,0.247,-14.529,132,3,250.51
648,6.277,0.236,-14.526,122,3,250.41
649,6.281,0.225,-14.535,140,3,250.72
650,6.279,0.214,-14.53,141,3,250.55
651,6.279,0.203,-14.53,118,3,250.55
652,6.278,0.192,-14.528,129,3,250.48
653,6.28,0.181,-14.535,146,3,250.7
654,6.279,0.17,-14.531,122,3,250.58
655,6.279,0.159,-14.53,120,3,250.55
656,6.279,0.148,-14.531,123,3,250.58
657,6.28,0.137,-14.532,128,3,250.62
658,6.278,0.125,-14.528,191,3,250.48
659,6.278,0.114,-14.53,186,3,250.53
660,6.279,0.104,-14.531,187,3,250.58
661,6.279,0.093,-14.53,179,3,250.55
662,6.279,0.081,-14.531,193,3,250.58
663,6.28,0.07,-14.533,183,3,250.65
664,6.28,0.059,-14.532,189,3,250.62
665,6.281,0.049,-14.537,190,3,250.78
666,6.28,0.037,-14.534,186,3,250.68
667,6.282,0.026,-14.539,184,3,250.85
668,6.281,0.015,-14.535,183,3,250.72
669,6.282,0.004,-14.538,180,3,250.82
673,6.286,0.493,-14.513,185,3,250.14
674,6.287,0.482,-14.516,182,3,250.24
675,6.286,0.471,-14.512,178,3,250.11
676,6.286,0.46,-14.513,179,3,250.14
677,6.285,0.449,-14.511,186,3,250.07
678,6.286,0.438,-14.512,188,3,250.11
679,6.285,0.426,-14.512,182,3,250.1
680,6.287,0.415,-14.515,189,3,250.21
681,6.285,0.404,-14.511,180,3,250.07
682,6.287,0.393,-14.515,188,3,250.21
683,6.286,0.382,-14.513,185,3,250.14
684,6.287,0.371,-14.514,186,3,250.18
685,6.287,0.36,-14.517,185,3,250.27
686,6.286,0.349,-14.514,188,3,250.17
687,6.287,0.338,-14.516,190,3,250.24
688,6.287,0.327,-14.515,192,3,250.21
689,6.29,0.316,-14.521,177,3,250.42
690,6.29,0.305,-14.523,140,3,250.48
691,6.289,0.294,-14.52,132,3,250.38
692,6.29,0.283,-14.522,138,3,250.45
693,6.289,0.272,-14.521,111,3,250.41
694,6.289,0.261,-14.52,135,3,250.38
695,6.287,0.25,-14.517,156,3,250.27
696,6.291,0.239,-14.524,126,3,250.52
697,6.289,0.228,-14.52,126,3,250.38
698,6.289,0.216,-14.52,116,3,250.38
699,6.289,0.206,-14.52,125,3,250.38
700,6.29,0.195,-14.521,125,3,250.42
701,6.291,0.184,-14.524,120,3,250.52
702,6.292,0.172,-14.526,120,3,250.59
703,6.292,0.162,-14.526,118,3,250.59
704,6.291,0.15,-14.525,118,3,250.55
705,6.292,0.14,-14.526,138,3,250.59
706,6.292,0.128,-14.527,182,3,250.62
707,6.292,0.117,-14.526,185,3,250.59
708,6.294,0.106,-14.53,189,3,250.74
709,6.292,0.095,-14.525,183,3,250.56
710,6.293,0.084,-14.529,181,3,250.69
711,6.291,0.073,-14.524,185,3,250.52
712,6.292,0.062,-14.526,188,3,250.59
713,6.293,0.051,-14.527,188,3,250.64
714,6.293,0.04,-14.528,186,3,250.66
715,6.292,0.029,-14.526,185,3,250.59
716,6.294,0.018,-14.531,184,3,250.76
717,6.293,0.007,-14.528,177,3,250.66
721,6.292,0.493,-14.504,188,3,249.96
722,6.294,0.482,-14.509,187,3,250.13
723,6.294,0.472,-14.509,181,3,250.13
724,6.293,0.46,-14.508,185,3,250.08
725,6.294,0.449,-14.51,188,3,250.15
726,6.294,0.438,-14.51,188,3,250.15
727,6.294,0.427,-14.51,186,3,250.15
728,6.294,0.416,-14.509,185,3,250.13
729,6.293,0.405,-14.507,181,3,250.05
730,6.294,0.394,-14.509,184,3,250.13
731,6.295,0.383,-14.511,181,3,250.2
732,6.296,0.372,-14.514,185,3,250.3
733,6.296,0.361,-14.513,180,3,250.27
734,6.295,0.35,-14.512,185,3,250.23
735,6.298,0.339,-14.517,178,3,250.41
736,6.298,0.328,-14.517,101,3,250.41
737,6.297,0.317,-14.514,76,3,250.31
738,6.297,0.306,-14.515,83,3,250.34
739,6.298,0.295,-14.517,122,3,250.41
740,6.299,0.284,-14.519,135,3,250.48
741,6.297,0.273,-14.514,147,3,250.31
742,6.298,0.262,-14.517,132,3,250.41
743,6.298,0.25,-14.517,129,3,250.41
744,6.298,0.239,-14.517,142,3,250.41
745,6.299,0.229,-14.52,136,3,250.51
746,6.296,0.218,-14.513,157,3,250.27
747,6.299,0.206,-14.521,133,3,250.54
748,6.299,0.195,-14.521,135,3,250.54
749,6.3,0.184,-14.522,121,3,250.58
750,6.301,0.174,-14.524,139,3,250.65
751,6.3,0.162,-14.523,132,3,250.61
752,6.301,0.151,-14.524,118,3,250.65
753,6.3,0.14,-14.522,127,3,250.58
754,6.3,0.129,-14.523,186,3,250.61
755,6.3,0.118,-14.522,180,3,250.58
756,6.3,0.107,-14.523,188,3,250.61
757,6.299,0.096,-14.52,181,3,250.51
758,6.302,0.085,-14.526,185,3,250.72
759,6.3,0.074,-14.523,183,3,250.61
760,6.3,0.063,-14.522,190,3,250.58
761,6.3,0.052,-14.523,181,3,250.61
762,6.301,0.041,-14.524,185,3,250.65
763,6.301,0.03,-14.524,186,3,250.65
764,6.301,0.019,-14.525,184,3,250.68
765,6.302,0.007,-14.528,181,3,250.78
768,6.304,0.498,-14.503,179,3,250.08
769,6.303,0.486,-14.501,178,3,250.01
770,6.304,0.475,-14.503,180,3,250.08
771,6.303,0.464,-14.501,187,3,250.01
772,6.304,0.453,-14.503,183,3,250.08
773,6.304,0.442,-14.503,183,3,250.08
774,6.304,0.431,-14.504,185,3,250.11
775,6.303,0.42,-14.502,193,3,250.04
776,6.303,0.409,-14.502,184,3,250.04
777,6.304,0.398,-14.504,187,3,250.11
778,6.305,0.387,-14.506,187,3,250.18
779,6.305,0.376,-14.507,181,3,250.21
780,6.305,0.365,-14.506,182,3,250.18
781,6.305,0.354,-14.507,187,3,250.21
782,6.306,0.343,-14.509,91,3,250.28
783,6.306,0.332,-14.508,77,3,250.25
784,6.306,0.321,-14.509,82,3,250.28
785,6.307,0.31,-14.512,79,3,250.38
786,6.307,0.299,-14.511,122,3,250.35
787,6.307,0.287,-14.512,111,3,250.38
788,6.306,0.276,-14.508,119,3,250.25
789,6.307,0.266,-14.511,125,3,250.35
790,6.308,0.255,-14.513,126,3,250.42
791,6.308,0.243,-14.512,139,3,250.39
792,6.307,0.232,-14.512,128,3,250.38
793,6.307,0.221,-14.512,131,3,250.38
794,6.31,0.211,-14.516,128,3,250.53
795,6.309,0.199,-14.516,133,3,250.52
796,6.31,0.188,-14.516,121,3,250.53
797,6.31,0.177,-14.517,126,3,250.56
798,6.31,0.166,-14.517,126,3,250.56
799,6.31,0.155,-14.517,121,3,250.56
800,6.311,0.144,-14.519,109,3,250.63
801,6.309,0.133,-14.515,81,3,250.49
802,6.307,0.122,-14.51,163,3,250.32
803,6.31,0.111,-14.517,187,3,250.56
804,6.309,0.1,-14.516,183,3,250.52
805,6.31,0.089,-14.517,185,3,250.56
806,6.309,0.078,-14.516,188,3,250.52
807,6.31,0.067,-14.517,180,3,250.56
808,6.309,0.056,-14.515,186,3,250.49
809,6.311,0.045,-14.519,184,3,250.63
810,6.309,0.034,-14.515,193,3,250.49
811,6.312,0.023,-14.522,188,3,250.73
812,6.311,0.012,-14.52,178,3,250.66
813,6.311,0,-14.52,173,3,250.66
817,6.318,0.489,-14.501,179,3,250.2
818,6.317,0.479,-14.499,180,3,250.13
819,6.316,0.467,-14.498,183,3,250.08
820,6.317,0.456,-14.499,186,3,250.13
821,6.314,0.445,-14.493,189,3,249.91
822,6.316,0.434,-14.497,185,3,250.05
823,6.316,0.423,-14.497,184,3,250.05
824,6.316,0.412,-14.497,188,3,250.05
825,6.315,0.401,-14.495,184,3,249.98
826,6.316,0.39,-14.498,190,3,250.08
827,6.316,0.379,-14.497,191,3,250.05
828,6.317,0.368,-14.499,183,3,250.13
829,6.315,0.357,-14.496,157,3,250.01
830,6.318,0.346,-14.502,77,3,250.23
831,6.319,0.335,-14.505,87,3,250.32
832,6.319,0.324,-14.505,85,3,250.32
833,6.319,0.313,-14.505,86,3,250.32
834,6.319,0.302,-14.504,121,3,250.3
835,6.32,0.291,-14.507,157,3,250.4
836,6.319,0.28,-14.505,139,3,250.32
837,6.319,0.268,-14.503,117,3,250.27
838,6.319,0.257,-14.504,101,3,250.3
839,6.319,0.247,-14.505,128,3,250.32
840,6.321,0.235,-14.509,134,3,250.47
841,6.319,0.224,-14.505,132,3,250.32
842,6.321,0.213,-14.508,131,3,250.44
843,6.32,0.202,-14.507,132,3,250.4
844,6.321,0.191,-14.509,120,3,250.47
845,6.321,0.18,-14.51,120,3,250.5
846,6.321,0.169,-14.509,133,3,250.47
847,6.321,0.158,-14.509,114,3,250.47
848,6.321,0.147,-14.509,79,3,250.47
849,6.323,0.136,-14.512,83,3,250.58
850,6.323,0.125,-14.511,74,3,250.55
851,6.323,0.114,-14.513,140,3,250.61
852,6.322,0.103,-14.51,191,3,250.51
853,6.321,0.091,-14.509,187,3,250.47
854,6.321,0.08,-14.509,187,3,250.47
855,6.323,0.07,-14.512,182,3,250.58
856,6.322,0.058,-14.51,185,3,250.51
857,6.323,0.047,-14.511,189,3,250.55
858,6.323,0.036,-14.513,181,3,250.61
859,6.323,0.025,-14.511,193,3,250.55
860,6.323,0.014,-14.513,173,3,250.61
861,6.322,0.004,-14.511,175,3,250.54
864,6.325,0.499,-14.495,177,3,250.11
865,6.324,0.488,-14.494,182,3,250.07
866,6.326,0.477,-14.499,180,3,250.24
867,6.326,0.465,-14.498,181,3,250.21
868,6.326,0.455,-14.497,181,3,250.18
869,6.325,0.444,-14.496,186,3,250.14
870,6.325,0.433,-14.496,185,3,250.14
871,6.324,0.421,-14.493,194,3,250.04
872,6.324,0.41,-14.494,179,3,250.07
873,6.325,0.399,-14.495,184,3,250.11
874,6.325,0.388,-14.495,189,3,250.11
875,6.325,0.377,-14.496,187,3,250.14
876,6.325,0.366,-14.495,183,3,250.11
877,6.328,0.355,-14.502,94,3,250.35
878,6.325,0.344,-14.496,86,3,250.14
879,6.327,0.333,-14.5,82,3,250.28
880,6.327,0.322,-14.5,90,3,250.28
881,6.328,0.311,-14.502,158,3,250.35
882,6.326,0.3,-14.498,179,3,250.21
883,6.328,0.289,-14.502,181,3,250.35
884,6.327,0.278,-14.5,183,3,250.28
885,6.329,0.267,-14.503,175,3,250.39
886,6.326,0.256,-14.497,160,3,250.18
887,6.328,0.245,-14.503,124,3,250.38
888,6.329,0.234,-14.504,108,3,250.42
889,6.328,0.222,-14.502,127,3,250.35
890,6.328,0.212,-14.503,125,3,250.38
891,6.328,0.2,-14.503,134,3,250.38
892,6.33,0.19,-14.505,132,3,250.46
893,6.329,0.178,-14.505,134,3,250.45
894,6.33,0.167,-14.505,114,3,250.46
895,6.33,0.156,-14.506,110,3,250.49
896,6.33,0.146,-14.507,78,3,250.52
897,6.332,0.134,-14.512,81,3,250.69
898,6.331,0.123,-14.509,76,3,250.59
899,6.331,0.112,-14.507,88,3,250.53
900,6.331,0.101,-14.508,188,3,250.56
901,6.332,0.09,-14.511,186,3,250.66
902,6.332,0.079,-14.51,188,3,250.63
903,6.329,0.068,-14.505,187,3,250.45
904,6.332,0.057,-14.511,187,3,250.66
905,6.332,0.046,-14.511,183,3,250.66
906,6.33,0.035,-14.507,187,3,250.52
907,6.33,0.024,-14.507,180,3,250.52
908,6.331,0.013,-14.509,180,3,250.59
909,6.331,0.002,-14.509,172,3,250.59
912,6.334,0.49,-14.489,183,3,250.05
913,6.333,0.479,-14.489,183,3,250.04
914,6.333,0.468,-14.488,180,3,250.01
915,6.334,0.456,-14.489,179,3,250.05
916,6.335,0.445,-14.491,174,3,250.12
917,6.333,0.434,-14.487,184,3,249.98
918,6.334,0.424,-14.49,184,3,250.08
919,6.334,0.412,-14.489,180,3,250.05
920,6.334,0.401,-14.49,185,3,250.08
921,6.336,0.39,-14.493,185,3,250.19
922,6.335,0.379,-14.491,182,3,250.12
923,6.335,0.368,-14.493,183,3,250.18
924,6.337,0.357,-14.495,93,3,250.26
925,6.335,0.346,-14.493,88,3,250.18
926,6.336,0.335,-14.494,98,3,250.22
927,6.335,0.324,-14.493,94,3,250.18
928,6.336,0.313,-14.494,184,3,250.22
929,6.336,0.302,-14.494,192,3,250.22
930,6.336,0.291,-14.493,183,3,250.19
931,6.336,0.28,-14.493,185,3,250.19
932,6.337,0.269,-14.495,184,3,250.26
933,6.337,0.258,-14.495,182,3,250.26
934,6.337,0.247,-14.495,184,3,250.26
935,6.337,0.236,-14.497,182,3,250.32
936,6.335,0.225,-14.493,160,3,250.18
937,6.339,0.214,-14.5,102,3,250.43
938,6.339,0.203,-14.501,106,3,250.46
939,6.339,0.192,-14.5,120,3,250.43
940,6.339,0.181,-14.501,114,3,250.46
941,6.338,0.17,-14.499,131,3,250.39
942,6.338,0.159,-14.498,168,3,250.36
943,6.34,0.147,-14.504,145,3,250.56
944,6.34,0.137,-14.502,83,3,250.5
945,6.339,0.126,-14.501,77,3,250.46
946,6.34,0.115,-14.502,77,3,250.5
947,6.339,0.103,-14.5,171,3,250.43
948,6.34,0.092,-14.503,189,3,250.53
949,6.339,0.081,-14.501,186,3,250.46
950,6.339,0.07,-14.501,186,3,250.46
951,6.341,0.059,-14.504,183,3,250.57
952,6.341,0.048,-14.505,184,3,250.6
953,6.342,0.037,-14.508,183,3,250.7
954,6.342,0.026,-14.508,175,3,250.7
955,6.341,0.015,-14.506,172,3,250.63
956,6.343,0.004,-14.508,178,3,250.72
959,6.348,0.491,-14.485,179,3,250.11
960,6.346,0.48,-14.482,180,3,250
961,6.348,0.469,-14.486,180,3,250.14
962,6.346,0.458,-14.481,171,3,249.97
963,6.347,0.447,-14.484,178,3,250.07
964,6.346,0.436,-14.481,185,3,249.97
965,6.347,0.425,-14.483,174,3,250.04
966,6.346,0.414,-14.482,184,3,250
967,6.347,0.403,-14.483,184,3,250.04
968,6.347,0.392,-14.483,178,3,250.04
969,6.348,0.381,-14.484,192,3,250.08
970,6.347,0.37,-14.483,184,3,250.04
971,6.35,0.359,-14.488,124,3,250.22
972,6.348,0.347,-14.486,88,3,250.14
973,6.349,0.337,-14.488,120,3,250.21
974,6.349,0.326,-14.488,127,3,250.21
975,6.351,0.315,-14.491,114,3,250.32
976,6.35,0.303,-14.49,111,3,250.28
977,6.351,0.292,-14.491,137,3,250.32
978,6.35,0.282,-14.489,147,3,250.25
979,6.35,0.271,-14.49,116,3,250.28
980,6.351,0.259,-14.491,112,3,250.32
981,6.351,0.248,-14.491,112,3,250.32
982,6.35,0.237,-14.49,129,3,250.28
983,6.35,0.226,-14.489,146,3,250.25
984,6.349,0.215,-14.487,161,3,250.18
985,6.347,0.204,-14.483,163,3,250.04
986,6.351,0.193,-14.491,162,3,250.32
987,6.352,0.182,-14.495,96,3,250.45
988,6.353,0.171,-14.496,127,3,250.49
989,6.351,0.16,-14.491,171,3,250.32
990,6.352,0.149,-14.495,182,3,250.45
991,6.353,0.138,-14.497,82,3,250.52
992,6.352,0.126,-14.495,77,3,250.45
993,6.353,0.116,-14.496,85,3,250.49
994,6.352,0.105,-14.493,167,3,250.39
995,6.352,0.094,-14.494,187,3,250.42
996,6.352,0.083,-14.493,185,3,250.39
997,6.353,0.072,-14.496,185,3,250.49
998,6.352,0.06,-14.495,188,3,250.45
999,6.352,0.05,-14.495,189,3,250.45
1000,6.353,0.038,-14.496,184,3,250.49
1001,6.353,0.027,-14.497,169,3,250.52
1002,6.353,0.016,-14.496,179,3,250.49
1003,6.353,0.005,-14.496,177,3,250.49
1006,6.355,0.492,-14.481,174,3,250.09
1007,6.355,0.481,-14.481,182,3,250.09
1008,6.354,0.47,-14.479,177,3,250.01
1009,6.354,0.458,-14.479,179,3,250.01
1010,6.353,0.447,-14.477,175,3,249.94
1011,6.353,0.437,-14.478,184,3,249.97
1012,6.353,0.426,-14.477,186,3,249.94
1013,6.355,0.414,-14.481,188,3,250.09
1014,6.355,0.403,-14.481,179,3,250.09
1015,6.357,0.392,-14.486,181,3,250.26
1016,6.355,0.381,-14.481,183,3,250.09
1017,6.356,0.37,-14.483,188,3,250.16
1018,6.356,0.359,-14.484,169,3,250.18
1019,6.355,0.348,-14.482,99,3,250.11
1020,6.356,0.337,-14.484,109,3,250.18
1021,6.357,0.326,-14.484,115,3,250.2
1022,6.357,0.315,-14.485,120,3,250.23
1023,6.357,0.304,-14.485,125,3,250.23
1024,6.357,0.293,-14.486,128,3,250.26
1025,6.357,0.282,-14.485,153,3,250.23
1026,6.356,0.271,-14.484,159,3,250.18
1027,6.357,0.26,-14.486,153,3,250.26
1028,6.358,0.249,-14.486,151,3,250.27
1029,6.358,0.238,-14.488,126,3,250.33
1030,6.359,0.227,-14.489,135,3,250.37
1031,6.358,0.216,-14.488,133,3,250.33
1032,6.359,0.205,-14.49,109,3,250.4
1033,6.36,0.194,-14.493,119,3,250.5
1034,6.359,0.183,-14.49,121,3,250.4
1035,6.358,0.171,-14.488,125,3,250.33
1036,6.359,0.161,-14.491,119,3,250.43
1037,6.359,0.149,-14.491,127,3,250.43
1038,6.359,0.139,-14.491,104,3,250.43
1039,6.36,0.128,-14.493,101,3,250.5
1040,6.359,0.116,-14.49,90,3,250.4
1041,6.36,0.105,-14.492,132,3,250.47
1042,6.359,0.094,-14.491,173,3,250.43
1043,6.359,0.083,-14.49,179,3,250.4
1044,6.359,0.072,-14.49,181,3,250.4
1045,6.361,0.061,-14.495,179,3,250.57
1046,6.36,0.05,-14.493,189,3,250.5
1047,6.362,0.039,-14.496,188,3,250.61
1048,6.361,0.028,-14.494,178,3,250.54
1049,6.361,0.017,-14.495,174,3,250.57
1050,6.362,0.006,-14.497,182,3,250.64
1052,6.364,0.494,-14.477,154,3,250.08
1053,6.363,0.483,-14.476,184,3,250.04
1054,6.364,0.472,-14.476,178,3,250.06
1055,6.364,0.461,-14.476,180,3,250.06
1056,6.364,0.45,-14.478,176,3,250.11
1057,6.363,0.438,-14.476,181,3,250.04
1058,6.364,0.428,-14.477,172,3,250.08
1059,6.365,0.417,-14.479,187,3,250.15
1060,6.364,0.406,-14.476,189,3,250.06
1061,6.365,0.394,-14.479,188,3,250.15
1062,6.364,0.384,-14.476,189,3,250.06
1063,6.365,0.373,-14.478,188,3,250.13
1064,6.365,0.361,-14.479,183,3,250.15
1065,6.365,0.351,-14.48,115,3,250.18
1066,6.365,0.34,-14.478,115,3,250.13
1067,6.365,0.328,-14.479,107,3,250.15
1068,6.366,0.317,-14.481,102,3,250.23
1069,6.365,0.306,-14.48,112,3,250.18
1070,6.365,0.296,-14.479,125,3,250.15
1071,6.366,0.284,-14.482,129,3,250.25
1072,6.368,0.273,-14.486,145,3,250.4
1073,6.367,0.262,-14.484,141,3,250.32
1074,6.367,0.251,-14.483,130,3,250.3
1075,6.367,0.24,-14.483,146,3,250.3
1076,6.367,0.229,-14.484,127,3,250.32
1077,6.368,0.218,-14.486,154,3,250.4
1078,6.367,0.207,-14.484,130,3,250.32
1079,6.368,0.196,-14.485,101,3,250.37
1080,6.366,0.184,-14.483,114,3,250.28
1081,6.368,0.174,-14.486,136,3,250.4
1082,6.368,0.163,-14.486,130,3,250.4
1083,6.368,0.152,-14.486,108,3,250.4
1084,6.37,0.14,-14.489,144,3,250.51
1085,6.369,0.13,-14.487,108,3,250.44
1086,6.368,0.118,-14.486,115,3,250.4
1087,6.367,0.108,-14.484,113,3,250.32
1088,6.368,0.097,-14.486,98,3,250.4
1089,6.367,0.086,-14.484,84,3,250.32
1090,6.367,0.074,-14.484,89,3,250.32
1091,6.37,0.063,-14.489,160,3,250.51
1092,6.37,0.052,-14.491,183,3,250.57
1093,6.37,0.041,-14.489,178,3,250.51
1094,6.371,0.03,-14.491,168,3,250.58
1095,6.37,0.019,-14.491,172,3,250.57
1096,6.371,0.008,-14.493,175,3,250.64
1097,6.375,0.496,-14.467,118,3,249.93
1098,6.376,0.485,-14.469,141,3,250.01
1099,6.376,0.474,-14.468,181,3,249.98
1100,6.376,0.463,-14.468,181,3,249.98
1101,6.377,0.452,-14.472,180,3,250.1
1102,6.376,0.441,-14.469,178,3,250.01
1103,6.377,0.43,-14.47,180,3,250.05
1104,6.378,0.419,-14.472,175,3,250.12
1105,6.378,0.408,-14.472,188,3,250.12
1106,6.376,0.396,-14.468,192,3,249.98
1107,6.377,0.386,-14.47,180,3,250.05
1108,6.378,0.375,-14.472,182,3,250.12
1109,6.376,0.363,-14.469,186,3,250.01
1110,6.377,0.352,-14.472,189,3,250.1
1111,6.378,0.341,-14.472,109,3,250.12
1112,6.377,0.33,-14.472,115,3,250.1
1113,6.378,0.319,-14.472,96,3,250.12
1114,6.378,0.308,-14.473,98,3,250.15
1115,6.378,0.297,-14.474,114,3,250.18
1116,6.38,0.286,-14.478,126,3,250.32
1117,6.38,0.275,-14.477,134,3,250.29
1118,6.38,0.264,-14.477,148,3,250.29
1119,6.38,0.253,-14.477,124,3,250.29
1120,6.38,0.242,-14.477,132,3,250.29
1121,6.38,0.231,-14.477,139,3,250.29
1122,6.38,0.22,-14.478,124,3,250.32
1123,6.382,0.209,-14.481,107,3,250.43
1124,6.381,0.198,-14.479,125,3,250.36
1125,6.381,0.187,-14.479,106,3,250.36
1126,6.38,0.176,-14.478,117,3,250.32
1127,6.381,0.165,-14.481,127,3,250.42
1128,6.38,0.154,-14.477,157,3,250.29
1129,6.382,0.143,-14.481,100,3,250.43
1130,6.381,0.132,-14.48,128,3,250.39
1131,6.381,0.121,-14.48,126,3,250.39
1132,6.381,0.109,-14.481,108,3,250.42
1133,6.381,0.098,-14.479,101,3,250.36
1134,6.381,0.088,-14.479,96,3,250.36
1135,6.381,0.077,-14.48,97,3,250.39
1136,6.383,0.065,-14.484,161,3,250.53
1137,6.383,0.054,-14.483,190,3,250.5
1138,6.383,0.043,-14.483,178,3,250.5
1139,6.383,0.032,-14.485,179,3,250.56
1140,6.383,0.021,-14.483,172,3,250.5
1141,6.384,0.01,-14.486,183,3,250.6
1142,6.387,0.496,-14.471,81,3,250.2
1143,6.384,0.485,-14.464,157,3,249.96
1144,6.384,0.474,-14.464,184,3,249.96
1145,6.384,0.463,-14.465,176,3,249.99
1146,6.385,0.452,-14.467,181,3,250.06
1147,6.384,0.44,-14.464,174,3,249.96
1148,6.384,0.43,-14.464,180,3,249.96
1149,6.384,0.419,-14.465,180,3,249.99
1150,6.384,0.408,-14.465,186,3,249.99
1151,6.383,0.396,-14.463,186,3,249.92
1152,6.384,0.386,-14.464,186,3,249.96
1153,6.385,0.374,-14.466,186,3,250.03
1154,6.385,0.363,-14.466,189,3,250.03
1155,6.388,0.353,-14.474,183,3,250.3
1156,6.386,0.342,-14.469,144,3,250.13
1157,6.386,0.331,-14.469,119,3,250.13
1158,6.387,0.319,-14.47,101,3,250.17
1159,6.387,0.308,-14.471,97,3,250.2
1160,6.388,0.298,-14.474,108,3,250.3
1161,6.387,0.286,-14.47,130,3,250.17
1162,6.388,0.275,-14.473,125,3,250.27
1163,6.387,0.264,-14.471,140,3,250.2
1164,6.387,0.253,-14.472,126,3,250.23
1165,6.39,0.243,-14.478,112,3,250.44
1166,6.388,0.231,-14.472,129,3,250.25
1167,6.387,0.22,-14.472,135,3,250.23
1168,6.388,0.209,-14.473,109,3,250.27
1169,6.389,0.198,-14.476,137,3,250.37
1170,6.389,0.187,-14.474,136,3,250.32
1171,6.389,0.176,-14.476,100,3,250.37
1172,6.388,0.165,-14.473,103,3,250.27
1173,6.39,0.154,-14.477,110,3,250.42
1174,6.39,0.143,-14.477,116,3,250.42
1175,6.391,0.132,-14.481,113,3,250.54
1176,6.391,0.121,-14.478,113,3,250.46
1177,6.391,0.11,-14.478,112,3,250.46
1178,6.391,0.099,-14.479,144,3,250.49
1179,6.39,0.087,-14.476,142,3,250.39
1180,6.389,0.076,-14.475,129,3,250.34
1181,6.387,0.066,-14.471,173,3,250.2
1182,6.39,0.054,-14.476,181,3,250.39
1183,6.39,0.043,-14.478,176,3,250.44
1184,6.39,0.032,-14.477,173,3,250.42
1185,6.391,0.021,-14.479,178,3,250.49
1186,6.39,0.01,-14.478,183,3,250.44
1187,6.394,0.488,-14.462,76,3,250.03
1188,6.393,0.477,-14.461,123,3,249.99
1189,6.393,0.466,-14.46,176,3,249.96
1190,6.391,0.455,-14.457,180,3,249.85
1191,6.392,0.444,-14.459,176,3,249.92
1192,6.393,0.433,-14.46,179,3,249.96
1193,6.394,0.422,-14.463,184,3,250.06
1194,6.393,0.411,-14.46,179,3,249.96
1195,6.394,0.4,-14.464,183,3,250.09
1196,6.395,0.389,-14.464,185,3,250.1
1197,6.393,0.378,-14.46,182,3,249.96
1198,6.394,0.367,-14.462,180,3,250.03
1199,6.393,0.356,-14.462,186,3,250.02
1200,6.395,0.345,-14.465,143,3,250.13
1201,6.394,0.334,-14.464,131,3,250.09
1202,6.394,0.323,-14.464,130,3,250.09
1203,6.394,0.312,-14.464,104,3,250.09
1204,6.394,0.301,-14.463,105,3,250.06
1205,6.395,0.29,-14.465,89,3,250.13
1206,6.396,0.279,-14.467,132,3,250.2
1207,6.396,0.268,-14.467,138,3,250.2
1208,6.396,0.257,-14.466,145,3,250.17
1209,6.398,0.246,-14.47,130,3,250.32
1210,6.397,0.235,-14.468,138,3,250.24
1211,6.398,0.223,-14.472,152,3,250.37
1212,6.397,0.213,-14.469,135,3,250.27
1213,6.398,0.202,-14.47,118,3,250.32
1214,6.398,0.191,-14.472,123,3,250.37
1215,6.398,0.179,-14.47,129,3,250.32
1216,6.398,0.168,-14.471,128,3,250.34
1217,6.399,0.158,-14.473,146,3,250.41
1218,6.397,0.147,-14.47,144,3,250.3
1219,6.399,0.135,-14.474,106,3,250.44
1220,6.398,0.124,-14.471,125,3,250.34
1221,6.398,0.113,-14.471,137,3,250.34
1222,6.399,0.102,-14.473,147,3,250.41
1223,6.398,0.091,-14.472,147,3,250.37
1224,6.398,0.08,-14.472,154,3,250.37
1225,6.399,0.069,-14.473,128,3,250.41
1226,6.399,0.058,-14.474,178,3,250.44
1227,6.4,0.047,-14.476,183,3,250.51
1228,6.399,0.036,-14.473,173,3,250.41
1229,6.4,0.025,-14.476,176,3,250.51
1230,6.401,0.014,-14.477,181,3,250.56
1231,6.4,0.003,-14.476,178,3,250.51
1232,6.405,0.479,-14.455,110,3,249.97
1233,6.406,0.468,-14.457,139,3,250.04
1234,6.405,0.456,-14.454,184,3,249.94
1235,6.405,0.445,-14.455,182,3,249.97
1236,6.405,0.434,-14.454,176,3,249.94
1237,6.407,0.424,-14.459,175,3,250.11
1238,6.404,0.412,-14.453,172,3,249.9
1239,6.405,0.401,-14.455,186,3,249.97
1240,6.406,0.39,-14.458,188,3,250.07
1241,6.405,0.379,-14.455,190,3,249.97
1242,6.406,0.368,-14.457,186,3,250.04
1243,6.406,0.357,-14.457,187,3,250.04
1244,6.406,0.346,-14.458,132,3,250.07
1245,6.407,0.335,-14.459,121,3,250.11
1246,6.408,0.324,-14.46,103,3,250.15
1247,6.408,0.313,-14.461,112,3,250.18
1248,6.408,0.302,-14.461,112,3,250.18
1249,6.407,0.291,-14.46,87,3,250.14
1250,6.407,0.28,-14.46,103,3,250.14
1251,6.408,0.269,-14.462,145,3,250.21
1252,6.408,0.257,-14.462,154,3,250.21
1253,6.409,0.247,-14.462,131,3,250.22
1254,6.408,0.235,-14.462,152,3,250.21
1255,6.409,0.225,-14.464,134,3,250.28
1256,6.409,0.213,-14.464,148,3,250.28
1257,6.409,0.202,-14.463,96,3,250.25
1258,6.409,0.191,-14.463,99,3,250.25
1259,6.41,0.181,-14.465,104,3,250.32
1260,6.41,0.169,-14.464,122,3,250.3
1261,6.41,0.158,-14.465,132,3,250.32
1262,6.413,0.147,-14.472,137,3,250.57
1263,6.411,0.136,-14.469,120,3,250.45
1264,6.411,0.125,-14.468,146,3,250.42
1265,6.41,0.114,-14.465,150,3,250.32
1266,6.411,0.103,-14.468,156,3,250.42
1267,6.409,0.092,-14.463,154,3,250.25
1268,6.411,0.081,-14.467,158,3,250.4
1269,6.408,0.07,-14.46,158,3,250.15
1270,6.41,0.059,-14.465,184,3,250.32
1271,6.411,0.048,-14.467,178,3,250.4
1272,6.411,0.037,-14.468,177,3,250.42
1273,6.411,0.025,-14.466,184,3,250.37
1274,6.412,0.015,-14.469,171,3,250.47
1275,6.413,0.004,-14.472,137,3,250.57
1276,6.416,0.474,-14.455,77,3,250.11
1277,6.416,0.463,-14.454,125,3,250.08
1278,6.415,0.452,-14.452,178,3,250.01
1279,6.414,0.441,-14.45,175,3,249.94
1280,6.416,0.43,-14.455,178,3,250.11
1281,6.414,0.419,-14.45,184,3,249.94
1282,6.416,0.407,-14.454,174,3,250.08
1283,6.416,0.397,-14.454,182,3,250.08
1284,6.415,0.386,-14.452,179,3,250.01
1285,6.415,0.375,-14.452,186,3,250.01
1286,6.416,0.363,-14.454,186,3,250.08
1287,6.415,0.352,-14.453,186,3,250.04
1288,6.415,0.341,-14.452,124,3,250.01
1289,6.416,0.331,-14.454,124,3,250.08
1290,6.416,0.319,-14.454,104,3,250.08
1291,6.417,0.308,-14.456,109,3,250.15
1292,6.415,0.297,-14.453,95,3,250.04
1293,6.417,0.286,-14.458,89,3,250.21
1294,6.417,0.275,-14.457,97,3,250.18
1295,6.418,0.264,-14.46,125,3,250.28
1296,6.418,0.253,-14.46,129,3,250.28
1297,6.419,0.242,-14.461,134,3,250.32
1298,6.418,0.231,-14.459,122,3,250.25
1299,6.419,0.22,-14.461,116,3,250.32
1300,6.419,0.209,-14.462,110,3,250.35
1301,6.418,0.198,-14.46,125,3,250.28
1302,6.419,0.187,-14.461,109,3,250.32
1303,6.418,0.176,-14.459,115,3,250.25
1304,6.419,0.165,-14.462,105,3,250.35
1305,6.419,0.154,-14.462,109,3,250.35
1306,6.42,0.143,-14.464,110,3,250.42
1307,6.421,0.132,-14.466,107,3,250.49
1308,6.419,0.12,-14.461,109,3,250.32
1309,6.419,0.109,-14.462,108,3,250.35
1310,6.419,0.099,-14.462,110,3,250.35
1311,6.42,0.088,-14.465,106,3,250.45
1312,6.419,0.076,-14.462,97,3,250.35
1313,6.421,0.065,-14.466,172,3,250.49
1314,6.42,0.054,-14.464,172,3,250.42
1315,6.423,0.044,-14.47,177,3,250.64
1316,6.42,0.032,-14.465,177,3,250.45
1317,6.421,0.022,-14.466,180,3,250.49
1318,6.422,0.01,-14.469,146,3,250.59
1319,6.424,0.464,-14.448,87,3,250.01
1320,6.425,0.453,-14.451,120,3,250.11
1321,6.423,0.442,-14.445,177,3,249.91
1322,6.423,0.431,-14.445,178,3,249.91
1323,6.422,0.42,-14.443,182,3,249.84
1324,6.424,0.409,-14.448,178,3,250.01
1325,6.422,0.398,-14.444,185,3,249.87
1326,6.424,0.387,-14.448,172,3,250.01
1327,6.423,0.375,-14.445,180,3,249.91
1328,6.424,0.365,-14.448,185,3,250.01
1329,6.423,0.354,-14.445,172,3,249.91
1330,6.423,0.343,-14.446,108,3,249.94
1331,6.425,0.331,-14.45,118,3,250.08
1332,6.425,0.32,-14.45,124,3,250.08
1333,6.425,0.31,-14.45,115,3,250.08
1334,6.425,0.299,-14.45,104,3,250.08
1335,6.426,0.287,-14.451,94,3,250.12
1336,6.426,0.276,-14.452,110,3,250.15
1337,6.426,0.265,-14.453,145,3,250.18
1338,6.426,0.254,-14.452,131,3,250.15
1339,6.427,0.243,-14.454,132,3,250.22
1340,6.426,0.233,-14.451,123,3,250.12
1341,6.427,0.221,-14.454,118,3,250.22
1342,6.427,0.21,-14.455,121,3,250.25
1343,6.427,0.199,-14.456,126,3,250.28
1344,6.427,0.189,-14.453,128,3,250.2
1345,6.427,0.177,-14.455,118,3,250.25
1346,6.427,0.166,-14.455,122,3,250.25
1347,6.428,0.155,-14.457,111,3,250.32
1348,6.429,0.144,-14.457,114,3,250.34
1349,6.429,0.133,-14.458,115,3,250.37
1350,6.429,0.122,-14.459,131,3,250.39
1351,6.429,0.111,-14.458,103,3,250.37
1352,6.429,0.1,-14.459,124,3,250.39
1353,6.428,0.089,-14.457,121,3,250.32
1354,6.427,0.078,-14.455,109,3,250.25
1355,6.429,0.067,-14.458,174,3,250.37
1356,6.427,0.056,-14.455,185,3,250.25
1357,6.429,0.045,-14.459,174,3,250.39
1358,6.429,0.034,-14.458,174,3,250.37
1359,6.431,0.022,-14.462,174,3,250.51
1360,6.429,0.012,-14.458,142,3,250.37
1361,6.431,0.001,-14.462,61,3,250.51
1362,6.438,0.457,-14.444,85,3,250.08
1363,6.437,0.446,-14.441,145,3,249.98
1364,6.437,0.435,-14.441,183,3,249.98
1365,6.436,0.424,-14.439,179,3,249.91
1366,6.435,0.412,-14.438,178,3,249.87
1367,6.436,0.402,-14.439,178,3,249.91
1368,6.437,0.391,-14.441,180,3,249.98
1369,6.436,0.38,-14.44,178,3,249.94
1370,6.437,0.368,-14.441,172,3,249.98
1371,6.437,0.357,-14.441,177,3,249.98
1372,6.437,0.347,-14.441,106,3,249.98
1373,6.437,0.336,-14.44,119,3,249.95
1374,6.437,0.324,-14.441,103,3,249.98
1375,6.438,0.313,-14.443,103,3,250.05
1376,6.438,0.302,-14.443,100,3,250.05
1377,6.438,0.291,-14.444,93,3,250.08
1378,6.438,0.28,-14.445,94,3,250.11
1379,6.439,0.269,-14.447,109,3,250.18
1380,6.439,0.258,-14.445,116,3,250.12
1381,6.441,0.247,-14.45,134,3,250.29
1382,6.439,0.236,-14.446,135,3,250.15
1383,6.439,0.225,-14.446,143,3,250.15
1384,6.439,0.214,-14.447,134,3,250.18
1385,6.44,0.203,-14.449,140,3,250.25
1386,6.441,0.192,-14.45,126,3,250.29
1387,6.44,0.181,-14.449,130,3,250.25
1388,6.441,0.17,-14.45,139,3,250.29
1389,6.441,0.159,-14.45,137,3,250.29
1390,6.441,0.148,-14.451,121,3,250.32
1391,6.443,0.137,-14.454,153,3,250.43
1392,6.442,0.125,-14.453,151,3,250.39
1393,6.441,0.114,-14.451,153,3,250.32
1394,6.442,0.104,-14.452,136,3,250.36
1395,6.441,0.093,-14.45,156,3,250.29
1396,6.441,0.081,-14.451,139,3,250.32
1397,6.441,0.07,-14.45,157,3,250.29
1398,6.443,0.059,-14.453,176,3,250.4
1399,6.441,0.049,-14.45,179,3,250.29
1400,6.442,0.037,-14.451,173,3,250.33
1401,6.442,0.026,-14.453,131,3,250.39
1402,6.444,0.015,-14.457,52,3,250.53
1403,6.447,0.456,-14.443,24,3,250.16
1404,6.445,0.445,-14.439,86,3,250.02
1405,6.445,0.434,-14.439,124,3,250.02
1406,6.447,0.423,-14.443,179,3,250.16
1407,6.446,0.412,-14.439,174,3,250.04
1408,6.447,0.401,-14.443,174,3,250.16
1409,6.447,0.389,-14.442,175,3,250.14
1410,6.445,0.379,-14.439,190,3,250.02
1411,6.445,0.368,-14.438,177,3,249.99
1412,6.445,0.356,-14.437,177,3,249.96
1413,6.445,0.345,-14.437,124,3,249.96
1414,6.444,0.334,-14.435,125,3,249.89
1415,6.446,0.323,-14.44,121,3,250.06
1416,6.445,0.313,-14.438,107,3,249.99
1417,6.446,0.301,-14.44,111,3,250.06
1418,6.446,0.29,-14.439,102,3,250.04
1419,6.447,0.279,-14.441,99,3,250.11
1420,6.446,0.268,-14.44,114,3,250.06
1421,6.446,0.257,-14.441,99,3,250.09
1422,6.448,0.246,-14.444,117,3,250.21
1423,6.448,0.235,-14.444,106,3,250.21
1424,6.45,0.224,-14.447,119,3,250.32
1425,6.449,0.213,-14.446,122,3,250.28
1426,6.449,0.202,-14.446,101,3,250.28
1427,6.45,0.191,-14.448,97,3,250.35
1428,6.448,0.18,-14.443,96,3,250.18
1429,6.451,0.169,-14.45,118,3,250.42
1430,6.448,0.158,-14.444,114,3,250.21
1431,6.45,0.147,-14.448,145,3,250.35
1432,6.45,0.136,-14.448,130,3,250.35
1433,6.45,0.125,-14.448,124,3,250.35
1434,6.448,0.114,-14.444,124,3,250.21
1435,6.45,0.102,-14.448,157,3,250.35
1436,6.449,0.091,-14.446,156,3,250.28
1437,6.449,0.081,-14.446,158,3,250.28
1438,6.45,0.07,-14.448,182,3,250.35
1439,6.451,0.058,-14.452,180,3,250.48
1440,6.451,0.047,-14.451,178,3,250.45
1441,6.452,0.036,-14.454,132,3,250.55
1442,6.45,0.025,-14.449,77,3,250.38
1443,6.453,0.014,-14.456,25,3,250.62
1444,6.455,0.438,-14.435,70,3,250.04
1445,6.456,0.426,-14.438,137,3,250.14
1446,6.454,0.415,-14.433,162,3,249.97
1447,6.455,0.405,-14.436,178,3,250.07
1448,6.456,0.394,-14.438,179,3,250.14
1449,6.453,0.382,-14.432,173,3,249.92
1450,6.455,0.371,-14.435,180,3,250.04
1451,6.455,0.36,-14.434,183,3,250.01
1452,6.453,0.35,-14.432,102,3,249.92
1453,6.455,0.338,-14.434,123,3,250.01
1454,6.454,0.327,-14.433,122,3,249.97
1455,6.455,0.316,-14.434,122,3,250.01
1456,6.453,0.305,-14.431,112,3,249.89
1457,6.453,0.294,-14.431,100,3,249.89
1458,6.454,0.283,-14.433,93,3,249.97
1459,6.455,0.272,-14.434,94,3,250.01
1460,6.455,0.261,-14.435,104,3,250.04
1461,6.457,0.25,-14.44,93,3,250.21
1462,6.456,0.239,-14.436,109,3,250.08
1463,6.457,0.228,-14.439,102,3,250.18
1464,6.456,0.217,-14.437,84,3,250.11
1465,6.456,0.206,-14.438,91,3,250.14
1466,6.457,0.195,-14.439,90,3,250.18
1467,6.457,0.184,-14.439,97,3,250.18
1468,6.458,0.173,-14.441,94,3,250.25
1469,6.457,0.162,-14.44,94,3,250.21
1470,6.459,0.151,-14.444,86,3,250.35
1471,6.457,0.14,-14.441,97,3,250.24
1472,6.457,0.128,-14.441,103,3,250.24
1473,6.458,0.118,-14.443,111,3,250.31
1474,6.457,0.107,-14.44,104,3,250.21
1475,6.459,0.095,-14.444,98,3,250.35
1476,6.459,0.084,-14.444,115,3,250.35
1477,6.46,0.073,-14.447,150,3,250.45
1478,6.46,0.062,-14.446,178,3,250.42
1479,6.458,0.052,-14.441,165,3,250.25
1480,6.461,0.041,-14.448,140,3,250.49
1481,6.46,0.029,-14.446,59,3,250.42
1482,6.47,0.428,-14.432,65,3,250.14
1483,6.468,0.417,-14.427,146,3,249.97
1484,6.469,0.406,-14.429,119,3,250.04
1485,6.467,0.395,-14.426,181,3,249.93
1486,6.468,0.384,-14.427,182,3,249.97
1487,6.465,0.373,-14.422,221,3,249.79
1488,6.468,0.362,-14.427,183,3,249.97
1489,6.466,0.351,-14.423,128,3,249.83
1490,6.467,0.34,-14.426,126,3,249.93
1491,6.467,0.329,-14.426,108,3,249.93
1492,6.467,0.318,-14.427,117,3,249.96
1493,6.468,0.307,-14.427,129,3,249.97
1494,6.467,0.296,-14.426,136,3,249.93
1495,6.469,0.285,-14.429,133,3,250.04
1496,6.468,0.273,-14.428,117,3,250
1497,6.467,0.263,-14.426,113,3,249.93
1498,6.466,0.252,-14.424,115,3,249.86
1499,6.468,0.241,-14.427,109,3,249.97
1500,6.468,0.229,-14.428,117,3,250
1501,6.468,0.218,-14.428,92,3,250
1502,6.468,0.207,-14.428,99,3,250
1503,6.469,0.197,-14.43,93,3,250.07
1504,6.469,0.185,-14.429,97,3,250.04
1505,6.469,0.174,-14.429,97,3,250.04
1506,6.469,0.163,-14.429,110,3,250.04
1507,6.471,0.153,-14.434,117,3,250.21
1508,6.471,0.141,-14.434,107,3,250.21
1509,6.471,0.13,-14.436,103,3,250.27
1510,6.47,0.119,-14.433,106,3,250.17
1511,6.471,0.108,-14.436,98,3,250.27
1512,6.47,0.097,-14.434,100,3,250.2
1513,6.47,0.086,-14.433,100,3,250.17
1514,6.474,0.075,-14.441,135,3,250.46
1515,6.471,0.064,-14.436,129,3,250.27
1516,6.473,0.053,-14.438,122,3,250.36
1517,6.474,0.042,-14.441,62,3,250.46
1518,6.476,0.415,-14.426,75,3,250.05
1519,6.477,0.404,-14.429,153,3,250.15
1520,6.476,0.392,-14.426,126,3,250.05
1521,6.475,0.381,-14.425,186,3,250.01
1522,6.475,0.37,-14.425,214,3,250.01
1523,6.476,0.359,-14.426,186,3,250.05
1524,6.474,0.348,-14.422,142,3,249.91
1525,6.475,0.337,-14.424,126,3,249.98
1526,6.475,0.326,-14.423,145,3,249.95
1527,6.476,0.315,-14.425,105,3,250.02
1528,6.475,0.304,-14.424,96,3,249.98
1529,6.474,0.293,-14.421,90,3,249.88
1530,6.474,0.282,-14.422,99,3,249.91
1531,6.476,0.271,-14.425,122,3,250.02
1532,6.475,0.26,-14.423,130,3,249.95
1533,6.476,0.249,-14.427,138,3,250.08
1534,6.475,0.238,-14.422,144,3,249.92
1535,6.475,0.227,-14.424,126,3,249.98
1536,6.475,0.215,-14.423,133,3,249.95
1537,6.476,0.205,-14.425,121,3,250.02
1538,6.475,0.193,-14.424,111,3,249.98
1539,6.475,0.182,-14.423,91,3,249.95
1540,6.476,0.172,-14.425,103,3,250.02
1541,6.477,0.161,-14.427,111,3,250.09
1542,6.477,0.149,-14.428,115,3,250.12
1543,6.476,0.138,-14.426,119,3,250.05
1544,6.476,0.127,-14.426,113,3,250.05
1545,6.476,0.116,-14.427,109,3,250.08
1546,6.476,0.105,-14.426,77,3,250.05
1547,6.477,0.094,-14.428,103,3,250.12
1548,6.477,0.083,-14.428,100,3,250.12
1549,6.48,0.072,-14.435,124,3,250.36
1550,6.48,0.061,-14.435,88,3,250.36
1551,6.482,0.05,-14.438,44,3,250.47
1552,6.485,0.406,-14.422,52,3,250.05
1553,6.486,0.395,-14.425,67,3,250.15
1554,6.486,0.384,-14.426,147,3,250.18
1555,6.485,0.373,-14.424,154,3,250.11
1556,6.484,0.362,-14.42,178,3,249.98
1557,6.484,0.35,-14.42,127,3,249.98
1558,6.483,0.34,-14.418,110,3,249.91
1559,6.485,0.329,-14.422,96,3,250.05
1560,6.484,0.318,-14.42,101,3,249.98
1561,6.484,0.306,-14.42,114,3,249.98
1562,6.484,0.296,-14.42,90,3,249.98
1563,6.483,0.284,-14.418,94,3,249.91
1564,6.485,0.274,-14.423,87,3,250.08
1565,6.483,0.262,-14.418,98,3,249.91
1566,6.485,0.252,-14.423,124,3,250.08
1567,6.484,0.24,-14.42,110,3,249.98
1568,6.485,0.229,-14.423,125,3,250.08
1569,6.484,0.218,-14.422,121,3,250.04
1570,6.485,0.207,-14.422,121,3,250.05
1571,6.484,0.196,-14.421,119,3,250.01
1572,6.485,0.185,-14.422,120,3,250.05
1573,6.484,0.174,-14.42,119,3,249.98
1574,6.484,0.163,-14.42,86,3,249.98
1575,6.484,0.152,-14.42,117,3,249.98
1576,6.485,0.141,-14.423,155,3,250.08
1577,6.484,0.13,-14.42,135,3,249.98
1578,6.484,0.119,-14.42,130,3,249.98
1579,6.484,0.108,-14.421,114,3,250.01
1580,6.485,0.097,-14.422,105,3,250.05
1581,6.485,0.086,-14.423,102,3,250.08
1582,6.486,0.075,-14.425,74,3,250.15
1583,6.49,0.064,-14.434,31,3,250.46
1584,6.497,0.386,-14.415,58,3,250
1585,6.497,0.375,-14.415,64,3,250
1586,6.497,0.364,-14.415,158,3,250
1587,6.498,0.353,-14.416,135,3,250.05
1588,6.498,0.342,-14.416,119,3,250.05
1589,6.498,0.331,-14.417,153,3,250.07
1590,6.497,0.319,-14.415,132,3,250
1591,6.499,0.309,-14.42,143,3,250.17
1592,6.497,0.298,-14.414,119,3,249.97
1593,6.499,0.287,-14.418,121,3,250.12
1594,6.498,0.275,-14.416,98,3,250.05
1595,6.498,0.264,-14.416,103,3,250.05
1596,6.499,0.253,-14.419,121,3,250.14
1597,6.497,0.242,-14.414,113,3,249.97
1598,6.497,0.231,-14.414,106,3,249.97
1599,6.497,0.22,-14.415,109,3,250
1600,6.498,0.209,-14.416,109,3,250.05
1601,6.498,0.198,-14.417,101,3,250.07
1602,6.498,0.187,-14.417,103,3,250.07
1603,6.498,0.176,-14.416,102,3,250.05
1604,6.498,0.165,-14.416,111,3,250.05
1605,6.498,0.154,-14.415,109,3,250.02
1606,6.498,0.143,-14.417,109,3,250.07
1607,6.498,0.132,-14.416,120,3,250.05
1608,6.497,0.121,-14.415,101,3,250
1609,6.498,0.11,-14.416,100,3,250.05
1610,6.498,0.098,-14.415,102,3,250.02
1611,6.497,0.087,-14.413,81,3,249.95
1612,6.499,0.076,-14.417,76,3,250.09
1613,6.507,0.363,-14.414,77,3,250.1
1614,6.505,0.351,-14.411,126,3,249.99
1615,6.505,0.34,-14.411,146,3,249.99
1616,6.505,0.329,-14.411,148,3,249.99
1617,6.503,0.318,-14.407,155,3,249.85
1618,6.505,0.307,-14.411,160,3,249.99
1619,6.503,0.296,-14.406,155,3,249.82
1620,6.507,0.285,-14.415,139,3,250.13
1621,6.505,0.274,-14.41,117,3,249.96
1622,6.505,0.263,-14.411,102,3,249.99
1623,6.506,0.252,-14.412,115,3,250.03
1624,6.506,0.241,-14.411,105,3,250
1625,6.506,0.23,-14.413,114,3,250.06
1626,6.507,0.219,-14.415,128,3,250.13
1627,6.507,0.208,-14.414,126,3,250.1
1628,6.507,0.197,-14.414,114,3,250.1
1629,6.506,0.186,-14.413,117,3,250.06
1630,6.507,0.175,-14.414,101,3,250.1
1631,6.508,0.163,-14.415,110,3,250.15
1632,6.507,0.153,-14.414,107,3,250.1
1633,6.506,0.142,-14.411,101,3,250
1634,6.507,0.131,-14.413,103,3,250.08
1635,6.508,0.119,-14.415,112,3,250.15
1636,6.507,0.108,-14.414,105,3,250.1
1637,6.507,0.097,-14.414,108,3,250.1
1638,6.506,0.086,-14.413,98,3,250.06
1639,6.508,0.075,-14.416,63,3,250.18
1640,6.515,0.357,-14.409,123,3,250.06
1641,6.515,0.345,-14.408,127,3,250.04
1642,6.515,0.335,-14.409,140,3,250.06
1643,6.516,0.323,-14.409,150,3,250.08
1644,6.512,0.313,-14.402,168,3,249.82
1645,6.514,0.301,-14.405,155,3,249.94
1646,6.513,0.29,-14.403,172,3,249.87
1647,6.515,0.279,-14.407,159,3,250.01
1648,6.516,0.268,-14.409,155,3,250.08
1649,6.515,0.257,-14.407,156,3,250.01
1650,6.516,0.246,-14.409,143,3,250.08
1651,6.516,0.235,-14.411,128,3,250.14
1652,6.516,0.224,-14.411,122,3,250.14
1653,6.516,0.213,-14.411,112,3,250.14
1654,6.515,0.202,-14.408,111,3,250.04
1655,6.515,0.191,-14.408,102,3,250.04
1656,6.517,0.18,-14.411,111,3,250.15
1657,6.516,0.169,-14.41,99,3,250.11
1658,6.516,0.158,-14.41,98,3,250.11
1659,6.517,0.147,-14.413,102,3,250.21
1660,6.516,0.136,-14.41,110,3,250.11
1661,6.516,0.125,-14.411,109,3,250.14
1662,6.517,0.114,-14.412,125,3,250.18
1663,6.516,0.103,-14.41,121,3,250.11
1664,6.516,0.091,-14.41,126,3,250.11
1665,6.516,0.081,-14.41,123,3,250.11
1666,6.526,0.359,-14.401,51,3,249.98
1667,6.526,0.348,-14.4,71,3,249.95
1668,6.527,0.337,-14.401,112,3,249.99
1669,6.527,0.326,-14.402,131,3,250.02
1670,6.527,0.315,-14.402,143,3,250.02
1671,6.527,0.303,-14.401,146,3,249.99
1672,6.528,0.292,-14.405,148,3,250.12
1673,6.528,0.282,-14.403,148,3,250.06
1674,6.529,0.271,-14.405,158,3,250.13
1675,6.528,0.259,-14.403,159,3,250.06
1676,6.528,0.248,-14.403,134,3,250.06
1677,6.53,0.237,-14.408,145,3,250.23
1678,6.527,0.227,-14.402,147,3,250.02
1679,6.529,0.215,-14.405,118,3,250.13
1680,6.529,0.204,-14.406,123,3,250.16
1681,6.528,0.193,-14.403,129,3,250.06
1682,6.529,0.182,-14.405,109,3,250.13
1683,6.528,0.171,-14.405,113,3,250.12
1684,6.53,0.16,-14.407,105,3,250.2
1685,6.529,0.149,-14.406,130,3,250.16
1686,6.529,0.138,-14.405,151,3,250.13
1687,6.529,0.127,-14.405,153,3,250.13
1688,6.529,0.116,-14.405,156,3,250.13
1689,6.529,0.105,-14.406,149,3,250.16
1690,6.529,0.094,-14.405,155,3,250.13
1691,6.529,0.083,-14.406,145,3,250.16
1692,6.537,0.204,-14.399,13,3,250.06
1693,6.536,0.192,-14.397,85,3,249.99
1694,6.537,0.182,-14.4,78,3,250.09
1695,6.539,0.17,-14.402,131,3,250.18
1696,6.538,0.159,-14.4,139,3,250.11
1697,6.539,0.148,-14.402,104,3,250.18
1698,6.538,0.138,-14.401,108,3,250.13
1699,6.538,0.126,-14.401,105,3,250.13
2096,6.538,0.115,-14.401,108,3,250.13
2097,6.539,0.104,-14.403,97,3,250.2
2098,6.537,0.093,-14.399,82,3,250.06
2099,6.538,0.082,-14.4,78,3,250.11
150,6.066,0.418,-14.625,68,3,250.69
151,6.066,0.407,-14.626,144,3,250.72
152,6.066,0.396,-14.625,144,3,250.69
153,6.064,0.384,-14.621,178,3,250.55
154,6.065,0.373,-14.623,183,3,250.62
155,6.065,0.362,-14.623,187,3,250.62
156,6.066,0.352,-14.625,176,3,250.69
188,6.077,0.431,-14.617,64,3,250.59
189,6.077,0.419,-14.616,143,3,250.56
190,6.077,0.408,-14.617,159,3,250.59
191,6.076,0.397,-14.615,182,3,250.52
192,6.076,0.387,-14.613,172,3,250.46
193,6.077,0.375,-14.616,182,3,250.56
194,6.077,0.364,-14.616,181,3,250.56
195,6.078,0.353,-14.618,181,3,250.63
196,6.078,0.342,-14.618,177,3,250.63
197,6.08,0.331,-14.623,184,3,250.8
198,6.078,0.32,-14.618,178,3,250.63
199,6.08,0.309,-14.622,180,3,250.77
200,6.08,0.298,-14.621,180,3,250.74
201,6.081,0.287,-14.626,179,3,250.9
202,6.079,0.276,-14.62,185,3,250.7
203,6.08,0.265,-14.623,187,3,250.8
204,6.08,0.254,-14.623,185,3,250.8
205,6.079,0.243,-14.621,191,3,250.73
206,6.081,0.232,-14.625,186,3,250.87
207,6.078,0.221,-14.619,191,3,250.66
208,6.081,0.21,-14.625,187,3,250.87
209,6.08,0.199,-14.623,186,3,250.8
210,6.082,0.188,-14.626,180,3,250.91
211,6.081,0.176,-14.624,184,3,250.84
212,6.082,0.165,-14.627,161,3,250.94
213,6.083,0.155,-14.629,119,3,251.01
214,6.084,0.144,-14.632,100,3,251.11
215,6.084,0.132,-14.632,105,3,251.11
216,6.085,0.121,-14.634,117,3,251.18
217,6.085,0.11,-14.634,118,3,251.18
218,6.086,0.099,-14.637,131,3,251.28
219,6.085,0.088,-14.635,121,3,251.21
220,6.087,0.077,-14.639,137,3,251.35
221,6.084,0.066,-14.632,115,3,251.11
227,6.088,0.44,-14.616,68,3,250.69
228,6.086,0.429,-14.612,124,3,250.55
229,6.085,0.419,-14.61,163,3,250.48
230,6.085,0.407,-14.611,183,3,250.51
231,6.085,0.396,-14.611,182,3,250.51
232,6.085,0.385,-14.611,183,3,250.51
233,6.088,0.374,-14.618,179,3,250.75
234,6.086,0.363,-14.613,182,3,250.58
235,6.087,0.352,-14.615,188,3,250.65
236,6.088,0.341,-14.617,179,3,250.72
237,6.087,0.33,-14.614,182,3,250.62
238,6.087,0.319,-14.615,181,3,250.65
239,6.087,0.308,-14.615,188,3,250.65
240,6.087,0.297,-14.613,194,3,250.59
241,6.088,0.286,-14.616,182,3,250.69
242,6.088,0.275,-14.617,188,3,250.72
243,6.089,0.264,-14.619,189,3,250.79
244,6.088,0.252,-14.618,176,3,250.75
245,6.088,0.242,-14.617,190,3,250.72
246,6.089,0.231,-14.62,191,3,250.82
247,6.089,0.22,-14.62,192,3,250.82
248,6.089,0.208,-14.62,183,3,250.82
249,6.092,0.197,-14.626,193,3,251.03
250,6.09,0.186,-14.622,200,3,250.89
251,6.09,0.176,-14.623,182,3,250.92
252,6.091,0.164,-14.625,182,3,250.99
253,6.091,0.153,-14.625,104,3,250.99
254,6.092,0.142,-14.626,95,3,251.03
255,6.093,0.131,-14.628,100,3,251.1
256,6.093,0.12,-14.629,112,3,251.13
257,6.093,0.109,-14.63,118,3,251.16
258,6.094,0.098,-14.63,100,3,251.17
259,6.093,0.087,-14.629,120,3,251.13
260,6.093,0.075,-14.629,129,3,251.13
261,6.094,0.065,-14.631,99,3,251.2
262,6.093,0.054,-14.628,110,3,251.1
263,6.091,0.043,-14.625,112,3,250.99
264,6.091,0.032,-14.625,99,3,250.99
265,6.091,0.021,-14.625,120,3,250.99
266,6.091,0.01,-14.625,118,3,250.99
267,6.095,0.456,-14.608,59,3,250.54
268,6.095,0.444,-14.608,143,3,250.54
269,6.096,0.433,-14.609,146,3,250.58
270,6.095,0.422,-14.606,175,3,250.48
271,6.095,0.411,-14.607,182,3,250.51
272,6.095,0.4,-14.608,185,3,250.54
273,6.096,0.389,-14.609,184,3,250.58
274,6.097,0.378,-14.613,182,3,250.71
275,6.095,0.367,-14.608,174,3,250.54
276,6.096,0.356,-14.611,182,3,250.64
277,6.097,0.345,-14.612,180,3,250.68
278,6.096,0.334,-14.611,188,3,250.64
279,6.097,0.323,-14.612,188,3,250.68
280,6.096,0.312,-14.611,185,3,250.64
281,6.096,0.301,-14.609,188,3,250.58
282,6.098,0.289,-14.614,183,3,250.75
283,6.097,0.279,-14.613,183,3,250.71
284,6.098,0.268,-14.615,193,3,250.78
285,6.097,0.257,-14.611,182,3,250.65
286,6.097,0.245,-14.613,188,3,250.71
287,6.098,0.234,-14.613,186,3,250.73
288,6.098,0.223,-14.615,182,3,250.78
289,6.098,0.213,-14.615,182,3,250.78
290,6.101,0.201,-14.62,187,3,250.97
291,6.099,0.19,-14.616,189,3,250.83
292,6.102,0.179,-14.622,182,3,251.04
293,6.1,0.168,-14.62,180,3,250.95
294,6.101,0.157,-14.621,115,3,251
295,6.102,0.146,-14.624,100,3,251.1
296,6.1,0.135,-14.618,88,3,250.9
297,6.102,0.124,-14.623,92,3,251.07
298,6.103,0.113,-14.626,115,3,251.17
299,6.102,0.102,-14.624,105,3,251.1
300,6.103,0.091,-14.626,97,3,251.17
301,6.103,0.08,-14.625,109,3,251.14
302,6.102,0.068,-14.625,114,3,251.13
303,6.102,0.058,-14.624,116,3,251.1
304,6.102,0.047,-14.623,113,3,251.07
305,6.102,0.036,-14.622,117,3,251.04
306,6.102,0.024,-14.623,93,3,251.07
307,6.1,0.013,-14.618,113,3,250.9
308,6.101,0.002,-14.621,113,3,251
309,6.11,0.47,-14.609,21,3,250.75
310,6.105,0.459,-14.597,65,3,250.34
311,6.108,0.448,-14.603,115,3,250.56
312,6.107,0.437,-14.601,180,3,250.48
313,6.108,0.426,-14.602,180,3,250.53
314,6.108,0.415,-14.604,180,3,250.58
315,6.108,0.404,-14.602,180,3,250.53
316,6.109,0.393,-14.604,179,3,250.6
317,6.109,0.382,-14.604,179,3,250.6
318,6.108,0.37,-14.604,180,3,250.58
319,6.109,0.359,-14.605,178,3,250.63
320,6.108,0.348,-14.602,187,3,250.53
321,6.108,0.337,-14.603,188,3,250.56
322,6.108,0.326,-14.603,186,3,250.56
323,6.11,0.315,-14.609,189,3,250.75
324,6.108,0.304,-14.604,188,3,250.58
325,6.109,0.293,-14.606,184,3,250.66
326,6.109,0.282,-14.606,184,3,250.66
327,6.11,0.271,-14.608,180,3,250.73
328,6.11,0.26,-14.608,185,3,250.73
329,6.11,0.249,-14.608,184,3,250.73
330,6.111,0.238,-14.61,190,3,250.8
331,6.11,0.227,-14.609,191,3,250.75
332,6.112,0.216,-14.613,185,3,250.9
333,6.109,0.205,-14.606,192,3,250.66
334,6.111,0.194,-14.61,188,3,250.8
335,6.112,0.183,-14.613,188,3,250.9
336,6.112,0.171,-14.613,188,3,250.9
337,6.113,0.161,-14.614,115,3,250.94
338,6.114,0.149,-14.616,105,3,251.01
339,6.114,0.139,-14.616,101,3,251.01
340,6.114,0.127,-14.616,130,3,251.01
341,6.114,0.116,-14.617,110,3,251.04
342,6.115,0.105,-14.618,100,3,251.08
343,6.114,0.094,-14.618,110,3,251.07
344,6.115,0.083,-14.618,92,3,251.08
345,6.115,0.072,-14.619,115,3,251.11
346,6.115,0.061,-14.62,118,3,251.14
347,6.116,0.05,-14.621,105,3,251.18
348,6.115,0.039,-14.618,113,3,251.08
349,6.115,0.028,-14.62,97,3,251.14
350,6.113,0.017,-14.613,97,3,250.91
351,6.112,0.006,-14.613,118,3,250.9
352,6.117,0.477,-14.598,42,3,250.52
353,6.116,0.465,-14.596,128,3,250.45
354,6.118,0.455,-14.6,135,3,250.59
355,6.117,0.444,-14.598,185,3,250.52
356,6.117,0.433,-14.598,183,3,250.52
357,6.117,0.421,-14.598,182,3,250.52
358,6.116,0.41,-14.596,181,3,250.45
359,6.116,0.399,-14.596,181,3,250.45
360,6.116,0.388,-14.597,187,3,250.48
361,6.118,0.377,-14.6,178,3,250.59
362,6.116,0.366,-14.595,183,3,250.42
363,6.118,0.355,-14.599,190,3,250.56
364,6.117,0.344,-14.598,186,3,250.52
365,6.117,0.333,-14.598,188,3,250.52
366,6.117,0.322,-14.597,185,3,250.49
367,6.118,0.311,-14.6,193,3,250.59
368,6.118,0.3,-14.6,188,3,250.59
369,6.12,0.289,-14.603,180,3,250.7
370,6.119,0.278,-14.603,193,3,250.69
371,6.12,0.267,-14.604,188,3,250.73
372,6.12,0.255,-14.606,192,3,250.79
373,6.119,0.244,-14.602,187,3,250.66
374,6.122,0.234,-14.61,186,3,250.93
375,6.12,0.223,-14.604,182,3,250.73
376,6.12,0.212,-14.605,185,3,250.76
377,6.12,0.2,-14.605,189,3,250.76
378,6.12,0.189,-14.605,184,3,250.76
379,6.121,0.178,-14.606,191,3,250.8
380,6.121,0.168,-14.606,185,3,250.8
381,6.122,0.156,-14.609,110,3,250.9
382,6.123,0.145,-14.611,97,3,250.97
383,6.123,0.134,-14.611,97,3,250.97
384,6.123,0.123,-14.611,104,3,250.97
385,6.123,0.112,-14.613,105,3,251.03
386,6.124,0.101,-14.614,102,3,251.07
387,6.124,0.09,-14.615,96,3,251.1
388,6.124,0.079,-14.614,103,3,251.07
389,6.125,0.068,-14.617,118,3,251.17
390,6.126,0.056,-14.618,128,3,251.21
391,6.125,0.046,-14.616,112,3,251.14
392,6.123,0.035,-14.613,116,3,251.03
393,6.122,0.023,-14.61,101,3,250.93
394,6.122,0.012,-14.608,92,3,250.87
395,6.122,0.001,-14.609,107,3,250.9
396,6.126,0.484,-14.595,32,3,250.54
397,6.126,0.472,-14.594,113,3,250.51
398,6.124,0.461,-14.592,141,3,250.43
399,6.124,0.45,-14.591,178,3,250.4
1543,6.126,0.251,-14.595,181,3,250.54
1544,6.128,0.24,-14.598,182,3,250.65
1545,6.127,0.229,-14.597,194,3,250.61
1546,6.128,0.218,-14.599,185,3,250.68
1547,6.129,0.207,-14.601,182,3,250.75
1548,6.128,0.196,-14.6,195,3,250.71
1549,6.129,0.185,-14.601,181,3,250.75
1550,6.13,0.174,-14.605,187,3,250.88
1551,6.13,0.163,-14.604,161,3,250.85
1552,6.132,0.152,-14.609,90,3,251.02
1553,6.13,0.141,-14.604,90,3,250.85
1554,6.132,0.13,-14.608,110,3,251
1555,6.132,0.119,-14.608,117,3,251
1556,6.131,0.108,-14.607,107,3,250.95
1557,6.132,0.097,-14.609,121,3,251.02
1558,6.133,0.086,-14.611,123,3,251.1
1559,6.132,0.075,-14.609,117,3,251.02
1560,6.132,0.064,-14.609,139,3,251.02
1561,6.133,0.052,-14.611,130,3,251.1
1562,6.133,0.041,-14.61,117,3,251.07
1563,6.132,0.031,-14.609,117,3,251.02
1564,6.13,0.019,-14.605,111,3,250.88
1565,6.131,0.008,-14.606,112,3,250.92
1566,6.139,0.486,-14.589,74,3,250.53
1567,6.136,0.475,-14.584,123,3,250.34
1568,6.137,0.464,-14.585,174,3,250.38
1569,6.138,0.453,-14.587,178,3,250.46
1570,6.138,0.442,-14.587,182,3,250.46
1571,6.138,0.431,-14.587,179,3,250.46
1572,6.138,0.419,-14.587,179,3,250.46
1573,6.138,0.409,-14.587,188,3,250.46
1574,6.137,0.398,-14.586,186,3,250.41
1575,6.137,0.387,-14.585,176,3,250.38
1576,6.139,0.375,-14.589,188,3,250.53
1577,6.138,0.364,-14.587,185,3,250.46
1578,6.137,0.354,-14.585,184,3,250.38
1579,6.137,0.342,-14.585,186,3,250.38
1580,6.14,0.331,-14.591,182,3,250.6
1581,6.139,0.32,-14.589,188,3,250.53
1582,6.139,0.309,-14.59,184,3,250.56
1583,6.14,0.298,-14.591,185,3,250.6
1584,6.14,0.287,-14.592,181,3,250.63
1585,6.141,0.276,-14.595,179,3,250.73
1586,6.14,0.265,-14.592,184,3,250.63
1587,6.141,0.254,-14.594,185,3,250.7
1588,6.141,0.243,-14.595,176,3,250.73
1589,6.14,0.232,-14.591,184,3,250.6
1590,6.141,0.221,-14.593,183,3,250.67
1591,6.141,0.21,-14.595,188,3,250.73
1592,6.14,0.199,-14.592,185,3,250.63
1593,6.141,0.188,-14.594,183,3,250.7
1594,6.141,0.177,-14.595,190,3,250.73
1595,6.142,0.154,-14.597,92,3,250.8
1596,6.143,0.144,-14.599,85,3,250.87
1597,6.143,0.132,-14.599,96,3,250.87
1598,6.143,0.022,-14.599,87,3,250.87
1599,6.142,0.01,-14.597,87,3,250.8
2764,6.123,0.439,-14.589,183,3,250.33
2765,6.124,0.428,-14.591,180,3,250.4
2766,6.124,0.417,-14.59,186,3,250.37
2767,6.126,0.406,-14.594,184,3,250.51
2768,6.125,0.395,-14.592,180,3,250.44
2769,6.127,0.384,-14.596,182,3,250.58
2770,6.125,0.373,-14.593,182,3,250.47
2771,6.127,0.362,-14.597,185,3,250.61
2772,6.124,0.35,-14.591,187,3,250.4
2773,6.127,0.34,-14.596,181,3,250.58
2774,6.126,0.328,-14.594,187,3,250.51
2775,6.126,0.318,-14.595,184,3,250.54
2776,6.126,0.306,-14.594,189,3,250.51
2777,6.127,0.296,-14.596,184,3,250.58
2778,6.127,0.284,-14.596,181,3,250.58
2779,6.127,0.273,-14.596,183,3,250.58
2780,6.126,0.262,-14.595,175,3,250.54
